/*******************************************************************************
 * Size: 16 px
 * Bpp: 4
 * Opts: --no-compress --no-prefilter --bpp 4 --size 16 --font C:\Windows\Fonts\simhei.ttf -r 0x20-0x7F --font C:\Windows\Fonts\simhei.ttf --symbols …「」一上下不世东丢个中串主乐习书买了事亡交亲人今仔代件优伙会伴但位低作你佳便做健光免入全关再冲冷净出分切划刚到刺力功动努包化升半卫危却压去反口可右吃后向吓吵品哄响哪唱商啦喂噩回在地场型壳复外多夜够大天奏好始婉孕字存学孵它安完定宝实客家密对小少尚尽屏属山崩左己已希常干年幼序库康开异式录待得心志快态怕思性息情愈愿慰戏成截户手找技抑拒招择拾按捉握摸撑收效教数整斗料新无日时易星显晚普景智暂最月有望木未术束来标档梦模欠次欢歌正死殊段毛气水没洗活流淋清游湿溃源滚演澡火烧熄熟爱物特状狗玩现球理生用由电疫病痊的相看真眠着睡码破示礼神离秘程空窗第等答签算管篷精素累繁级细经结绝绪维编罢置翻老考者而耍育胃能腐自舞节花草药获落藏蛋表被袱装西要觉解计认记许设访该读课调败走赶起超跳转轮辉辑边过迎返还这进迷追退选通郁部醒重钟锁错键长门间阅阶限除险陪随雅雨零非面音页题飞食饭饱香验高鱼鸟龄！（），：？～日月水火山木人口天地上中大花草鱼鸟移命金币店机需距眼购足睛号亮连说话听识别试请先里配语失接址初内误浏览器打保备启早网聊讲笑推首文描述介绍注册检查网络唤万亿器十百千道取扫板绑度满·务午名云并称法填麦风框→弹任前停果—克魔输量点形速列床本写体挂跟拍步准线晴阴雪雷阵雾°立刻 --format lvgl --lv-include lvgl.h --lv-font-name ui_font_16_src -o D:\pwg\zdyz\boxpet\main\ui\ui_font_16.c
 ******************************************************************************/

#ifdef LV_LVGL_H_INCLUDE_SIMPLE
#include "lvgl.h"
#else
#include "lvgl.h"
#endif

#ifndef UI_FONT_16_SRC
#define UI_FONT_16_SRC 1
#endif

#if UI_FONT_16_SRC

/*-----------------
 *    BITMAPS
 *----------------*/

/*Store the image of the glyphs*/
static LV_ATTRIBUTE_LARGE_CONST const uint8_t glyph_bitmap[] = {
    /* U+0020 " " */

    /* U+0021 "!" */
    0xfb, 0xea, 0xea, 0xd9, 0xc8, 0xb7, 0xa6, 0xa6,
    0x85, 0x0, 0xfb, 0xfc,

    /* U+0022 "\"" */
    0xf6, 0x7e, 0xe4, 0x6c, 0xd3, 0x5b, 0x61, 0x25,

    /* U+0023 "#" */
    0x0, 0x78, 0x6, 0x90, 0x0, 0x96, 0x8, 0x70,
    0x0, 0xa5, 0x9, 0x60, 0x0, 0xc4, 0xb, 0x50,
    0xbf, 0xff, 0xff, 0xf8, 0x23, 0xf3, 0x3f, 0x41,
    0x1, 0xe0, 0xf, 0x0, 0x4, 0xc0, 0x3d, 0x0,
    0xbf, 0xff, 0xff, 0xf8, 0x29, 0x93, 0x8a, 0x31,
    0x9, 0x60, 0x87, 0x0, 0xb, 0x40, 0xa5, 0x0,

    /* U+0024 "$" */
    0x0, 0x9, 0x50, 0x0, 0xa, 0xff, 0x80, 0x9,
    0xdb, 0xaf, 0x40, 0xd6, 0x95, 0xc9, 0xd, 0x89,
    0x52, 0x20, 0x8f, 0xd5, 0x0, 0x0, 0x9f, 0xb1,
    0x0, 0x0, 0x9f, 0xe1, 0x0, 0x9, 0x7e, 0x92,
    0xe3, 0x95, 0x9c, 0xf, 0x69, 0x5a, 0xb0, 0xbd,
    0xb9, 0xf6, 0x1, 0xbf, 0xf8, 0x0, 0x0, 0x95,
    0x0, 0x0, 0x4, 0x20, 0x0,

    /* U+0025 "%" */
    0x1d, 0xc0, 0x1, 0x40, 0x78, 0xa5, 0x7, 0x20,
    0x96, 0x87, 0x9, 0x0, 0x96, 0x87, 0x44, 0x0,
    0x78, 0xa5, 0x90, 0x0, 0x1d, 0xc3, 0x70, 0x0,
    0x0, 0x8, 0x3d, 0xb0, 0x0, 0x8, 0x87, 0xb4,
    0x0, 0x63, 0xa5, 0x96, 0x0, 0x90, 0xa5, 0x96,
    0x3, 0x50, 0x87, 0xb4, 0x7, 0x0, 0x2d, 0xb0,

    /* U+0026 "&" */
    0x0, 0x8e, 0xc1, 0x0, 0x4, 0xf5, 0xc8, 0x0,
    0x7, 0xb0, 0x8a, 0x0, 0x6, 0xc0, 0xc7, 0x0,
    0x2, 0xfa, 0xc0, 0x0, 0x0, 0xec, 0x0, 0x0,
    0xb, 0xdf, 0x10, 0x50, 0x6e, 0xc, 0xa2, 0xf0,
    0x9b, 0x3, 0xfb, 0xe0, 0x7d, 0x0, 0x6f, 0xa0,
    0x2f, 0x94, 0xaf, 0xf6, 0x4, 0xdf, 0xc2, 0x73,

    /* U+0027 "'" */
    0x3f, 0x22, 0xf0, 0x1f, 0x0, 0x70,

    /* U+0028 "(" */
    0x0, 0x2, 0x0, 0x1, 0xe3, 0x0, 0xb6, 0x0,
    0x5c, 0x0, 0xc, 0x40, 0x1, 0xe0, 0x0, 0x3b,
    0x0, 0x5, 0x90, 0x0, 0x59, 0x0, 0x3, 0xb0,
    0x0, 0xe, 0x0, 0x0, 0xb4, 0x0, 0x4, 0xd0,
    0x0, 0xa, 0x80, 0x0, 0xd, 0x30, 0x0, 0x10,

    /* U+0029 ")" */
    0x11, 0x0, 0x6, 0xc0, 0x0, 0x9, 0x90, 0x0,
    0xe, 0x20, 0x0, 0x79, 0x0, 0x1, 0xd0, 0x0,
    0xe, 0x0, 0x0, 0xc2, 0x0, 0xc, 0x20, 0x0,
    0xe0, 0x0, 0x2d, 0x0, 0x7, 0x80, 0x1, 0xe1,
    0x0, 0xb7, 0x0, 0x6b, 0x0, 0x0, 0x0, 0x0,

    /* U+002A "*" */
    0x0, 0x9, 0x90, 0x0, 0x12, 0x9, 0x90, 0x21,
    0x7f, 0x78, 0x87, 0xf7, 0x5, 0xdf, 0xfd, 0x50,
    0x1, 0x9f, 0xf9, 0x10, 0x5e, 0xca, 0xac, 0xe5,
    0x37, 0x8, 0x80, 0x73, 0x0, 0x9, 0x90, 0x0,
    0x0, 0x5, 0x50, 0x0,

    /* U+002B "+" */
    0x0, 0x6, 0x40, 0x0, 0x0, 0xa, 0x70, 0x0,
    0x0, 0xa, 0x70, 0x0, 0x0, 0xa, 0x70, 0x0,
    0xaf, 0xff, 0xff, 0xf7, 0x12, 0x2a, 0x82, 0x21,
    0x0, 0xa, 0x70, 0x0, 0x0, 0xa, 0x70, 0x0,

    /* U+002C "," */
    0x55, 0xbc, 0x38, 0x82,

    /* U+002D "-" */
    0xaf, 0xff, 0xff, 0xf6, 0x12, 0x22, 0x22, 0x20,

    /* U+002E "." */
    0x55, 0xcb,

    /* U+002F "/" */
    0x0, 0x0, 0x0, 0x22, 0x0, 0x0, 0x0, 0xb2,
    0x0, 0x0, 0x3, 0x90, 0x0, 0x0, 0xb, 0x10,
    0x0, 0x0, 0x48, 0x0, 0x0, 0x0, 0xc1, 0x0,
    0x0, 0x5, 0x80, 0x0, 0x0, 0xc, 0x0, 0x0,
    0x0, 0x57, 0x0, 0x0, 0x0, 0xc0, 0x0, 0x0,
    0x6, 0x60, 0x0, 0x0, 0xc, 0x0, 0x0, 0x0,
    0x76, 0x0, 0x0, 0x0, 0x30, 0x0, 0x0, 0x0,

    /* U+0030 "0" */
    0x0, 0x8e, 0xe6, 0x0, 0x7, 0xf7, 0x7f, 0x40,
    0xf, 0x70, 0x9, 0xb0, 0x3f, 0x10, 0x4, 0xf0,
    0x6e, 0x0, 0x2, 0xf1, 0x6d, 0x0, 0x1, 0xf2,
    0x6d, 0x0, 0x1, 0xf2, 0x5e, 0x0, 0x2, 0xf1,
    0x2f, 0x20, 0x5, 0xf0, 0xd, 0x80, 0xb, 0xa0,
    0x5, 0xfa, 0xbf, 0x30, 0x0, 0x4c, 0xb3, 0x0,
    0x0, 0x0, 0x0, 0x0,

    /* U+0031 "1" */
    0x0, 0x6c, 0x3, 0xfc, 0x4f, 0xcc, 0x74, 0x8c,
    0x0, 0x8c, 0x0, 0x8c, 0x0, 0x8c, 0x0, 0x8c,
    0x0, 0x8c, 0x0, 0x8c, 0x0, 0x8c, 0x0, 0x8c,

    /* U+0032 "2" */
    0x0, 0x0, 0x0, 0x0, 0x1, 0xbf, 0xfa, 0x0,
    0xc, 0xe7, 0x7f, 0x80, 0x4f, 0x20, 0x8, 0xd0,
    0x2, 0x0, 0x7, 0xd0, 0x0, 0x0, 0xb, 0xa0,
    0x0, 0x0, 0x3f, 0x30, 0x0, 0x0, 0xda, 0x0,
    0x0, 0x8, 0xe1, 0x0, 0x0, 0x4f, 0x40, 0x0,
    0x2, 0xe8, 0x0, 0x0, 0xd, 0xe3, 0x33, 0x30,
    0x2f, 0xff, 0xff, 0xf1,

    /* U+0033 "3" */
    0x0, 0x5b, 0xb6, 0x0, 0x6, 0xe7, 0x8f, 0x70,
    0xe, 0x40, 0x8, 0xd0, 0x4, 0x0, 0x6, 0xd0,
    0x0, 0x0, 0x1d, 0x80, 0x0, 0x9, 0xfb, 0x0,
    0x0, 0x4, 0x9f, 0x50, 0x0, 0x0, 0x8, 0xe0,
    0x3, 0x0, 0x4, 0xf0, 0x3f, 0x20, 0x7, 0xe0,
    0xc, 0xd6, 0x6f, 0x70, 0x1, 0xaf, 0xe7, 0x0,

    /* U+0034 "4" */
    0x0, 0x0, 0x1f, 0x30, 0x0, 0x0, 0xbf, 0x30,
    0x0, 0x5, 0xff, 0x30, 0x0, 0xe, 0x6f, 0x30,
    0x0, 0x9c, 0xf, 0x30, 0x3, 0xf2, 0xf, 0x30,
    0xd, 0x70, 0xf, 0x30, 0x7d, 0x0, 0xf, 0x30,
    0xcf, 0xff, 0xff, 0xfa, 0x22, 0x22, 0x2f, 0x51,
    0x0, 0x0, 0xf, 0x30, 0x0, 0x0, 0xf, 0x30,

    /* U+0035 "5" */
    0x5, 0xff, 0xff, 0xb0, 0x8, 0xb3, 0x33, 0x20,
    0xb, 0x70, 0x0, 0x0, 0xe, 0x40, 0x0, 0x0,
    0x1f, 0xcf, 0xe8, 0x0, 0x4f, 0x84, 0x7f, 0x70,
    0x12, 0x0, 0x8, 0xe0, 0x0, 0x0, 0x4, 0xf0,
    0x22, 0x0, 0x4, 0xf0, 0x9b, 0x0, 0xa, 0xc0,
    0x3f, 0x95, 0xaf, 0x50, 0x5, 0xdf, 0xc4, 0x0,

    /* U+0036 "6" */
    0x0, 0x0, 0xe8, 0x0, 0x0, 0x8, 0xe0, 0x0,
    0x0, 0x1f, 0x50, 0x0, 0x0, 0xac, 0x0, 0x0,
    0x4, 0xfb, 0xa7, 0x0, 0xc, 0xfc, 0xcf, 0xc0,
    0x2f, 0x80, 0x4, 0xf5, 0x5f, 0x10, 0x0, 0xd8,
    0x5f, 0x0, 0x0, 0xc8, 0x2f, 0x30, 0x1, 0xf5,
    0xb, 0xd5, 0x4c, 0xd0, 0x0, 0x9e, 0xfc, 0x20,

    /* U+0037 "7" */
    0x5f, 0xff, 0xff, 0xf6, 0x13, 0x33, 0x35, 0xf3,
    0x0, 0x0, 0x9, 0xb0, 0x0, 0x0, 0x1f, 0x30,
    0x0, 0x0, 0x7c, 0x0, 0x0, 0x0, 0xe5, 0x0,
    0x0, 0x4, 0xf0, 0x0, 0x0, 0xa, 0xa0, 0x0,
    0x0, 0xe, 0x50, 0x0, 0x0, 0x4f, 0x0, 0x0,
    0x0, 0x8d, 0x0, 0x0, 0x0, 0xc9, 0x0, 0x0,

    /* U+0038 "8" */
    0x1, 0xbf, 0xe8, 0x0, 0xc, 0xa4, 0x6f, 0x70,
    0x1f, 0x0, 0x8, 0xc0, 0x2f, 0x0, 0x7, 0xc0,
    0xe, 0x80, 0x1d, 0x70, 0x4, 0xff, 0xfa, 0x0,
    0xd, 0xb5, 0x7e, 0x70, 0x6e, 0x0, 0x4, 0xf0,
    0x8b, 0x0, 0x1, 0xf2, 0x7e, 0x0, 0x6, 0xf1,
    0x2f, 0xc8, 0xaf, 0xa0, 0x4, 0xcf, 0xfa, 0x10,

    /* U+0039 "9" */
    0x2, 0xbf, 0xe7, 0x0, 0x1e, 0xc6, 0x8f, 0x70,
    0x7e, 0x10, 0x9, 0xe0, 0xab, 0x0, 0x5, 0xf0,
    0xab, 0x0, 0x7, 0xe0, 0x6f, 0x30, 0x1e, 0xa0,
    0xc, 0xfc, 0xff, 0x30, 0x0, 0x47, 0xeb, 0x0,
    0x0, 0x4, 0xf3, 0x0, 0x0, 0xb, 0xb0, 0x0,
    0x0, 0x3f, 0x20, 0x0, 0x0, 0xba, 0x0, 0x0,

    /* U+003A ":" */
    0xe9, 0x64, 0x0, 0x0, 0x0, 0x0, 0x64, 0xe9,

    /* U+003B ";" */
    0xe9, 0x64, 0x0, 0x0, 0x0, 0x0, 0x64, 0xe9,
    0x65, 0xa0,

    /* U+003C "<" */
    0x0, 0x0, 0x0, 0x0, 0x0, 0x0, 0x1, 0xd2,
    0x0, 0x0, 0x2d, 0x50, 0x0, 0x2, 0xd4, 0x0,
    0x0, 0x2d, 0x40, 0x0, 0x2, 0xd4, 0x0, 0x0,
    0x2d, 0x40, 0x0, 0x0, 0x1d, 0x50, 0x0, 0x0,
    0x1, 0xc6, 0x0, 0x0, 0x0, 0x1c, 0x60, 0x0,
    0x0, 0x0, 0xc7, 0x0, 0x0, 0x0, 0xc, 0x80,
    0x0, 0x0, 0x0, 0xb2, 0x0, 0x0, 0x0, 0x0,

    /* U+003D "=" */
    0xaf, 0xff, 0xff, 0xf6, 0x12, 0x22, 0x22, 0x20,
    0x0, 0x0, 0x0, 0x0, 0x0, 0x0, 0x0, 0x0,
    0xaf, 0xff, 0xff, 0xf6, 0x12, 0x22, 0x22, 0x20,

    /* U+003E ">" */
    0x0, 0x0, 0x0, 0x0, 0x4c, 0x10, 0x0, 0x0,
    0x6, 0xc1, 0x0, 0x0, 0x0, 0x6c, 0x10, 0x0,
    0x0, 0x6, 0xc1, 0x0, 0x0, 0x0, 0x5c, 0x10,
    0x0, 0x0, 0x5, 0xd1, 0x0, 0x0, 0x7, 0xc0,
    0x0, 0x0, 0x7b, 0x0, 0x0, 0x8, 0xb0, 0x0,
    0x0, 0x9a, 0x0, 0x0, 0x9, 0xa0, 0x0, 0x0,
    0x4a, 0x0, 0x0, 0x0, 0x0, 0x0, 0x0, 0x0,

    /* U+003F "?" */
    0x0, 0x9e, 0xe8, 0x0, 0x9e, 0x67, 0xf6, 0xf,
    0x70, 0xc, 0xb1, 0xd3, 0x0, 0xcc, 0x0, 0x0,
    0x2f, 0x70, 0x0, 0xd, 0xc0, 0x0, 0x8, 0xe1,
    0x0, 0x0, 0xc6, 0x0, 0x0, 0x4, 0x10, 0x0,
    0x0, 0x0, 0x0, 0x0, 0x9, 0x40, 0x0, 0x0,
    0xf7, 0x0,

    /* U+0040 "@" */
    0x0, 0x69, 0x89, 0x10, 0x6, 0x50, 0x1, 0x90,
    0x9, 0x7, 0xbb, 0x82, 0x54, 0x5a, 0x2d, 0x45,
    0x81, 0xc2, 0x4a, 0x27, 0x91, 0xe0, 0x67, 0x27,
    0x93, 0xc0, 0x95, 0x45, 0x92, 0xe1, 0xd4, 0x91,
    0x72, 0x9d, 0x7e, 0x60, 0x37, 0x0, 0x0, 0x0,
    0x9, 0x20, 0x4, 0x30, 0x0, 0x88, 0x86, 0x0,

    /* U+0041 "A" */
    0x0, 0xd, 0xb0, 0x0, 0x0, 0x1f, 0xf0, 0x0,
    0x0, 0x5f, 0xf3, 0x0, 0x0, 0x9a, 0xd7, 0x0,
    0x0, 0xd7, 0x9b, 0x0, 0x1, 0xf3, 0x5f, 0x0,
    0x6, 0xf0, 0x2f, 0x40, 0xa, 0xff, 0xff, 0x80,
    0xe, 0x93, 0x3a, 0xc0, 0x2f, 0x40, 0x6, 0xf0,
    0x6f, 0x0, 0x2, 0xf4, 0xac, 0x0, 0x0, 0xe8,

    /* U+0042 "B" */
    0x5f, 0xff, 0xe9, 0x0, 0x5f, 0x54, 0x6e, 0xa0,
    0x5f, 0x20, 0x7, 0xf0, 0x5f, 0x20, 0x7, 0xf0,
    0x5f, 0x20, 0x2d, 0xb0, 0x5f, 0xff, 0xfd, 0x10,
    0x5f, 0x53, 0x6e, 0xb0, 0x5f, 0x20, 0x4, 0xf3,
    0x5f, 0x20, 0x2, 0xf5, 0x5f, 0x20, 0x5, 0xf4,
    0x5f, 0x54, 0x6e, 0xe0, 0x5f, 0xff, 0xea, 0x20,

    /* U+0043 "C" */
    0x0, 0x6d, 0xfa, 0x10, 0x5, 0xf8, 0x5d, 0xb0,
    0xd, 0xa0, 0x4, 0xf2, 0x2f, 0x40, 0x1, 0xf4,
    0x5f, 0x20, 0x0, 0x51, 0x6f, 0x10, 0x0, 0x0,
    0x6f, 0x10, 0x0, 0x0, 0x6f, 0x10, 0x0, 0xc5,
    0x3f, 0x40, 0x1, 0xf5, 0xf, 0x90, 0x5, 0xf1,
    0x7, 0xf8, 0x6e, 0xa0, 0x0, 0x7e, 0xfa, 0x0,

    /* U+0044 "D" */
    0x5f, 0xff, 0xb3, 0x0, 0x5f, 0x55, 0xcf, 0x40,
    0x5f, 0x20, 0xd, 0xc0, 0x5f, 0x20, 0x7, 0xf1,
    0x5f, 0x20, 0x4, 0xf3, 0x5f, 0x20, 0x3, 0xf4,
    0x5f, 0x20, 0x3, 0xf4, 0x5f, 0x20, 0x4, 0xf3,
    0x5f, 0x20, 0x7, 0xf1, 0x5f, 0x20, 0xd, 0xb0,
    0x5f, 0x55, 0xcf, 0x30, 0x5f, 0xff, 0xb2, 0x0,

    /* U+0045 "E" */
    0x2f, 0xff, 0xff, 0xf0, 0x2f, 0x84, 0x44, 0x40,
    0x2f, 0x50, 0x0, 0x0, 0x2f, 0x50, 0x0, 0x0,
    0x2f, 0x50, 0x0, 0x0, 0x2f, 0xff, 0xff, 0x90,
    0x2f, 0x73, 0x33, 0x10, 0x2f, 0x50, 0x0, 0x0,
    0x2f, 0x50, 0x0, 0x0, 0x2f, 0x50, 0x0, 0x0,
    0x2f, 0x74, 0x44, 0x41, 0x2f, 0xff, 0xff, 0xf4,

    /* U+0046 "F" */
    0x4f, 0xff, 0xff, 0xf5, 0x4f, 0x64, 0x44, 0x41,
    0x4f, 0x30, 0x0, 0x0, 0x4f, 0x30, 0x0, 0x0,
    0x4f, 0x30, 0x0, 0x0, 0x4f, 0x30, 0x0, 0x0,
    0x4f, 0xff, 0xff, 0x10, 0x4f, 0x63, 0x33, 0x0,
    0x4f, 0x30, 0x0, 0x0, 0x4f, 0x30, 0x0, 0x0,
    0x4f, 0x30, 0x0, 0x0, 0x4f, 0x30, 0x0, 0x0,

    /* U+0047 "G" */
    0x0, 0x7e, 0xf9, 0x0, 0x6, 0xf7, 0x6f, 0x70,
    0xe, 0x80, 0x8, 0xe0, 0x2f, 0x40, 0x4, 0xf0,
    0x5f, 0x20, 0x0, 0x20, 0x6f, 0x10, 0x0, 0x0,
    0x6f, 0x11, 0xff, 0xf2, 0x6f, 0x10, 0x35, 0xf2,
    0x4f, 0x40, 0x2, 0xf2, 0xf, 0x90, 0x5, 0xf2,
    0x7, 0xf8, 0x6e, 0xf2, 0x0, 0x8e, 0xe7, 0xf2,

    /* U+0048 "H" */
    0x5f, 0x20, 0x5, 0xf2, 0x5f, 0x20, 0x5, 0xf2,
    0x5f, 0x20, 0x5, 0xf2, 0x5f, 0x20, 0x5, 0xf2,
    0x5f, 0x20, 0x5, 0xf2, 0x5f, 0xff, 0xff, 0xf2,
    0x5f, 0x53, 0x37, 0xf2, 0x5f, 0x20, 0x5, 0xf2,
    0x5f, 0x20, 0x5, 0xf2, 0x5f, 0x20, 0x5, 0xf2,
    0x5f, 0x20, 0x5, 0xf2, 0x5f, 0x20, 0x5, 0xf2,

    /* U+0049 "I" */
    0xda, 0xda, 0xda, 0xda, 0xda, 0xda, 0xda, 0xda,
    0xda, 0xda, 0xda, 0xda,

    /* U+004A "J" */
    0x0, 0x0, 0x7, 0xf0, 0x0, 0x0, 0x7f, 0x0,
    0x0, 0x7, 0xf0, 0x0, 0x0, 0x7f, 0x0, 0x0,
    0x7, 0xf0, 0x0, 0x0, 0x7f, 0x0, 0x0, 0x7,
    0xf2, 0xa2, 0x0, 0x7f, 0x2f, 0x40, 0x7, 0xf0,
    0xf7, 0x0, 0xad, 0xa, 0xf7, 0x9f, 0x70, 0x9,
    0xee, 0x80,

    /* U+004B "K" */
    0x5f, 0x20, 0xa, 0xe1, 0x5f, 0x20, 0x5f, 0x50,
    0x5f, 0x21, 0xe9, 0x0, 0x5f, 0x2b, 0xd0, 0x0,
    0x5f, 0x8f, 0x40, 0x0, 0x5f, 0xff, 0x70, 0x0,
    0x5f, 0xca, 0xe0, 0x0, 0x5f, 0x32, 0xf6, 0x0,
    0x5f, 0x20, 0xbe, 0x0, 0x5f, 0x20, 0x3f, 0x60,
    0x5f, 0x20, 0xb, 0xd0, 0x5f, 0x20, 0x3, 0xf6,

    /* U+004C "L" */
    0x4f, 0x30, 0x0, 0x0, 0x4f, 0x30, 0x0, 0x0,
    0x4f, 0x30, 0x0, 0x0, 0x4f, 0x30, 0x0, 0x0,
    0x4f, 0x30, 0x0, 0x0, 0x4f, 0x30, 0x0, 0x0,
    0x4f, 0x30, 0x0, 0x0, 0x4f, 0x30, 0x0, 0x0,
    0x4f, 0x30, 0x0, 0x0, 0x4f, 0x30, 0x0, 0x0,
    0x4f, 0x64, 0x44, 0x41, 0x4f, 0xff, 0xff, 0xf4,

    /* U+004D "M" */
    0x7f, 0x90, 0xb, 0xf5, 0x7f, 0xc0, 0xe, 0xf5,
    0x7f, 0xe0, 0xf, 0xf5, 0x7e, 0xf1, 0x3e, 0xf5,
    0x7d, 0xd4, 0x6b, 0xf5, 0x7d, 0xa6, 0x88, 0xf5,
    0x7d, 0x89, 0xb6, 0xf5, 0x7d, 0x5c, 0xe3, 0xf5,
    0x7d, 0x2f, 0xf0, 0xf5, 0x7d, 0xf, 0xd0, 0xf5,
    0x7d, 0xd, 0xb0, 0xf5, 0x7d, 0xa, 0x80, 0xf5,

    /* U+004E "N" */
    0x6f, 0x60, 0x5, 0xf2, 0x6f, 0xc0, 0x5, 0xf2,
    0x6f, 0xf2, 0x5, 0xf2, 0x6f, 0xd9, 0x5, 0xf2,
    0x6f, 0x7e, 0x5, 0xf2, 0x6f, 0x1f, 0x55, 0xf2,
    0x6f, 0x19, 0xc5, 0xf2, 0x6f, 0x13, 0xf7, 0xf2,
    0x6f, 0x10, 0xdd, 0xf2, 0x6f, 0x10, 0x6f, 0xf2,
    0x6f, 0x10, 0x1f, 0xf2, 0x6f, 0x10, 0xa, 0xf2,

    /* U+004F "O" */
    0x0, 0x9f, 0xe8, 0x0, 0xa, 0xf6, 0x7f, 0x80,
    0x2f, 0x60, 0x9, 0xe0, 0x5f, 0x10, 0x4, 0xf2,
    0x7f, 0x0, 0x2, 0xf4, 0x8f, 0x0, 0x2, 0xf5,
    0x8f, 0x0, 0x2, 0xf5, 0x7f, 0x0, 0x2, 0xf4,
    0x5f, 0x10, 0x4, 0xf2, 0x1f, 0x60, 0x9, 0xe0,
    0xa, 0xf6, 0x7f, 0x70, 0x0, 0x9f, 0xe8, 0x0,

    /* U+0050 "P" */
    0x3f, 0xff, 0xea, 0x10, 0x3f, 0x74, 0x6d, 0xc0,
    0x3f, 0x40, 0x4, 0xf3, 0x3f, 0x40, 0x1, 0xf5,
    0x3f, 0x40, 0x3, 0xf3, 0x3f, 0x40, 0x2b, 0xe0,
    0x3f, 0xff, 0xfe, 0x30, 0x3f, 0x63, 0x20, 0x0,
    0x3f, 0x40, 0x0, 0x0, 0x3f, 0x40, 0x0, 0x0,
    0x3f, 0x40, 0x0, 0x0, 0x3f, 0x40, 0x0, 0x0,

    /* U+0051 "Q" */
    0x0, 0x9f, 0xe8, 0x0, 0xa, 0xf6, 0x7f, 0x80,
    0x2f, 0x60, 0x9, 0xe0, 0x5f, 0x10, 0x4, 0xf2,
    0x7f, 0x0, 0x2, 0xf4, 0x8f, 0x0, 0x2, 0xf5,
    0x8f, 0x0, 0x2, 0xf5, 0x7f, 0x0, 0x73, 0xf4,
    0x5f, 0x10, 0xfb, 0xf2, 0x1f, 0x60, 0x8f, 0xe0,
    0xa, 0xf6, 0x8f, 0x90, 0x0, 0x9f, 0xed, 0xc0,
    0x0, 0x0, 0x2, 0x30,

    /* U+0052 "R" */
    0x5f, 0xff, 0xe9, 0x0, 0x5f, 0x54, 0x7f, 0xb0,
    0x5f, 0x20, 0x7, 0xf1, 0x5f, 0x20, 0x4, 0xf2,
    0x5f, 0x20, 0x6, 0xf1, 0x5f, 0x20, 0x3d, 0xc0,
    0x5f, 0xff, 0xfd, 0x20, 0x5f, 0x54, 0xf5, 0x0,
    0x5f, 0x20, 0xad, 0x0, 0x5f, 0x20, 0x2f, 0x40,
    0x5f, 0x20, 0xb, 0xc0, 0x5f, 0x20, 0x3, 0xf4,

    /* U+0053 "S" */
    0x0, 0x9e, 0xe9, 0x0, 0xa, 0xe6, 0x8f, 0x60,
    0xf, 0x50, 0xa, 0xc0, 0x2f, 0x50, 0x2, 0x50,
    0xd, 0xe4, 0x0, 0x0, 0x2, 0xcf, 0xc3, 0x0,
    0x0, 0x5, 0xdf, 0x50, 0x0, 0x0, 0xb, 0xf0,
    0x5d, 0x0, 0x4, 0xf3, 0x4f, 0x30, 0x5, 0xf1,
    0xd, 0xd5, 0x6e, 0xb0, 0x2, 0xbe, 0xe9, 0x10,

    /* U+0054 "T" */
    0x5f, 0xff, 0xff, 0xf2, 0x14, 0x4d, 0xb4, 0x40,
    0x0, 0xd, 0xa0, 0x0, 0x0, 0xd, 0xa0, 0x0,
    0x0, 0xd, 0xa0, 0x0, 0x0, 0xd, 0xa0, 0x0,
    0x0, 0xd, 0xa0, 0x0, 0x0, 0xd, 0xa0, 0x0,
    0x0, 0xd, 0xa0, 0x0, 0x0, 0xd, 0xa0, 0x0,
    0x0, 0xd, 0xa0, 0x0, 0x0, 0xd, 0xa0, 0x0,

    /* U+0055 "U" */
    0x5f, 0x20, 0x4, 0xf3, 0x5f, 0x20, 0x4, 0xf3,
    0x5f, 0x20, 0x4, 0xf3, 0x5f, 0x20, 0x4, 0xf3,
    0x5f, 0x20, 0x4, 0xf3, 0x5f, 0x20, 0x4, 0xf3,
    0x5f, 0x20, 0x4, 0xf3, 0x5f, 0x20, 0x4, 0xf3,
    0x4f, 0x20, 0x4, 0xf2, 0x2f, 0x40, 0x7, 0xf0,
    0xc, 0xe5, 0x6e, 0xa0, 0x1, 0xbe, 0xea, 0x10,

    /* U+0056 "V" */
    0xbb, 0x0, 0x0, 0xf7, 0x7f, 0x0, 0x3, 0xf3,
    0x3f, 0x30, 0x7, 0xf0, 0xf, 0x70, 0xb, 0xb0,
    0xb, 0xb0, 0xf, 0x70, 0x7, 0xe0, 0x3f, 0x30,
    0x2, 0xf2, 0x6e, 0x0, 0x0, 0xe6, 0xaa, 0x0,
    0x0, 0xaa, 0xe6, 0x0, 0x0, 0x6f, 0xf2, 0x0,
    0x0, 0x2f, 0xe0, 0x0, 0x0, 0xe, 0xa0, 0x0,

    /* U+0057 "W" */
    0xe7, 0xe, 0x90, 0xba, 0xc9, 0xf, 0xb0, 0xd8,
    0xaa, 0x1f, 0xd0, 0xe6, 0x8b, 0x3c, 0xf0, 0xf4,
    0x6d, 0x5a, 0xe3, 0xf2, 0x4e, 0x78, 0xc6, 0xf0,
    0x3f, 0xa6, 0xa9, 0xf0, 0x1f, 0xd4, 0x8d, 0xd0,
    0xf, 0xf2, 0x6f, 0xb0, 0xd, 0xf0, 0x4f, 0x90,
    0xb, 0xe0, 0x2f, 0x70, 0x9, 0xc0, 0xf, 0x50,

    /* U+0058 "X" */
    0x3f, 0x40, 0x8, 0xe0, 0xb, 0xa0, 0xe, 0x70,
    0x4, 0xf1, 0x5f, 0x10, 0x0, 0xd8, 0xc9, 0x0,
    0x0, 0x5f, 0xf2, 0x0, 0x0, 0xe, 0xb0, 0x0,
    0x0, 0x3f, 0xe0, 0x0, 0x0, 0xab, 0xe6, 0x0,
    0x2, 0xf4, 0x8d, 0x0, 0x9, 0xd0, 0x1f, 0x50,
    0x1f, 0x60, 0xa, 0xc0, 0x8e, 0x0, 0x3, 0xf4,

    /* U+0059 "Y" */
    0x8e, 0x0, 0x1, 0xf5, 0x1f, 0x50, 0x8, 0xe0,
    0xa, 0xc0, 0xe, 0x70, 0x3, 0xf2, 0x5f, 0x0,
    0x0, 0xb9, 0xc8, 0x0, 0x0, 0x4f, 0xf2, 0x0,
    0x0, 0xe, 0xb0, 0x0, 0x0, 0xd, 0xa0, 0x0,
    0x0, 0xd, 0xa0, 0x0, 0x0, 0xd, 0xa0, 0x0,
    0x0, 0xd, 0xa0, 0x0, 0x0, 0xd, 0xa0, 0x0,

    /* U+005A "Z" */
    0x1f, 0xff, 0xff, 0xf1, 0x4, 0x44, 0x4b, 0xe0,
    0x0, 0x0, 0x1f, 0x60, 0x0, 0x0, 0x9d, 0x0,
    0x0, 0x2, 0xf5, 0x0, 0x0, 0xa, 0xc0, 0x0,
    0x0, 0x2f, 0x40, 0x0, 0x0, 0xbb, 0x0, 0x0,
    0x3, 0xf3, 0x0, 0x0, 0xc, 0xa0, 0x0, 0x0,
    0x4f, 0x64, 0x44, 0x41, 0x7f, 0xff, 0xff, 0xf4,

    /* U+005B "[" */
    0xdf, 0xff, 0xe, 0x42, 0x20, 0xe3, 0x0, 0xe,
    0x30, 0x0, 0xe3, 0x0, 0xe, 0x30, 0x0, 0xe3,
    0x0, 0xe, 0x30, 0x0, 0xe3, 0x0, 0xe, 0x30,
    0x0, 0xe3, 0x0, 0xe, 0x30, 0x0, 0xe3, 0x0,
    0xe, 0x30, 0x0, 0xef, 0xff, 0x1, 0x22, 0x20,

    /* U+005C "\\" */
    0xe, 0x0, 0x0, 0x0, 0xa, 0x50, 0x0, 0x0,
    0x4, 0xb0, 0x0, 0x0, 0x0, 0xd2, 0x0, 0x0,
    0x0, 0x87, 0x0, 0x0, 0x0, 0x2d, 0x0, 0x0,
    0x0, 0xc, 0x30, 0x0, 0x0, 0x6, 0x90, 0x0,
    0x0, 0x0, 0xe0, 0x0, 0x0, 0x0, 0xa5, 0x0,
    0x0, 0x0, 0x4b, 0x0, 0x0, 0x0, 0xd, 0x20,
    0x0, 0x0, 0x8, 0x70, 0x0, 0x0, 0x2, 0xd0,

    /* U+005D "]" */
    0x3f, 0xff, 0xa0, 0x22, 0x7b, 0x0, 0x6, 0xb0,
    0x0, 0x6b, 0x0, 0x6, 0xb0, 0x0, 0x6b, 0x0,
    0x6, 0xb0, 0x0, 0x6b, 0x0, 0x6, 0xb0, 0x0,
    0x6b, 0x0, 0x6, 0xb0, 0x0, 0x6b, 0x0, 0x6,
    0xb0, 0x0, 0x6b, 0x3f, 0xff, 0xb0, 0x22, 0x21,

    /* U+005E "^" */
    0x0, 0x4f, 0xe1, 0x0, 0x1e, 0x8b, 0xb0, 0xb,
    0x80, 0xb, 0x70,

    /* U+005F "_" */
    0xcc, 0xcc, 0xcc, 0xcb,

    /* U+0060 "`" */
    0x9f, 0x30, 0xa, 0xc0, 0x0, 0xc6,

    /* U+0061 "a" */
    0x1, 0xae, 0xe9, 0x0, 0xa, 0xd4, 0x4e, 0x70,
    0x6, 0x30, 0xb, 0xa0, 0x0, 0x6b, 0xef, 0xb0,
    0xd, 0xd8, 0x59, 0xb0, 0x4f, 0x20, 0xa, 0xb0,
    0x2f, 0x51, 0x8f, 0xb0, 0x7, 0xee, 0xa9, 0xe0,

    /* U+0062 "b" */
    0x4f, 0x0, 0x0, 0x0, 0x4f, 0x0, 0x0, 0x0,
    0x4f, 0x0, 0x0, 0x0, 0x4f, 0x0, 0x0, 0x0,
    0x4f, 0x5e, 0xf8, 0x0, 0x4f, 0xd4, 0x6f, 0x60,
    0x4f, 0x40, 0x9, 0xd0, 0x4f, 0x0, 0x5, 0xf0,
    0x4f, 0x0, 0x5, 0xf0, 0x4f, 0x40, 0x8, 0xd0,
    0x4f, 0xd4, 0x6f, 0x70, 0x4f, 0x6e, 0xe8, 0x0,

    /* U+0063 "c" */
    0x0, 0xaf, 0xe9, 0x0, 0xb, 0xd5, 0x5e, 0x90,
    0x3f, 0x30, 0x5, 0x90, 0x5f, 0x0, 0x0, 0x0,
    0x5f, 0x0, 0x1, 0x30, 0x3f, 0x30, 0x6, 0xf0,
    0xb, 0xd5, 0x5d, 0x90, 0x0, 0xaf, 0xe9, 0x0,

    /* U+0064 "d" */
    0x0, 0x0, 0x6, 0xe0, 0x0, 0x0, 0x6e, 0x0,
    0x0, 0x6, 0xe0, 0x0, 0x0, 0x6e, 0x2, 0xbf,
    0xc8, 0xe0, 0xcd, 0x47, 0xfe, 0x3f, 0x30, 0xa,
    0xe5, 0xf0, 0x0, 0x7e, 0x6f, 0x0, 0x6, 0xe3,
    0xf2, 0x0, 0x9e, 0xd, 0xb2, 0x5f, 0xe0, 0x2b,
    0xfc, 0x9e,

    /* U+0065 "e" */
    0x0, 0x9e, 0xe8, 0x0, 0xa, 0xd3, 0x4e, 0x80,
    0x2f, 0x40, 0x8, 0xe0, 0x4f, 0xff, 0xff, 0xf0,
    0x4f, 0x22, 0x22, 0x20, 0x2f, 0x30, 0x3, 0xa0,
    0xa, 0xd5, 0x4d, 0xb0, 0x0, 0x9e, 0xe9, 0x10,

    /* U+0066 "f" */
    0x0, 0x4, 0xdf, 0xd1, 0x0, 0xf, 0x84, 0x61,
    0x0, 0x2f, 0x10, 0x0, 0x0, 0x3f, 0x10, 0x0,
    0x5f, 0xff, 0xff, 0xa0, 0x1, 0x3f, 0x11, 0x0,
    0x0, 0x3f, 0x10, 0x0, 0x0, 0x3f, 0x10, 0x0,
    0x0, 0x3f, 0x10, 0x0, 0x0, 0x3f, 0x10, 0x0,
    0x0, 0x3f, 0x10, 0x0, 0x0, 0x3f, 0x10, 0x0,

    /* U+0067 "g" */
    0x0, 0x0, 0x0, 0x0, 0x0, 0xaf, 0xd7, 0xd6,
    0x8, 0xc3, 0x8f, 0x21, 0xc, 0x70, 0x1f, 0x20,
    0x9, 0xb0, 0x6f, 0x0, 0x5, 0xff, 0xf5, 0x0,
    0xf, 0x12, 0x0, 0x0, 0xe, 0x93, 0x31, 0x0,
    0x8, 0xff, 0xff, 0xb0, 0x4e, 0x10, 0x4, 0xf1,
    0x9, 0xef, 0xec, 0x60,

    /* U+0068 "h" */
    0x2f, 0x20, 0x0, 0x2, 0xf2, 0x0, 0x0, 0x2f,
    0x20, 0x0, 0x2, 0xf2, 0x0, 0x0, 0x2f, 0x3b,
    0xfd, 0x32, 0xfd, 0x72, 0xbc, 0x2f, 0x90, 0x4,
    0xf2, 0xf4, 0x0, 0x4f, 0x2f, 0x20, 0x4, 0xf2,
    0xf2, 0x0, 0x4f, 0x2f, 0x20, 0x4, 0xf2, 0xf2,
    0x0, 0x4f,

    /* U+0069 "i" */
    0xc8, 0x96, 0x0, 0x0, 0xc8, 0xc8, 0xc8, 0xc8,
    0xc8, 0xc8, 0xc8, 0xc8,

    /* U+006A "j" */
    0x0, 0x8, 0xc0, 0x0, 0x69, 0x0, 0x0, 0x0,
    0x0, 0x0, 0x0, 0x8, 0xc0, 0x0, 0x8c, 0x0,
    0x8, 0xc0, 0x0, 0x8c, 0x0, 0x8, 0xc0, 0x0,
    0x8c, 0x0, 0x8, 0xc0, 0x0, 0x8b, 0x55, 0x4d,
    0x86, 0xff, 0xa0,

    /* U+006B "k" */
    0x1f, 0x30, 0x0, 0x0, 0x1f, 0x30, 0x0, 0x0,
    0x1f, 0x30, 0x0, 0x0, 0x1f, 0x30, 0x0, 0x0,
    0x1f, 0x30, 0x2f, 0x60, 0x1f, 0x31, 0xe8, 0x0,
    0x1f, 0x3d, 0xa0, 0x0, 0x1f, 0xde, 0xd0, 0x0,
    0x1f, 0xc1, 0xe6, 0x0, 0x1f, 0x30, 0x6e, 0x0,
    0x1f, 0x30, 0xe, 0x70, 0x1f, 0x30, 0x6, 0xf1,

    /* U+006C "l" */
    0xb9, 0xb9, 0xb9, 0xb9, 0xb9, 0xb9, 0xb9, 0xb9,
    0xb9, 0xb9, 0xb9, 0xb9,

    /* U+006D "m" */
    0xc9, 0xde, 0x5d, 0xe3, 0xce, 0x4d, 0xf4, 0xc9,
    0xc9, 0xb, 0xa0, 0xaa, 0xc8, 0xb, 0x90, 0xaa,
    0xc8, 0xb, 0x90, 0xaa, 0xc8, 0xb, 0x90, 0xaa,
    0xc8, 0xb, 0x90, 0xaa, 0xc8, 0xb, 0x90, 0xaa,

    /* U+006E "n" */
    0x2f, 0x3b, 0xfd, 0x32, 0xfe, 0x50, 0xac, 0x2f,
    0x80, 0x4, 0xf2, 0xf3, 0x0, 0x4f, 0x2f, 0x20,
    0x4, 0xf2, 0xf2, 0x0, 0x4f, 0x2f, 0x20, 0x4,
    0xf2, 0xf2, 0x0, 0x4f,

    /* U+006F "o" */
    0x0, 0x9f, 0xe8, 0x0, 0xa, 0xe5, 0x5e, 0x80,
    0x2f, 0x40, 0x6, 0xf1, 0x5f, 0x0, 0x2, 0xf3,
    0x5f, 0x0, 0x2, 0xf3, 0x2f, 0x30, 0x5, 0xf1,
    0xa, 0xd5, 0x5e, 0x80, 0x0, 0x9f, 0xe8, 0x0,

    /* U+0070 "p" */
    0x4f, 0x7e, 0xe8, 0x0, 0x4f, 0xc2, 0x4e, 0x70,
    0x4f, 0x30, 0x8, 0xd0, 0x4f, 0x0, 0x5, 0xf0,
    0x4f, 0x10, 0x5, 0xf0, 0x4f, 0x40, 0x9, 0xd0,
    0x4f, 0xd4, 0x6f, 0x60, 0x4f, 0x5e, 0xf8, 0x0,
    0x4f, 0x0, 0x0, 0x0, 0x4f, 0x0, 0x0, 0x0,

    /* U+0071 "q" */
    0x1, 0xbf, 0xc8, 0xe0, 0xdc, 0x47, 0xfe, 0x3f,
    0x20, 0xa, 0xe6, 0xf0, 0x0, 0x6e, 0x5f, 0x0,
    0x6, 0xe3, 0xf3, 0x0, 0xae, 0xc, 0xc4, 0x7f,
    0xe0, 0x2c, 0xfc, 0x8e, 0x0, 0x0, 0x6, 0xe0,
    0x0, 0x0, 0x6e,

    /* U+0072 "r" */
    0x6e, 0x8, 0xe3, 0x6e, 0xbb, 0x61, 0x6f, 0xa0,
    0x0, 0x6f, 0x10, 0x0, 0x6e, 0x0, 0x0, 0x6e,
    0x0, 0x0, 0x6e, 0x0, 0x0, 0x6e, 0x0, 0x0,

    /* U+0073 "s" */
    0x1a, 0xee, 0xa0, 0xac, 0x34, 0xd8, 0xc9, 0x0,
    0x22, 0x6f, 0xc8, 0x40, 0x2, 0x7b, 0xf7, 0x82,
    0x0, 0x8d, 0xbb, 0x33, 0xcb, 0x1a, 0xef, 0xb1,

    /* U+0074 "t" */
    0x0, 0x36, 0x0, 0x0, 0x7, 0xd0, 0x0, 0x0,
    0x7d, 0x0, 0x9, 0xff, 0xff, 0xf6, 0x1, 0x7d,
    0x11, 0x0, 0x7, 0xd0, 0x0, 0x0, 0x7d, 0x0,
    0x0, 0x7, 0xd0, 0x0, 0x0, 0x6d, 0x0, 0x0,
    0x3, 0xf5, 0x46, 0x0, 0x6, 0xef, 0xb0,

    /* U+0075 "u" */
    0x2f, 0x20, 0x4, 0xf2, 0xf2, 0x0, 0x4f, 0x2f,
    0x20, 0x4, 0xf2, 0xf2, 0x0, 0x4f, 0x2f, 0x20,
    0x5, 0xf1, 0xf2, 0x0, 0xaf, 0xe, 0x80, 0x6e,
    0xf0, 0x4e, 0xfa, 0x5f,

    /* U+0076 "v" */
    0x4f, 0x0, 0x4, 0xf0, 0xe, 0x50, 0x9, 0xb0,
    0x9, 0xa0, 0xe, 0x50, 0x4, 0xf0, 0x3f, 0x0,
    0x0, 0xf4, 0x8b, 0x0, 0x0, 0xa9, 0xd6, 0x0,
    0x0, 0x4f, 0xf1, 0x0, 0x0, 0xf, 0xb0, 0x0,

    /* U+0077 "w" */
    0xd7, 0xe, 0xa0, 0xb9, 0xa9, 0xf, 0xc0, 0xd6,
    0x7c, 0x3b, 0xe0, 0xf3, 0x4e, 0x68, 0xc4, 0xf0,
    0x1f, 0x96, 0xa9, 0xc0, 0xd, 0xe3, 0x7e, 0x90,
    0xa, 0xf0, 0x4f, 0x60, 0x7, 0xe0, 0x2f, 0x30,

    /* U+0078 "x" */
    0xe, 0x80, 0xc, 0xb0, 0x5, 0xf1, 0x5f, 0x20,
    0x0, 0xb9, 0xd7, 0x0, 0x0, 0x2f, 0xd0, 0x0,
    0x0, 0x3f, 0xe1, 0x0, 0x0, 0xd8, 0xc9, 0x0,
    0x7, 0xe0, 0x3f, 0x30, 0x2f, 0x50, 0x9, 0xd0,

    /* U+0079 "y" */
    0x5f, 0x10, 0x4, 0xf1, 0xf, 0x60, 0x9, 0xb0,
    0x9, 0xb0, 0xe, 0x50, 0x4, 0xf1, 0x4f, 0x0,
    0x0, 0xe6, 0x9a, 0x0, 0x0, 0x8c, 0xe4, 0x0,
    0x0, 0x3f, 0xe0, 0x0, 0x0, 0xd, 0x90, 0x0,
    0x4, 0x5f, 0x30, 0x0, 0xa, 0xf8, 0x0, 0x0,

    /* U+007A "z" */
    0xe, 0xff, 0xff, 0xa0, 0x1, 0x14, 0xf4, 0x0,
    0x0, 0xd9, 0x0, 0x0, 0xad, 0x0, 0x0, 0x5f,
    0x20, 0x0, 0x2f, 0x60, 0x0, 0xc, 0xb1, 0x11,
    0x2, 0xff, 0xff, 0xff,

    /* U+007B "{" */
    0x2, 0xdb, 0x9, 0xb0, 0xa, 0xa0, 0xa, 0xa0,
    0xa, 0xa0, 0xa, 0x90, 0xb, 0x80, 0x6f, 0x30,
    0xc, 0x80, 0xa, 0x90, 0xa, 0xa0, 0xa, 0xa0,
    0xa, 0xa0, 0x9, 0xb0, 0x3, 0xdb,

    /* U+007C "|" */
    0xb9, 0xb9, 0xb9, 0xb9, 0xb9, 0xb9, 0xb9, 0xb9,
    0xb9, 0xb9, 0xb9, 0xb9, 0xb9, 0xb9, 0xb9, 0xb9,
    0xb9,

    /* U+007D "}" */
    0xd, 0xc1, 0x0, 0xe, 0x60, 0x0, 0xd7, 0x0,
    0xd, 0x70, 0x0, 0xd7, 0x0, 0xc, 0x70, 0x0,
    0xb9, 0x0, 0x6, 0xf3, 0x0, 0xb9, 0x0, 0xc,
    0x70, 0x0, 0xd7, 0x0, 0xd, 0x70, 0x0, 0xd7,
    0x0, 0xe, 0x60, 0xd, 0xc1, 0x0,

    /* U+007E "~" */
    0x0, 0x0, 0x0, 0x0, 0x3, 0xfb, 0x0, 0x71,
    0xc, 0x6b, 0xc4, 0xe0, 0x9, 0x0, 0xbf, 0x70,
    0x0, 0x0, 0x3, 0x0,

    /* U+00B0 "°" */
    0x7, 0x70, 0xa4, 0x58, 0xa0, 0xa, 0x87, 0x96,
    0x3, 0x30,

    /* U+00B7 "·" */
    0x4f, 0xf3, 0x4f, 0xf3, 0x2a, 0xa1,

    /* U+2014 "—" */
    0xff, 0xff, 0xff, 0xff, 0xff, 0xff, 0xff, 0xff,

    /* U+2026 "…" */
    0x8f, 0xf0, 0x4, 0xff, 0x30, 0x2f, 0xf5, 0x8f,
    0xf0, 0x4, 0xff, 0x30, 0x2f, 0xf5, 0x5a, 0x90,
    0x2, 0xaa, 0x10, 0x1a, 0xa3,

    /* U+2192 "→" */
    0x0, 0x0, 0x0, 0x0, 0x21, 0x0, 0x0, 0x0,
    0x0, 0x0, 0x4, 0xc0, 0x0, 0x0, 0x0, 0x0,
    0x0, 0x4f, 0x90, 0x0, 0x0, 0x0, 0x0, 0x4,
    0xff, 0x60, 0xff, 0xff, 0xff, 0xff, 0xff, 0xff,
    0x3f, 0xff, 0xff, 0xff, 0xff, 0xff, 0xf5, 0x11,
    0x11, 0x11, 0x11, 0x5f, 0xf8, 0x0, 0x0, 0x0,
    0x0, 0x4, 0xfb, 0x0, 0x0, 0x0, 0x0, 0x0,
    0x4d, 0x0, 0x0, 0x0, 0x0, 0x0, 0x2, 0x20,
    0x0,

    /* U+300C "「" */
    0x1f, 0xff, 0xfe, 0x1f, 0x0, 0x0, 0x1f, 0x0,
    0x0, 0x1f, 0x0, 0x0, 0x1f, 0x0, 0x0, 0x1f,
    0x0, 0x0, 0x1f, 0x0, 0x0, 0x1f, 0x0, 0x0,
    0x1f, 0x0, 0x0, 0x1f, 0x0, 0x0, 0x1f, 0x0,
    0x0, 0x1f, 0x0, 0x0, 0x1f, 0x0, 0x0, 0x8,
    0x0, 0x0,

    /* U+300D "」" */
    0x0, 0x0, 0x9, 0x0, 0x0, 0x1f, 0x0, 0x0,
    0x1f, 0x0, 0x0, 0x1f, 0x0, 0x0, 0x1f, 0x0,
    0x0, 0x1f, 0x0, 0x0, 0x1f, 0x0, 0x0, 0x1f,
    0x0, 0x0, 0x1f, 0x0, 0x0, 0x1f, 0x0, 0x0,
    0x1f, 0x0, 0x0, 0x1f, 0x0, 0x0, 0x1f, 0x1f,
    0xff, 0xff,

    /* U+4E00 "一" */
    0x1a, 0xa9, 0x99, 0x99, 0x99, 0x99, 0x99, 0xa1,
    0x1f, 0xee, 0xee, 0xee, 0xee, 0xee, 0xee, 0xf1,

    /* U+4E07 "万" */
    0x9e, 0xee, 0xee, 0xee, 0xee, 0xee, 0xed, 0x22,
    0x22, 0x6f, 0x22, 0x22, 0x22, 0x32, 0x0, 0x0,
    0x5e, 0x0, 0x0, 0x0, 0x0, 0x0, 0x0, 0x6d,
    0x0, 0x0, 0x0, 0x0, 0x0, 0x0, 0x8f, 0xee,
    0xee, 0xed, 0x0, 0x0, 0x0, 0xaa, 0x33, 0x33,
    0x9d, 0x0, 0x0, 0x0, 0xe6, 0x0, 0x0, 0x7c,
    0x0, 0x0, 0x3, 0xf2, 0x0, 0x0, 0x8b, 0x0,
    0x0, 0xa, 0xb0, 0x0, 0x0, 0x9a, 0x0, 0x0,
    0x4f, 0x40, 0x0, 0x0, 0xa9, 0x0, 0x1, 0xeb,
    0x0, 0x0, 0x0, 0xc8, 0x0, 0x1c, 0xe1, 0x0,
    0x1, 0x46, 0xf5, 0x0, 0x8e, 0x20, 0x0, 0x1,
    0xfe, 0x80, 0x0, 0x1, 0x0, 0x0, 0x0, 0x10,
    0x0, 0x0,

    /* U+4E0A "上" */
    0x0, 0x0, 0x0, 0x3b, 0x10, 0x0, 0x0, 0x0,
    0x0, 0x0, 0x0, 0x4f, 0x10, 0x0, 0x0, 0x0,
    0x0, 0x0, 0x0, 0x4f, 0x10, 0x0, 0x0, 0x0,
    0x0, 0x0, 0x0, 0x4f, 0x10, 0x0, 0x0, 0x0,
    0x0, 0x0, 0x0, 0x4f, 0x11, 0x11, 0x11, 0x0,
    0x0, 0x0, 0x0, 0x4f, 0xff, 0xff, 0xff, 0x0,
    0x0, 0x0, 0x0, 0x4f, 0x33, 0x33, 0x33, 0x0,
    0x0, 0x0, 0x0, 0x4f, 0x10, 0x0, 0x0, 0x0,
    0x0, 0x0, 0x0, 0x4f, 0x10, 0x0, 0x0, 0x0,
    0x0, 0x0, 0x0, 0x4f, 0x10, 0x0, 0x0, 0x0,
    0x0, 0x0, 0x0, 0x4f, 0x10, 0x0, 0x0, 0x0,
    0x0, 0x0, 0x0, 0x4f, 0x10, 0x0, 0x0, 0x0,
    0x5, 0x44, 0x44, 0x7f, 0x54, 0x44, 0x44, 0x51,
    0x1f, 0xee, 0xee, 0xee, 0xee, 0xee, 0xee, 0xe2,

    /* U+4E0B "下" */
    0x0, 0x0, 0x0, 0x0, 0x0, 0x0, 0x0, 0xff,
    0xff, 0xff, 0xff, 0xff, 0xff, 0xfe, 0x44, 0x33,
    0x35, 0xf6, 0x33, 0x33, 0x44, 0x0, 0x0, 0x2,
    0xf3, 0x0, 0x0, 0x0, 0x0, 0x0, 0x2, 0xf3,
    0x0, 0x0, 0x0, 0x0, 0x0, 0x2, 0xf3, 0x13,
    0x0, 0x0, 0x0, 0x0, 0x2, 0xf3, 0x9f, 0x40,
    0x0, 0x0, 0x0, 0x2, 0xf3, 0xa, 0xf5, 0x0,
    0x0, 0x0, 0x2, 0xf3, 0x0, 0xaf, 0x50, 0x0,
    0x0, 0x2, 0xf3, 0x0, 0xb, 0xc0, 0x0, 0x0,
    0x2, 0xf3, 0x0, 0x0, 0x10, 0x0, 0x0, 0x2,
    0xf3, 0x0, 0x0, 0x0, 0x0, 0x0, 0x2, 0xf3,
    0x0, 0x0, 0x0, 0x0, 0x0, 0x2, 0xf3, 0x0,
    0x0, 0x0,

    /* U+4E0D "不" */
    0x0, 0x0, 0x0, 0x0, 0x0, 0x0, 0x0, 0x0,
    0xbf, 0xff, 0xff, 0xff, 0xff, 0xff, 0xff, 0x1,
    0x22, 0x22, 0x26, 0xf3, 0x22, 0x22, 0x20, 0x0,
    0x0, 0x0, 0xd8, 0x0, 0x0, 0x0, 0x0, 0x0,
    0x0, 0x9f, 0x40, 0x0, 0x0, 0x0, 0x0, 0x0,
    0x6e, 0xf4, 0x5d, 0x10, 0x0, 0x0, 0x0, 0x6f,
    0x3f, 0x40, 0xbe, 0x20, 0x0, 0x0, 0x8f, 0x40,
    0xf4, 0x0, 0xbe, 0x30, 0x2, 0xce, 0x30, 0xf,
    0x40, 0x0, 0xcf, 0x30, 0xcb, 0x10, 0x0, 0xf4,
    0x0, 0x0, 0xc4, 0x0, 0x0, 0x0, 0xf, 0x40,
    0x0, 0x0, 0x0, 0x0, 0x0, 0x0, 0xf4, 0x0,
    0x0, 0x0, 0x0, 0x0, 0x0, 0xf, 0x40, 0x0,
    0x0, 0x0, 0x0, 0x0, 0x0, 0xf4, 0x0, 0x0,
    0x0,

    /* U+4E16 "世" */
    0x0, 0x0, 0x0, 0xac, 0x0, 0x6f, 0x0, 0x0,
    0x0, 0x7f, 0x0, 0x9c, 0x0, 0x6f, 0x0, 0x0,
    0x0, 0x6f, 0x0, 0x9c, 0x0, 0x6e, 0x0, 0x0,
    0x0, 0x6f, 0x0, 0x8c, 0x0, 0x6e, 0x0, 0x0,
    0x14, 0x8f, 0x33, 0xad, 0x33, 0x8f, 0x33, 0x41,
    0x4e, 0xff, 0xee, 0xff, 0xee, 0xef, 0xee, 0xe4,
    0x0, 0x6f, 0x0, 0x8c, 0x0, 0x6e, 0x0, 0x0,
    0x0, 0x6f, 0x0, 0x8c, 0x0, 0x6e, 0x0, 0x0,
    0x0, 0x6f, 0x0, 0x9c, 0x0, 0x6f, 0x0, 0x0,
    0x0, 0x6f, 0x0, 0x9d, 0x44, 0x8f, 0x0, 0x0,
    0x0, 0x6f, 0x0, 0x8d, 0xdd, 0xdd, 0x0, 0x0,
    0x0, 0x6f, 0x0, 0x0, 0x0, 0x0, 0x0, 0x0,
    0x0, 0x6f, 0x33, 0x33, 0x33, 0x33, 0x33, 0x0,
    0x0, 0x7f, 0xff, 0xff, 0xff, 0xff, 0xff, 0x20,

    /* U+4E1C "东" */
    0x0, 0x0, 0x3, 0xb1, 0x0, 0x0, 0x0, 0x0,
    0x0, 0xa, 0xc0, 0x0, 0x0, 0x0, 0x1, 0x11,
    0x3f, 0x51, 0x11, 0x12, 0x20, 0x4f, 0xff, 0xff,
    0xff, 0xff, 0xff, 0xf1, 0x0, 0x5, 0xf3, 0x5,
    0x10, 0x0, 0x0, 0x0, 0x2e, 0x60, 0x2f, 0x30,
    0x0, 0x0, 0x3, 0xe9, 0x0, 0x2f, 0x30, 0x0,
    0x0, 0xa, 0xff, 0xff, 0xff, 0xff, 0xff, 0xd0,
    0x1, 0x21, 0x0, 0x2f, 0x30, 0x1, 0x10, 0x0,
    0x7, 0x20, 0x2f, 0x30, 0x60, 0x0, 0x0, 0x5f,
    0x80, 0x2f, 0x32, 0xec, 0x10, 0x4, 0xf8, 0x0,
    0x2f, 0x30, 0x2e, 0xc1, 0x4f, 0x90, 0x1, 0x5f,
    0x20, 0x2, 0xea, 0x38, 0x0, 0xd, 0xfc, 0x0,
    0x0, 0x31, 0x0, 0x0, 0x2, 0x20, 0x0, 0x0,
    0x0,

    /* U+4E22 "丢" */
    0x0, 0x0, 0x0, 0x0, 0x0, 0x0, 0x0, 0x0,
    0x13, 0x34, 0x55, 0x78, 0xad, 0xf9, 0x0, 0x4,
    0xdc, 0xcb, 0xce, 0x76, 0x43, 0x10, 0x0, 0x0,
    0x0, 0x5, 0xd0, 0x0, 0x0, 0x0, 0x7, 0xee,
    0xee, 0xff, 0xee, 0xee, 0xa0, 0x0, 0x12, 0x11,
    0x16, 0xd1, 0x11, 0x11, 0x0, 0x0, 0x0, 0x0,
    0x5d, 0x0, 0x0, 0x0, 0xc, 0xdd, 0xdd, 0xde,
    0xfd, 0xdd, 0xdd, 0xd4, 0x33, 0x33, 0x38, 0xa3,
    0x33, 0x33, 0x33, 0x10, 0x0, 0x0, 0xda, 0x0,
    0x20, 0x0, 0x0, 0x0, 0x0, 0x9c, 0x0, 0xe,
    0x80, 0x0, 0x0, 0x0, 0x5e, 0x10, 0x0, 0x5f,
    0x50, 0x0, 0x0, 0x6f, 0x62, 0x33, 0x44, 0xcf,
    0x40, 0x0, 0xa, 0xff, 0xed, 0xcb, 0xba, 0xce,
    0x10, 0x0, 0x11, 0x0, 0x0, 0x0, 0x0, 0x60,
    0x0,

    /* U+4E2A "个" */
    0x0, 0x0, 0x0, 0x8, 0x40, 0x0, 0x0, 0x0,
    0x0, 0x0, 0x0, 0x4f, 0x90, 0x0, 0x0, 0x0,
    0x0, 0x0, 0x0, 0xdb, 0xf4, 0x0, 0x0, 0x0,
    0x0, 0x0, 0xb, 0xd0, 0x7f, 0x40, 0x0, 0x0,
    0x0, 0x0, 0xae, 0x20, 0x9, 0xf5, 0x0, 0x0,
    0x0, 0x2c, 0xe3, 0xf, 0x60, 0x8f, 0xb2, 0x0,
    0x18, 0xfd, 0x20, 0xe, 0x60, 0x5, 0xef, 0xc0,
    0x1d, 0x80, 0x0, 0xd, 0x60, 0x0, 0x18, 0x70,
    0x0, 0x0, 0x0, 0xd, 0x60, 0x0, 0x0, 0x0,
    0x0, 0x0, 0x0, 0xd, 0x60, 0x0, 0x0, 0x0,
    0x0, 0x0, 0x0, 0xd, 0x60, 0x0, 0x0, 0x0,
    0x0, 0x0, 0x0, 0xd, 0x60, 0x0, 0x0, 0x0,
    0x0, 0x0, 0x0, 0xd, 0x60, 0x0, 0x0, 0x0,
    0x0, 0x0, 0x0, 0xe, 0x60, 0x0, 0x0, 0x0,
    0x0, 0x0, 0x0, 0xe, 0x70, 0x0, 0x0, 0x0,

    /* U+4E2D "中" */
    0x0, 0x0, 0x0, 0xf7, 0x0, 0x0, 0x0, 0x0,
    0x0, 0xf, 0x60, 0x0, 0x0, 0x0, 0x0, 0x0,
    0xe6, 0x0, 0x0, 0x1, 0xee, 0xee, 0xef, 0xfe,
    0xee, 0xe9, 0x1f, 0x51, 0x11, 0xe7, 0x11, 0x1b,
    0xa1, 0xf4, 0x0, 0xe, 0x60, 0x0, 0xba, 0x1f,
    0x40, 0x0, 0xe6, 0x0, 0xb, 0xa1, 0xf4, 0x0,
    0xe, 0x60, 0x0, 0xba, 0x1f, 0xff, 0xff, 0xff,
    0xff, 0xff, 0xa1, 0xb2, 0x0, 0xe, 0x60, 0x0,
    0x77, 0x0, 0x0, 0x0, 0xe6, 0x0, 0x0, 0x0,
    0x0, 0x0, 0xe, 0x60, 0x0, 0x0, 0x0, 0x0,
    0x0, 0xe6, 0x0, 0x0, 0x0, 0x0, 0x0, 0xe,
    0x60, 0x0, 0x0, 0x0, 0x0, 0x0, 0xf7, 0x0,
    0x0, 0x0,

    /* U+4E32 "串" */
    0x0, 0x0, 0xf, 0x50, 0x0, 0x0, 0x0, 0x0,
    0xf, 0x50, 0x0, 0x0, 0x5f, 0xff, 0xff, 0xff,
    0xff, 0xf3, 0x4f, 0x0, 0xe, 0x50, 0x0, 0xf3,
    0x5f, 0x0, 0xe, 0x50, 0x0, 0xf3, 0x5f, 0xff,
    0xff, 0xff, 0xff, 0xf3, 0x0, 0x0, 0xe, 0x50,
    0x0, 0x0, 0xcc, 0xcc, 0xcf, 0xdc, 0xcc, 0xc9,
    0xe6, 0x22, 0x2e, 0x62, 0x22, 0x9b, 0xe5, 0x0,
    0xe, 0x50, 0x0, 0x8b, 0xe7, 0x33, 0x3f, 0x73,
    0x33, 0xab, 0xdc, 0xcc, 0xcf, 0xdc, 0xcc, 0xda,
    0x0, 0x0, 0xe, 0x50, 0x0, 0x0, 0x0, 0x0,
    0xf, 0x50, 0x0, 0x0,

    /* U+4E3B "主" */
    0x0, 0x0, 0x0, 0x0, 0x0, 0x0, 0x0, 0x0,
    0x0, 0x0, 0xd, 0x60, 0x0, 0x0, 0x0, 0x0,
    0x0, 0x0, 0x6f, 0x40, 0x0, 0x0, 0x0, 0x0,
    0x0, 0x0, 0x97, 0x0, 0x0, 0x0, 0x8, 0xed,
    0xdd, 0xdd, 0xdd, 0xdd, 0xde, 0x20, 0x24, 0x33,
    0x33, 0xf8, 0x33, 0x33, 0x40, 0x0, 0x0, 0x0,
    0xe, 0x60, 0x0, 0x0, 0x0, 0x0, 0x0, 0x0,
    0xe6, 0x0, 0x0, 0x0, 0x0, 0x33, 0x33, 0x3f,
    0x83, 0x33, 0x41, 0x0, 0xa, 0xdd, 0xdd, 0xfe,
    0xdd, 0xde, 0x30, 0x0, 0x0, 0x0, 0xe, 0x60,
    0x0, 0x0, 0x0, 0x0, 0x0, 0x0, 0xe6, 0x0,
    0x0, 0x0, 0x0, 0x0, 0x0, 0xe, 0x60, 0x0,
    0x0, 0x1, 0x33, 0x22, 0x22, 0xe7, 0x22, 0x22,
    0x33, 0x4e, 0xee, 0xee, 0xee, 0xee, 0xee, 0xee,
    0xe0,

    /* U+4E50 "乐" */
    0x0, 0x0, 0x0, 0x2, 0x47, 0xad, 0x0, 0x1,
    0xcd, 0xdf, 0xff, 0xdb, 0xa8, 0x20, 0x2, 0xf5,
    0x31, 0x25, 0x0, 0x0, 0x0, 0x4, 0xf0, 0x0,
    0x4f, 0x10, 0x0, 0x0, 0x6, 0xe0, 0x0, 0x4f,
    0x10, 0x0, 0x0, 0xa, 0xc0, 0x0, 0x4f, 0x10,
    0x0, 0x0, 0x1f, 0xff, 0xff, 0xff, 0xff, 0xff,
    0xfa, 0x5, 0x42, 0x22, 0x6f, 0x32, 0x22, 0x32,
    0x0, 0x7, 0x60, 0x4f, 0x10, 0x40, 0x0, 0x0,
    0x3f, 0x90, 0x4f, 0x14, 0xf7, 0x0, 0x2, 0xe9,
    0x0, 0x4f, 0x10, 0x6f, 0x80, 0x3e, 0xa0, 0x0,
    0x4f, 0x10, 0x7, 0xf8, 0x4a, 0x0, 0x0, 0x6f,
    0x0, 0x0, 0x73, 0x0, 0x0, 0x5f, 0xfc, 0x0,
    0x0, 0x0, 0x0, 0x0, 0x5, 0x30, 0x0, 0x0,
    0x0,

    /* U+4E60 "习" */
    0x0, 0x0, 0x0, 0x0, 0x0, 0x0, 0x4f, 0xff,
    0xff, 0xff, 0xff, 0xf9, 0x13, 0x32, 0x22, 0x22,
    0x22, 0xd8, 0x0, 0x61, 0x0, 0x0, 0x0, 0xd7,
    0x1, 0xde, 0x60, 0x0, 0x0, 0xd6, 0x0, 0x8,
    0xfc, 0x10, 0x0, 0xe6, 0x0, 0x0, 0x3b, 0x0,
    0x0, 0xe5, 0x0, 0x0, 0x0, 0x1, 0x20, 0xf5,
    0x0, 0x0, 0x3, 0x9f, 0x70, 0xf4, 0x0, 0x27,
    0xdf, 0xa3, 0x0, 0xf4, 0x5c, 0xfd, 0x60, 0x0,
    0x0, 0xf3, 0x3c, 0x50, 0x0, 0x0, 0x1, 0xf3,
    0x0, 0x0, 0x0, 0x16, 0x6b, 0xf1, 0x0, 0x0,
    0x0, 0xd, 0xfc, 0x60, 0x0, 0x0, 0x0, 0x0,
    0x0, 0x0,

    /* U+4E66 "书" */
    0x0, 0x0, 0x6, 0xf0, 0x0, 0xb6, 0x0, 0x0,
    0x0, 0x5, 0xe0, 0x0, 0x5f, 0x80, 0x0, 0x0,
    0x5, 0xe0, 0x0, 0x3, 0xf5, 0x7, 0xff, 0xff,
    0xff, 0xff, 0xf9, 0x20, 0x1, 0x21, 0x16, 0xe1,
    0x11, 0xd7, 0x0, 0x0, 0x0, 0x5, 0xe0, 0x0,
    0xe6, 0x0, 0x0, 0x0, 0x5, 0xe0, 0x0, 0xf5,
    0x0, 0x35, 0x44, 0x48, 0xe4, 0x44, 0xf7, 0x42,
    0xae, 0xee, 0xef, 0xfe, 0xee, 0xee, 0xf8, 0x0,
    0x0, 0x5, 0xe0, 0x0, 0x0, 0xd6, 0x0, 0x0,
    0x5, 0xe0, 0x0, 0x0, 0xe5, 0x0, 0x0, 0x5,
    0xe0, 0x0, 0x46, 0xf2, 0x0, 0x0, 0x6, 0xe0,
    0x0, 0xcc, 0x70, 0x0, 0x0, 0x7, 0xf0, 0x0,
    0x0, 0x0,

    /* U+4E70 "买" */
    0xf, 0xff, 0xff, 0xff, 0xff, 0xff, 0xf8, 0x0,
    0x0, 0x0, 0x0, 0x30, 0x2, 0xf3, 0x0, 0xa,
    0xa1, 0x3, 0xf3, 0x8, 0xe0, 0x0, 0x1, 0xbe,
    0x33, 0xf0, 0x6, 0x60, 0x0, 0x60, 0x8, 0x14,
    0xe0, 0x0, 0x0, 0x1, 0xdd, 0x30, 0x5, 0xc0,
    0x0, 0x0, 0x0, 0x9, 0xf1, 0x7, 0xa0, 0x0,
    0x0, 0x22, 0x22, 0x42, 0x2b, 0x92, 0x22, 0x23,
    0xbd, 0xdd, 0xdd, 0xef, 0xed, 0xdd, 0xde, 0x0,
    0x0, 0x0, 0xad, 0x0, 0x0, 0x0, 0x0, 0x0,
    0x9, 0xf3, 0x9c, 0x30, 0x0, 0x0, 0x4, 0xce,
    0x30, 0x8, 0xfa, 0x10, 0x28, 0xdf, 0x80, 0x0,
    0x0, 0x2c, 0xf5, 0xa, 0x71, 0x0, 0x0, 0x0,
    0x0, 0x71,

    /* U+4E86 "了" */
    0x0, 0x0, 0x0, 0x0, 0x0, 0x0, 0xbf, 0xff,
    0xff, 0xff, 0xff, 0xff, 0x12, 0x22, 0x22, 0x22,
    0x3c, 0xf9, 0x0, 0x0, 0x0, 0x5, 0xed, 0x30,
    0x0, 0x0, 0x2, 0xbf, 0x80, 0x0, 0x0, 0x0,
    0xb, 0xe3, 0x0, 0x0, 0x0, 0x0, 0xa, 0xc0,
    0x0, 0x0, 0x0, 0x0, 0xa, 0xc0, 0x0, 0x0,
    0x0, 0x0, 0xa, 0xc0, 0x0, 0x0, 0x0, 0x0,
    0xa, 0xc0, 0x0, 0x0, 0x0, 0x0, 0xa, 0xc0,
    0x0, 0x0, 0x0, 0x0, 0xa, 0xc0, 0x0, 0x0,
    0x0, 0x1, 0x1c, 0xb0, 0x0, 0x0, 0x0, 0xc,
    0xff, 0x70, 0x0, 0x0, 0x0, 0x4, 0x73, 0x0,
    0x0, 0x0,

    /* U+4E8B "事" */
    0x0, 0x0, 0x0, 0xd, 0x50, 0x0, 0x0, 0x0,
    0x2e, 0xdd, 0xdd, 0xdf, 0xed, 0xdd, 0xde, 0xa0,
    0x3, 0x22, 0x22, 0x2d, 0x62, 0x22, 0x22, 0x20,
    0x0, 0xe, 0xff, 0xff, 0xff, 0xff, 0xe0, 0x0,
    0x0, 0xf, 0x30, 0xd, 0x50, 0x4, 0xf0, 0x0,
    0x0, 0xf, 0xcb, 0xbf, 0xcb, 0xbc, 0xf0, 0x0,
    0x0, 0x3, 0x44, 0x4e, 0x74, 0x44, 0x30, 0x0,
    0x0, 0xff, 0xff, 0xff, 0xff, 0xff, 0xf1, 0x0,
    0x1, 0x21, 0x11, 0x1d, 0x51, 0x13, 0xf1, 0x10,
    0x1f, 0xff, 0xff, 0xff, 0xff, 0xff, 0xff, 0xf2,
    0x0, 0x10, 0x0, 0xd, 0x50, 0x2, 0xf1, 0x0,
    0x0, 0xff, 0xff, 0xff, 0xff, 0xff, 0xf1, 0x0,
    0x0, 0x0, 0x0, 0xd, 0x40, 0x1, 0x91, 0x0,
    0x0, 0x0, 0x4, 0xdf, 0x20, 0x0, 0x0, 0x0,
    0x0, 0x0, 0x0, 0x73, 0x0, 0x0, 0x0, 0x0,

    /* U+4E91 "云" */
    0x0, 0x0, 0x0, 0x0, 0x0, 0x0, 0x0, 0x0,
    0xef, 0xff, 0xff, 0xff, 0xff, 0x40, 0x0, 0x32,
    0x22, 0x22, 0x22, 0x23, 0x0, 0x0, 0x0, 0x0,
    0x0, 0x0, 0x0, 0x0, 0x0, 0x0, 0x0, 0x0,
    0x0, 0x0, 0x0, 0x55, 0x55, 0x55, 0x55, 0x55,
    0x55, 0x55, 0xbb, 0xbb, 0xbe, 0xbb, 0xbb, 0xbb,
    0xbb, 0x0, 0x0, 0xe, 0xa0, 0x0, 0x0, 0x0,
    0x0, 0x0, 0x6f, 0x20, 0x0, 0x0, 0x0, 0x0,
    0x1, 0xe7, 0x0, 0x2d, 0x20, 0x0, 0x0, 0xa,
    0xb0, 0x0, 0xb, 0xd0, 0x0, 0x0, 0x6e, 0x10,
    0x0, 0x0, 0xdb, 0x0, 0x6, 0xf8, 0x67, 0x8a,
    0xbc, 0xef, 0x80, 0x6, 0xfd, 0xb9, 0x86, 0x53,
    0x26, 0xe1, 0x0, 0x0, 0x0, 0x0, 0x0, 0x0,
    0x10,

    /* U+4EA1 "亡" */
    0x0, 0x0, 0x0, 0x19, 0x20, 0x0, 0x0, 0x0,
    0x0, 0x0, 0x0, 0xe, 0xa0, 0x0, 0x0, 0x0,
    0x0, 0x0, 0x0, 0x7, 0xf2, 0x0, 0x0, 0x0,
    0x5, 0x44, 0x44, 0x46, 0xa5, 0x44, 0x44, 0x51,
    0x1e, 0xde, 0xfd, 0xdd, 0xdd, 0xdd, 0xdd, 0xd5,
    0x0, 0x6, 0xe0, 0x0, 0x0, 0x0, 0x0, 0x0,
    0x0, 0x6, 0xe0, 0x0, 0x0, 0x0, 0x0, 0x0,
    0x0, 0x6, 0xe0, 0x0, 0x0, 0x0, 0x0, 0x0,
    0x0, 0x6, 0xe0, 0x0, 0x0, 0x0, 0x0, 0x0,
    0x0, 0x6, 0xe0, 0x0, 0x0, 0x0, 0x0, 0x0,
    0x0, 0x6, 0xe0, 0x0, 0x0, 0x0, 0x0, 0x0,
    0x0, 0x6, 0xe0, 0x0, 0x0, 0x0, 0x0, 0x0,
    0x0, 0x6, 0xff, 0xff, 0xff, 0xff, 0xff, 0x30,
    0x0, 0x1, 0x33, 0x33, 0x33, 0x33, 0x34, 0x10,

    /* U+4EA4 "交" */
    0x0, 0x0, 0x0, 0x0, 0x0, 0x0, 0x0, 0x0,
    0x0, 0x0, 0x0, 0x2d, 0x60, 0x0, 0x0, 0x0,
    0x0, 0x0, 0x0, 0xd, 0xd0, 0x0, 0x0, 0x0,
    0x2, 0x32, 0x22, 0x28, 0x93, 0x22, 0x23, 0x30,
    0x9, 0xee, 0xee, 0xee, 0xee, 0xee, 0xee, 0xe0,
    0x0, 0x0, 0x5a, 0x0, 0x0, 0xa7, 0x0, 0x0,
    0x0, 0x5, 0xfb, 0x0, 0x0, 0x7f, 0xb1, 0x0,
    0x0, 0x7f, 0x91, 0x0, 0x0, 0x45, 0xee, 0x20,
    0x3, 0xe7, 0x2f, 0x30, 0x0, 0xe9, 0x17, 0x0,
    0x0, 0x0, 0xb, 0xc0, 0x8, 0xe1, 0x0, 0x0,
    0x0, 0x0, 0x2, 0xf6, 0x4f, 0x40, 0x0, 0x0,
    0x0, 0x0, 0x0, 0x7f, 0xf7, 0x0, 0x0, 0x0,
    0x0, 0x0, 0x0, 0x9f, 0xf7, 0x0, 0x0, 0x0,
    0x0, 0x3, 0x8e, 0xc3, 0x4e, 0xe9, 0x41, 0x0,
    0x9, 0xef, 0xc5, 0x0, 0x0, 0x6d, 0xff, 0xb0,
    0x4, 0x72, 0x0, 0x0, 0x0, 0x0, 0x26, 0x30,

    /* U+4EAE "亮" */
    0x0, 0x0, 0x0, 0x50, 0x0, 0x0, 0x0, 0x0,
    0x0, 0x0, 0x2f, 0x50, 0x0, 0x0, 0x0, 0x8f,
    0xee, 0xee, 0xff, 0xee, 0xee, 0xf8, 0x1, 0x21,
    0x11, 0x11, 0x11, 0x11, 0x12, 0x10, 0x0, 0x4b,
    0xbb, 0xbb, 0xbb, 0xb3, 0x0, 0x0, 0x5, 0xf2,
    0x22, 0x22, 0x4f, 0x40, 0x0, 0x0, 0x6f, 0xbb,
    0xbb, 0xbc, 0xf4, 0x0, 0x0, 0x1, 0x22, 0x22,
    0x22, 0x22, 0x0, 0x0, 0x44, 0x44, 0x44, 0x44,
    0x44, 0x44, 0x44, 0xf, 0xdb, 0xbb, 0xbb, 0xbb,
    0xbb, 0xbd, 0xe0, 0xf6, 0x0, 0x22, 0x22, 0x20,
    0x0, 0x6e, 0x1, 0x0, 0xe, 0xdb, 0xbf, 0x60,
    0x0, 0x0, 0x0, 0x1, 0xf5, 0x0, 0xe6, 0x0,
    0x10, 0x0, 0x4, 0xcd, 0x0, 0xe, 0x80, 0x7,
    0xe0, 0x2f, 0xfb, 0x20, 0x0, 0xaf, 0xff, 0xf7,
    0x0, 0x41, 0x0, 0x0, 0x0, 0x0, 0x0, 0x0,

    /* U+4EB2 "亲" */
    0x0, 0x0, 0x1, 0xd5, 0x0, 0x0, 0x0, 0x0,
    0x43, 0x33, 0x3e, 0xb3, 0x33, 0x34, 0x0, 0x1d,
    0xcc, 0xcc, 0xcc, 0xcc, 0xcc, 0xd2, 0x0, 0x0,
    0x2c, 0x10, 0x0, 0xb8, 0x0, 0x0, 0x0, 0x0,
    0xc6, 0x0, 0x3f, 0x30, 0x0, 0xb, 0xcc, 0xcc,
    0xcc, 0xce, 0xfc, 0xcc, 0xd0, 0x33, 0x33, 0x33,
    0x8d, 0x33, 0x33, 0x34, 0x0, 0x0, 0x0, 0x7,
    0xd0, 0x0, 0x0, 0x0, 0x15, 0x44, 0x44, 0x9d,
    0x44, 0x44, 0x42, 0x2, 0xcb, 0xbb, 0xbd, 0xfb,
    0xbb, 0xbc, 0x40, 0x0, 0x18, 0x10, 0x7d, 0x0,
    0x40, 0x0, 0x0, 0xc, 0xd1, 0x7, 0xd0, 0x5f,
    0x80, 0x0, 0xb, 0xd1, 0x0, 0x7d, 0x0, 0x5f,
    0xa0, 0x5, 0xd1, 0x1, 0x8d, 0xc0, 0x0, 0x4e,
    0x30, 0x0, 0x0, 0x9, 0xa3, 0x0, 0x0, 0x0,
    0x0,

    /* U+4EBA "人" */
    0x0, 0x0, 0x0, 0xc, 0x80, 0x0, 0x0, 0x0,
    0x0, 0x0, 0x0, 0xd, 0x90, 0x0, 0x0, 0x0,
    0x0, 0x0, 0x0, 0xd, 0x80, 0x0, 0x0, 0x0,
    0x0, 0x0, 0x0, 0xd, 0x80, 0x0, 0x0, 0x0,
    0x0, 0x0, 0x0, 0xe, 0x90, 0x0, 0x0, 0x0,
    0x0, 0x0, 0x0, 0x1f, 0xc0, 0x0, 0x0, 0x0,
    0x0, 0x0, 0x0, 0x5f, 0xf2, 0x0, 0x0, 0x0,
    0x0, 0x0, 0x0, 0xaa, 0x9a, 0x0, 0x0, 0x0,
    0x0, 0x0, 0x1, 0xf4, 0x2f, 0x30, 0x0, 0x0,
    0x0, 0x0, 0xb, 0xc0, 0xa, 0xd0, 0x0, 0x0,
    0x0, 0x0, 0x6f, 0x20, 0x1, 0xea, 0x0, 0x0,
    0x0, 0x5, 0xf6, 0x0, 0x0, 0x4f, 0xb1, 0x0,
    0x0, 0x9f, 0x70, 0x0, 0x0, 0x4, 0xfe, 0x60,
    0xc, 0xe4, 0x0, 0x0, 0x0, 0x0, 0x2c, 0xc0,
    0x1, 0x10, 0x0, 0x0, 0x0, 0x0, 0x0, 0x10,

    /* U+4EBF "亿" */
    0x0, 0x0, 0xb4, 0x0, 0x0, 0x0, 0x0, 0x0,
    0x0, 0x3f, 0x44, 0x44, 0x44, 0x43, 0x0, 0x0,
    0xa, 0xc2, 0xff, 0xff, 0xff, 0xe0, 0x0, 0x1,
    0xf6, 0x0, 0x0, 0x7, 0xf3, 0x0, 0x0, 0xaf,
    0x60, 0x0, 0x3, 0xf5, 0x0, 0x0, 0x3f, 0xf6,
    0x0, 0x0, 0xd9, 0x0, 0x0, 0x1d, 0x9d, 0x60,
    0x0, 0x8e, 0x0, 0x0, 0x2, 0xd0, 0xd6, 0x0,
    0x2f, 0x40, 0x0, 0x0, 0x0, 0xd, 0x60, 0xb,
    0xa0, 0x0, 0x0, 0x0, 0x0, 0xd6, 0x3, 0xf2,
    0x0, 0x0, 0x0, 0x0, 0xd, 0x60, 0xba, 0x0,
    0x0, 0x5, 0x20, 0x0, 0xd6, 0xf, 0x50, 0x0,
    0x0, 0xcb, 0x0, 0xd, 0x60, 0xe9, 0x32, 0x22,
    0x6f, 0x60, 0x0, 0xd6, 0x4, 0xbe, 0xff, 0xed,
    0x90, 0x0, 0xe, 0x60, 0x0, 0x0, 0x0, 0x0,
    0x0,

    /* U+4ECA "今" */
    0x0, 0x0, 0x0, 0x2, 0x0, 0x0, 0x0, 0x0,
    0x0, 0x0, 0x0, 0xe, 0xb0, 0x0, 0x0, 0x0,
    0x0, 0x0, 0x0, 0x7e, 0xe3, 0x0, 0x0, 0x0,
    0x0, 0x0, 0x2, 0xf3, 0x5e, 0x10, 0x0, 0x0,
    0x0, 0x0, 0x1e, 0x70, 0x9, 0xd1, 0x0, 0x0,
    0x0, 0x2, 0xe8, 0x15, 0x0, 0xbd, 0x20, 0x0,
    0x0, 0x5f, 0x80, 0x5f, 0x50, 0xa, 0xf7, 0x0,
    0x1b, 0xf6, 0x0, 0x8, 0xf1, 0x0, 0x8f, 0xd0,
    0x8, 0x30, 0x0, 0x0, 0x40, 0x0, 0x3, 0x60,
    0x0, 0x9, 0xff, 0xff, 0xff, 0xff, 0xf1, 0x0,
    0x0, 0x2, 0x22, 0x22, 0x22, 0x5f, 0xa0, 0x0,
    0x0, 0x0, 0x0, 0x0, 0x0, 0xdb, 0x0, 0x0,
    0x0, 0x0, 0x0, 0x0, 0x8, 0xe1, 0x0, 0x0,
    0x0, 0x0, 0x0, 0x0, 0x4f, 0x40, 0x0, 0x0,
    0x0, 0x0, 0x0, 0x1, 0xe9, 0x0, 0x0, 0x0,
    0x0, 0x0, 0x0, 0x0, 0x60, 0x0, 0x0, 0x0,

    /* U+4ECB "介" */
    0x0, 0x0, 0x0, 0x5, 0x0, 0x0, 0x0, 0x0,
    0x0, 0x0, 0x0, 0x6f, 0x80, 0x0, 0x0, 0x0,
    0x0, 0x0, 0x2, 0xfb, 0xe3, 0x0, 0x0, 0x0,
    0x0, 0x0, 0xc, 0xd0, 0x5e, 0x40, 0x0, 0x0,
    0x0, 0x0, 0xce, 0x20, 0x7, 0xf7, 0x0, 0x0,
    0x0, 0x1c, 0xf3, 0x0, 0x0, 0x7f, 0xd6, 0x10,
    0x6, 0xfe, 0x43, 0x0, 0x1, 0x65, 0xdf, 0xd0,
    0xb, 0xc2, 0x3f, 0x20, 0x2, 0xf3, 0x5, 0x40,
    0x0, 0x0, 0x4f, 0x0, 0x2, 0xf3, 0x0, 0x0,
    0x0, 0x0, 0x5f, 0x0, 0x2, 0xf3, 0x0, 0x0,
    0x0, 0x0, 0x8c, 0x0, 0x2, 0xf3, 0x0, 0x0,
    0x0, 0x0, 0xd8, 0x0, 0x2, 0xf3, 0x0, 0x0,
    0x0, 0x8, 0xf2, 0x0, 0x2, 0xf3, 0x0, 0x0,
    0x0, 0x9f, 0x70, 0x0, 0x2, 0xf3, 0x0, 0x0,
    0x1, 0xb9, 0x0, 0x0, 0x2, 0xf3, 0x0, 0x0,
    0x0, 0x0, 0x0, 0x0, 0x0, 0x0, 0x0, 0x0,

    /* U+4ED4 "仔" */
    0x0, 0x0, 0x0, 0x0, 0x0, 0x0, 0x0, 0x0,
    0x0, 0xc, 0x50, 0x0, 0x0, 0x0, 0x0, 0x0,
    0x2, 0xf4, 0xdf, 0xff, 0xff, 0xff, 0x10, 0x0,
    0x9c, 0x2, 0x11, 0x11, 0x8f, 0x80, 0x0, 0x1f,
    0x50, 0x0, 0x0, 0x6f, 0x70, 0x0, 0x8, 0xf4,
    0x0, 0x0, 0x5f, 0x70, 0x0, 0x2, 0xff, 0x40,
    0x0, 0x8, 0xd0, 0x0, 0x0, 0xcb, 0xe4, 0x55,
    0x55, 0xae, 0x55, 0x56, 0x3e, 0x2e, 0x4a, 0xcc,
    0xce, 0xfc, 0xcc, 0xd0, 0x20, 0xe4, 0x0, 0x0,
    0x7d, 0x0, 0x0, 0x0, 0xe, 0x40, 0x0, 0x7,
    0xd0, 0x0, 0x0, 0x0, 0xe4, 0x0, 0x0, 0x7d,
    0x0, 0x0, 0x0, 0xe, 0x40, 0x0, 0x7, 0xd0,
    0x0, 0x0, 0x0, 0xe4, 0x0, 0x0, 0x7d, 0x0,
    0x0, 0x0, 0xf, 0x40, 0x2, 0xae, 0xb0, 0x0,
    0x0, 0x0, 0xf4, 0x0, 0xb, 0x92, 0x0, 0x0,

    /* U+4EE3 "代" */
    0x0, 0x0, 0x40, 0x0, 0x20, 0x0, 0x0, 0x0,
    0x0, 0x1, 0xf6, 0x1, 0xf4, 0x6, 0x0, 0x0,
    0x0, 0x6, 0xe0, 0x0, 0xf4, 0xd, 0xa0, 0x0,
    0x0, 0xc, 0x90, 0x0, 0xf5, 0x3, 0xe1, 0x0,
    0x0, 0x2f, 0x40, 0x0, 0xd6, 0x0, 0x0, 0x0,
    0x0, 0xaf, 0x40, 0x0, 0xc8, 0x58, 0xcf, 0x40,
    0x4, 0xff, 0x45, 0x8b, 0xff, 0xc8, 0x52, 0x0,
    0x2e, 0x7f, 0x49, 0x96, 0xac, 0x0, 0x0, 0x0,
    0x19, 0xf, 0x40, 0x0, 0x5f, 0x0, 0x0, 0x0,
    0x0, 0xf, 0x40, 0x0, 0xf, 0x40, 0x0, 0x0,
    0x0, 0xf, 0x40, 0x0, 0xb, 0xa0, 0x0, 0x0,
    0x0, 0xf, 0x40, 0x0, 0x4, 0xf3, 0x0, 0x0,
    0x0, 0xf, 0x40, 0x0, 0x0, 0xae, 0x15, 0xe1,
    0x0, 0xf, 0x40, 0x0, 0x0, 0xc, 0xed, 0xd0,
    0x0, 0xf, 0x40, 0x0, 0x0, 0x0, 0x9d, 0x50,
    0x0, 0x0, 0x0, 0x0, 0x0, 0x0, 0x0, 0x0,

    /* U+4EF6 "件" */
    0x0, 0x0, 0x10, 0x0, 0x0, 0x0, 0x0, 0x0,
    0x0, 0x2, 0xf2, 0x0, 0x4, 0xf0, 0x0, 0x0,
    0x0, 0x8, 0xc0, 0x46, 0x4, 0xf0, 0x0, 0x0,
    0x0, 0x1f, 0x50, 0x9c, 0x4, 0xf0, 0x0, 0x0,
    0x0, 0x8f, 0x10, 0xd9, 0x36, 0xf3, 0x33, 0x10,
    0x2, 0xff, 0x13, 0xfd, 0xde, 0xfd, 0xde, 0x40,
    0xd, 0xbf, 0x1b, 0xa0, 0x4, 0xf0, 0x0, 0x0,
    0x3c, 0x2f, 0x2c, 0x20, 0x4, 0xf0, 0x0, 0x0,
    0x0, 0x2f, 0x10, 0x0, 0x4, 0xf0, 0x0, 0x0,
    0x0, 0x2f, 0x4f, 0xff, 0xff, 0xff, 0xff, 0xf4,
    0x0, 0x2f, 0x11, 0x11, 0x14, 0xf1, 0x11, 0x10,
    0x0, 0x2f, 0x10, 0x0, 0x4, 0xf0, 0x0, 0x0,
    0x0, 0x2f, 0x10, 0x0, 0x4, 0xf0, 0x0, 0x0,
    0x0, 0x2f, 0x10, 0x0, 0x4, 0xf0, 0x0, 0x0,
    0x0, 0x2f, 0x10, 0x0, 0x4, 0xf0, 0x0, 0x0,
    0x0, 0x1, 0x0, 0x0, 0x0, 0x0, 0x0, 0x0,

    /* U+4EFB "任" */
    0x0, 0x0, 0xa6, 0x0, 0x0, 0x0, 0x0, 0x0,
    0x0, 0x2, 0xf5, 0x0, 0x0, 0x36, 0x9c, 0x0,
    0x0, 0xa, 0xb0, 0x9c, 0xef, 0xfc, 0x96, 0x10,
    0x0, 0x3f, 0x30, 0x45, 0x36, 0xe0, 0x0, 0x0,
    0x0, 0xcf, 0x20, 0x0, 0x5, 0xe0, 0x0, 0x0,
    0x7, 0xef, 0x20, 0x0, 0x5, 0xe0, 0x0, 0x0,
    0x3f, 0x5f, 0x22, 0x22, 0x26, 0xe2, 0x22, 0x31,
    0x3, 0x2f, 0x2d, 0xee, 0xee, 0xfe, 0xee, 0xf4,
    0x0, 0x2f, 0x20, 0x0, 0x5, 0xe0, 0x0, 0x0,
    0x0, 0x2f, 0x20, 0x0, 0x5, 0xe0, 0x0, 0x0,
    0x0, 0x2f, 0x20, 0x0, 0x5, 0xe0, 0x0, 0x0,
    0x0, 0x2f, 0x20, 0x0, 0x5, 0xe0, 0x0, 0x0,
    0x0, 0x2f, 0x22, 0xfe, 0xee, 0xfe, 0xee, 0xb0,
    0x0, 0x2f, 0x20, 0x32, 0x22, 0x22, 0x22, 0x20,
    0x0, 0x2f, 0x20, 0x0, 0x0, 0x0, 0x0, 0x0,

    /* U+4F18 "优" */
    0x0, 0x0, 0x0, 0x0, 0x0, 0x0, 0x0, 0x0,
    0x0, 0x3, 0xe3, 0x0, 0xd9, 0x2, 0x60, 0x0,
    0x0, 0x8, 0xe0, 0x0, 0xc7, 0x4, 0xf4, 0x0,
    0x0, 0xe, 0x80, 0x0, 0xc6, 0x0, 0x97, 0x0,
    0x0, 0x6f, 0x40, 0x0, 0xc6, 0x0, 0x0, 0x0,
    0x0, 0xef, 0x5e, 0xdd, 0xfe, 0xdd, 0xdd, 0xe0,
    0x7, 0xef, 0x43, 0x22, 0xe7, 0x7d, 0x22, 0x30,
    0x3f, 0x4f, 0x40, 0x0, 0xf3, 0x5d, 0x0, 0x0,
    0x17, 0xf, 0x40, 0x2, 0xf1, 0x5d, 0x0, 0x0,
    0x0, 0xf, 0x40, 0x6, 0xe0, 0x5d, 0x0, 0x0,
    0x0, 0xf, 0x40, 0xb, 0xa0, 0x5d, 0x0, 0x0,
    0x0, 0xf, 0x40, 0x2f, 0x40, 0x5d, 0x0, 0x0,
    0x0, 0xf, 0x40, 0xac, 0x0, 0x5d, 0x0, 0xc6,
    0x0, 0xf, 0x47, 0xf3, 0x0, 0x4f, 0x56, 0xf5,
    0x0, 0xf, 0x5c, 0x50, 0x0, 0xa, 0xcc, 0x90,
    0x0, 0x0, 0x0, 0x0, 0x0, 0x0, 0x0, 0x0,

    /* U+4F19 "伙" */
    0x0, 0x0, 0x0, 0x0, 0x0, 0x0, 0x0, 0x0,
    0x0, 0x0, 0xb5, 0x0, 0x5, 0xf0, 0x0, 0x0,
    0x0, 0x3, 0xf3, 0x0, 0x4, 0xf0, 0x0, 0x0,
    0x0, 0xa, 0xa0, 0x26, 0x4, 0xe0, 0x4, 0x10,
    0x0, 0x3f, 0x50, 0x7d, 0x4, 0xe0, 0xf, 0x60,
    0x0, 0xdf, 0x50, 0xb9, 0x5, 0xe0, 0x5e, 0x0,
    0xa, 0xce, 0x50, 0xf5, 0x7, 0xf0, 0xb9, 0x0,
    0x2d, 0x1e, 0x50, 0x50, 0xa, 0xf2, 0x22, 0x0,
    0x0, 0xe, 0x50, 0x0, 0xf, 0xe8, 0x0, 0x0,
    0x0, 0xe, 0x50, 0x0, 0x6e, 0x4e, 0x0, 0x0,
    0x0, 0xe, 0x50, 0x1, 0xe6, 0xd, 0x80, 0x0,
    0x0, 0xe, 0x50, 0xb, 0xc0, 0x4, 0xf5, 0x0,
    0x0, 0xe, 0x50, 0xbe, 0x10, 0x0, 0x7f, 0x60,
    0x0, 0xe, 0x54, 0xd2, 0x0, 0x0, 0x8, 0xe1,
    0x0, 0x0, 0x0, 0x0, 0x0, 0x0, 0x0, 0x0,

    /* U+4F1A "会" */
    0x0, 0x0, 0x0, 0x1, 0x0, 0x0, 0x0, 0x0,
    0x0, 0x0, 0x0, 0xb, 0xc0, 0x0, 0x0, 0x0,
    0x0, 0x0, 0x0, 0x7e, 0xe4, 0x0, 0x0, 0x0,
    0x0, 0x0, 0x6, 0xe3, 0x4e, 0x40, 0x0, 0x0,
    0x0, 0x0, 0x8e, 0x30, 0x5, 0xf7, 0x0, 0x0,
    0x0, 0x2b, 0xd2, 0x0, 0x0, 0x3d, 0xd4, 0x0,
    0x19, 0xfa, 0x8c, 0xcc, 0xcc, 0xc5, 0x9f, 0xd1,
    0xa, 0x50, 0x23, 0x33, 0x33, 0x31, 0x2, 0x50,
    0x0, 0x0, 0x0, 0x0, 0x0, 0x0, 0x0, 0x0,
    0x3, 0xfe, 0xee, 0xee, 0xee, 0xee, 0xef, 0x10,
    0x0, 0x10, 0x0, 0xa9, 0x0, 0x0, 0x1, 0x0,
    0x0, 0x0, 0x7, 0xf5, 0x4, 0x80, 0x0, 0x0,
    0x0, 0x0, 0x6f, 0x40, 0x4, 0xf7, 0x0, 0x0,
    0x0, 0x8, 0xe3, 0x0, 0x1, 0x7f, 0x70, 0x0,
    0x0, 0x7f, 0xff, 0xfe, 0xdd, 0xcc, 0xf5, 0x0,
    0x0, 0x14, 0x20, 0x0, 0x0, 0x0, 0x82, 0x0,

    /* U+4F34 "伴" */
    0x0, 0x1, 0x91, 0x0, 0x8, 0x30, 0x0, 0x0,
    0x0, 0x6e, 0x15, 0x0, 0xd5, 0x0, 0x70, 0x0,
    0xb, 0x72, 0xf3, 0xd, 0x50, 0x7e, 0x10, 0x3,
    0xf1, 0x8, 0xc0, 0xd5, 0x2f, 0x50, 0x0, 0xbf,
    0x0, 0x1b, 0xd, 0x54, 0xa0, 0x0, 0x5f, 0xf0,
    0x22, 0x11, 0xd6, 0x11, 0x20, 0x2e, 0x8f, 0xb,
    0xee, 0xef, 0xee, 0xee, 0x42, 0x83, 0xf0, 0x0,
    0x0, 0xd5, 0x0, 0x0, 0x0, 0x3f, 0x0, 0x0,
    0xd, 0x50, 0x0, 0x0, 0x3, 0xf4, 0xff, 0xff,
    0xff, 0xff, 0xfe, 0x0, 0x3f, 0x1, 0x0, 0xd,
    0x50, 0x0, 0x10, 0x3, 0xf0, 0x0, 0x0, 0xd5,
    0x0, 0x0, 0x0, 0x3f, 0x0, 0x0, 0xd, 0x50,
    0x0, 0x0, 0x3, 0xf0, 0x0, 0x0, 0xd5, 0x0,
    0x0, 0x0, 0x3f, 0x0, 0x0, 0xe, 0x60, 0x0,
    0x0,

    /* U+4F46 "但" */
    0x0, 0x2, 0x10, 0x0, 0x0, 0x0, 0x0, 0x0,
    0x0, 0xa, 0xe1, 0x0, 0x0, 0x0, 0x0, 0x0,
    0x0, 0xf, 0x80, 0x5d, 0xdd, 0xdd, 0xdd, 0x0,
    0x0, 0x6f, 0x20, 0x5e, 0x22, 0x22, 0x6f, 0x0,
    0x0, 0xdf, 0x0, 0x5e, 0x0, 0x0, 0x5f, 0x0,
    0x6, 0xff, 0x0, 0x5e, 0x0, 0x0, 0x5f, 0x0,
    0x2f, 0xbf, 0x0, 0x5f, 0xee, 0xee, 0xef, 0x0,
    0x2c, 0x4f, 0x0, 0x5e, 0x11, 0x11, 0x6f, 0x0,
    0x0, 0x4f, 0x0, 0x5e, 0x0, 0x0, 0x5f, 0x0,
    0x0, 0x4f, 0x0, 0x5e, 0x0, 0x0, 0x5f, 0x0,
    0x0, 0x4f, 0x0, 0x6f, 0xdd, 0xdd, 0xef, 0x0,
    0x0, 0x4f, 0x0, 0x12, 0x22, 0x22, 0x22, 0x0,
    0x0, 0x4f, 0x0, 0x0, 0x0, 0x0, 0x0, 0x0,
    0x0, 0x4f, 0x4, 0x33, 0x33, 0x33, 0x33, 0x41,
    0x0, 0x4f, 0xe, 0xee, 0xee, 0xee, 0xee, 0xe4,
    0x0, 0x4f, 0x0, 0x0, 0x0, 0x0, 0x0, 0x0,

    /* U+4F4D "位" */
    0x0, 0x6, 0x91, 0x0, 0x3c, 0x0, 0x0, 0x0,
    0x0, 0xb, 0xd0, 0x0, 0x1e, 0x80, 0x0, 0x0,
    0x0, 0x1f, 0x60, 0x11, 0x17, 0x71, 0x11, 0x10,
    0x0, 0x7f, 0x25, 0xff, 0xff, 0xff, 0xff, 0xc0,
    0x0, 0xef, 0x10, 0x0, 0x0, 0x0, 0x0, 0x0,
    0x8, 0xff, 0x10, 0x36, 0x0, 0x5, 0xc2, 0x0,
    0x3f, 0x7f, 0x10, 0x6f, 0x0, 0x9, 0xe0, 0x0,
    0x19, 0x2f, 0x10, 0x1f, 0x40, 0xc, 0xa0, 0x0,
    0x0, 0x2f, 0x10, 0xb, 0x90, 0xf, 0x50, 0x0,
    0x0, 0x2f, 0x10, 0x6, 0xe0, 0x3f, 0x10, 0x0,
    0x0, 0x2f, 0x10, 0x2, 0xf2, 0x6d, 0x0, 0x0,
    0x0, 0x2f, 0x10, 0x0, 0x40, 0xb9, 0x0, 0x0,
    0x0, 0x2f, 0x1e, 0xff, 0xff, 0xff, 0xff, 0xf3,
    0x0, 0x2f, 0x13, 0x22, 0x22, 0x22, 0x22, 0x30,
    0x0, 0x3f, 0x10, 0x0, 0x0, 0x0, 0x0, 0x0,

    /* U+4F4E "低" */
    0x0, 0x0, 0x0, 0x0, 0x0, 0x0, 0x0, 0x0,
    0x0, 0x7, 0xc0, 0x0, 0x0, 0x0, 0x32, 0x0,
    0x0, 0xb, 0x91, 0x56, 0x79, 0xbe, 0xfb, 0x0,
    0x0, 0x1f, 0x33, 0xf9, 0x89, 0xe2, 0x0, 0x0,
    0x0, 0x7f, 0x3, 0xf0, 0x3, 0xe0, 0x0, 0x0,
    0x0, 0xef, 0x3, 0xf0, 0x3, 0xe0, 0x0, 0x0,
    0x7, 0xef, 0x3, 0xf1, 0x13, 0xf1, 0x12, 0x10,
    0x2f, 0x7f, 0x3, 0xfe, 0xee, 0xfe, 0xee, 0x90,
    0x7, 0x3f, 0x3, 0xf0, 0x0, 0xe3, 0x0, 0x0,
    0x0, 0x3f, 0x3, 0xf0, 0x0, 0xc5, 0x0, 0x0,
    0x0, 0x3f, 0x3, 0xf0, 0x0, 0x98, 0x0, 0x0,
    0x0, 0x3f, 0x3, 0xf0, 0x82, 0x5d, 0x0, 0x0,
    0x0, 0x3f, 0x3, 0xf8, 0xe2, 0xf, 0x40, 0x50,
    0x0, 0x3f, 0x4, 0xfe, 0x73, 0x9, 0xd0, 0xf3,
    0x0, 0x3f, 0x5, 0xe2, 0x8e, 0x10, 0xde, 0xe0,
    0x0, 0x3f, 0x0, 0x10, 0xa, 0x30, 0x18, 0x30,

    /* U+4F53 "体" */
    0x0, 0x6, 0x90, 0x0, 0xe, 0x40, 0x0, 0x0,
    0x0, 0xb, 0x80, 0x0, 0xd, 0x40, 0x0, 0x0,
    0x0, 0x1f, 0x30, 0x0, 0xd, 0x40, 0x0, 0x0,
    0x0, 0x7f, 0xe, 0xdd, 0xdf, 0xed, 0xdd, 0xb0,
    0x0, 0xee, 0x3, 0x24, 0xfe, 0xe8, 0x22, 0x20,
    0x7, 0xfe, 0x0, 0x6, 0xcd, 0xac, 0x0, 0x0,
    0x1f, 0x7e, 0x0, 0xc, 0x7d, 0x5e, 0x40, 0x0,
    0x5, 0x3e, 0x0, 0x5e, 0xd, 0x47, 0xd0, 0x0,
    0x0, 0x3e, 0x2, 0xf6, 0xd, 0x40, 0xcb, 0x0,
    0x0, 0x3e, 0x3e, 0xa0, 0xd, 0x40, 0x1e, 0xd2,
    0x0, 0x3e, 0x9a, 0x3d, 0xcf, 0xdc, 0x81, 0x80,
    0x0, 0x3e, 0x0, 0x14, 0x3e, 0x63, 0x20, 0x0,
    0x0, 0x3e, 0x0, 0x0, 0xe, 0x40, 0x0, 0x0,
    0x0, 0x3e, 0x0, 0x0, 0xe, 0x50, 0x0, 0x0,

    /* U+4F5C "作" */
    0x0, 0x0, 0x0, 0x0, 0x0, 0x0, 0x0, 0x0,
    0x0, 0x0, 0xc4, 0x0, 0xaa, 0x0, 0x0, 0x0,
    0x0, 0x5, 0xf5, 0x1, 0xf8, 0x0, 0x0, 0x0,
    0x0, 0xc, 0xc0, 0x8, 0xf1, 0x0, 0x0, 0x10,
    0x0, 0x4f, 0x60, 0x2f, 0xff, 0xff, 0xff, 0xf1,
    0x0, 0xdf, 0x60, 0xbd, 0x2f, 0x10, 0x0, 0x0,
    0x8, 0xef, 0x67, 0xf3, 0x2f, 0x10, 0x0, 0x0,
    0x3f, 0x5f, 0x60, 0x20, 0x2f, 0xff, 0xff, 0x50,
    0x7, 0xf, 0x60, 0x0, 0x2f, 0x21, 0x12, 0x0,
    0x0, 0xf, 0x60, 0x0, 0x2f, 0x10, 0x0, 0x0,
    0x0, 0xf, 0x60, 0x0, 0x2f, 0x10, 0x0, 0x0,
    0x0, 0xf, 0x60, 0x0, 0x2f, 0xff, 0xff, 0xc0,
    0x0, 0xf, 0x60, 0x0, 0x2f, 0x21, 0x11, 0x20,
    0x0, 0xf, 0x60, 0x0, 0x2f, 0x10, 0x0, 0x0,
    0x0, 0xf, 0x60, 0x0, 0x2f, 0x10, 0x0, 0x0,
    0x0, 0xf, 0x60, 0x0, 0x2f, 0x10, 0x0, 0x0,

    /* U+4F60 "你" */
    0x0, 0x1, 0xa2, 0x1, 0x82, 0x0, 0x0, 0x0,
    0x0, 0x6, 0xf1, 0x5, 0xf2, 0x0, 0x0, 0x0,
    0x0, 0xd, 0x70, 0xc, 0xc4, 0x44, 0x44, 0x40,
    0x0, 0x6f, 0x0, 0x5f, 0xcc, 0xcc, 0xce, 0xc0,
    0x1, 0xef, 0x0, 0xd9, 0x0, 0x0, 0xe, 0x60,
    0xc, 0xdf, 0xa, 0xe0, 0x5, 0xd0, 0x3d, 0x0,
    0x1a, 0x4f, 0x5, 0x30, 0x5, 0xd0, 0x0, 0x0,
    0x0, 0x3f, 0x0, 0x6, 0x35, 0xd0, 0x92, 0x0,
    0x0, 0x3f, 0x0, 0x3f, 0x65, 0xd0, 0xac, 0x0,
    0x0, 0x3f, 0x1, 0xda, 0x5, 0xd0, 0x1e, 0x80,
    0x0, 0x3f, 0xc, 0xc0, 0x5, 0xd0, 0x5, 0xf3,
    0x0, 0x3f, 0x5, 0x10, 0x5, 0xd0, 0x0, 0x50,
    0x0, 0x3f, 0x0, 0x1, 0x4a, 0xd0, 0x0, 0x0,
    0x0, 0x3f, 0x0, 0x1, 0xfd, 0x50, 0x0, 0x0,
    0x0, 0x0, 0x0, 0x0, 0x0, 0x0, 0x0, 0x0,

    /* U+4F73 "佳" */
    0x0, 0x0, 0x30, 0x0, 0x0, 0x0, 0x0, 0x0,
    0x0, 0x3f, 0x20, 0x0, 0xd6, 0x0, 0x0, 0x0,
    0xa, 0x83, 0xdd, 0xdf, 0xed, 0xde, 0x0, 0x3,
    0xf4, 0x14, 0x33, 0xe8, 0x34, 0x50, 0x0, 0xcf,
    0x40, 0x0, 0xd, 0x60, 0x0, 0x0, 0x6d, 0xf4,
    0x22, 0x11, 0xd7, 0x11, 0x22, 0x3f, 0x3f, 0x4b,
    0xee, 0xee, 0xee, 0xee, 0x90, 0x30, 0xf4, 0x0,
    0x0, 0xc7, 0x0, 0x0, 0x0, 0xf, 0x40, 0x0,
    0xc, 0x70, 0x0, 0x0, 0x0, 0xf4, 0x2f, 0xff,
    0xff, 0xff, 0xf0, 0x0, 0xf, 0x40, 0x21, 0xc,
    0x70, 0x11, 0x0, 0x0, 0xf4, 0x0, 0x0, 0xc7,
    0x0, 0x0, 0x0, 0xf, 0x42, 0x11, 0x1c, 0x81,
    0x11, 0x20, 0x0, 0xf5, 0xde, 0xee, 0xee, 0xee,
    0xed,

    /* U+4FBF "便" */
    0x0, 0x0, 0xd4, 0x0, 0x0, 0x0, 0x0, 0x0,
    0x0, 0x5, 0xf7, 0xff, 0xff, 0xff, 0xff, 0xf2,
    0x0, 0xb, 0x70, 0x0, 0x3, 0xe0, 0x0, 0x0,
    0x0, 0x2f, 0x0, 0xde, 0xee, 0xfe, 0xee, 0x40,
    0x0, 0xae, 0x0, 0xe5, 0x25, 0xe2, 0x2e, 0x40,
    0x4, 0xfe, 0x0, 0xe4, 0x14, 0xe1, 0x1e, 0x40,
    0x1e, 0x9e, 0x0, 0xee, 0xde, 0xfd, 0xdf, 0x40,
    0x5, 0x3e, 0x0, 0xe4, 0x3, 0xe0, 0xe, 0x40,
    0x0, 0x3e, 0x0, 0xef, 0xff, 0xff, 0xff, 0x40,
    0x0, 0x3e, 0x0, 0x65, 0x5, 0xb0, 0x0, 0x0,
    0x0, 0x3e, 0x0, 0x6f, 0x4a, 0x80, 0x0, 0x0,
    0x0, 0x3e, 0x0, 0x8, 0xff, 0x20, 0x0, 0x0,
    0x0, 0x3e, 0x0, 0x4, 0xff, 0xb4, 0x0, 0x0,
    0x0, 0x3f, 0x3, 0xaf, 0x62, 0xaf, 0xfc, 0xa3,
    0x0, 0x4f, 0x1e, 0xb2, 0x0, 0x1, 0x6a, 0xb0,
    0x0, 0x0, 0x1, 0x0, 0x0, 0x0, 0x0, 0x0,

    /* U+4FDD "保" */
    0x0, 0x2, 0x60, 0x0, 0x0, 0x0, 0x0, 0x0,
    0x0, 0x7, 0xc0, 0x4f, 0xff, 0xff, 0xf5, 0x0,
    0x0, 0xd, 0x50, 0x3e, 0x0, 0x0, 0xd4, 0x0,
    0x0, 0x5f, 0x0, 0x3e, 0x0, 0x0, 0xd4, 0x0,
    0x0, 0xdf, 0x0, 0x4f, 0xdd, 0xdd, 0xf4, 0x0,
    0x8, 0xdf, 0x0, 0x2, 0x2d, 0x72, 0x20, 0x0,
    0x4f, 0x4f, 0x0, 0x0, 0xd, 0x50, 0x0, 0x0,
    0x4, 0x2f, 0x3d, 0xdd, 0xdf, 0xed, 0xdd, 0xb0,
    0x0, 0x2f, 0x4, 0x34, 0xee, 0xf9, 0x33, 0x30,
    0x0, 0x2f, 0x0, 0xa, 0x7d, 0x8e, 0x20, 0x0,
    0x0, 0x2f, 0x0, 0x7c, 0xd, 0x57, 0xe2, 0x0,
    0x0, 0x2f, 0x8, 0xe1, 0xd, 0x50, 0x9f, 0x90,
    0x0, 0x2f, 0x3c, 0x20, 0xd, 0x50, 0x6, 0x80,
    0x0, 0x2f, 0x0, 0x0, 0xd, 0x60, 0x0, 0x0,

    /* U+505A "做" */
    0x0, 0x0, 0x50, 0x0, 0x0, 0x3, 0x0, 0x0,
    0x0, 0x4, 0xe0, 0x5c, 0x0, 0x2f, 0x60, 0x0,
    0x0, 0xa, 0x70, 0x5c, 0x0, 0x6e, 0x0, 0x0,
    0x0, 0x2f, 0x21, 0x6c, 0x10, 0xbc, 0x77, 0x70,
    0x0, 0xbf, 0x1f, 0xff, 0xf7, 0xf7, 0x8f, 0x60,
    0x5, 0xff, 0x10, 0x5c, 0x9, 0xc0, 0x3e, 0x0,
    0xe, 0x7f, 0x10, 0x5c, 0xd, 0xf1, 0x4d, 0x0,
    0x3, 0x1f, 0x1d, 0xff, 0xf5, 0xd4, 0x6c, 0x0,
    0x0, 0x1f, 0x1e, 0x30, 0xd4, 0xa8, 0x99, 0x0,
    0x0, 0x1f, 0x1e, 0x30, 0xd4, 0x6c, 0xc6, 0x0,
    0x0, 0x1f, 0x1e, 0x63, 0xe4, 0x1f, 0xf1, 0x0,
    0x0, 0x1f, 0x1e, 0xcb, 0xf4, 0x1e, 0xf1, 0x0,
    0x0, 0x1f, 0x1a, 0x20, 0x25, 0xe9, 0x9e, 0x50,
    0x0, 0x1f, 0x10, 0x0, 0x8e, 0x50, 0x7, 0xa0,
    0x0, 0x0, 0x0, 0x0, 0x0, 0x0, 0x0, 0x0,

    /* U+505C "停" */
    0x0, 0x2, 0x0, 0x0, 0x2, 0x20, 0x0, 0x0,
    0x0, 0xb, 0xa0, 0x0, 0xb, 0xb0, 0x0, 0x0,
    0x0, 0xf, 0x39, 0xee, 0xee, 0xfe, 0xee, 0xe1,
    0x0, 0x6f, 0x1, 0x11, 0x11, 0x11, 0x11, 0x10,
    0x0, 0xde, 0x0, 0x9f, 0xff, 0xff, 0xf7, 0x0,
    0x5, 0xfe, 0x0, 0x98, 0x0, 0x0, 0x97, 0x0,
    0xe, 0x9e, 0x0, 0x9e, 0xcc, 0xcc, 0xe7, 0x0,
    0x2d, 0x3e, 0x0, 0x23, 0x33, 0x33, 0x31, 0x0,
    0x0, 0x2e, 0x2f, 0xff, 0xff, 0xff, 0xff, 0xf4,
    0x0, 0x2e, 0x2e, 0x0, 0x0, 0x0, 0x0, 0xc4,
    0x0, 0x2e, 0x1, 0x7e, 0xee, 0xee, 0xe9, 0x10,
    0x0, 0x2e, 0x0, 0x0, 0x5, 0xc0, 0x0, 0x0,
    0x0, 0x2e, 0x0, 0x0, 0x5, 0xc0, 0x0, 0x0,
    0x0, 0x2f, 0x0, 0x0, 0x27, 0xc0, 0x0, 0x0,
    0x0, 0x3f, 0x0, 0x0, 0xcf, 0x80, 0x0, 0x0,
    0x0, 0x0, 0x0, 0x0, 0x21, 0x0, 0x0, 0x0,

    /* U+5065 "健" */
    0x0, 0x56, 0x0, 0x0, 0x0, 0xf2, 0x0, 0x0,
    0x0, 0xa9, 0x33, 0x30, 0x54, 0xf6, 0x44, 0x0,
    0x0, 0xe5, 0x9c, 0xe0, 0xba, 0xfb, 0xae, 0x0,
    0x4, 0xf3, 0x7, 0x91, 0x22, 0xe4, 0x3e, 0x30,
    0xb, 0xf3, 0xc, 0x46, 0xdc, 0xfd, 0xdf, 0xd1,
    0x3f, 0xe3, 0x4f, 0x20, 0x33, 0xe4, 0x3f, 0x0,
    0x58, 0xc3, 0xbf, 0xf5, 0xdc, 0xfc, 0xcb, 0x0,
    0x0, 0xc3, 0x0, 0xc3, 0x0, 0xe2, 0x0, 0x0,
    0x0, 0xc4, 0x90, 0xe3, 0xff, 0xff, 0xff, 0x10,
    0x0, 0xc3, 0xd5, 0xe0, 0x10, 0xe2, 0x0, 0x0,
    0x0, 0xc3, 0x7f, 0xa4, 0xff, 0xff, 0xff, 0x50,
    0x0, 0xc3, 0x1f, 0xa0, 0x0, 0xe2, 0x0, 0x0,
    0x0, 0xc3, 0x8c, 0xdc, 0x52, 0xe3, 0x1, 0x30,
    0x0, 0xd7, 0xd1, 0x5, 0xbe, 0xff, 0xff, 0xb0,
    0x0, 0x0, 0x0, 0x0, 0x0, 0x0, 0x11, 0x0,

    /* U+5148 "先" */
    0x0, 0x0, 0x10, 0x7, 0x70, 0x0, 0x0, 0x0,
    0x0, 0x6, 0xf2, 0xa, 0x90, 0x0, 0x0, 0x0,
    0x0, 0xb, 0xa0, 0xa, 0x90, 0x0, 0x0, 0x0,
    0x0, 0x2f, 0xff, 0xff, 0xff, 0xff, 0xf4, 0x0,
    0x0, 0xad, 0x22, 0x2b, 0xa2, 0x23, 0x30, 0x0,
    0x1, 0xe5, 0x0, 0xa, 0x90, 0x0, 0x0, 0x0,
    0x4, 0x43, 0x33, 0x3b, 0xb3, 0x33, 0x34, 0x40,
    0x1e, 0xee, 0xef, 0xfe, 0xef, 0xee, 0xee, 0xf0,
    0x0, 0x0, 0xb, 0xa0, 0xe, 0x50, 0x0, 0x0,
    0x0, 0x0, 0xe, 0x70, 0xe, 0x50, 0x0, 0x0,
    0x0, 0x0, 0x6f, 0x20, 0xe, 0x50, 0x0, 0x0,
    0x0, 0x2, 0xe9, 0x0, 0xe, 0x50, 0x7, 0x70,
    0x0, 0x6f, 0xb0, 0x0, 0xe, 0x92, 0x2d, 0xb0,
    0x9, 0xf8, 0x0, 0x0, 0x8, 0xff, 0xfd, 0x30,
    0x0, 0x20, 0x0, 0x0, 0x0, 0x0, 0x0, 0x0,

    /* U+5149 "光" */
    0x0, 0x0, 0x0, 0xa, 0xc0, 0x0, 0x0, 0x0,
    0x0, 0x1, 0x0, 0xa, 0xb0, 0x0, 0x50, 0x0,
    0x0, 0x2f, 0x50, 0xa, 0xb0, 0x4, 0xf6, 0x0,
    0x0, 0xb, 0xf1, 0xa, 0xb0, 0xd, 0xa0, 0x0,
    0x0, 0x2, 0xf8, 0xa, 0xb0, 0x7e, 0x10, 0x0,
    0x0, 0x0, 0x30, 0xa, 0xb0, 0x1, 0x0, 0x0,
    0x1f, 0xff, 0xff, 0xff, 0xff, 0xff, 0xff, 0xf2,
    0x2, 0x11, 0x16, 0xe1, 0x3f, 0x31, 0x11, 0x20,
    0x0, 0x0, 0x7, 0xd0, 0x2f, 0x20, 0x0, 0x0,
    0x0, 0x0, 0xb, 0xa0, 0x2f, 0x20, 0x0, 0x0,
    0x0, 0x0, 0x2f, 0x50, 0x2f, 0x20, 0x0, 0x0,
    0x0, 0x1, 0xdc, 0x0, 0x2f, 0x20, 0x5, 0xa1,
    0x1, 0x7f, 0xd1, 0x0, 0x1f, 0x61, 0x2a, 0xe0,
    0x2f, 0xf8, 0x0, 0x0, 0xb, 0xff, 0xfe, 0x50,
    0x4, 0x10, 0x0, 0x0, 0x0, 0x0, 0x0, 0x0,

    /* U+514B "克" */
    0x0, 0x0, 0x0, 0xc6, 0x0, 0x0, 0x0, 0x11,
    0x11, 0x11, 0xc6, 0x11, 0x11, 0x10, 0xaf, 0xff,
    0xff, 0xff, 0xff, 0xff, 0xf2, 0x0, 0x0, 0x0,
    0xc5, 0x0, 0x0, 0x0, 0x0, 0x0, 0x0, 0xc6,
    0x0, 0x0, 0x0, 0x0, 0xff, 0xff, 0xff, 0xff,
    0xff, 0x0, 0x0, 0xf5, 0x0, 0x0, 0x0, 0x4e,
    0x0, 0x0, 0xf5, 0x0, 0x0, 0x0, 0x4f, 0x0,
    0x0, 0xff, 0xff, 0xff, 0xff, 0xff, 0x0, 0x0,
    0x11, 0x6d, 0x18, 0xe1, 0x11, 0x0, 0x0, 0x0,
    0xa9, 0x8, 0xe0, 0x0, 0x0, 0x0, 0x8, 0xf2,
    0x8, 0xe0, 0x0, 0x52, 0x27, 0xdf, 0x50, 0x7,
    0xf3, 0x22, 0xc8, 0x5f, 0xb2, 0x0, 0x3, 0xdf,
    0xfe, 0xc1, 0x2, 0x0, 0x0, 0x0, 0x0, 0x0,
    0x0,

    /* U+514D "免" */
    0x0, 0x0, 0x7, 0x80, 0x0, 0x0, 0x0, 0x0,
    0x0, 0x0, 0x3f, 0x70, 0x0, 0x0, 0x0, 0x0,
    0x0, 0x3, 0xee, 0xee, 0xef, 0xf2, 0x0, 0x0,
    0x0, 0x6f, 0x80, 0x0, 0x2e, 0x40, 0x0, 0x0,
    0xb, 0xff, 0xcc, 0xcc, 0xef, 0xcc, 0xc3, 0x0,
    0x5, 0x3f, 0x53, 0x3c, 0x93, 0x33, 0xf4, 0x0,
    0x0, 0xf, 0x30, 0xd, 0x50, 0x0, 0xe4, 0x0,
    0x0, 0xf, 0x30, 0xf, 0x20, 0x0, 0xe4, 0x0,
    0x0, 0xf, 0xff, 0xff, 0xff, 0xff, 0xf4, 0x0,
    0x0, 0x6, 0x10, 0xa8, 0xd5, 0x0, 0x0, 0x0,
    0x0, 0x0, 0x6, 0xe1, 0xd5, 0x0, 0x0, 0x0,
    0x0, 0x0, 0x8f, 0x30, 0xd5, 0x0, 0x3, 0x60,
    0x1, 0x7e, 0xd2, 0x0, 0xd8, 0x11, 0x18, 0xf0,
    0x5, 0xf7, 0x0, 0x0, 0x7f, 0xff, 0xfe, 0x60,
    0x0, 0x0, 0x0, 0x0, 0x0, 0x0, 0x0, 0x0,

    /* U+5165 "入" */
    0x0, 0x0, 0x8, 0x10, 0x0, 0x0, 0x0, 0x0,
    0x0, 0x0, 0x3e, 0xd1, 0x0, 0x0, 0x0, 0x0,
    0x0, 0x0, 0x1, 0xdd, 0x10, 0x0, 0x0, 0x0,
    0x0, 0x0, 0x0, 0x1e, 0xa0, 0x0, 0x0, 0x0,
    0x0, 0x0, 0x0, 0xb, 0xf2, 0x0, 0x0, 0x0,
    0x0, 0x0, 0x0, 0x2f, 0xda, 0x0, 0x0, 0x0,
    0x0, 0x0, 0x0, 0xab, 0x5f, 0x10, 0x0, 0x0,
    0x0, 0x0, 0x3, 0xf4, 0xe, 0x80, 0x0, 0x0,
    0x0, 0x0, 0xc, 0xb0, 0x7, 0xf1, 0x0, 0x0,
    0x0, 0x0, 0x8f, 0x20, 0x0, 0xeb, 0x0, 0x0,
    0x0, 0x5, 0xf6, 0x0, 0x0, 0x6f, 0xa0, 0x0,
    0x0, 0x6f, 0x80, 0x0, 0x0, 0x9, 0xfc, 0x20,
    0x1a, 0xf9, 0x0, 0x0, 0x0, 0x0, 0x9f, 0xe1,
    0xc, 0x70, 0x0, 0x0, 0x0, 0x0, 0x7, 0x50,
    0x0, 0x0, 0x0, 0x0, 0x0, 0x0, 0x0, 0x0,

    /* U+5168 "全" */
    0x0, 0x0, 0x0, 0x7, 0x70, 0x0, 0x0, 0x0,
    0x0, 0x0, 0x0, 0x3f, 0xf2, 0x0, 0x0, 0x0,
    0x0, 0x0, 0x1, 0xda, 0x6d, 0x10, 0x0, 0x0,
    0x0, 0x0, 0x1d, 0xd1, 0xb, 0xd2, 0x0, 0x0,
    0x0, 0x3, 0xdd, 0x10, 0x0, 0xbf, 0x80, 0x0,
    0x2, 0xaf, 0xc2, 0x11, 0x11, 0x18, 0xff, 0xa2,
    0xb, 0xd5, 0xff, 0xff, 0xff, 0xff, 0xa7, 0xd0,
    0x1, 0x0, 0x0, 0x5, 0xe0, 0x0, 0x0, 0x0,
    0x0, 0x0, 0x0, 0x5, 0xe0, 0x0, 0x0, 0x0,
    0x0, 0xd, 0xff, 0xff, 0xff, 0xff, 0xf6, 0x0,
    0x0, 0x1, 0x0, 0x5, 0xe0, 0x0, 0x10, 0x0,
    0x0, 0x0, 0x0, 0x5, 0xe0, 0x0, 0x0, 0x0,
    0x0, 0x11, 0x11, 0x15, 0xe1, 0x11, 0x11, 0x10,
    0x3, 0xff, 0xff, 0xff, 0xff, 0xff, 0xff, 0x60,
    0x0, 0x0, 0x0, 0x0, 0x0, 0x0, 0x0, 0x0,

    /* U+5173 "关" */
    0x0, 0x0, 0x0, 0x0, 0x0, 0x0, 0x0, 0x0,
    0x8, 0x70, 0x0, 0x3d, 0x20, 0x0, 0x0, 0x5,
    0xf3, 0x0, 0x9d, 0x0, 0x0, 0x0, 0x0, 0xb6,
    0x0, 0xf5, 0x0, 0x0, 0xc, 0xcc, 0xcc, 0xcd,
    0xfc, 0xcc, 0x80, 0x5, 0x44, 0x44, 0xe7, 0x44,
    0x44, 0x30, 0x0, 0x0, 0x0, 0xe4, 0x0, 0x0,
    0x0, 0x0, 0x0, 0x0, 0xe4, 0x0, 0x0, 0x0,
    0x11, 0x11, 0x11, 0xe6, 0x22, 0x22, 0x31, 0xae,
    0xee, 0xee, 0xff, 0xee, 0xee, 0xe7, 0x0, 0x0,
    0x5, 0xfe, 0x10, 0x0, 0x0, 0x0, 0x0, 0x1d,
    0x8b, 0xc1, 0x0, 0x0, 0x0, 0x1, 0xcc, 0x1,
    0xdd, 0x30, 0x0, 0x0, 0x6e, 0xb1, 0x0, 0x1c,
    0xfb, 0x51, 0x7e, 0xe6, 0x0, 0x0, 0x0, 0x7e,
    0xf7, 0x27, 0x0, 0x0, 0x0, 0x0, 0x0, 0x50,

    /* U+5185 "内" */
    0x0, 0x0, 0x0, 0x0, 0x0, 0x0, 0x0, 0x0,
    0x0, 0x0, 0xac, 0x0, 0x0, 0x0, 0x0, 0x0,
    0x0, 0xa9, 0x0, 0x0, 0x0, 0x13, 0x33, 0x33,
    0xba, 0x33, 0x33, 0x31, 0x4f, 0xdd, 0xdd, 0xfe,
    0xdd, 0xdd, 0xf6, 0x4f, 0x10, 0x0, 0xc6, 0x0,
    0x0, 0xf5, 0x4f, 0x10, 0x0, 0xf5, 0x0, 0x0,
    0xf5, 0x4f, 0x10, 0x6, 0xfd, 0x30, 0x0, 0xf5,
    0x4f, 0x10, 0x1e, 0x97, 0xf7, 0x0, 0xf5, 0x4f,
    0x11, 0xdd, 0x0, 0x4f, 0xa0, 0xf5, 0x4f, 0x2e,
    0xd1, 0x0, 0x3, 0xb1, 0xf5, 0x4f, 0x12, 0x10,
    0x0, 0x0, 0x0, 0xf5, 0x4f, 0x10, 0x0, 0x0,
    0x0, 0x0, 0xf5, 0x4f, 0x10, 0x0, 0x0, 0x0,
    0x35, 0xf4, 0x5f, 0x10, 0x0, 0x0, 0x0, 0xdf,
    0xb1, 0x0, 0x0, 0x0, 0x0, 0x0, 0x0, 0x0,

    /* U+518C "册" */
    0x0, 0x5f, 0xff, 0xf1, 0xf, 0xff, 0xf5, 0x0,
    0x0, 0x5e, 0x23, 0xf1, 0xf, 0x42, 0xe4, 0x0,
    0x0, 0x5e, 0x2, 0xf1, 0xf, 0x30, 0xe4, 0x0,
    0x0, 0x5e, 0x2, 0xf1, 0xf, 0x30, 0xe4, 0x0,
    0x0, 0x5e, 0x2, 0xf1, 0xf, 0x30, 0xe4, 0x0,
    0x13, 0x6e, 0x24, 0xf3, 0x2f, 0x52, 0xe6, 0x30,
    0x4e, 0xef, 0xee, 0xfe, 0xef, 0xee, 0xfe, 0xe2,
    0x0, 0x6d, 0x2, 0xf1, 0x1f, 0x10, 0xe4, 0x0,
    0x0, 0x7c, 0x2, 0xf1, 0x2f, 0x0, 0xe4, 0x0,
    0x0, 0xa9, 0x2, 0xf1, 0x5e, 0x0, 0xe4, 0x0,
    0x0, 0xe6, 0x2, 0xf1, 0x8b, 0x0, 0xe4, 0x0,
    0x3, 0xf2, 0x2, 0xf1, 0xd7, 0x0, 0xf4, 0x0,
    0xb, 0xc0, 0x4d, 0xf5, 0xf2, 0x2d, 0xf2, 0x0,
    0x7, 0x30, 0x8, 0x33, 0x70, 0x9, 0x40, 0x0,

    /* U+518D "再" */
    0x0, 0x0, 0x0, 0x0, 0x0, 0x0, 0x0, 0x0,
    0xb, 0xff, 0xff, 0xff, 0xff, 0xff, 0xff, 0x30,
    0x1, 0x11, 0x11, 0x1d, 0x71, 0x11, 0x11, 0x0,
    0x0, 0x0, 0x0, 0xd, 0x60, 0x0, 0x0, 0x0,
    0x0, 0x2f, 0xee, 0xef, 0xfe, 0xee, 0xf0, 0x0,
    0x0, 0x1f, 0x30, 0xd, 0x60, 0x4, 0xf0, 0x0,
    0x0, 0x1f, 0x30, 0xd, 0x60, 0x4, 0xf0, 0x0,
    0x0, 0x1f, 0xff, 0xff, 0xff, 0xff, 0xf0, 0x0,
    0x0, 0x1f, 0x30, 0xd, 0x60, 0x4, 0xf0, 0x0,
    0x11, 0x1f, 0x30, 0xd, 0x60, 0x4, 0xf0, 0x11,
    0x7f, 0xff, 0xff, 0xff, 0xff, 0xff, 0xff, 0xf7,
    0x0, 0x1f, 0x30, 0x0, 0x0, 0x4, 0xf0, 0x0,
    0x0, 0x1f, 0x30, 0x0, 0x0, 0x4, 0xf0, 0x0,
    0x0, 0x1f, 0x30, 0x0, 0x0, 0x5a, 0xf0, 0x0,
    0x0, 0x2f, 0x30, 0x0, 0x0, 0xbe, 0x80, 0x0,
    0x0, 0x0, 0x0, 0x0, 0x0, 0x0, 0x0, 0x0,

    /* U+5199 "写" */
    0x6f, 0xff, 0xff, 0xff, 0xff, 0xff, 0xfe, 0x5d,
    0x12, 0x21, 0x11, 0x11, 0x11, 0x6d, 0x6d, 0xa,
    0xb0, 0x0, 0x0, 0x0, 0x4b, 0x1, 0xb, 0x91,
    0x11, 0x11, 0x12, 0x0, 0x0, 0xc, 0xfe, 0xee,
    0xee, 0xed, 0x0, 0x0, 0xd, 0x60, 0x0, 0x0,
    0x0, 0x0, 0x0, 0xf, 0x51, 0x11, 0x11, 0x11,
    0x10, 0x0, 0xe, 0xee, 0xee, 0xee, 0xef, 0xf0,
    0x0, 0x0, 0x0, 0x0, 0x0, 0x6, 0xe0, 0x4,
    0x33, 0x33, 0x33, 0x33, 0x6, 0xd0, 0x3e, 0xdd,
    0xdd, 0xdd, 0xda, 0x8, 0xc0, 0x0, 0x0, 0x0,
    0x0, 0x0, 0xb, 0x90, 0x0, 0x0, 0x0, 0x0,
    0x3a, 0xdf, 0x40, 0x0, 0x0, 0x0, 0x0, 0x9,
    0x72, 0x0,

    /* U+51B2 "冲" */
    0x0, 0x0, 0x0, 0x0, 0x6, 0xf0, 0x0, 0x0,
    0x11, 0x0, 0x0, 0x0, 0x5e, 0x0, 0x0, 0xc,
    0xd1, 0x0, 0x0, 0x5, 0xe0, 0x0, 0x0, 0x2e,
    0xd1, 0x5f, 0xff, 0xff, 0xff, 0xfd, 0x0, 0x2e,
    0x65, 0xe1, 0x15, 0xe1, 0x17, 0xc0, 0x0, 0x10,
    0x5e, 0x0, 0x5e, 0x0, 0x7c, 0x0, 0x0, 0x5,
    0xe0, 0x5, 0xe0, 0x7, 0xc0, 0x0, 0x69, 0x5e,
    0x0, 0x5e, 0x0, 0x7c, 0x0, 0xd, 0xa5, 0xff,
    0xff, 0xff, 0xff, 0xc0, 0x6, 0xf1, 0x5e, 0x11,
    0x6e, 0x11, 0x8d, 0x1, 0xe8, 0x2, 0x70, 0x5,
    0xe0, 0x2, 0x50, 0xbe, 0x10, 0x0, 0x0, 0x5e,
    0x0, 0x0, 0x1c, 0x60, 0x0, 0x0, 0x5, 0xf0,
    0x0, 0x0, 0x0, 0x0, 0x0, 0x0, 0x5f, 0x0,
    0x0,

    /* U+51B7 "冷" */
    0x0, 0x0, 0x0, 0x0, 0x0, 0x0, 0x0, 0x0,
    0x0, 0x0, 0x0, 0x0, 0x1d, 0x30, 0x0, 0x0,
    0x3, 0x40, 0x0, 0x0, 0x6f, 0x60, 0x0, 0x0,
    0x8, 0xf3, 0x0, 0x0, 0xe9, 0xf2, 0x0, 0x0,
    0x0, 0xae, 0x20, 0x9, 0xc0, 0x8d, 0x10, 0x0,
    0x0, 0xb, 0x40, 0x6f, 0x25, 0xa, 0xe3, 0x0,
    0x0, 0x0, 0x6, 0xf4, 0x2f, 0x50, 0xaf, 0x81,
    0x0, 0x4, 0x5f, 0x40, 0x6, 0xf1, 0x7, 0xd1,
    0x0, 0xe, 0x63, 0x32, 0x22, 0x62, 0x22, 0x0,
    0x0, 0x6e, 0x7, 0xee, 0xee, 0xee, 0xfa, 0x0,
    0x0, 0xd6, 0x0, 0x0, 0x0, 0x9, 0xd0, 0x0,
    0x8, 0xe0, 0x0, 0x6, 0x20, 0x5f, 0x20, 0x0,
    0x2f, 0x70, 0x0, 0xa, 0xf6, 0xf6, 0x0, 0x0,
    0x19, 0x0, 0x0, 0x0, 0x7f, 0xc0, 0x0, 0x0,
    0x0, 0x0, 0x0, 0x0, 0x4, 0xfa, 0x0, 0x0,
    0x0, 0x0, 0x0, 0x0, 0x0, 0x35, 0x0, 0x0,

    /* U+51C0 "净" */
    0x0, 0x0, 0x0, 0x4, 0x0, 0x0, 0x0, 0x0,
    0x0, 0x0, 0x0, 0x2f, 0x70, 0x0, 0x0, 0x0,
    0xa, 0x80, 0x0, 0xbf, 0xcc, 0xcc, 0x40, 0x0,
    0x5, 0xf6, 0x6, 0xf4, 0x33, 0xcc, 0x0, 0x0,
    0x0, 0x7e, 0x4f, 0x60, 0x3, 0xf3, 0x0, 0x0,
    0x0, 0x1, 0xcc, 0xfe, 0xef, 0xfe, 0xee, 0x0,
    0x0, 0x0, 0x10, 0x21, 0x6e, 0x11, 0x5f, 0x0,
    0x0, 0x0, 0x1, 0x0, 0x5e, 0x0, 0x5f, 0x11,
    0x0, 0x7, 0x8f, 0xff, 0xff, 0xff, 0xff, 0xf9,
    0x0, 0x5f, 0x10, 0x0, 0x5e, 0x0, 0x4f, 0x0,
    0x0, 0xc9, 0x5, 0x44, 0x8e, 0x44, 0x7f, 0x0,
    0x4, 0xf1, 0xc, 0xbb, 0xdf, 0xbb, 0xbb, 0x0,
    0xd, 0x90, 0x0, 0x0, 0x5e, 0x0, 0x0, 0x0,
    0xa, 0x20, 0x0, 0x0, 0x5e, 0x0, 0x0, 0x0,
    0x0, 0x0, 0x0, 0x29, 0xdd, 0x0, 0x0, 0x0,
    0x0, 0x0, 0x0, 0xc, 0x93, 0x0, 0x0, 0x0,

    /* U+51C6 "准" */
    0x0, 0x0, 0x0, 0x19, 0x23, 0xa0, 0x0, 0x0,
    0x7, 0x20, 0x0, 0x6f, 0x11, 0xda, 0x0, 0x0,
    0xa, 0xe2, 0x0, 0xcb, 0x11, 0x46, 0x12, 0x10,
    0x0, 0xae, 0x14, 0xfe, 0xee, 0xfe, 0xee, 0xa0,
    0x0, 0x8, 0xc, 0xf6, 0x0, 0xf5, 0x0, 0x0,
    0x0, 0x0, 0x7f, 0xf7, 0x11, 0xf6, 0x12, 0x0,
    0x0, 0x0, 0x67, 0xee, 0xee, 0xfe, 0xee, 0x30,
    0x0, 0x7, 0x0, 0xe6, 0x0, 0xf5, 0x0, 0x0,
    0x0, 0x5e, 0x0, 0xe6, 0x0, 0xf5, 0x0, 0x0,
    0x0, 0xc8, 0x0, 0xef, 0xff, 0xff, 0xff, 0x30,
    0x3, 0xf2, 0x0, 0xe6, 0x0, 0xf5, 0x0, 0x0,
    0xc, 0xb0, 0x0, 0xe6, 0x0, 0xf5, 0x0, 0x0,
    0x1e, 0x50, 0x0, 0xef, 0xff, 0xff, 0xff, 0xf2,
    0x1, 0x0, 0x0, 0xe7, 0x22, 0x22, 0x22, 0x30,
    0x0, 0x0, 0x0, 0xe6, 0x0, 0x0, 0x0, 0x0,

    /* U+51FA "出" */
    0x0, 0x0, 0x0, 0xf5, 0x0, 0x0, 0x0, 0x11,
    0x0, 0xe, 0x40, 0x0, 0x10, 0x9, 0xa0, 0x0,
    0xe4, 0x0, 0xf, 0x40, 0x99, 0x0, 0xe, 0x40,
    0x0, 0xe4, 0x9, 0x90, 0x0, 0xe4, 0x0, 0xe,
    0x40, 0x9a, 0x22, 0x2e, 0x62, 0x22, 0xe4, 0x8,
    0xee, 0xee, 0xfe, 0xee, 0xee, 0x40, 0x10, 0x0,
    0xe, 0x40, 0x0, 0x0, 0x4f, 0x0, 0x0, 0xe4,
    0x0, 0x6, 0xd4, 0xf0, 0x0, 0xe, 0x40, 0x0,
    0x5d, 0x4f, 0x0, 0x0, 0xe4, 0x0, 0x5, 0xd4,
    0xf0, 0x0, 0xe, 0x40, 0x0, 0x5d, 0x4f, 0xcc,
    0xcc, 0xfd, 0xcc, 0xcd, 0xd1, 0x44, 0x44, 0x44,
    0x44, 0x44, 0x8d, 0x0, 0x0, 0x0, 0x0, 0x0,
    0x5, 0xd0,

    /* U+5206 "分" */
    0x0, 0x0, 0x0, 0x0, 0x0, 0x0, 0x0, 0x0,
    0x0, 0x7, 0x30, 0x1d, 0x20, 0x0, 0x0, 0x0,
    0x2, 0xf6, 0x0, 0xca, 0x0, 0x0, 0x0, 0x0,
    0x9d, 0x0, 0x3, 0xf5, 0x0, 0x0, 0x0, 0x3f,
    0x50, 0x0, 0x9, 0xf2, 0x0, 0x0, 0xd, 0xa0,
    0x0, 0x0, 0xc, 0xf4, 0x0, 0xb, 0xe1, 0x0,
    0x0, 0x0, 0xb, 0xf9, 0x1a, 0xf7, 0xff, 0xff,
    0xff, 0xff, 0x78, 0xd1, 0x23, 0x14, 0x4f, 0x73,
    0x33, 0xe6, 0x0, 0x0, 0x0, 0x2, 0xf2, 0x0,
    0xf, 0x40, 0x0, 0x0, 0x0, 0x6e, 0x0, 0x1,
    0xf2, 0x0, 0x0, 0x0, 0xd, 0x90, 0x0, 0x3f,
    0x0, 0x0, 0x0, 0xb, 0xe1, 0x0, 0x5, 0xf0,
    0x0, 0x0, 0x4c, 0xe2, 0x0, 0x37, 0xdb, 0x0,
    0x0, 0x3f, 0xb1, 0x0, 0x3, 0xeb, 0x20, 0x0,
    0x0, 0x10, 0x0, 0x0, 0x0, 0x0, 0x0, 0x0,

    /* U+5207 "切" */
    0x0, 0x1f, 0x10, 0x14, 0x33, 0x33, 0x33, 0x10,
    0x1, 0xf1, 0x5, 0xdc, 0xfe, 0xcc, 0xe8, 0x0,
    0x1f, 0x10, 0x0, 0xc, 0x70, 0xb, 0x70, 0x1,
    0xf1, 0x23, 0x0, 0xc7, 0x0, 0xc6, 0x2b, 0xdf,
    0xfe, 0x90, 0xd, 0x60, 0xc, 0x61, 0x75, 0xf1,
    0x0, 0x0, 0xe5, 0x0, 0xd5, 0x0, 0x1f, 0x10,
    0x0, 0xf, 0x20, 0xe, 0x40, 0x1, 0xf1, 0x0,
    0x4, 0xf0, 0x0, 0xf4, 0x0, 0x1f, 0x16, 0xc0,
    0xaa, 0x0, 0xf, 0x30, 0x1, 0xfb, 0xe5, 0x2f,
    0x40, 0x0, 0xf2, 0x0, 0x7f, 0xa1, 0xb, 0xc0,
    0x0, 0x1f, 0x10, 0x1, 0x60, 0xa, 0xe1, 0x0,
    0x17, 0xf0, 0x0, 0x0, 0xc, 0xe3, 0x0, 0x5f,
    0xfb, 0x0, 0x0, 0x0, 0x43, 0x0, 0x0, 0x63,
    0x0,

    /* U+5212 "划" */
    0x0, 0x0, 0x0, 0x0, 0x0, 0x0, 0x0, 0x0,
    0x5, 0xf0, 0x1b, 0x20, 0x0, 0x0, 0xc5, 0x0,
    0x3f, 0x0, 0x8d, 0x0, 0x72, 0xe, 0x50, 0x1,
    0xf1, 0x0, 0x12, 0xf, 0x40, 0xd5, 0x3, 0x5f,
    0xbb, 0xef, 0xe0, 0xf4, 0xd, 0x54, 0xfe, 0xfa,
    0x53, 0x10, 0xf, 0x40, 0xd5, 0x1, 0xb, 0x80,
    0x1d, 0x30, 0xf4, 0xd, 0x50, 0x0, 0x8b, 0xa,
    0xd0, 0xf, 0x40, 0xd5, 0x0, 0x4, 0xf7, 0xe2,
    0x0, 0xf4, 0xd, 0x50, 0x0, 0xf, 0xf3, 0x0,
    0xf, 0x40, 0xd5, 0x0, 0x8, 0xfc, 0x0, 0x0,
    0xf4, 0xd, 0x50, 0x3c, 0xd3, 0xe7, 0x6, 0x20,
    0x0, 0xd5, 0x3f, 0xa0, 0x4, 0xf7, 0xd8, 0x2,
    0x2e, 0x50, 0x40, 0x0, 0x5, 0xff, 0x30, 0x9f,
    0xf2, 0x0, 0x0, 0x0, 0x1, 0x20, 0x2, 0x41,
    0x0,

    /* U+5217 "列" */
    0x1f, 0xff, 0xff, 0xff, 0xf8, 0x0, 0x6, 0xf0,
    0x0, 0x3, 0xf3, 0x0, 0x0, 0x79, 0x5, 0xf0,
    0x0, 0x6, 0xf0, 0x0, 0x0, 0xac, 0x5, 0xe0,
    0x0, 0xc, 0xfa, 0xaa, 0x50, 0x9c, 0x5, 0xe0,
    0x0, 0x2f, 0x85, 0x5e, 0x60, 0x9c, 0x5, 0xe0,
    0x0, 0xbd, 0x0, 0xf, 0x30, 0x9c, 0x5, 0xe0,
    0x6, 0xf6, 0x70, 0x4f, 0x0, 0x9c, 0x5, 0xe0,
    0xd, 0xa3, 0xeb, 0xab, 0x0, 0x9c, 0x5, 0xe0,
    0x1, 0x0, 0x2d, 0xf5, 0x0, 0xac, 0x5, 0xe0,
    0x0, 0x0, 0xb, 0xd0, 0x0, 0xac, 0x5, 0xe0,
    0x0, 0x0, 0x9f, 0x30, 0x0, 0x0, 0x5, 0xe0,
    0x0, 0x2c, 0xf4, 0x0, 0x0, 0x0, 0x6, 0xe0,
    0x7, 0xfe, 0x30, 0x0, 0x0, 0x1, 0xef, 0xc0,
    0x1, 0x80, 0x0, 0x0, 0x0, 0x0, 0x76, 0x10,

    /* U+521A "刚" */
    0x0, 0x0, 0x0, 0x0, 0x0, 0x0, 0xe5, 0xef,
    0xff, 0xff, 0xff, 0x0, 0x0, 0xd4, 0xd5, 0x0,
    0x0, 0x2f, 0xd, 0x60, 0xd4, 0xd5, 0x0, 0x8,
    0x4f, 0xd, 0x50, 0xd4, 0xd6, 0xe3, 0x3f, 0x4f,
    0xd, 0x50, 0xd4, 0xd5, 0x6d, 0x89, 0x2f, 0xd,
    0x50, 0xd4, 0xd5, 0xc, 0xf2, 0x2f, 0xd, 0x50,
    0xd4, 0xd5, 0xa, 0xf2, 0x2f, 0xd, 0x50, 0xd4,
    0xd5, 0x2f, 0x9b, 0x2f, 0xd, 0x50, 0xd4, 0xd6,
    0xd7, 0x1f, 0x6f, 0xd, 0x50, 0xd4, 0xd8, 0xa0,
    0x5, 0x3f, 0xd, 0x60, 0xd4, 0xd5, 0x0, 0x0,
    0x2f, 0x0, 0x0, 0xd4, 0xd5, 0x0, 0x2, 0x5f,
    0x0, 0x0, 0xe4, 0xe5, 0x0, 0x8, 0xfc, 0x0,
    0x7f, 0xf2, 0x20, 0x0, 0x1, 0x20, 0x0, 0x25,
    0x10,

    /* U+521D "初" */
    0x0, 0x0, 0x10, 0x0, 0x0, 0x0, 0x0, 0x0,
    0x0, 0x5e, 0x0, 0x0, 0x0, 0x0, 0x0, 0x0,
    0x0, 0xe7, 0xa, 0xcc, 0xcc, 0xcc, 0x80, 0x0,
    0x2, 0x0, 0x56, 0x8f, 0x55, 0xba, 0x6, 0xff,
    0xff, 0x70, 0x4, 0xe0, 0x9, 0x90, 0x13, 0x26,
    0xf1, 0x0, 0x5d, 0x0, 0xa8, 0x0, 0x0, 0xc8,
    0x1, 0x6, 0xc0, 0xb, 0x70, 0x0, 0x6f, 0x29,
    0xc0, 0x7b, 0x0, 0xc7, 0x0, 0x3f, 0xfd, 0xe2,
    0x9, 0x80, 0xc, 0x60, 0x4f, 0xce, 0xdc, 0x0,
    0xc6, 0x0, 0xd5, 0x1f, 0x94, 0xe1, 0xe8, 0x1f,
    0x30, 0xe, 0x40, 0x30, 0x4e, 0x3, 0x7, 0xe0,
    0x0, 0xf4, 0x0, 0x4, 0xe0, 0x0, 0xe7, 0x0,
    0xf, 0x30, 0x0, 0x4e, 0x0, 0xae, 0x0, 0x2,
    0xf2, 0x0, 0x4, 0xe0, 0x7f, 0x40, 0x1c, 0xee,
    0x0, 0x0, 0x5f, 0x9, 0x70, 0x0, 0xba, 0x30,

    /* U+522B "别" */
    0x0, 0x0, 0x0, 0x0, 0x0, 0x0, 0xf, 0x40,
    0xf, 0xff, 0xff, 0xf2, 0x0, 0x0, 0xe4, 0x0,
    0xf5, 0x22, 0x2f, 0x20, 0xe5, 0xe, 0x40, 0xf,
    0x40, 0x1, 0xf2, 0xd, 0x50, 0xe4, 0x0, 0xfa,
    0x99, 0x9f, 0x20, 0xd5, 0xe, 0x40, 0x8, 0x9c,
    0xa9, 0x91, 0xd, 0x50, 0xe4, 0x0, 0x0, 0xe7,
    0x0, 0x0, 0xd5, 0xe, 0x40, 0x55, 0x5e, 0x85,
    0x54, 0xd, 0x50, 0xe4, 0xc, 0xdd, 0xfd, 0xdd,
    0xe0, 0xd5, 0xe, 0x40, 0x0, 0x1f, 0x20, 0x3e,
    0xe, 0x50, 0xe4, 0x0, 0x5, 0xe0, 0x4, 0xd0,
    0xe5, 0xe, 0x40, 0x0, 0xd8, 0x0, 0x4d, 0x2,
    0x10, 0xe4, 0x1, 0xce, 0x10, 0x7, 0xc0, 0x0,
    0xf, 0x42, 0xee, 0x20, 0x2f, 0xf7, 0x0, 0xae,
    0xf1, 0x6, 0x10, 0x0, 0x62, 0x0, 0x4, 0x72,
    0x0,

    /* U+5230 "到" */
    0x0, 0x0, 0x0, 0x0, 0x0, 0x0, 0xf, 0x60,
    0xef, 0xff, 0xff, 0xff, 0x10, 0x0, 0xe6, 0x1,
    0x13, 0xe4, 0x11, 0x10, 0xe5, 0xe, 0x50, 0x0,
    0xad, 0x16, 0x90, 0xe, 0x40, 0xe5, 0x0, 0x6e,
    0x10, 0x4f, 0x40, 0xe4, 0xe, 0x50, 0xaf, 0xa7,
    0x89, 0xee, 0x1e, 0x40, 0xe5, 0x9, 0xca, 0xdd,
    0x75, 0xc3, 0xe4, 0xe, 0x50, 0x0, 0xa, 0xb0,
    0x0, 0xe, 0x40, 0xe5, 0x3, 0x55, 0xbc, 0x55,
    0x40, 0xe4, 0xe, 0x50, 0x7b, 0xae, 0xea, 0xb8,
    0xe, 0x40, 0xe5, 0x0, 0x0, 0xab, 0x0, 0x0,
    0xf4, 0xe, 0x50, 0x0, 0xa, 0xb2, 0x47, 0x22,
    0x0, 0xe5, 0x19, 0xbc, 0xff, 0xfd, 0xb2, 0x0,
    0xf, 0x50, 0xca, 0x74, 0x20, 0x0, 0x0, 0xae,
    0xf3, 0x0, 0x0, 0x0, 0x0, 0x0, 0x5, 0x73,
    0x0,

    /* U+523A "刺" */
    0x0, 0x0, 0xf, 0x40, 0x0, 0x0, 0x0, 0x0,
    0x0, 0x0, 0xf4, 0x0, 0x0, 0x0, 0x5f, 0x8,
    0x99, 0x9f, 0xa9, 0x97, 0x7, 0x4, 0xe0, 0x66,
    0x66, 0xf8, 0x66, 0x51, 0xf1, 0x4e, 0x0, 0x0,
    0xf, 0x40, 0x0, 0x1f, 0x4, 0xe0, 0x4f, 0xee,
    0xfe, 0xef, 0x51, 0xf0, 0x4e, 0x4, 0xe0, 0xf,
    0x30, 0xd4, 0x1f, 0x4, 0xe0, 0x4e, 0x0, 0xf3,
    0x3e, 0x41, 0xf0, 0x4e, 0x4, 0xb0, 0x7f, 0x3a,
    0xc1, 0x1f, 0x4, 0xe0, 0x0, 0x3f, 0xf6, 0x60,
    0x1, 0xf1, 0x4e, 0x0, 0x2e, 0x7f, 0x7f, 0x80,
    0x1e, 0x14, 0xe0, 0x4e, 0x80, 0xf3, 0x3f, 0x80,
    0x0, 0x4e, 0x1d, 0x50, 0xf, 0x30, 0x20, 0x1,
    0x28, 0xe0, 0x0, 0x0, 0xf4, 0x0, 0x0, 0x3e,
    0xc5,

    /* U+523B "刻" */
    0x0, 0x0, 0x14, 0x0, 0x0, 0x0, 0x0, 0x0,
    0x0, 0x0, 0x9e, 0x0, 0x0, 0x0, 0x1, 0xf5,
    0x0, 0x0, 0x2f, 0x40, 0x0, 0x0, 0x0, 0xf4,
    0x2b, 0xaa, 0xab, 0xaa, 0xb8, 0x28, 0x10, 0xf4,
    0x17, 0x67, 0xf7, 0x66, 0x74, 0x3f, 0x10, 0xf4,
    0x0, 0x9, 0xe3, 0x3, 0x0, 0x3f, 0x10, 0xf4,
    0x0, 0x7e, 0x20, 0x5f, 0x30, 0x3f, 0x10, 0xf4,
    0x7, 0xfa, 0x9a, 0xf7, 0x0, 0x3f, 0x10, 0xf4,
    0x4, 0xb8, 0x7f, 0x80, 0x81, 0x3f, 0x10, 0xf4,
    0x0, 0x3, 0xe8, 0x8, 0xf4, 0x3f, 0x10, 0xf4,
    0x0, 0x7f, 0x70, 0x5f, 0x50, 0x3f, 0x10, 0xf4,
    0xc, 0xf5, 0x5, 0xfc, 0x0, 0x4f, 0x20, 0xf4,
    0x3, 0x20, 0x9f, 0x7d, 0xc1, 0x0, 0x0, 0xf4,
    0x0, 0x4d, 0xd3, 0x1, 0xdd, 0x0, 0x2, 0xf4,
    0x9, 0xf8, 0x0, 0x0, 0x24, 0x0, 0xaf, 0xf1,
    0x2, 0x30, 0x0, 0x0, 0x0, 0x0, 0x35, 0x10,

    /* U+524D "前" */
    0x0, 0x0, 0x4, 0x0, 0x0, 0x4, 0x0, 0x0,
    0x0, 0x0, 0x2f, 0x60, 0x0, 0x4f, 0x30, 0x0,
    0x0, 0x0, 0x7, 0xa0, 0x0, 0xb9, 0x0, 0x0,
    0x2d, 0xcc, 0xcc, 0xcc, 0xcc, 0xfd, 0xcc, 0xc8,
    0x4, 0x33, 0x33, 0x33, 0x33, 0x33, 0x33, 0x43,
    0x0, 0x57, 0x77, 0x77, 0x10, 0x0, 0x2b, 0x0,
    0x0, 0xbc, 0x77, 0x8f, 0x24, 0xd0, 0x2f, 0x0,
    0x0, 0xa8, 0x0, 0x1f, 0x14, 0xe0, 0x2f, 0x0,
    0x0, 0xae, 0xdd, 0xdf, 0x14, 0xe0, 0x2f, 0x0,
    0x0, 0xa9, 0x11, 0x2f, 0x14, 0xe0, 0x2f, 0x0,
    0x0, 0xab, 0x55, 0x6f, 0x14, 0xe0, 0x2f, 0x0,
    0x0, 0xac, 0x99, 0xaf, 0x15, 0xe0, 0x2f, 0x0,
    0x0, 0xa8, 0x0, 0x1f, 0x11, 0x50, 0x2f, 0x0,
    0x0, 0xa8, 0x0, 0x1f, 0x10, 0x0, 0x2f, 0x0,
    0x0, 0xa8, 0x5, 0xbf, 0x10, 0x7, 0xcf, 0x0,
    0x0, 0xb8, 0x3, 0xc8, 0x0, 0x5, 0xc6, 0x0,

    /* U+529B "力" */
    0x0, 0x0, 0x2, 0xd3, 0x0, 0x0, 0x0, 0x0,
    0x0, 0x2, 0xf3, 0x0, 0x0, 0x0, 0x0, 0x0,
    0x2, 0xf3, 0x0, 0x0, 0x0, 0x14, 0x33, 0x35,
    0xf6, 0x33, 0x33, 0x32, 0x4e, 0xee, 0xee, 0xfe,
    0xee, 0xee, 0xf8, 0x0, 0x0, 0x4, 0xf1, 0x0,
    0x0, 0xf6, 0x0, 0x0, 0x6, 0xf0, 0x0, 0x0,
    0xf5, 0x0, 0x0, 0x9, 0xd0, 0x0, 0x1, 0xf4,
    0x0, 0x0, 0xd, 0x90, 0x0, 0x2, 0xf3, 0x0,
    0x0, 0x4f, 0x30, 0x0, 0x3, 0xf2, 0x0, 0x0,
    0xdb, 0x0, 0x0, 0x4, 0xf1, 0x0, 0xb, 0xf2,
    0x0, 0x0, 0x6, 0xf0, 0x2, 0xcf, 0x40, 0x0,
    0x12, 0x4d, 0xd0, 0x7f, 0xe3, 0x0, 0x0, 0x3f,
    0xff, 0x50, 0x18, 0x10, 0x0, 0x0, 0x6, 0x40,
    0x0,

    /* U+529F "功" */
    0x0, 0x0, 0x0, 0x0, 0x5, 0xb0, 0x0, 0x0,
    0x0, 0x0, 0x0, 0x0, 0x5, 0xe0, 0x0, 0x0,
    0x8, 0xcc, 0xcc, 0xc0, 0x5, 0xd0, 0x0, 0x0,
    0x3, 0x48, 0xe4, 0x53, 0x37, 0xe3, 0x33, 0x30,
    0x0, 0x5, 0xe0, 0xb, 0xde, 0xfd, 0xde, 0xf1,
    0x0, 0x5, 0xe0, 0x0, 0x6, 0xc0, 0x3, 0xf0,
    0x0, 0x5, 0xe0, 0x0, 0x7, 0xb0, 0x4, 0xf0,
    0x0, 0x5, 0xe0, 0x0, 0x8, 0x90, 0x5, 0xe0,
    0x0, 0x5, 0xe0, 0x0, 0xb, 0x70, 0x6, 0xd0,
    0x0, 0x5, 0xe1, 0x53, 0x1f, 0x30, 0x7, 0xc0,
    0x4, 0x7c, 0xff, 0xc4, 0x8d, 0x0, 0x9, 0xb0,
    0xc, 0xd9, 0x40, 0x2, 0xf4, 0x0, 0xa, 0xa0,
    0x0, 0x0, 0x0, 0x2d, 0xa0, 0x3, 0x4e, 0x70,
    0x0, 0x0, 0x3, 0xfb, 0x0, 0xd, 0xfb, 0x10,
    0x0, 0x0, 0x0, 0x60, 0x0, 0x1, 0x0, 0x0,

    /* U+52A1 "务" */
    0x0, 0x0, 0x8, 0x60, 0x0, 0x0, 0x0, 0x0,
    0x0, 0x0, 0x2f, 0x92, 0x22, 0x22, 0x20, 0x0,
    0x0, 0x0, 0xcf, 0xdc, 0xcc, 0xdf, 0xa0, 0x0,
    0x0, 0xb, 0xdb, 0xb0, 0x0, 0xcd, 0x0, 0x0,
    0x0, 0xdd, 0x11, 0xda, 0x1b, 0xd1, 0x0, 0x0,
    0x0, 0x20, 0x0, 0x1e, 0xfb, 0x0, 0x0, 0x0,
    0x0, 0x1, 0x49, 0xed, 0x9f, 0xb6, 0x42, 0x10,
    0xc, 0xef, 0xe9, 0x3a, 0x31, 0x6b, 0xff, 0xe0,
    0x4, 0x51, 0x0, 0x1f, 0x30, 0x0, 0x2, 0x20,
    0x0, 0x7f, 0xff, 0xff, 0xff, 0xff, 0xf2, 0x0,
    0x0, 0x0, 0x0, 0x8c, 0x0, 0x3, 0xf1, 0x0,
    0x0, 0x0, 0x3, 0xf5, 0x0, 0x4, 0xf0, 0x0,
    0x0, 0x0, 0x7f, 0xa0, 0x0, 0x7, 0xe0, 0x0,
    0x4, 0xaf, 0xd6, 0x0, 0xa, 0xef, 0x90, 0x0,
    0x1, 0xb4, 0x0, 0x0, 0x3, 0x63, 0x0, 0x0,

    /* U+52A8 "动" */
    0x0, 0x0, 0x0, 0x0, 0x0, 0x75, 0x0, 0x0,
    0x0, 0x0, 0x0, 0x0, 0x0, 0xb9, 0x0, 0x0,
    0x5, 0xdd, 0xdd, 0xe4, 0x0, 0xb7, 0x0, 0x0,
    0x1, 0x43, 0x33, 0x42, 0x22, 0xb9, 0x22, 0x20,
    0x0, 0x0, 0x0, 0x6, 0xfe, 0xff, 0xee, 0xf2,
    0x14, 0x44, 0x44, 0x44, 0x0, 0xb7, 0x1, 0xf0,
    0x3b, 0xbe, 0xeb, 0xbb, 0x0, 0xc6, 0x2, 0xf0,
    0x0, 0xd, 0x50, 0x0, 0x0, 0xe4, 0x3, 0xf0,
    0x0, 0x3e, 0x4, 0x80, 0x0, 0xf2, 0x4, 0xe0,
    0x0, 0xa8, 0x2, 0xf3, 0x3, 0xf0, 0x4, 0xe0,
    0x3, 0xf1, 0x14, 0xdc, 0x8, 0xb0, 0x5, 0xd0,
    0xd, 0xff, 0xfc, 0xaf, 0x5e, 0x50, 0x6, 0xc0,
    0x4, 0x52, 0x0, 0x5, 0xbc, 0x0, 0x8, 0xb0,
    0x0, 0x0, 0x0, 0xa, 0xf2, 0x8, 0xbf, 0x70,
    0x0, 0x0, 0x0, 0x9, 0x40, 0x5, 0x84, 0x0,

    /* U+52AA "努" */
    0x0, 0xb, 0x60, 0x0, 0x0, 0x0, 0x0, 0x1,
    0x12, 0xf3, 0x0, 0x7b, 0xaa, 0xaa, 0x20, 0xaf,
    0xff, 0xff, 0xf4, 0xd9, 0x58, 0xf0, 0x0, 0xd,
    0x50, 0x8a, 0x8, 0xa0, 0xaa, 0x0, 0x7, 0xf3,
    0xe, 0x30, 0x2f, 0x6f, 0x20, 0x0, 0x17, 0xde,
    0xd0, 0x0, 0xaf, 0x90, 0x0, 0x0, 0x2b, 0xdc,
    0xc0, 0x6f, 0xbf, 0x82, 0x5, 0xbf, 0x80, 0x2a,
    0xad, 0x40, 0x4d, 0xc0, 0x38, 0x20, 0x5, 0xf1,
    0x10, 0x0, 0x0, 0x0, 0xef, 0xff, 0xff, 0xff,
    0xff, 0xf5, 0x0, 0x0, 0x0, 0xe, 0x60, 0x0,
    0x1f, 0x40, 0x0, 0x0, 0x7, 0xe0, 0x0, 0x2,
    0xf2, 0x0, 0x0, 0x8, 0xf4, 0x0, 0x0, 0x3f,
    0x10, 0x1, 0x6e, 0xe4, 0x0, 0x4, 0x5c, 0xe0,
    0x0, 0x7e, 0x81, 0x0, 0x0, 0x8f, 0xb3, 0x0,
    0x0, 0x0, 0x0, 0x0, 0x0, 0x0, 0x0, 0x0,

    /* U+5305 "包" */
    0x0, 0x0, 0x0, 0x0, 0x0, 0x0, 0x0, 0x0,
    0x0, 0x0, 0x8e, 0x10, 0x0, 0x0, 0x0, 0x0,
    0x0, 0x1, 0xe9, 0x0, 0x0, 0x0, 0x0, 0x0,
    0x0, 0x9, 0xff, 0xff, 0xff, 0xff, 0xf7, 0x0,
    0x0, 0x5f, 0x40, 0x0, 0x0, 0x0, 0xd6, 0x0,
    0x3, 0xfa, 0x11, 0x11, 0x10, 0x0, 0xe5, 0x0,
    0x3f, 0xae, 0xff, 0xff, 0xff, 0x0, 0xe5, 0x0,
    0x5, 0xe, 0x50, 0x0, 0x5e, 0x0, 0xf4, 0x0,
    0x0, 0xe, 0x50, 0x0, 0x5e, 0x0, 0xf4, 0x0,
    0x0, 0xe, 0xed, 0xdd, 0xef, 0x0, 0xf3, 0x0,
    0x0, 0xe, 0x73, 0x33, 0x33, 0x15, 0xf2, 0x0,
    0x0, 0xe, 0x50, 0x0, 0x0, 0xff, 0xb0, 0x10,
    0x0, 0xe, 0x50, 0x0, 0x0, 0x31, 0x4, 0xf3,
    0x0, 0xd, 0xb3, 0x21, 0x10, 0x11, 0x3c, 0xe0,
    0x0, 0x4, 0xce, 0xef, 0xff, 0xee, 0xdc, 0x40,
    0x0, 0x0, 0x0, 0x0, 0x0, 0x0, 0x0, 0x0,

    /* U+5316 "化" */
    0x0, 0x0, 0x0, 0x0, 0x0, 0x0, 0x0, 0x0,
    0x0, 0xe, 0x60, 0xf, 0x50, 0x0, 0x0, 0x0,
    0x5, 0xf1, 0x0, 0xe5, 0x0, 0x1, 0x0, 0x0,
    0xd8, 0x0, 0xe, 0x50, 0x6, 0xe1, 0x0, 0x7f,
    0x50, 0x0, 0xe5, 0x4, 0xf7, 0x0, 0x3f, 0xf5,
    0x0, 0xe, 0x55, 0xf7, 0x0, 0x2e, 0x8d, 0x50,
    0x0, 0xeb, 0xf6, 0x0, 0x1, 0x80, 0xd5, 0x0,
    0x1f, 0xe3, 0x0, 0x0, 0x0, 0xd, 0x50, 0x4e,
    0xf5, 0x0, 0x0, 0x0, 0x0, 0xd5, 0xbf, 0x6e,
    0x50, 0x0, 0x0, 0x0, 0xd, 0x56, 0x20, 0xe5,
    0x0, 0x0, 0x0, 0x0, 0xd5, 0x0, 0xe, 0x50,
    0x0, 0x88, 0x0, 0xd, 0x50, 0x0, 0xe9, 0x22,
    0x2d, 0xb0, 0x0, 0xe6, 0x0, 0x8, 0xff, 0xff,
    0xe3,

    /* U+5341 "十" */
    0x0, 0x0, 0x0, 0xe, 0x80, 0x0, 0x0, 0x0,
    0x0, 0x0, 0x0, 0xd, 0x80, 0x0, 0x0, 0x0,
    0x0, 0x0, 0x0, 0xd, 0x80, 0x0, 0x0, 0x0,
    0x0, 0x0, 0x0, 0xd, 0x80, 0x0, 0x0, 0x0,
    0x0, 0x0, 0x0, 0xd, 0x80, 0x0, 0x0, 0x0,
    0x13, 0x33, 0x33, 0x3e, 0x93, 0x33, 0x33, 0x30,
    0x5f, 0xff, 0xff, 0xff, 0xff, 0xff, 0xff, 0xf1,
    0x0, 0x0, 0x0, 0xd, 0x80, 0x0, 0x0, 0x0,
    0x0, 0x0, 0x0, 0xd, 0x80, 0x0, 0x0, 0x0,
    0x0, 0x0, 0x0, 0xd, 0x80, 0x0, 0x0, 0x0,
    0x0, 0x0, 0x0, 0xd, 0x80, 0x0, 0x0, 0x0,
    0x0, 0x0, 0x0, 0xd, 0x80, 0x0, 0x0, 0x0,
    0x0, 0x0, 0x0, 0xe, 0x80, 0x0, 0x0, 0x0,
    0x0, 0x0, 0x0, 0xe, 0x90, 0x0, 0x0, 0x0,

    /* U+5343 "千" */
    0x0, 0x0, 0x0, 0x0, 0x0, 0x4a, 0x30, 0x0,
    0x2, 0x34, 0x68, 0x9c, 0xff, 0xc8, 0x0, 0x0,
    0xdf, 0xdb, 0x9e, 0x81, 0x0, 0x0, 0x0, 0x0,
    0x0, 0x0, 0xd6, 0x0, 0x0, 0x0, 0x0, 0x0,
    0x0, 0xd, 0x60, 0x0, 0x0, 0x0, 0x0, 0x0,
    0x0, 0xd6, 0x0, 0x0, 0x0, 0x14, 0x33, 0x33,
    0x3e, 0x83, 0x33, 0x33, 0x33, 0xed, 0xdd, 0xdd,
    0xfe, 0xdd, 0xdd, 0xdb, 0x0, 0x0, 0x0, 0xd,
    0x60, 0x0, 0x0, 0x0, 0x0, 0x0, 0x0, 0xd6,
    0x0, 0x0, 0x0, 0x0, 0x0, 0x0, 0xd, 0x60,
    0x0, 0x0, 0x0, 0x0, 0x0, 0x0, 0xd6, 0x0,
    0x0, 0x0, 0x0, 0x0, 0x0, 0xd, 0x60, 0x0,
    0x0, 0x0, 0x0, 0x0, 0x0, 0xe6, 0x0, 0x0,
    0x0, 0x0, 0x0, 0x0, 0xe, 0x70, 0x0, 0x0,
    0x0,

    /* U+5347 "升" */
    0x0, 0x0, 0x0, 0x0, 0x0, 0x0, 0x0, 0x0,
    0x0, 0x0, 0x0, 0x6d, 0x30, 0xf6, 0x0, 0x0,
    0x0, 0x15, 0xaf, 0xfb, 0x50, 0xe6, 0x0, 0x0,
    0x2, 0xff, 0xbd, 0x90, 0x0, 0xe6, 0x0, 0x0,
    0x0, 0x20, 0xb, 0x90, 0x0, 0xe6, 0x0, 0x0,
    0x0, 0x0, 0xc, 0x80, 0x0, 0xe6, 0x0, 0x0,
    0x1, 0x11, 0x1c, 0x81, 0x11, 0xe6, 0x11, 0x10,
    0x7f, 0xff, 0xff, 0xff, 0xff, 0xff, 0xff, 0xf4,
    0x1, 0x11, 0x1f, 0x71, 0x11, 0xe6, 0x11, 0x10,
    0x0, 0x0, 0x2f, 0x30, 0x0, 0xe6, 0x0, 0x0,
    0x0, 0x0, 0xad, 0x0, 0x0, 0xe6, 0x0, 0x0,
    0x0, 0x6, 0xf4, 0x0, 0x0, 0xe6, 0x0, 0x0,
    0x0, 0x6f, 0x70, 0x0, 0x0, 0xe6, 0x0, 0x0,
    0x1a, 0xf7, 0x0, 0x0, 0x0, 0xf6, 0x0, 0x0,
    0x9, 0x40, 0x0, 0x0, 0x0, 0xf6, 0x0, 0x0,

    /* U+5348 "午" */
    0x0, 0x3, 0x91, 0x0, 0x0, 0x0, 0x0, 0x0,
    0x0, 0x9c, 0x0, 0x0, 0x0, 0x0, 0x0, 0x0,
    0x1f, 0x51, 0x11, 0x11, 0x11, 0x20, 0x0, 0x9,
    0xff, 0xff, 0xff, 0xff, 0xfd, 0x0, 0x4, 0xf2,
    0x0, 0x2f, 0x10, 0x0, 0x0, 0x2, 0xe7, 0x0,
    0x2, 0xf1, 0x0, 0x0, 0x0, 0x17, 0x0, 0x0,
    0x2f, 0x10, 0x0, 0x0, 0x2, 0x11, 0x11, 0x13,
    0xf2, 0x11, 0x12, 0x30, 0xef, 0xff, 0xff, 0xff,
    0xff, 0xff, 0xff, 0x0, 0x0, 0x0, 0x2, 0xf1,
    0x0, 0x0, 0x0, 0x0, 0x0, 0x0, 0x2f, 0x10,
    0x0, 0x0, 0x0, 0x0, 0x0, 0x2, 0xf1, 0x0,
    0x0, 0x0, 0x0, 0x0, 0x0, 0x2f, 0x10, 0x0,
    0x0, 0x0, 0x0, 0x0, 0x3, 0xf1, 0x0, 0x0,
    0x0,

    /* U+534A "半" */
    0x0, 0x0, 0x0, 0xf, 0x60, 0x0, 0x0, 0x0,
    0xb, 0xa0, 0x0, 0xe6, 0x0, 0x3e, 0x30, 0x0,
    0x7f, 0x60, 0xe, 0x60, 0xc, 0xd0, 0x0, 0x0,
    0xaf, 0x20, 0xe6, 0x7, 0xf4, 0x0, 0x0, 0x1,
    0x70, 0xe, 0x60, 0x58, 0x0, 0x0, 0x13, 0x22,
    0x22, 0xe7, 0x22, 0x23, 0x30, 0x7, 0xee, 0xee,
    0xef, 0xee, 0xee, 0xed, 0x0, 0x0, 0x0, 0x0,
    0xe6, 0x0, 0x0, 0x0, 0x0, 0x0, 0x0, 0xe,
    0x60, 0x0, 0x0, 0x8, 0xff, 0xff, 0xff, 0xff,
    0xff, 0xff, 0xff, 0x12, 0x21, 0x11, 0x1e, 0x71,
    0x11, 0x12, 0x20, 0x0, 0x0, 0x0, 0xe6, 0x0,
    0x0, 0x0, 0x0, 0x0, 0x0, 0xe, 0x60, 0x0,
    0x0, 0x0, 0x0, 0x0, 0x0, 0xf6, 0x0, 0x0,
    0x0,

    /* U+536B "卫" */
    0x0, 0x0, 0x0, 0x0, 0x0, 0x0, 0x0, 0x0,
    0x3, 0xff, 0xff, 0xff, 0xff, 0xff, 0xf6, 0x0,
    0x1, 0x43, 0x33, 0xf8, 0x33, 0x33, 0xf6, 0x0,
    0x0, 0x0, 0x0, 0xe6, 0x0, 0x0, 0xf6, 0x0,
    0x0, 0x0, 0x0, 0xe6, 0x0, 0x0, 0xf5, 0x0,
    0x0, 0x0, 0x0, 0xe6, 0x0, 0x0, 0xf5, 0x0,
    0x0, 0x0, 0x0, 0xe6, 0x0, 0x0, 0xf4, 0x0,
    0x0, 0x0, 0x0, 0xe6, 0x0, 0x1, 0xf4, 0x0,
    0x0, 0x0, 0x0, 0xe6, 0x2, 0x58, 0xf2, 0x0,
    0x0, 0x0, 0x0, 0xe6, 0x3, 0xfe, 0x90, 0x0,
    0x0, 0x0, 0x0, 0xe6, 0x0, 0x0, 0x0, 0x0,
    0x0, 0x0, 0x0, 0xe6, 0x0, 0x0, 0x0, 0x0,
    0x36, 0x55, 0x55, 0xf9, 0x55, 0x55, 0x55, 0x60,
    0x7e, 0xee, 0xee, 0xee, 0xee, 0xee, 0xee, 0xe1,
    0x0, 0x0, 0x0, 0x0, 0x0, 0x0, 0x0, 0x0,

    /* U+5371 "危" */
    0x0, 0x0, 0x0, 0x0, 0x0, 0x0, 0x0, 0x0,
    0x0, 0x1, 0xd8, 0x0, 0x0, 0x0, 0x0, 0x0,
    0x0, 0xaf, 0x41, 0x11, 0x11, 0x0, 0x0, 0x0,
    0x7f, 0xee, 0xee, 0xef, 0x90, 0x0, 0x0, 0x8f,
    0x50, 0x0, 0x3, 0xf2, 0x0, 0x2, 0xcf, 0xa5,
    0x55, 0x55, 0xbd, 0x55, 0x54, 0x8, 0x3f, 0xcb,
    0xbb, 0xbb, 0xbb, 0xbb, 0x90, 0x0, 0xf2, 0x0,
    0x0, 0x0, 0x0, 0x0, 0x0, 0xf, 0x22, 0xff,
    0xff, 0xff, 0x80, 0x0, 0x2, 0xf1, 0x2f, 0x10,
    0x0, 0xc6, 0x0, 0x0, 0x4e, 0x2, 0xf1, 0x2,
    0x4e, 0x50, 0x0, 0x8, 0xb0, 0x2f, 0x10, 0x9f,
    0xc1, 0x0, 0x0, 0xe8, 0x2, 0xf1, 0x1, 0x0,
    0x7, 0x20, 0x9f, 0x20, 0x1f, 0x41, 0x11, 0x12,
    0xf7, 0x1e, 0x80, 0x0, 0xcf, 0xff, 0xff, 0xfd,
    0x10, 0x10, 0x0, 0x0, 0x0, 0x0, 0x0, 0x0,

    /* U+5374 "却" */
    0x0, 0x0, 0xf5, 0x0, 0x0, 0x0, 0x0, 0x0,
    0x0, 0xf, 0x50, 0x0, 0x4d, 0xdd, 0xdd, 0x9,
    0xcc, 0xfd, 0xcd, 0x4, 0xf0, 0x5, 0xe0, 0x22,
    0x2f, 0x62, 0x20, 0x4f, 0x0, 0x5e, 0x0, 0x0,
    0xf5, 0x0, 0x4, 0xf0, 0x5, 0xe0, 0x10, 0xf,
    0x50, 0x10, 0x4f, 0x0, 0x5e, 0x6f, 0xee, 0xee,
    0xee, 0x94, 0xf0, 0x5, 0xe0, 0x0, 0x76, 0x0,
    0x0, 0x4f, 0x0, 0x5e, 0x0, 0xe, 0x90, 0x0,
    0x4, 0xf0, 0x5, 0xe0, 0x6, 0xd0, 0x2e, 0x20,
    0x4f, 0x0, 0x5e, 0x1, 0xe4, 0x0, 0xac, 0x4,
    0xf0, 0x16, 0xe1, 0xda, 0x46, 0x9c, 0xf6, 0x4f,
    0xc, 0xfb, 0x2f, 0xea, 0x85, 0x28, 0xc4, 0xf0,
    0x34, 0x0, 0x10, 0x0, 0x0, 0x0, 0x4f, 0x0,
    0x0, 0x0, 0x0, 0x0, 0x0, 0x5, 0xf0, 0x0,
    0x0,

    /* U+538B "压" */
    0x0, 0x0, 0x0, 0x0, 0x0, 0x0, 0x0, 0x0,
    0xf, 0xff, 0xff, 0xff, 0xff, 0xff, 0xf2, 0x0,
    0xe7, 0x22, 0x22, 0xa5, 0x22, 0x22, 0x0, 0xd,
    0x60, 0x0, 0xf, 0x40, 0x0, 0x0, 0x0, 0xd6,
    0x0, 0x0, 0xf4, 0x0, 0x0, 0x0, 0xd, 0x60,
    0x0, 0xf, 0x40, 0x0, 0x0, 0x0, 0xd6, 0x9f,
    0xff, 0xff, 0xff, 0xf7, 0x0, 0xd, 0x63, 0x44,
    0x4f, 0x74, 0x45, 0x20, 0x0, 0xe5, 0x0, 0x0,
    0xf4, 0x25, 0x0, 0x0, 0xf, 0x40, 0x0, 0xf,
    0x45, 0xf2, 0x0, 0x2, 0xf1, 0x0, 0x0, 0xf4,
    0xc, 0xb0, 0x0, 0x7e, 0x0, 0x0, 0xf, 0x40,
    0x31, 0x0, 0xd, 0x92, 0x43, 0x33, 0xf7, 0x33,
    0x34, 0x16, 0xf3, 0x9f, 0xff, 0xff, 0xff, 0xff,
    0xf6, 0x28, 0x0, 0x0, 0x0, 0x0, 0x0, 0x0,
    0x0,

    /* U+53BB "去" */
    0x0, 0x0, 0x0, 0x7, 0xf0, 0x0, 0x0, 0x0,
    0x0, 0x0, 0x0, 0x6, 0xf0, 0x0, 0x0, 0x0,
    0x0, 0x0, 0x0, 0x6, 0xe0, 0x0, 0x0, 0x0,
    0x0, 0x6f, 0xff, 0xff, 0xff, 0xff, 0xfb, 0x0,
    0x0, 0x1, 0x0, 0x6, 0xe0, 0x1, 0x11, 0x0,
    0x0, 0x0, 0x0, 0x6, 0xe0, 0x0, 0x0, 0x0,
    0x0, 0x0, 0x0, 0x6, 0xe0, 0x0, 0x0, 0x0,
    0x3f, 0xff, 0xff, 0xff, 0xff, 0xff, 0xff, 0xf9,
    0x1, 0x0, 0x0, 0x6d, 0x20, 0x0, 0x1, 0x11,
    0x0, 0x0, 0x0, 0xec, 0x0, 0x70, 0x0, 0x0,
    0x0, 0x0, 0xa, 0xd0, 0x2, 0xea, 0x0, 0x0,
    0x0, 0x0, 0x9e, 0x10, 0x0, 0x3f, 0x90, 0x0,
    0x0, 0x1a, 0xe4, 0x45, 0x79, 0xbe, 0xf7, 0x0,
    0x0, 0x5f, 0xfe, 0xb9, 0x75, 0x31, 0x9f, 0x40,
    0x0, 0x5, 0x10, 0x0, 0x0, 0x0, 0x4, 0x0,

    /* U+53CD "反" */
    0x0, 0x0, 0x0, 0x0, 0x1, 0x36, 0x92, 0x0,
    0x0, 0xbc, 0xcd, 0xef, 0xfe, 0xdc, 0x60, 0x0,
    0xe, 0x73, 0x32, 0x10, 0x0, 0x0, 0x0, 0x0,
    0xe5, 0x0, 0x0, 0x0, 0x0, 0x0, 0x0, 0xe,
    0x62, 0x22, 0x22, 0x22, 0x20, 0x0, 0x0, 0xff,
    0xff, 0xff, 0xff, 0xff, 0x20, 0x0, 0xf, 0x4b,
    0x90, 0x0, 0xa, 0xc0, 0x0, 0x1, 0xf2, 0x5f,
    0x0, 0x1, 0xf5, 0x0, 0x0, 0x4f, 0x0, 0xd8,
    0x0, 0x9d, 0x0, 0x0, 0x8, 0xe0, 0x4, 0xf3,
    0x4f, 0x40, 0x0, 0x0, 0xca, 0x0, 0x8, 0xee,
    0x90, 0x0, 0x0, 0x2f, 0x40, 0x0, 0x4f, 0xf5,
    0x0, 0x0, 0xb, 0xd0, 0x4, 0xbf, 0x88, 0xfc,
    0x61, 0x1, 0xd5, 0x9e, 0xf9, 0x20, 0x2, 0xaf,
    0xf6, 0x0, 0x4, 0x61, 0x0, 0x0, 0x0, 0x15,
    0x0,

    /* U+53D6 "取" */
    0x0, 0x0, 0x0, 0x0, 0x0, 0x0, 0x0, 0x0,
    0x2f, 0xff, 0xff, 0xff, 0xae, 0xdd, 0xdd, 0x30,
    0x0, 0xe3, 0x0, 0xe3, 0x1f, 0x52, 0x3f, 0x20,
    0x0, 0xe3, 0x0, 0xe3, 0xe, 0x40, 0x2f, 0x0,
    0x0, 0xee, 0xdd, 0xf3, 0xc, 0x50, 0x4e, 0x0,
    0x0, 0xe4, 0x11, 0xe3, 0xb, 0x60, 0x7c, 0x0,
    0x0, 0xe3, 0x0, 0xe3, 0x9, 0x90, 0xb8, 0x0,
    0x0, 0xe7, 0x44, 0xe3, 0x5, 0xc0, 0xf4, 0x0,
    0x0, 0xec, 0xbb, 0xf3, 0x1, 0xf7, 0xe0, 0x0,
    0x0, 0xe3, 0x0, 0xe3, 0x0, 0xbf, 0x70, 0x0,
    0x0, 0xe3, 0x2, 0xec, 0xb0, 0x8f, 0x40, 0x0,
    0x4, 0xfc, 0xed, 0xf7, 0x12, 0xfc, 0xd1, 0x0,
    0x1f, 0xb6, 0x10, 0xe3, 0x2d, 0xa0, 0xbe, 0x40,
    0x1, 0x0, 0x0, 0xe4, 0xec, 0x0, 0xc, 0xe1,
    0x0, 0x0, 0x0, 0xf4, 0x20, 0x0, 0x0, 0x20,

    /* U+53E3 "口" */
    0x5f, 0xff, 0xff, 0xff, 0xff, 0xf6, 0x5e, 0x11,
    0x11, 0x11, 0x11, 0xd6, 0x5e, 0x0, 0x0, 0x0,
    0x0, 0xd6, 0x5e, 0x0, 0x0, 0x0, 0x0, 0xd6,
    0x5e, 0x0, 0x0, 0x0, 0x0, 0xd6, 0x5e, 0x0,
    0x0, 0x0, 0x0, 0xd6, 0x5e, 0x0, 0x0, 0x0,
    0x0, 0xd6, 0x5e, 0x0, 0x0, 0x0, 0x0, 0xd6,
    0x5e, 0x0, 0x0, 0x0, 0x0, 0xd6, 0x5e, 0x11,
    0x11, 0x11, 0x11, 0xd6, 0x5f, 0xff, 0xff, 0xff,
    0xff, 0xf6, 0x5e, 0x0, 0x0, 0x0, 0x0, 0xd7,

    /* U+53EF "可" */
    0x5f, 0xee, 0xee, 0xee, 0xee, 0xee, 0xee, 0xd1,
    0x32, 0x22, 0x22, 0x22, 0x22, 0xe8, 0x22, 0x0,
    0x0, 0x0, 0x0, 0x0, 0xe, 0x70, 0x0, 0x1,
    0xff, 0xff, 0xfe, 0x0, 0xe7, 0x0, 0x0, 0x1f,
    0x31, 0x16, 0xf0, 0xe, 0x70, 0x0, 0x1, 0xf2,
    0x0, 0x5f, 0x0, 0xe7, 0x0, 0x0, 0x1f, 0x20,
    0x5, 0xf0, 0xe, 0x70, 0x0, 0x1, 0xf3, 0x11,
    0x6f, 0x0, 0xe7, 0x0, 0x0, 0x1f, 0xff, 0xff,
    0xf0, 0xe, 0x70, 0x0, 0x1, 0xf2, 0x0, 0x3b,
    0x0, 0xe7, 0x0, 0x0, 0x4, 0x0, 0x0, 0x0,
    0xe, 0x70, 0x0, 0x0, 0x0, 0x0, 0x0, 0x1,
    0xf7, 0x0, 0x0, 0x0, 0x0, 0x0, 0xf, 0xff,
    0x30, 0x0, 0x0, 0x0, 0x0, 0x0, 0x55, 0x10,
    0x0,

    /* U+53F3 "右" */
    0x0, 0x0, 0x0, 0x1d, 0x40, 0x0, 0x0, 0x0,
    0x0, 0x0, 0x4, 0xf2, 0x0, 0x0, 0x0, 0x0,
    0x0, 0x0, 0x8e, 0x0, 0x0, 0x0, 0x0, 0xff,
    0xff, 0xff, 0xff, 0xff, 0xff, 0xfe, 0x2, 0x22,
    0x24, 0xf4, 0x22, 0x22, 0x22, 0x20, 0x0, 0x0,
    0x9c, 0x0, 0x0, 0x0, 0x0, 0x0, 0x0, 0x2f,
    0x30, 0x0, 0x0, 0x0, 0x0, 0x0, 0xc, 0xff,
    0xff, 0xff, 0xff, 0x40, 0x0, 0x8, 0xfa, 0x22,
    0x22, 0x23, 0xf4, 0x0, 0x8, 0xfe, 0x90, 0x0,
    0x0, 0x1f, 0x40, 0x9, 0xf7, 0xb9, 0x0, 0x0,
    0x1, 0xf4, 0x2, 0xe8, 0xb, 0x90, 0x0, 0x0,
    0x1f, 0x40, 0x1, 0x0, 0xbb, 0x55, 0x55, 0x56,
    0xf4, 0x0, 0x0, 0xb, 0xec, 0xcc, 0xcc, 0xcf,
    0x40, 0x0, 0x0, 0xb9, 0x0, 0x0, 0x1, 0xf4,
    0x0,

    /* U+53F7 "号" */
    0x0, 0x7, 0xff, 0xff, 0xff, 0xff, 0x80, 0x0,
    0x0, 0x7, 0xc0, 0x0, 0x0, 0xb, 0x80, 0x0,
    0x0, 0x7, 0xc0, 0x0, 0x0, 0xb, 0x80, 0x0,
    0x0, 0x7, 0xff, 0xff, 0xff, 0xff, 0x80, 0x0,
    0x0, 0x0, 0x0, 0x0, 0x0, 0x0, 0x0, 0x0,
    0xd, 0xcc, 0xcc, 0xcc, 0xcc, 0xcc, 0xcc, 0xd0,
    0x4, 0x33, 0x6f, 0x33, 0x33, 0x33, 0x33, 0x40,
    0x0, 0x0, 0x8c, 0x0, 0x0, 0x0, 0x0, 0x0,
    0x0, 0x0, 0xce, 0xdd, 0xdd, 0xdd, 0xb0, 0x0,
    0x0, 0x0, 0x33, 0x33, 0x33, 0x3b, 0xb0, 0x0,
    0x0, 0x0, 0x0, 0x0, 0x0, 0xb, 0x90, 0x0,
    0x0, 0x0, 0x0, 0x0, 0x0, 0xe, 0x70, 0x0,
    0x0, 0x0, 0x0, 0x2, 0x55, 0x8f, 0x30, 0x0,
    0x0, 0x0, 0x0, 0x2, 0xff, 0xc7, 0x0, 0x0,
    0x0, 0x0, 0x0, 0x0, 0x0, 0x0, 0x0, 0x0,

    /* U+5403 "吃" */
    0x0, 0x0, 0x0, 0x7, 0x20, 0x0, 0x0, 0x0,
    0x0, 0x0, 0x2f, 0x40, 0x0, 0x0, 0xcd, 0xdd,
    0x30, 0x9d, 0x22, 0x22, 0x31, 0xe5, 0x2e, 0x32,
    0xfe, 0xee, 0xee, 0xe6, 0xd4, 0xe, 0x2b, 0xb0,
    0x0, 0x0, 0x0, 0xd4, 0xe, 0x9f, 0x53, 0x22,
    0x22, 0x0, 0xd4, 0xe, 0x33, 0xde, 0xee, 0xff,
    0x30, 0xd4, 0xe, 0x20, 0x0, 0x6, 0xf5, 0x0,
    0xd4, 0xe, 0x20, 0x0, 0x7e, 0x30, 0x0, 0xdf,
    0xff, 0x20, 0x6, 0xe2, 0x0, 0x0, 0xd4, 0xe,
    0x30, 0x4f, 0x30, 0x0, 0x0, 0xe4, 0xa, 0x20,
    0xe5, 0x0, 0x0, 0x56, 0x92, 0x0, 0x3, 0xf2,
    0x11, 0x11, 0xca, 0x0, 0x0, 0x0, 0xae, 0xff,
    0xfe, 0xc2,

    /* U+540D "名" */
    0x0, 0x0, 0x0, 0x0, 0x0, 0x0, 0x0, 0x0,
    0x0, 0x3, 0xd2, 0x0, 0x0, 0x0, 0x0, 0x0,
    0xb, 0xc0, 0x0, 0x0, 0x0, 0x0, 0x0, 0x6f,
    0xff, 0xff, 0xff, 0xf3, 0x0, 0x4, 0xf5, 0x0,
    0x0, 0x1d, 0x70, 0x0, 0x6f, 0x68, 0xb1, 0x0,
    0xbb, 0x0, 0x0, 0xa6, 0x1, 0xce, 0x4c, 0xc0,
    0x0, 0x0, 0x0, 0x0, 0xb, 0xfb, 0x0, 0x0,
    0x0, 0x0, 0x2, 0x9f, 0x70, 0x0, 0x0, 0x0,
    0x4, 0xaf, 0xff, 0xff, 0xff, 0xff, 0x9, 0xfe,
    0xbd, 0x0, 0x0, 0x0, 0x5f, 0x3, 0x40, 0x5d,
    0x0, 0x0, 0x0, 0x5e, 0x0, 0x0, 0x5d, 0x0,
    0x0, 0x0, 0x5e, 0x0, 0x0, 0x5f, 0xff, 0xff,
    0xff, 0xfe, 0x0, 0x0, 0x5d, 0x0, 0x0, 0x0,
    0x5f, 0x0, 0x0, 0x6d, 0x0, 0x0, 0x0, 0x5f,
    0x0, 0x0, 0x0, 0x0, 0x0, 0x0, 0x0,

    /* U+540E "后" */
    0x0, 0x0, 0x0, 0x0, 0x0, 0x1, 0x42, 0x0,
    0x1, 0x44, 0x57, 0x8a, 0xce, 0xff, 0xb0, 0x0,
    0x5f, 0xcb, 0xa9, 0x75, 0x42, 0x0, 0x0, 0x5,
    0xf0, 0x0, 0x0, 0x0, 0x0, 0x0, 0x0, 0x5f,
    0x33, 0x33, 0x33, 0x33, 0x34, 0x40, 0x5, 0xfe,
    0xee, 0xee, 0xee, 0xee, 0xee, 0x0, 0x6e, 0x0,
    0x0, 0x0, 0x0, 0x0, 0x0, 0x7, 0xc0, 0x22,
    0x22, 0x22, 0x22, 0x20, 0x0, 0x9b, 0xe, 0xee,
    0xee, 0xee, 0xfe, 0x0, 0xc, 0x80, 0xe5, 0x0,
    0x0, 0x5, 0xd0, 0x0, 0xf4, 0xe, 0x50, 0x0,
    0x0, 0x5d, 0x0, 0x6f, 0x0, 0xe5, 0x0, 0x0,
    0x5, 0xd0, 0x1e, 0x90, 0xe, 0xff, 0xff, 0xff,
    0xfd, 0x1, 0x61, 0x0, 0xe5, 0x0, 0x0, 0x5,
    0xe0, 0x0, 0x0, 0x1, 0x0, 0x0, 0x0, 0x0,
    0x0,

    /* U+5411 "向" */
    0x0, 0x0, 0x47, 0x10, 0x0, 0x0, 0x0, 0x0,
    0x0, 0x9e, 0x0, 0x0, 0x0, 0x0, 0x2, 0x22,
    0xd9, 0x22, 0x22, 0x22, 0x21, 0x2f, 0xff, 0xff,
    0xff, 0xff, 0xff, 0xf6, 0x2f, 0x20, 0x0, 0x0,
    0x0, 0x0, 0xe5, 0x2f, 0x20, 0x0, 0x0, 0x0,
    0x0, 0xe5, 0x2f, 0x20, 0xff, 0xff, 0xff, 0x10,
    0xe5, 0x2f, 0x20, 0xe5, 0x0, 0x4f, 0x10, 0xe5,
    0x2f, 0x20, 0xe5, 0x0, 0x4f, 0x10, 0xe5, 0x2f,
    0x20, 0xe5, 0x0, 0x4f, 0x10, 0xe5, 0x2f, 0x20,
    0xef, 0xff, 0xff, 0x10, 0xe5, 0x2f, 0x20, 0x0,
    0x0, 0x0, 0x0, 0xe5, 0x2f, 0x20, 0x0, 0x0,
    0x0, 0x56, 0xf4, 0x2f, 0x10, 0x0, 0x0, 0x0,
    0x7e, 0xb0,

    /* U+5413 "吓" */
    0x0, 0x0, 0x0, 0x0, 0x0, 0x0, 0x0, 0x0,
    0x5e, 0xee, 0xed, 0xdf, 0xff, 0xff, 0xff, 0xf1,
    0x5f, 0x33, 0x8e, 0x33, 0x3e, 0x83, 0x33, 0x30,
    0x5f, 0x0, 0x6e, 0x0, 0xd, 0x70, 0x0, 0x0,
    0x5f, 0x0, 0x6e, 0x0, 0xd, 0x70, 0x0, 0x0,
    0x5f, 0x0, 0x6e, 0x0, 0xd, 0x7b, 0x80, 0x0,
    0x5f, 0x0, 0x6e, 0x0, 0xd, 0x77, 0xf4, 0x0,
    0x5f, 0x0, 0x6e, 0x0, 0xd, 0x70, 0xce, 0x10,
    0x5f, 0x0, 0x6e, 0x0, 0xd, 0x70, 0x2f, 0xb0,
    0x5f, 0xff, 0xfe, 0x0, 0xd, 0x70, 0x7, 0x70,
    0x5f, 0x22, 0x8f, 0x0, 0xd, 0x70, 0x0, 0x0,
    0x5f, 0x0, 0x14, 0x0, 0xd, 0x70, 0x0, 0x0,
    0x13, 0x0, 0x0, 0x0, 0xd, 0x70, 0x0, 0x0,
    0x0, 0x0, 0x0, 0x0, 0xe, 0x70, 0x0, 0x0,
    0x0, 0x0, 0x0, 0x0, 0xe, 0x80, 0x0, 0x0,

    /* U+542C "听" */
    0x0, 0x0, 0x0, 0x0, 0x13, 0x58, 0xa0, 0xdf,
    0xff, 0xe0, 0xcd, 0xba, 0x97, 0x61, 0xe6, 0x16,
    0xf0, 0xc6, 0x0, 0x0, 0x0, 0xd5, 0x5, 0xe0,
    0xb6, 0x0, 0x0, 0x0, 0xd5, 0x5, 0xe0, 0xb6,
    0x0, 0x0, 0x0, 0xd5, 0x5, 0xe0, 0xcf, 0xff,
    0xff, 0xfd, 0xd5, 0x5, 0xe0, 0xc6, 0x0, 0xd5,
    0x11, 0xd5, 0x5, 0xe0, 0xd5, 0x0, 0xd5, 0x0,
    0xd5, 0x5, 0xe0, 0xe5, 0x0, 0xd5, 0x0, 0xdf,
    0xff, 0xe0, 0xf2, 0x0, 0xd5, 0x0, 0xd5, 0x4,
    0xd4, 0xf0, 0x0, 0xd5, 0x0, 0x62, 0x0, 0xb,
    0xb0, 0x0, 0xd5, 0x0, 0x0, 0x0, 0x3f, 0x50,
    0x0, 0xd5, 0x0, 0x0, 0x1, 0xec, 0x0, 0x0,
    0xe5, 0x0, 0x0, 0x1, 0xb2, 0x0, 0x0, 0xe6,
    0x0, 0x0, 0x0, 0x0, 0x0, 0x0, 0x0, 0x0,

    /* U+542F "启" */
    0x0, 0x0, 0x0, 0x0, 0x10, 0x0, 0x0, 0x0,
    0x0, 0x0, 0x8, 0xd0, 0x0, 0x0, 0x0, 0x0,
    0x0, 0x3, 0xf6, 0x0, 0x0, 0x0, 0xe, 0xff,
    0xff, 0xff, 0xff, 0xf6, 0x0, 0xe, 0x30, 0x0,
    0x0, 0x0, 0xe6, 0x0, 0xe, 0x30, 0x0, 0x0,
    0x0, 0xe6, 0x0, 0xe, 0x64, 0x44, 0x44, 0x44,
    0xf6, 0x0, 0xf, 0xdc, 0xcc, 0xcc, 0xcc, 0xc5,
    0x0, 0xf, 0x10, 0x0, 0x0, 0x0, 0x0, 0x0,
    0x4f, 0x6d, 0xdd, 0xdd, 0xdd, 0xd8, 0x0, 0x7e,
    0x6e, 0x22, 0x22, 0x22, 0xc9, 0x0, 0xba, 0x6e,
    0x0, 0x0, 0x0, 0xb9, 0x1, 0xf6, 0x6e, 0x0,
    0x0, 0x0, 0xb9, 0x9, 0xf0, 0x6f, 0xff, 0xff,
    0xff, 0xf9, 0x2f, 0x80, 0x6e, 0x11, 0x11, 0x11,
    0xc9, 0x5, 0x10, 0x6d, 0x0, 0x0, 0x0, 0xb9,

    /* U+5435 "吵" */
    0x0, 0x0, 0x0, 0x0, 0x4f, 0x0, 0x0, 0x2,
    0x22, 0x21, 0x0, 0x4, 0xf0, 0x0, 0x0, 0xef,
    0xff, 0x60, 0x0, 0x3f, 0x0, 0x0, 0xe, 0x50,
    0xd5, 0x8, 0x43, 0xf0, 0xd8, 0x0, 0xd5, 0xd,
    0x50, 0xf6, 0x3f, 0x6, 0xf4, 0xd, 0x50, 0xd5,
    0x4f, 0x13, 0xf0, 0xb, 0xe1, 0xd5, 0xd, 0x58,
    0xc0, 0x3f, 0x0, 0x2a, 0x1d, 0x50, 0xd6, 0xe7,
    0x3, 0xf0, 0x5, 0x0, 0xd5, 0x1d, 0x8c, 0x20,
    0x4f, 0x3, 0xf8, 0xd, 0xff, 0xf5, 0x0, 0x3,
    0xb1, 0xdd, 0x0, 0xd5, 0xd, 0x60, 0x0, 0x0,
    0xaf, 0x20, 0xe, 0x50, 0x62, 0x0, 0x2, 0xbf,
    0x40, 0x0, 0x62, 0x0, 0x0, 0x39, 0xfd, 0x20,
    0x0, 0x0, 0x0, 0xa, 0xef, 0xd6, 0x0, 0x0,
    0x0, 0x0, 0x0, 0x47, 0x30, 0x0, 0x0, 0x0,
    0x0,

    /* U+547D "命" */
    0x0, 0x0, 0x0, 0x0, 0x0, 0x0, 0x0, 0x0,
    0x0, 0x0, 0x0, 0x9, 0x90, 0x0, 0x0, 0x0,
    0x0, 0x0, 0x0, 0x4f, 0xe1, 0x0, 0x0, 0x0,
    0x0, 0x0, 0x3, 0xf5, 0x8d, 0x10, 0x0, 0x0,
    0x0, 0x0, 0x4e, 0x60, 0x9, 0xe4, 0x0, 0x0,
    0x0, 0x19, 0xe7, 0x22, 0x22, 0x9f, 0xb4, 0x0,
    0x9, 0xfa, 0x1a, 0xdd, 0xdd, 0xe2, 0xaf, 0xb0,
    0x8, 0x43, 0x33, 0x31, 0x13, 0x33, 0x33, 0x20,
    0x0, 0x3f, 0xbb, 0xf5, 0x4f, 0xbb, 0xf4, 0x0,
    0x0, 0x3f, 0x0, 0xd5, 0x4e, 0x0, 0xd4, 0x0,
    0x0, 0x3f, 0x0, 0xd5, 0x4e, 0x0, 0xd4, 0x0,
    0x0, 0x3f, 0x99, 0xe5, 0x4e, 0x0, 0xe4, 0x0,
    0x0, 0x3f, 0x55, 0xe5, 0x4e, 0x2e, 0xf1, 0x0,
    0x0, 0x28, 0x0, 0x31, 0x4e, 0x5, 0x10, 0x0,
    0x0, 0x0, 0x0, 0x0, 0x4e, 0x0, 0x0, 0x0,
    0x0, 0x0, 0x0, 0x0, 0x4e, 0x0, 0x0, 0x0,

    /* U+54C1 "品" */
    0x0, 0x1f, 0xff, 0xff, 0xff, 0xf8, 0x0, 0x0,
    0xf, 0x11, 0x11, 0x11, 0xb8, 0x0, 0x0, 0xf,
    0x10, 0x0, 0x0, 0xa8, 0x0, 0x0, 0xf, 0x21,
    0x11, 0x11, 0xb8, 0x0, 0x0, 0x1f, 0xff, 0xff,
    0xff, 0xf8, 0x0, 0x0, 0x0, 0x0, 0x0, 0x0,
    0x0, 0x0, 0x4f, 0xff, 0xff, 0x31, 0xff, 0xff,
    0xfe, 0x4d, 0x22, 0x2e, 0x20, 0xf3, 0x22, 0x5e,
    0x4d, 0x0, 0xe, 0x20, 0xf1, 0x0, 0x3e, 0x4d,
    0x0, 0xe, 0x20, 0xf1, 0x0, 0x3e, 0x4d, 0x22,
    0x2e, 0x20, 0xf3, 0x22, 0x4e, 0x4f, 0xff, 0xff,
    0x30, 0xff, 0xff, 0xff, 0x5d, 0x0, 0xd, 0x31,
    0xf1, 0x0, 0x2a,

    /* U+54C4 "哄" */
    0x0, 0x0, 0x0, 0xf, 0x40, 0x4f, 0x0, 0xa,
    0xbb, 0xb3, 0x0, 0xe4, 0x4, 0xe0, 0x0, 0xe6,
    0x2d, 0x51, 0x1e, 0x52, 0x5e, 0x22, 0xd, 0x40,
    0xd4, 0x8e, 0xfe, 0xde, 0xfd, 0xe0, 0xd4, 0xd,
    0x40, 0xe, 0x40, 0x4e, 0x0, 0xd, 0x40, 0xd4,
    0x0, 0xe4, 0x4, 0xe0, 0x0, 0xd4, 0xd, 0x40,
    0xe, 0x40, 0x4e, 0x0, 0xd, 0x40, 0xd4, 0x8a,
    0xfb, 0xab, 0xfa, 0xa6, 0xde, 0xdf, 0x44, 0x55,
    0x55, 0x55, 0x55, 0x3e, 0x62, 0xd5, 0x3, 0xb1,
    0x3, 0xb0, 0x0, 0xe4, 0x7, 0x31, 0xde, 0x30,
    0x4f, 0xb0, 0x6, 0x10, 0x1, 0xce, 0x20, 0x0,
    0x5f, 0x90, 0x0, 0x0, 0xde, 0x20, 0x0, 0x0,
    0x8f, 0x40, 0x0, 0x3, 0x20, 0x0, 0x0, 0x0,
    0x40,

    /* U+54CD "响" */
    0x0, 0x0, 0x0, 0x1, 0x0, 0x0, 0x0, 0x0,
    0x0, 0x0, 0xb, 0xc0, 0x0, 0x0, 0x56, 0x66,
    0x0, 0xe, 0x60, 0x0, 0x0, 0xea, 0x9f, 0xf,
    0xff, 0xff, 0xff, 0xf5, 0xe3, 0xf, 0xf, 0x30,
    0x0, 0x0, 0xe5, 0xd3, 0xf, 0xf, 0x30, 0x0,
    0x0, 0xe5, 0xd3, 0xf, 0xf, 0x3c, 0xff, 0xf0,
    0xe5, 0xd3, 0xf, 0xf, 0x3d, 0x51, 0xf0, 0xe5,
    0xd3, 0xf, 0xf, 0x3d, 0x40, 0xf0, 0xe5, 0xd3,
    0xf, 0xf, 0x3d, 0x40, 0xf0, 0xe5, 0xd7, 0x5f,
    0xf, 0x3d, 0x40, 0xf0, 0xe5, 0xea, 0x9f, 0xf,
    0x3c, 0xff, 0xf0, 0xe5, 0xe3, 0x8, 0xf, 0x30,
    0x0, 0x0, 0xe5, 0x41, 0x0, 0xf, 0x30, 0x0,
    0x14, 0xf5, 0x0, 0x0, 0xf, 0x30, 0x0, 0x3d,
    0xa0,

    /* U+54EA "哪" */
    0x0, 0x0, 0x0, 0x0, 0x0, 0x0, 0x0, 0xe,
    0xee, 0xed, 0xfe, 0xef, 0x3f, 0xee, 0xf1, 0xd3,
    0x3e, 0xb, 0x72, 0xe2, 0xf0, 0x7c, 0xd, 0x33,
    0xe0, 0xb7, 0x2e, 0x2f, 0xb, 0x70, 0xd3, 0x3e,
    0xbe, 0xdc, 0xe1, 0xf0, 0xf2, 0xd, 0x33, 0xe2,
    0xb8, 0x4e, 0x1f, 0x4d, 0x0, 0xd3, 0x3e, 0xb,
    0x72, 0xe1, 0xf3, 0xf1, 0xd, 0x33, 0xe0, 0xb7,
    0x2e, 0x1f, 0xc, 0x70, 0xd3, 0x3e, 0xff, 0xff,
    0xe1, 0xf0, 0x6d, 0xd, 0xee, 0xe0, 0xe4, 0x2e,
    0x1f, 0x2, 0xf2, 0xd3, 0x3e, 0x1f, 0x22, 0xe1,
    0xf0, 0x3f, 0x2d, 0x30, 0x15, 0xe0, 0x2e, 0x1f,
    0x4f, 0xb0, 0x71, 0x0, 0xb8, 0x2, 0xe2, 0xf0,
    0x60, 0x0, 0x0, 0x5e, 0x16, 0xcd, 0x3f, 0x0,
    0x0, 0x0, 0x6, 0x50, 0x4a, 0x34, 0xf0, 0x0,
    0x0,

    /* U+5524 "唤" */
    0x0, 0x0, 0x0, 0x1, 0x20, 0x0, 0x0, 0x0,
    0x0, 0x0, 0x0, 0x9e, 0x10, 0x0, 0x0, 0xbc,
    0xcc, 0x10, 0x3f, 0xec, 0xcc, 0x10, 0xe, 0x64,
    0xf1, 0x2e, 0x93, 0x3a, 0xb0, 0x0, 0xd3, 0xf,
    0x2e, 0xa0, 0x0, 0xe4, 0x0, 0xd, 0x30, 0xf1,
    0x5c, 0xcc, 0xdf, 0xcc, 0x10, 0xd3, 0xf, 0x13,
    0xe2, 0x4f, 0x23, 0xf1, 0xd, 0x30, 0xf1, 0x3e,
    0x1, 0xf0, 0xf, 0x10, 0xd3, 0xf, 0x13, 0xe0,
    0x1f, 0x0, 0xf1, 0xd, 0x53, 0xf3, 0x5e, 0x24,
    0xf2, 0x3f, 0x31, 0xdd, 0xcf, 0x8c, 0xcc, 0xdf,
    0xec, 0xcc, 0x5e, 0x30, 0xa1, 0x0, 0xb, 0x9e,
    0x0, 0x0, 0xc2, 0x0, 0x0, 0x8, 0xe0, 0xaa,
    0x0, 0x0, 0x0, 0x0, 0x5c, 0xe2, 0x1, 0xdd,
    0x60, 0x0, 0x0, 0x9f, 0x91, 0x0, 0x0, 0x9c,
    0x0, 0x0, 0x0, 0x0, 0x0, 0x0, 0x0, 0x0,

    /* U+5531 "唱" */
    0x0, 0x0, 0x7, 0xff, 0xff, 0xff, 0xf4, 0xde,
    0xee, 0x46, 0xc0, 0x0, 0x0, 0xe4, 0xe5, 0xe,
    0x46, 0xff, 0xff, 0xff, 0xf4, 0xd5, 0xe, 0x46,
    0xc0, 0x0, 0x0, 0xe4, 0xd5, 0xe, 0x47, 0xfd,
    0xdd, 0xdd, 0xf4, 0xd5, 0xe, 0x40, 0x0, 0x0,
    0x0, 0x0, 0xd5, 0xe, 0x4d, 0xff, 0xff, 0xff,
    0xfe, 0xd5, 0xe, 0x4e, 0x50, 0x0, 0x0, 0x6e,
    0xdc, 0xbf, 0x4d, 0x62, 0x22, 0x22, 0x7e, 0xea,
    0x7f, 0x4d, 0xee, 0xee, 0xee, 0xfe, 0xe5, 0x6,
    0x2d, 0x50, 0x0, 0x0, 0x5e, 0x72, 0x0, 0xd,
    0xff, 0xff, 0xff, 0xfe, 0x0, 0x0, 0xe, 0x61,
    0x11, 0x11, 0x6e, 0x0, 0x0, 0xe, 0x50, 0x0,
    0x0, 0x0,

    /* U+5546 "商" */
    0x0, 0x0, 0x1, 0xb2, 0x0, 0x0, 0x0, 0x21,
    0x11, 0x11, 0xbb, 0x11, 0x11, 0x22, 0xce, 0xee,
    0xee, 0xee, 0xee, 0xee, 0xee, 0x0, 0x7, 0xc0,
    0x0, 0x5d, 0x10, 0x0, 0x0, 0x0, 0xb5, 0x0,
    0xb9, 0x0, 0x0, 0xc, 0xee, 0xee, 0xee, 0xee,
    0xee, 0xc0, 0xc, 0x70, 0x3, 0x0, 0x50, 0x7,
    0xc0, 0xc, 0x70, 0x4f, 0x41, 0xdc, 0x27, 0xc0,
    0xc, 0x75, 0xf5, 0x0, 0x9, 0xe7, 0xc0, 0xc,
    0x77, 0x8f, 0xff, 0xf9, 0x27, 0xc0, 0xc, 0x70,
    0x3f, 0x0, 0xa9, 0x7, 0xc0, 0xc, 0x70, 0x3f,
    0xbb, 0xe9, 0x7, 0xc0, 0xc, 0x70, 0x3, 0x33,
    0x32, 0x7, 0xc0, 0xc, 0x70, 0x0, 0x0, 0x1,
    0x9e, 0xb0, 0xc, 0x70, 0x0, 0x0, 0x0, 0xed,
    0x40, 0x0, 0x0, 0x0, 0x0, 0x0, 0x10, 0x0,

    /* U+5566 "啦" */
    0x0, 0x0, 0x0, 0x4f, 0x0, 0x1a, 0x0, 0x0,
    0x0, 0x0, 0x0, 0x3e, 0x0, 0xe, 0x60, 0x0,
    0x6, 0x66, 0x50, 0x3e, 0x0, 0x8, 0x70, 0x0,
    0xf, 0xbb, 0xe1, 0x5e, 0x23, 0x55, 0x55, 0x60,
    0xf, 0x23, 0xd9, 0xef, 0xe7, 0xba, 0xaa, 0xb0,
    0xf, 0x23, 0xd0, 0x3e, 0x0, 0x0, 0x5, 0x10,
    0xf, 0x23, 0xd0, 0x3e, 0x4, 0xa0, 0x2f, 0x40,
    0xf, 0x23, 0xd0, 0x4f, 0xe5, 0xf0, 0x4f, 0x0,
    0xf, 0x23, 0xdb, 0xff, 0x20, 0xf2, 0x5c, 0x0,
    0xf, 0x23, 0xd4, 0x4e, 0x0, 0xf4, 0x89, 0x0,
    0xf, 0xff, 0xd0, 0x3e, 0x0, 0xe6, 0xa7, 0x0,
    0xf, 0x23, 0xe0, 0x3e, 0x0, 0x84, 0xd4, 0x0,
    0xf, 0x20, 0x10, 0x4e, 0x1, 0x11, 0xf2, 0x10,
    0x6, 0x0, 0x7, 0xfb, 0x6f, 0xff, 0xff, 0xf7,
    0x0, 0x0, 0x1, 0x40, 0x0, 0x0, 0x0, 0x0,

    /* U+5582 "喂" */
    0x12, 0x22, 0x4, 0xff, 0xff, 0xff, 0xf5, 0xe,
    0xb9, 0xf2, 0x3e, 0x2, 0xf0, 0xd, 0x40, 0xe4,
    0xf, 0x23, 0xff, 0xff, 0xff, 0xf4, 0xe, 0x40,
    0xf2, 0x3e, 0x2, 0xf0, 0xd, 0x40, 0xe4, 0xf,
    0x23, 0xe1, 0x3f, 0x11, 0xd4, 0xe, 0x40, 0xf2,
    0x3d, 0xdd, 0xdd, 0xdd, 0x40, 0xe4, 0xf, 0x33,
    0x33, 0x33, 0x33, 0x33, 0xe, 0x40, 0xf4, 0xaf,
    0xbd, 0xda, 0xaa, 0xb2, 0xef, 0xff, 0x20, 0xd4,
    0x4d, 0x3, 0x80, 0xe, 0x40, 0xf2, 0xd, 0x40,
    0xe6, 0xd8, 0x0, 0xe4, 0xb, 0x10, 0xd4, 0x16,
    0xf7, 0x0, 0xb, 0x30, 0x0, 0xd, 0xca, 0xa,
    0xe6, 0x0, 0x0, 0x0, 0x1, 0xfb, 0x0, 0x7,
    0xfe, 0x10, 0x0, 0x0, 0x5, 0x0, 0x0, 0x1,
    0x30,

    /* U+5668 "器" */
    0x0, 0x9f, 0xee, 0xf4, 0x5f, 0xee, 0xee, 0x0,
    0x0, 0x88, 0x0, 0xc3, 0x4c, 0x0, 0x3d, 0x0,
    0x0, 0x8e, 0xee, 0xe3, 0x4e, 0xee, 0xed, 0x0,
    0x0, 0x0, 0x0, 0x9, 0x70, 0x38, 0x0, 0x0,
    0x2, 0x54, 0x44, 0x4e, 0xa4, 0x6d, 0x54, 0x40,
    0x4, 0xba, 0xaa, 0xdf, 0xfd, 0xaa, 0xaa, 0xa0,
    0x0, 0x1, 0x49, 0xd4, 0x2c, 0xb6, 0x31, 0x10,
    0xb, 0xfe, 0xa5, 0x0, 0x0, 0x49, 0xcf, 0xf1,
    0x1, 0x8c, 0xcc, 0xc3, 0x3c, 0xcc, 0xcb, 0x0,
    0x0, 0x89, 0x22, 0xd3, 0x3d, 0x22, 0x5d, 0x0,
    0x0, 0x88, 0x0, 0xc3, 0x3c, 0x0, 0x3d, 0x0,
    0x0, 0x8e, 0xdd, 0xf3, 0x3f, 0xdd, 0xed, 0x0,
    0x0, 0x98, 0x0, 0xc4, 0x4c, 0x0, 0x3d, 0x0,
    0x0, 0x0, 0x0, 0x0, 0x0, 0x0, 0x0, 0x0,

    /* U+5669 "噩" */
    0x0, 0x0, 0x0, 0x0, 0x0, 0x0, 0x0, 0x4,
    0xee, 0xee, 0xee, 0xfe, 0xee, 0xee, 0xea, 0x0,
    0x0, 0x0, 0xe, 0x40, 0x0, 0x0, 0x0, 0x1f,
    0xee, 0xf0, 0xe4, 0x4f, 0xee, 0xe0, 0x0, 0xf1,
    0x2f, 0xe, 0x43, 0xd1, 0x3d, 0x0, 0x1c, 0xcc,
    0xc0, 0xe4, 0x4c, 0xcc, 0xb0, 0x2, 0x11, 0x11,
    0x1e, 0x51, 0x11, 0x11, 0x11, 0xdd, 0xdd, 0xdd,
    0xfe, 0xdd, 0xdd, 0xd9, 0x0, 0x0, 0x0, 0xe,
    0x40, 0x0, 0x0, 0x0, 0xf, 0xee, 0xf2, 0xe4,
    0x2f, 0xee, 0xf0, 0x0, 0xe2, 0x1e, 0x2e, 0x41,
    0xe0, 0x1e, 0x0, 0xd, 0xee, 0xe2, 0xe4, 0x1e,
    0xee, 0xd0, 0x0, 0x0, 0x0, 0xe, 0x40, 0x0,
    0x0, 0x5, 0xee, 0xee, 0xee, 0xee, 0xee, 0xee,
    0xec,

    /* U+56DE "回" */
    0x3f, 0xff, 0xff, 0xff, 0xff, 0xff, 0xf1, 0x3f,
    0x11, 0x11, 0x11, 0x11, 0x12, 0xf1, 0x3f, 0x0,
    0x0, 0x0, 0x0, 0x2, 0xf1, 0x3f, 0x0, 0xef,
    0xff, 0xfe, 0x2, 0xf1, 0x3f, 0x0, 0xe4, 0x0,
    0x4e, 0x2, 0xf1, 0x3f, 0x0, 0xe4, 0x0, 0x4e,
    0x2, 0xf1, 0x3f, 0x0, 0xe4, 0x0, 0x4e, 0x2,
    0xf1, 0x3f, 0x0, 0xed, 0xcc, 0xdf, 0x2, 0xf1,
    0x3f, 0x0, 0x44, 0x44, 0x44, 0x2, 0xf1, 0x3f,
    0x0, 0x0, 0x0, 0x0, 0x2, 0xf1, 0x3f, 0x0,
    0x0, 0x0, 0x0, 0x2, 0xf1, 0x3f, 0xff, 0xff,
    0xff, 0xff, 0xff, 0xf1, 0x3f, 0x0, 0x0, 0x0,
    0x0, 0x2, 0xf1, 0x0, 0x0, 0x0, 0x0, 0x0,
    0x0, 0x10,

    /* U+5728 "在" */
    0x0, 0x0, 0x0, 0x4b, 0x10, 0x0, 0x0, 0x0,
    0x0, 0x0, 0x0, 0x9d, 0x0, 0x0, 0x0, 0x0,
    0x2, 0x54, 0x44, 0xea, 0x44, 0x44, 0x44, 0x40,
    0x5, 0xcc, 0xcd, 0xfc, 0xcc, 0xcc, 0xcc, 0xc0,
    0x0, 0x0, 0xa, 0xa0, 0x9, 0x60, 0x0, 0x0,
    0x0, 0x0, 0x2f, 0x20, 0xc, 0x80, 0x0, 0x0,
    0x0, 0x6, 0xd6, 0x0, 0xc, 0x80, 0x0, 0x0,
    0x0, 0x2e, 0xb1, 0xed, 0xdf, 0xed, 0xde, 0x0,
    0x3, 0xef, 0x90, 0x43, 0x3c, 0x93, 0x34, 0x0,
    0x2f, 0xa9, 0x90, 0x0, 0xc, 0x80, 0x0, 0x0,
    0x4, 0x9, 0x90, 0x0, 0xc, 0x80, 0x0, 0x0,
    0x0, 0x9, 0x90, 0x0, 0xc, 0x80, 0x0, 0x0,
    0x0, 0x9, 0x92, 0x22, 0x2c, 0x92, 0x22, 0x30,
    0x0, 0xa, 0x9a, 0xdd, 0xdd, 0xdd, 0xdd, 0xe0,
    0x0, 0xa, 0xa0, 0x0, 0x0, 0x0, 0x0, 0x0,

    /* U+5730 "地" */
    0x0, 0x3e, 0x10, 0x0, 0x2, 0xf1, 0x0, 0x0,
    0x0, 0x3f, 0x10, 0x15, 0x2, 0xf1, 0x0, 0x0,
    0x0, 0x3f, 0x10, 0x2f, 0x2, 0xf1, 0x0, 0x0,
    0x0, 0x3f, 0x10, 0x2f, 0x2, 0xf3, 0x6b, 0x40,
    0x1c, 0xdf, 0xcb, 0x2f, 0x28, 0xff, 0xbf, 0x40,
    0x5, 0x6f, 0x56, 0x8f, 0xfc, 0xf1, 0xf, 0x40,
    0x0, 0x3f, 0x18, 0xdf, 0x12, 0xf1, 0xf, 0x40,
    0x0, 0x3f, 0x10, 0x2f, 0x2, 0xf1, 0xf, 0x30,
    0x0, 0x3f, 0x10, 0x2f, 0x2, 0xf1, 0x1f, 0x30,
    0x0, 0x3f, 0x10, 0x2f, 0x2, 0xf6, 0xfd, 0x0,
    0x0, 0x3f, 0x7d, 0x2f, 0x2, 0xf2, 0x50, 0x0,
    0x18, 0xdf, 0xb6, 0x2f, 0x1, 0x80, 0x0, 0xa2,
    0xb, 0x71, 0x0, 0x1f, 0x41, 0x11, 0x17, 0xf2,
    0x0, 0x0, 0x0, 0xa, 0xff, 0xff, 0xfe, 0x80,

    /* U+573A "场" */
    0x0, 0xb, 0x20, 0x0, 0x0, 0x0, 0x0, 0x0,
    0x0, 0xf3, 0x5, 0xff, 0xff, 0xff, 0xf1, 0x0,
    0xf, 0x30, 0x1, 0x11, 0x2d, 0xb3, 0x0, 0x0,
    0xf3, 0x0, 0x0, 0x3e, 0x60, 0x0, 0x2b, 0xaf,
    0xbb, 0x10, 0x8d, 0x30, 0x0, 0x0, 0x32, 0xf5,
    0x33, 0xff, 0xff, 0xff, 0xfe, 0x0, 0xf, 0x30,
    0x5, 0x7e, 0x1d, 0x76, 0xe0, 0x0, 0xf3, 0x0,
    0xa, 0xa0, 0xf3, 0x6d, 0x0, 0xf, 0x30, 0x3,
    0xf3, 0x4f, 0x6, 0xc0, 0x0, 0xf8, 0xc5, 0xd9,
    0xa, 0xa0, 0x7b, 0x5, 0xaf, 0xc8, 0xeb, 0x3,
    0xf3, 0x8, 0xb3, 0xf9, 0x20, 0x7, 0x2, 0xe9,
    0x0, 0x8a, 0x1, 0x0, 0x0, 0x5, 0xeb, 0x3,
    0x5d, 0x80, 0x0, 0x0, 0x2, 0xf9, 0x0, 0x5f,
    0xd2, 0x0, 0x0, 0x0, 0x1, 0x0, 0x0, 0x10,
    0x0,

    /* U+5740 "址" */
    0x0, 0x0, 0x0, 0x0, 0x0, 0xe7, 0x0, 0x0,
    0x0, 0x5f, 0x0, 0x0, 0x0, 0xd6, 0x0, 0x0,
    0x0, 0x5f, 0x0, 0x0, 0x0, 0xd6, 0x0, 0x0,
    0x0, 0x5f, 0x0, 0x8, 0x30, 0xd6, 0x0, 0x0,
    0x29, 0xbf, 0x98, 0xf, 0x50, 0xd7, 0x22, 0x10,
    0x28, 0xaf, 0x76, 0xf, 0x40, 0xdf, 0xff, 0x80,
    0x0, 0x5f, 0x0, 0xf, 0x40, 0xd6, 0x0, 0x0,
    0x0, 0x5f, 0x0, 0xf, 0x40, 0xd6, 0x0, 0x0,
    0x0, 0x5f, 0x0, 0xf, 0x40, 0xd6, 0x0, 0x0,
    0x0, 0x5f, 0x0, 0xf, 0x40, 0xd6, 0x0, 0x0,
    0x0, 0x5f, 0xae, 0xf, 0x40, 0xd6, 0x0, 0x0,
    0x3c, 0xff, 0xa4, 0xf, 0x40, 0xd6, 0x0, 0x0,
    0x2d, 0x60, 0x14, 0x3f, 0x63, 0xe8, 0x33, 0x40,
    0x0, 0x0, 0x3e, 0xdd, 0xdd, 0xdd, 0xdd, 0xe2,

    /* U+578B "型" */
    0x0, 0x0, 0x0, 0x0, 0x0, 0x0, 0xc6, 0x0,
    0xff, 0xff, 0xff, 0xf5, 0x3c, 0xc, 0x60, 0x0,
    0x3e, 0x2, 0xf0, 0x4, 0xe0, 0xc6, 0x0, 0x4,
    0xd0, 0x2f, 0x0, 0x4e, 0xc, 0x60, 0x77, 0x9e,
    0x78, 0xf8, 0x64, 0xe0, 0xc6, 0x8, 0x9c, 0xe9,
    0xaf, 0x97, 0x4e, 0xc, 0x60, 0x0, 0xc8, 0x2,
    0xf0, 0x4, 0xe0, 0xc5, 0x0, 0x8f, 0x10, 0x2f,
    0x0, 0x0, 0x3e, 0x50, 0x8f, 0x50, 0x1, 0xa5,
    0x0, 0xb, 0xd1, 0x0, 0x20, 0x0, 0x4, 0xe0,
    0x0, 0x0, 0x0, 0x3, 0xff, 0xff, 0xff, 0xff,
    0xff, 0x90, 0x0, 0x2, 0x21, 0x15, 0xe1, 0x11,
    0x21, 0x0, 0x22, 0x22, 0x22, 0x5e, 0x22, 0x22,
    0x22, 0xc, 0xff, 0xff, 0xff, 0xff, 0xff, 0xff,
    0xf3,

    /* U+586B "填" */
    0x0, 0x0, 0x0, 0x0, 0x2, 0x80, 0x0, 0x0,
    0x0, 0x3f, 0x0, 0xfe, 0xee, 0xfe, 0xee, 0xe0,
    0x0, 0x3e, 0x0, 0x10, 0x8, 0xa0, 0x0, 0x10,
    0x0, 0x3e, 0x0, 0xc, 0xde, 0xed, 0xdb, 0x0,
    0xb, 0xcf, 0xc7, 0xe, 0x52, 0x22, 0x6d, 0x0,
    0x4, 0x6f, 0x42, 0xe, 0xee, 0xee, 0xec, 0x0,
    0x0, 0x3e, 0x0, 0xe, 0x41, 0x11, 0x6c, 0x0,
    0x0, 0x3e, 0x0, 0xe, 0xdc, 0xcc, 0xdc, 0x0,
    0x0, 0x3e, 0x0, 0xe, 0x98, 0x88, 0xac, 0x0,
    0x0, 0x3e, 0x33, 0xe, 0x74, 0x44, 0x8c, 0x0,
    0x3, 0x9f, 0xd6, 0xff, 0xff, 0xff, 0xff, 0xf2,
    0xd, 0xa3, 0x0, 0x3, 0x70, 0x0, 0x71, 0x0,
    0x0, 0x0, 0x0, 0x6f, 0x90, 0x0, 0xad, 0x20,
    0x0, 0x0, 0xd, 0xe4, 0x0, 0x0, 0x8, 0xd0,
    0x0, 0x0, 0x3, 0x0, 0x0, 0x0, 0x0, 0x20,

    /* U+58F3 "壳" */
    0x0, 0x0, 0x0, 0x8c, 0x0, 0x0, 0x0, 0x1,
    0x22, 0x11, 0x19, 0xc1, 0x11, 0x12, 0x20, 0x6e,
    0xee, 0xee, 0xff, 0xee, 0xee, 0xed, 0x0, 0x0,
    0x0, 0x8, 0xb0, 0x0, 0x0, 0x0, 0x4, 0xcb,
    0xbb, 0xde, 0xbb, 0xbb, 0x90, 0x0, 0x13, 0x33,
    0x33, 0x33, 0x33, 0x33, 0x0, 0x6e, 0xee, 0xee,
    0xee, 0xee, 0xee, 0xed, 0x6, 0xe2, 0x22, 0x22,
    0x22, 0x22, 0x26, 0xe0, 0x5b, 0x0, 0x34, 0x44,
    0x44, 0x0, 0x3a, 0x0, 0x0, 0xc, 0xdc, 0xcc,
    0xf2, 0x0, 0x0, 0x0, 0x0, 0xd5, 0x0, 0x2f,
    0x10, 0x0, 0x0, 0x0, 0x2f, 0x30, 0x2, 0xf1,
    0x0, 0x40, 0x3, 0x8e, 0xb0, 0x0, 0x2f, 0x42,
    0x5f, 0x44, 0xfe, 0x70, 0x0, 0x0, 0xdf, 0xff,
    0x90, 0x2, 0x0, 0x0, 0x0, 0x0, 0x0, 0x0,
    0x0,

    /* U+5907 "备" */
    0x0, 0x0, 0x0, 0x0, 0x0, 0x0, 0x0, 0x0,
    0x0, 0x0, 0xc4, 0x0, 0x0, 0x0, 0x0, 0x0,
    0x0, 0x7e, 0x32, 0x22, 0x22, 0x0, 0x0, 0x0,
    0x3f, 0xbb, 0xbb, 0xbe, 0xd0, 0x0, 0x0, 0x3e,
    0xea, 0x0, 0x4, 0xf3, 0x0, 0x0, 0x1e, 0x80,
    0xbc, 0x15, 0xe5, 0x0, 0x0, 0x0, 0x10, 0x0,
    0xbf, 0xf4, 0x0, 0x0, 0x0, 0x1, 0x37, 0xce,
    0x9d, 0xea, 0x64, 0x32, 0x4e, 0xfd, 0x95, 0x0,
    0x3, 0x7a, 0xdf, 0x90, 0x41, 0xef, 0xff, 0xff,
    0xff, 0xf3, 0x0, 0x0, 0xd, 0x40, 0xe, 0x30,
    0xf, 0x30, 0x0, 0x0, 0xde, 0xdd, 0xfe, 0xdd,
    0xf3, 0x0, 0x0, 0xd, 0x51, 0x1e, 0x41, 0x1f,
    0x30, 0x0, 0x0, 0xd5, 0x0, 0xe3, 0x0, 0xf3,
    0x0, 0x0, 0xd, 0xff, 0xff, 0xff, 0xff, 0x30,
    0x0, 0x0, 0xe4, 0x0, 0x0, 0x0, 0xf3, 0x0,

    /* U+590D "复" */
    0x0, 0x0, 0x29, 0x0, 0x0, 0x0, 0x0, 0x0,
    0x0, 0x0, 0xcc, 0x44, 0x44, 0x44, 0x44, 0x20,
    0x0, 0xb, 0xea, 0xaa, 0xaa, 0xaa, 0xab, 0x50,
    0x3, 0xdd, 0x98, 0x88, 0x88, 0x88, 0x81, 0x0,
    0x9, 0x73, 0xf4, 0x44, 0x44, 0x44, 0xf2, 0x0,
    0x0, 0x3, 0xfe, 0xee, 0xee, 0xee, 0xf1, 0x0,
    0x0, 0x3, 0xe0, 0x0, 0x0, 0x0, 0xf1, 0x0,
    0x0, 0x3, 0xff, 0xff, 0xff, 0xff, 0xf2, 0x0,
    0x0, 0x0, 0x1d, 0x70, 0x0, 0x0, 0x0, 0x0,
    0x0, 0x0, 0xaf, 0xff, 0xff, 0xff, 0x80, 0x0,
    0x0, 0x1b, 0xcc, 0x80, 0x0, 0x9d, 0x0, 0x0,
    0x0, 0xba, 0x3, 0xeb, 0x29, 0xc1, 0x0, 0x0,
    0x0, 0x0, 0x0, 0x2e, 0xff, 0x51, 0x0, 0x0,
    0x4, 0x89, 0xbe, 0xd8, 0x48, 0xdf, 0xec, 0xa2,
    0x2, 0x97, 0x51, 0x0, 0x0, 0x1, 0x46, 0x80,

    /* U+5916 "外" */
    0x0, 0x4, 0x91, 0x0, 0xe, 0x60, 0x0, 0x0,
    0x0, 0x9, 0xd0, 0x0, 0xd, 0x60, 0x0, 0x0,
    0x0, 0xe, 0x60, 0x0, 0xd, 0x60, 0x0, 0x0,
    0x0, 0x4f, 0xff, 0xfe, 0xd, 0x60, 0x0, 0x0,
    0x0, 0xca, 0x11, 0x8d, 0xd, 0x66, 0x0, 0x0,
    0x5, 0xf1, 0x0, 0xa9, 0xd, 0x7e, 0x90, 0x0,
    0x3f, 0x78, 0x10, 0xf4, 0xd, 0x62, 0xf7, 0x0,
    0x28, 0xa, 0xe9, 0xe0, 0xd, 0x60, 0x4f, 0x40,
    0x0, 0x0, 0x8f, 0x70, 0xd, 0x60, 0x8, 0xd0,
    0x0, 0x0, 0x8d, 0x0, 0xd, 0x60, 0x0, 0x10,
    0x0, 0x6, 0xf2, 0x0, 0xd, 0x60, 0x0, 0x0,
    0x0, 0x8f, 0x40, 0x0, 0xd, 0x60, 0x0, 0x0,
    0x3c, 0xe3, 0x0, 0x0, 0xe, 0x60, 0x0, 0x0,
    0x7, 0x10, 0x0, 0x0, 0xe, 0x70, 0x0, 0x0,

    /* U+591A "多" */
    0x0, 0x0, 0x9, 0x20, 0x0, 0x0, 0x0, 0x0,
    0x0, 0x9e, 0x32, 0x22, 0x22, 0x0, 0x0, 0x1b,
    0xec, 0xcc, 0xcc, 0xf8, 0x0, 0x6, 0xe9, 0x34,
    0x0, 0xb, 0xa0, 0x0, 0x1a, 0x30, 0x5f, 0x52,
    0xc9, 0x0, 0x0, 0x0, 0x0, 0x7, 0xfd, 0x90,
    0x0, 0x0, 0x2, 0x58, 0xcd, 0x66, 0xf4, 0x0,
    0x0, 0x2f, 0xd8, 0x30, 0x7f, 0xfe, 0xee, 0xe8,
    0x0, 0x0, 0x3c, 0xd3, 0x0, 0x5, 0xf2, 0x0,
    0x5b, 0xf7, 0x4a, 0x0, 0x1e, 0x70, 0x0, 0x78,
    0x10, 0x1d, 0xa2, 0xda, 0x0, 0x0, 0x0, 0x0,
    0x2, 0xff, 0x90, 0x0, 0x0, 0x0, 0x36, 0xbf,
    0xb3, 0x0, 0x0, 0x2d, 0xef, 0xfc, 0x72, 0x0,
    0x0, 0x0, 0x5, 0x53, 0x0, 0x0, 0x0, 0x0,
    0x0,

    /* U+591C "夜" */
    0x0, 0x0, 0x0, 0x0, 0x0, 0x0, 0x0, 0x0,
    0x0, 0x0, 0x0, 0xc, 0xb0, 0x0, 0x0, 0x0,
    0x3, 0x33, 0x33, 0x3c, 0xe3, 0x33, 0x34, 0x40,
    0xc, 0xee, 0xee, 0xee, 0xee, 0xee, 0xee, 0xd0,
    0x0, 0x0, 0x81, 0x2, 0x92, 0x0, 0x0, 0x0,
    0x0, 0x4, 0xf7, 0x6, 0xf3, 0x11, 0x11, 0x0,
    0x0, 0xc, 0xc0, 0xd, 0xff, 0xff, 0xfa, 0x0,
    0x0, 0x4f, 0x60, 0x5f, 0x10, 0x0, 0xd6, 0x0,
    0x0, 0xdf, 0x61, 0xe8, 0xd, 0x31, 0xf2, 0x0,
    0xa, 0xde, 0x6a, 0xee, 0x69, 0xb7, 0xc0, 0x0,
    0x2f, 0x4e, 0x64, 0x49, 0xc1, 0x2e, 0x60, 0x0,
    0x2, 0xe, 0x60, 0x2, 0xf4, 0xad, 0x0, 0x0,
    0x0, 0xe, 0x60, 0x0, 0x9f, 0xf3, 0x0, 0x0,
    0x0, 0xe, 0x60, 0x1, 0xaf, 0xe5, 0x0, 0x0,
    0x0, 0xe, 0x64, 0xaf, 0xc3, 0x8f, 0xea, 0x81,
    0x0, 0xe, 0x67, 0xe6, 0x0, 0x1, 0x8d, 0xc0,
    0x0, 0x0, 0x0, 0x0, 0x0, 0x0, 0x0, 0x0,

    /* U+591F "够" */
    0x0, 0x2, 0x0, 0x0, 0x0, 0x10, 0x0, 0x0,
    0x0, 0xd8, 0x0, 0x0, 0x5f, 0x10, 0x0, 0x0,
    0x4f, 0x10, 0x0, 0xd, 0xa4, 0x44, 0x10, 0xb,
    0xff, 0xff, 0x78, 0xfc, 0xcd, 0xf1, 0x5, 0xf3,
    0x11, 0xcb, 0xf8, 0x20, 0xa9, 0x2, 0xe8, 0x0,
    0xd, 0x67, 0x7e, 0x8e, 0x10, 0x7, 0xef, 0xf4,
    0xe4, 0x0, 0xbf, 0x30, 0x0, 0xe, 0x2d, 0x3e,
    0x69, 0xef, 0x40, 0x0, 0x0, 0xe2, 0xd3, 0xf3,
    0x96, 0xfc, 0x88, 0x50, 0xe, 0x2d, 0x3f, 0x21,
    0xdb, 0x66, 0xe8, 0x0, 0xee, 0xf4, 0xf5, 0xed,
    0x40, 0x1f, 0x30, 0xf, 0x3b, 0x5f, 0x2a, 0x2e,
    0x69, 0xc0, 0x0, 0x60, 0x2, 0xf1, 0x0, 0x3f,
    0xf3, 0x0, 0x0, 0xa, 0xde, 0x0, 0x2a, 0xf5,
    0x0, 0x0, 0x0, 0x99, 0x27, 0xdf, 0xb2, 0x0,
    0x0, 0x0, 0x0, 0x0, 0x48, 0x20, 0x0, 0x0,

    /* U+5927 "大" */
    0x0, 0x0, 0x0, 0x8, 0x60, 0x0, 0x0, 0x0,
    0x0, 0x0, 0x0, 0xc, 0xa0, 0x0, 0x0, 0x0,
    0x0, 0x0, 0x0, 0xb, 0x90, 0x0, 0x0, 0x0,
    0x0, 0x0, 0x0, 0xb, 0x80, 0x0, 0x0, 0x0,
    0x4, 0x54, 0x44, 0x4d, 0xa4, 0x44, 0x55, 0x50,
    0x9, 0xee, 0xee, 0xef, 0xfe, 0xee, 0xee, 0xc0,
    0x0, 0x0, 0x0, 0xf, 0xb0, 0x0, 0x0, 0x0,
    0x0, 0x0, 0x0, 0x3f, 0xf2, 0x0, 0x0, 0x0,
    0x0, 0x0, 0x0, 0xaa, 0x9b, 0x0, 0x0, 0x0,
    0x0, 0x0, 0x4, 0xf2, 0x1f, 0x60, 0x0, 0x0,
    0x0, 0x0, 0x2e, 0x80, 0x6, 0xf3, 0x0, 0x0,
    0x0, 0x3, 0xec, 0x0, 0x0, 0x9f, 0x40, 0x0,
    0x1, 0x9f, 0xb0, 0x0, 0x0, 0xa, 0xf8, 0x0,
    0x2f, 0xf7, 0x0, 0x0, 0x0, 0x0, 0x8f, 0xb0,
    0x5, 0x20, 0x0, 0x0, 0x0, 0x0, 0x3, 0x20,

    /* U+5929 "天" */
    0x0, 0x0, 0x0, 0x0, 0x0, 0x0, 0x0, 0x0,
    0x0, 0xbf, 0xff, 0xff, 0xff, 0xff, 0xf3, 0x0,
    0x0, 0x23, 0x33, 0x3d, 0x83, 0x33, 0x30, 0x0,
    0x0, 0x0, 0x0, 0xd, 0x60, 0x0, 0x0, 0x0,
    0x0, 0x0, 0x0, 0xd, 0x60, 0x0, 0x0, 0x0,
    0xb, 0xee, 0xee, 0xef, 0xfe, 0xee, 0xee, 0x80,
    0x4, 0x44, 0x44, 0x6f, 0xd4, 0x44, 0x44, 0x20,
    0x0, 0x0, 0x0, 0x7e, 0xf2, 0x0, 0x0, 0x0,
    0x0, 0x0, 0x0, 0xe7, 0xbb, 0x0, 0x0, 0x0,
    0x0, 0x0, 0x8, 0xf1, 0x2f, 0x70, 0x0, 0x0,
    0x0, 0x0, 0x6f, 0x60, 0x7, 0xf4, 0x0, 0x0,
    0x0, 0x9, 0xf8, 0x0, 0x0, 0x9f, 0x80, 0x0,
    0x6, 0xef, 0x50, 0x0, 0x0, 0x6, 0xfe, 0x90,
    0x3e, 0xa2, 0x0, 0x0, 0x0, 0x0, 0x19, 0x70,
    0x0, 0x0, 0x0, 0x0, 0x0, 0x0, 0x0, 0x0,

    /* U+5931 "失" */
    0x0, 0x0, 0x0, 0x5, 0x50, 0x0, 0x0, 0x0,
    0x0, 0x2, 0x20, 0xa, 0xa0, 0x0, 0x0, 0x0,
    0x0, 0x9, 0xc0, 0xa, 0x90, 0x0, 0x0, 0x0,
    0x0, 0xe, 0x72, 0x2b, 0xa2, 0x22, 0x32, 0x0,
    0x0, 0x7f, 0xee, 0xef, 0xfe, 0xee, 0xe8, 0x0,
    0x1, 0xe5, 0x0, 0xb, 0x80, 0x0, 0x0, 0x0,
    0x7, 0xb0, 0x0, 0xc, 0x70, 0x0, 0x0, 0x0,
    0x4, 0x54, 0x44, 0x4d, 0x94, 0x44, 0x44, 0x30,
    0xc, 0xcc, 0xcc, 0xcf, 0xfc, 0xcc, 0xcc, 0x80,
    0x0, 0x0, 0x0, 0x6e, 0xe5, 0x0, 0x0, 0x0,
    0x0, 0x0, 0x1, 0xe6, 0x5f, 0x30, 0x0, 0x0,
    0x0, 0x0, 0x2d, 0xa0, 0x8, 0xf7, 0x0, 0x0,
    0x0, 0x7, 0xfa, 0x0, 0x0, 0x6f, 0xe8, 0x30,
    0x8, 0xef, 0x70, 0x0, 0x0, 0x1, 0xaf, 0xb0,
    0x5, 0x81, 0x0, 0x0, 0x0, 0x0, 0x1, 0x10,

    /* U+594F "奏" */
    0x0, 0x0, 0x0, 0x8, 0x60, 0x0, 0x0, 0x0,
    0x0, 0x54, 0x44, 0x4e, 0x94, 0x44, 0x45, 0x10,
    0x1, 0xba, 0xaa, 0xbf, 0xba, 0xaa, 0xab, 0x20,
    0x0, 0x35, 0x55, 0x7f, 0x55, 0x55, 0x53, 0x0,
    0x0, 0x47, 0x66, 0xdb, 0x66, 0x66, 0x74, 0x0,
    0xb, 0xbb, 0xbb, 0xfc, 0xbb, 0xbb, 0xbb, 0x90,
    0x3, 0x22, 0x3e, 0x92, 0x22, 0xda, 0x22, 0x20,
    0x0, 0x1, 0xcf, 0x43, 0x33, 0x7f, 0x80, 0x0,
    0x0, 0x7e, 0xba, 0xbd, 0xeb, 0xb6, 0xfd, 0x60,
    0xd, 0xe8, 0x11, 0x18, 0xb1, 0x11, 0x39, 0x90,
    0x1, 0xc, 0xdd, 0xdf, 0xed, 0xdd, 0xe4, 0x0,
    0x0, 0x0, 0x0, 0x1f, 0xd6, 0x10, 0x0, 0x0,
    0x0, 0x0, 0x6, 0xe9, 0x39, 0xfb, 0x60, 0x0,
    0x1, 0xac, 0xfd, 0x50, 0x0, 0x18, 0xee, 0x10,
    0x0, 0x65, 0x20, 0x0, 0x0, 0x0, 0x3, 0x0,

    /* U+597D "好" */
    0x0, 0x5, 0x80, 0x0, 0x0, 0x0, 0x0, 0x0,
    0x0, 0x9, 0xb0, 0x1, 0x44, 0x44, 0x44, 0x40,
    0x0, 0xb, 0x60, 0x2, 0xbb, 0xbb, 0xbf, 0xe0,
    0x4, 0x3e, 0x63, 0x30, 0x0, 0x0, 0xae, 0x30,
    0xd, 0xdf, 0xcd, 0xf2, 0x0, 0x1c, 0xb1, 0x0,
    0x0, 0x7b, 0x4, 0xf0, 0x0, 0x4f, 0x0, 0x0,
    0x0, 0xc6, 0x8, 0xb1, 0x11, 0x4f, 0x11, 0x10,
    0x2, 0xf1, 0xc, 0x6e, 0xff, 0xff, 0xff, 0xf7,
    0x6, 0xf5, 0x2f, 0x10, 0x0, 0x3f, 0x0, 0x0,
    0x0, 0x5f, 0xea, 0x0, 0x0, 0x3f, 0x0, 0x0,
    0x0, 0x6, 0xfc, 0x10, 0x0, 0x3f, 0x0, 0x0,
    0x0, 0x3e, 0x6c, 0xe2, 0x0, 0x3f, 0x0, 0x0,
    0x5, 0xf6, 0x0, 0xc7, 0x0, 0x5f, 0x0, 0x0,
    0x3f, 0x60, 0x0, 0x0, 0x1f, 0xfa, 0x0, 0x0,
    0x1, 0x0, 0x0, 0x0, 0x5, 0x30, 0x0, 0x0,

    /* U+59CB "始" */
    0x0, 0x0, 0x0, 0x0, 0x0, 0x0, 0x0, 0x0,
    0x0, 0x4d, 0x0, 0x0, 0xb, 0x50, 0x0, 0x0,
    0x0, 0x6c, 0x0, 0x0, 0x3f, 0x30, 0x0, 0x0,
    0x0, 0x89, 0x0, 0x0, 0xa9, 0x0, 0x40, 0x0,
    0x4b, 0xed, 0xbb, 0x13, 0xe1, 0x5, 0xf3, 0x0,
    0x37, 0xf8, 0x8f, 0x1d, 0x50, 0x0, 0x9e, 0x10,
    0x0, 0xf0, 0x3e, 0x8f, 0xee, 0xfe, 0xde, 0xc0,
    0x4, 0xd0, 0x6b, 0x26, 0x31, 0x0, 0x1, 0x40,
    0x8, 0x90, 0xa8, 0x1, 0x22, 0x22, 0x22, 0x0,
    0xc, 0x80, 0xe3, 0xd, 0xff, 0xff, 0xff, 0x10,
    0x6, 0xec, 0xe0, 0xc, 0x60, 0x0, 0x3f, 0x0,
    0x0, 0x1f, 0xe2, 0xc, 0x60, 0x0, 0x3f, 0x0,
    0x0, 0x5e, 0x8f, 0x3c, 0x60, 0x0, 0x3f, 0x0,
    0x2, 0xe6, 0x6, 0x1c, 0xff, 0xff, 0xff, 0x0,
    0x2e, 0xb0, 0x0, 0xc, 0x71, 0x11, 0x4f, 0x0,
    0x1b, 0x10, 0x0, 0xd, 0x60, 0x0, 0x3f, 0x10,
    0x0, 0x0, 0x0, 0x0, 0x0, 0x0, 0x0, 0x0,

    /* U+5A49 "婉" */
    0x0, 0x21, 0x0, 0x0, 0x7, 0xc0, 0x0, 0x0,
    0x0, 0xb9, 0x0, 0x0, 0x6, 0xf2, 0x0, 0x0,
    0x0, 0xc5, 0x0, 0xee, 0xee, 0xee, 0xef, 0xa0,
    0x2, 0xe4, 0x20, 0xe4, 0x0, 0x0, 0x6, 0xa0,
    0x4d, 0xfc, 0xf4, 0x68, 0x10, 0x0, 0x2, 0x30,
    0x2, 0xe0, 0xd3, 0x3f, 0x42, 0x28, 0x88, 0x10,
    0x5, 0xb0, 0xe1, 0x8e, 0xdf, 0x3f, 0x8f, 0x20,
    0x8, 0x80, 0xf0, 0xe5, 0x2d, 0x2e, 0xe, 0x20,
    0xb, 0x64, 0xc6, 0xd3, 0x6c, 0x2e, 0x1f, 0x20,
    0x9, 0xdb, 0x92, 0x3a, 0xf9, 0x2e, 0x8e, 0x0,
    0x0, 0x4f, 0xc2, 0x0, 0xf5, 0x2e, 0x10, 0x0,
    0x0, 0x9d, 0xae, 0x7, 0xd0, 0x2e, 0x0, 0x30,
    0x7, 0xf2, 0x2, 0x4f, 0x40, 0x2f, 0x12, 0xf4,
    0x2e, 0x50, 0x3, 0xf7, 0x0, 0xe, 0xff, 0xc0,
    0x1, 0x0, 0x0, 0x30, 0x0, 0x0, 0x0, 0x0,

    /* U+5B55 "孕" */
    0x0, 0x0, 0x0, 0x0, 0x0, 0x0, 0x0, 0x9,
    0xff, 0xff, 0xff, 0xff, 0xf3, 0x0, 0x0, 0x0,
    0x9b, 0x0, 0x4, 0xe0, 0x0, 0x0, 0x0, 0xe6,
    0x0, 0x8, 0xff, 0xfb, 0x0, 0x8, 0xd0, 0x0,
    0x1, 0x22, 0x9a, 0x0, 0x6f, 0x30, 0x0, 0x0,
    0x0, 0x99, 0x2b, 0xf9, 0xff, 0xff, 0xff, 0xb0,
    0xb7, 0x6e, 0x40, 0x10, 0x2, 0xdc, 0x47, 0xf4,
    0x0, 0x0, 0x0, 0x2e, 0x80, 0xc, 0x60, 0x33,
    0x33, 0x33, 0x6f, 0x43, 0x33, 0x33, 0xbd, 0xcc,
    0xcc, 0xdf, 0xcc, 0xcc, 0xda, 0x0, 0x0, 0x0,
    0x3f, 0x10, 0x0, 0x0, 0x0, 0x0, 0x0, 0x3f,
    0x10, 0x0, 0x0, 0x0, 0x0, 0x4, 0x9f, 0x10,
    0x0, 0x0, 0x0, 0x0, 0x7, 0xe8, 0x0, 0x0,
    0x0,

    /* U+5B57 "字" */
    0x0, 0x0, 0x0, 0x0, 0x0, 0x0, 0x0, 0x0,
    0x0, 0x0, 0x4c, 0x0, 0x0, 0x0, 0x0, 0x0,
    0x0, 0x1, 0xd9, 0x0, 0x0, 0x0, 0x4, 0xff,
    0xff, 0xff, 0xff, 0xff, 0xff, 0x50, 0x4e, 0x0,
    0x0, 0x0, 0x0, 0x0, 0xd5, 0x3, 0xa0, 0x21,
    0x11, 0x11, 0x11, 0x8, 0x30, 0x0, 0x5f, 0xff,
    0xff, 0xff, 0xf5, 0x0, 0x0, 0x0, 0x0, 0x0,
    0x7, 0xf7, 0x0, 0x0, 0x0, 0x0, 0x0, 0x2c,
    0xd2, 0x0, 0x0, 0x1, 0x21, 0x11, 0x18, 0xf2,
    0x11, 0x11, 0x20, 0xbf, 0xff, 0xff, 0xff, 0xff,
    0xff, 0xff, 0x20, 0x0, 0x0, 0x6, 0xe0, 0x0,
    0x0, 0x0, 0x0, 0x0, 0x0, 0x6e, 0x0, 0x0,
    0x0, 0x0, 0x0, 0x0, 0x6, 0xe0, 0x0, 0x0,
    0x0, 0x0, 0x0, 0x38, 0xcd, 0x0, 0x0, 0x0,
    0x0, 0x0, 0x2, 0xdb, 0x40, 0x0, 0x0, 0x0,

    /* U+5B58 "存" */
    0x0, 0x0, 0x0, 0x0, 0x0, 0x0, 0x0, 0x0,
    0x0, 0x0, 0x0, 0x6f, 0x20, 0x0, 0x0, 0x0,
    0x0, 0x0, 0x0, 0xca, 0x0, 0x0, 0x0, 0x0,
    0x1, 0xff, 0xff, 0xff, 0xff, 0xff, 0xff, 0xb0,
    0x0, 0x22, 0x1b, 0xa1, 0x11, 0x11, 0x12, 0x10,
    0x0, 0x1, 0x7f, 0x20, 0x0, 0x0, 0x0, 0x0,
    0x0, 0x5, 0xf7, 0x4f, 0xff, 0xff, 0xff, 0x40,
    0x0, 0xd, 0xd0, 0x2, 0x11, 0x16, 0xfb, 0x10,
    0x0, 0xbf, 0xb0, 0x0, 0x0, 0xae, 0x50, 0x0,
    0xa, 0xe7, 0xb1, 0x22, 0x22, 0xf6, 0x22, 0x20,
    0x3, 0x35, 0xb5, 0xff, 0xff, 0xff, 0xff, 0xf2,
    0x0, 0x5, 0xb0, 0x0, 0x0, 0xe5, 0x0, 0x0,
    0x0, 0x5, 0xb0, 0x0, 0x0, 0xe5, 0x0, 0x0,
    0x0, 0x5, 0xb0, 0x0, 0x0, 0xe5, 0x0, 0x0,
    0x0, 0x5, 0xc0, 0x0, 0x36, 0xf4, 0x0, 0x0,
    0x0, 0x0, 0x0, 0x0, 0x6d, 0x90, 0x0, 0x0,

    /* U+5B66 "学" */
    0x0, 0x0, 0x0, 0x0, 0x0, 0x0, 0x0, 0x2,
    0x0, 0x6, 0x60, 0x0, 0x98, 0x0, 0xc, 0xc1,
    0x8, 0xf2, 0x1, 0xf8, 0x0, 0x1, 0xe9, 0x0,
    0xd6, 0x9, 0xc0, 0x0, 0x44, 0x75, 0x44, 0x44,
    0x5f, 0x74, 0x42, 0xed, 0xcc, 0xcc, 0xcc, 0xcc,
    0xcc, 0xf6, 0xe5, 0x0, 0x0, 0x0, 0x0, 0x0,
    0xe6, 0x72, 0x8f, 0xee, 0xee, 0xee, 0xe0, 0x63,
    0x0, 0x12, 0x22, 0x25, 0xef, 0xa0, 0x0, 0x0,
    0x0, 0x0, 0x7f, 0xa1, 0x0, 0x0, 0x33, 0x33,
    0x33, 0xac, 0x33, 0x33, 0x33, 0xde, 0xee, 0xee,
    0xff, 0xee, 0xee, 0xec, 0x0, 0x0, 0x0, 0x8b,
    0x0, 0x0, 0x0, 0x0, 0x0, 0x0, 0x8b, 0x0,
    0x0, 0x0, 0x0, 0x0, 0x57, 0xda, 0x0, 0x0,
    0x0, 0x0, 0x0, 0x5d, 0xa3, 0x0, 0x0, 0x0,

    /* U+5B75 "孵" */
    0x0, 0x1, 0x20, 0x0, 0x0, 0x0, 0x4, 0x70,
    0xa, 0xce, 0xa1, 0x22, 0x26, 0xbd, 0xfc, 0x80,
    0xf, 0x30, 0x9, 0xdb, 0xf3, 0x55, 0x10, 0xa2,
    0xf, 0x21, 0xc9, 0x61, 0xe7, 0x88, 0x84, 0xe0,
    0xf, 0xc5, 0xf8, 0xb5, 0xe4, 0xe3, 0xba, 0x80,
    0xf, 0xb8, 0xf8, 0xc9, 0xe0, 0x62, 0x24, 0x30,
    0xf, 0x8c, 0xf8, 0x9b, 0xe2, 0xdc, 0xcf, 0xa0,
    0xf, 0x34, 0xf8, 0x78, 0xe0, 0x0, 0xbb, 0x0,
    0xf, 0x26, 0xe8, 0x61, 0xe0, 0x4, 0xe0, 0x0,
    0x2f, 0xfb, 0xe8, 0x61, 0xea, 0xee, 0xfe, 0xe6,
    0xa, 0x35, 0xb8, 0x9b, 0xd0, 0x3, 0xe0, 0x0,
    0x0, 0xb, 0x78, 0x8b, 0x50, 0x3, 0xe0, 0x0,
    0x0, 0x4f, 0x18, 0x60, 0x0, 0x3, 0xe0, 0x0,
    0x2, 0xe7, 0x8, 0x60, 0x0, 0x7c, 0xd0, 0x0,
    0x5, 0xc0, 0x9, 0x60, 0x0, 0x6c, 0x50, 0x0,
    0x0, 0x0, 0x0, 0x0, 0x0, 0x0, 0x0, 0x0,

    /* U+5B83 "它" */
    0x0, 0x0, 0x0, 0x20, 0x0, 0x0, 0x0, 0x0,
    0x0, 0x1, 0xf6, 0x0, 0x0, 0x0, 0x0, 0x0,
    0x0, 0x8c, 0x0, 0x0, 0x0, 0x4d, 0xdd, 0xdd,
    0xed, 0xdd, 0xdd, 0xd4, 0x4f, 0x44, 0x44, 0x44,
    0x44, 0x44, 0xf4, 0x4e, 0x1, 0x40, 0x0, 0x0,
    0x0, 0xe4, 0x3a, 0x5, 0xf0, 0x0, 0x0, 0x13,
    0x52, 0x0, 0x5, 0xe0, 0x0, 0x18, 0xfc, 0x0,
    0x0, 0x5, 0xe1, 0x5a, 0xfc, 0x71, 0x0, 0x0,
    0x5, 0xff, 0xc7, 0x20, 0x0, 0x0, 0x0, 0x5,
    0xe1, 0x0, 0x0, 0x0, 0x0, 0x0, 0x5, 0xe0,
    0x0, 0x0, 0x1, 0x10, 0x0, 0x5, 0xe0, 0x0,
    0x0, 0x4, 0xf0, 0x0, 0x5, 0xf3, 0x22, 0x22,
    0x2a, 0xd0, 0x0, 0x1, 0xef, 0xff, 0xff, 0xfd,
    0x40,

    /* U+5B89 "安" */
    0x0, 0x0, 0x0, 0x30, 0x0, 0x0, 0x0, 0x0,
    0x0, 0x2, 0xf4, 0x0, 0x0, 0x0, 0x0, 0x0,
    0x0, 0x8b, 0x0, 0x0, 0x0, 0xe, 0xff, 0xff,
    0xff, 0xff, 0xff, 0xd0, 0xe, 0x60, 0x4, 0x30,
    0x0, 0x6, 0xe0, 0xc, 0x50, 0xb, 0xc0, 0x0,
    0x5, 0xe0, 0x0, 0x0, 0x1f, 0x40, 0x0, 0x0,
    0x0, 0x11, 0x11, 0x7e, 0x11, 0x11, 0x11, 0x12,
    0xbe, 0xee, 0xfe, 0xee, 0xef, 0xfe, 0xee, 0x0,
    0x6, 0xe0, 0x0, 0xb, 0xa0, 0x0, 0x0, 0x1e,
    0x90, 0x0, 0x3f, 0x20, 0x0, 0x0, 0x28, 0xcf,
    0xb6, 0xd8, 0x0, 0x0, 0x0, 0x0, 0x1, 0xbf,
    0xfa, 0x30, 0x0, 0x0, 0x1, 0x5c, 0xf6, 0x3a,
    0xfc, 0x40, 0x3a, 0xdf, 0xd7, 0x10, 0x0, 0x2b,
    0xf8, 0xa, 0x72, 0x0, 0x0, 0x0, 0x0, 0x41,

    /* U+5B8C "完" */
    0x0, 0x0, 0x0, 0x0, 0x0, 0x0, 0x0, 0x0,
    0x0, 0x0, 0x0, 0x2d, 0x10, 0x0, 0x0, 0x0,
    0x1, 0x11, 0x11, 0x2e, 0xb1, 0x11, 0x11, 0x10,
    0xc, 0xff, 0xff, 0xff, 0xff, 0xff, 0xff, 0xe0,
    0xc, 0x90, 0x0, 0x0, 0x0, 0x0, 0x5, 0xe0,
    0xb, 0x81, 0x43, 0x33, 0x33, 0x34, 0x5, 0xd0,
    0x0, 0x5, 0xee, 0xee, 0xee, 0xee, 0x20, 0x0,
    0x0, 0x0, 0x0, 0x0, 0x0, 0x0, 0x0, 0x0,
    0x1e, 0xdd, 0xdd, 0xdd, 0xdd, 0xdd, 0xdd, 0xe1,
    0x4, 0x33, 0x3d, 0xa3, 0x5f, 0x53, 0x33, 0x40,
    0x0, 0x0, 0xf, 0x70, 0x2f, 0x20, 0x0, 0x0,
    0x0, 0x0, 0x4f, 0x30, 0x2f, 0x20, 0x0, 0x0,
    0x0, 0x0, 0xcc, 0x0, 0x2f, 0x20, 0x3, 0x70,
    0x0, 0x3d, 0xe2, 0x0, 0x2f, 0x62, 0x29, 0xe0,
    0x1c, 0xfc, 0x20, 0x0, 0xc, 0xff, 0xff, 0x50,
    0x5, 0x40, 0x0, 0x0, 0x0, 0x0, 0x0, 0x0,

    /* U+5B9A "定" */
    0x0, 0x0, 0x0, 0x4, 0x0, 0x0, 0x0, 0x0,
    0x0, 0x0, 0x0, 0x1f, 0x70, 0x0, 0x0, 0x0,
    0x0, 0x0, 0x0, 0x7, 0x90, 0x0, 0x0, 0x0,
    0x3, 0xee, 0xee, 0xee, 0xee, 0xee, 0xee, 0x50,
    0x3, 0xf2, 0x11, 0x11, 0x11, 0x11, 0x1f, 0x50,
    0x2, 0x90, 0x0, 0x0, 0x0, 0x0, 0x8, 0x30,
    0x0, 0x7, 0xff, 0xff, 0xff, 0xff, 0xf0, 0x0,
    0x0, 0x1, 0x21, 0x16, 0xe1, 0x11, 0x20, 0x0,
    0x0, 0x1, 0x30, 0x5, 0xe0, 0x0, 0x0, 0x0,
    0x0, 0x5, 0xf2, 0x5, 0xe2, 0x22, 0x31, 0x0,
    0x0, 0xb, 0xb0, 0x5, 0xfe, 0xee, 0xe7, 0x0,
    0x0, 0x2f, 0xb0, 0x5, 0xe0, 0x0, 0x0, 0x0,
    0x0, 0xbd, 0xbb, 0x15, 0xe0, 0x0, 0x0, 0x0,
    0x8, 0xf3, 0x9, 0xfc, 0xf4, 0x32, 0x34, 0x50,
    0x3f, 0x60, 0x0, 0x39, 0xce, 0xff, 0xff, 0xb0,
    0x1, 0x0, 0x0, 0x0, 0x0, 0x0, 0x0, 0x0,

    /* U+5B9D "宝" */
    0x0, 0x0, 0x0, 0x1, 0x0, 0x0, 0x0, 0x0,
    0x0, 0x0, 0x0, 0x2f, 0x40, 0x0, 0x0, 0x0,
    0x1, 0x11, 0x11, 0x1e, 0x91, 0x11, 0x11, 0x10,
    0xf, 0xff, 0xff, 0xff, 0xff, 0xff, 0xff, 0xf1,
    0xf, 0x51, 0x11, 0x11, 0x11, 0x11, 0x14, 0xf0,
    0xf, 0x50, 0x0, 0x0, 0x0, 0x0, 0x2, 0xe1,
    0x3, 0x2f, 0xff, 0xff, 0xff, 0xff, 0xc0, 0x0,
    0x0, 0x1, 0x11, 0x1e, 0x61, 0x11, 0x10, 0x0,
    0x0, 0x0, 0x0, 0xe, 0x50, 0x0, 0x0, 0x0,
    0x0, 0x35, 0x44, 0x4e, 0x84, 0x44, 0x51, 0x0,
    0x0, 0x9d, 0xcc, 0xcf, 0xdc, 0xcc, 0xd3, 0x0,
    0x0, 0x0, 0x0, 0xe, 0x50, 0x57, 0x0, 0x0,
    0x0, 0x0, 0x0, 0xe, 0x50, 0x5f, 0x50, 0x0,
    0x2, 0x22, 0x22, 0x2e, 0x73, 0x39, 0x53, 0x30,
    0xe, 0xff, 0xff, 0xff, 0xff, 0xff, 0xff, 0xe0,

    /* U+5B9E "实" */
    0x0, 0x0, 0x0, 0x0, 0x0, 0x0, 0x0, 0x0,
    0x0, 0x1, 0xe6, 0x0, 0x0, 0x0, 0x0, 0x0,
    0x0, 0xbc, 0x0, 0x0, 0x0, 0x4f, 0xff, 0xff,
    0xff, 0xff, 0xff, 0xf6, 0x4f, 0x10, 0x0, 0x1,
    0x0, 0x0, 0xf6, 0x4e, 0x5, 0x70, 0x3, 0xf3,
    0x0, 0xc5, 0x0, 0x4, 0xdd, 0x43, 0xf1, 0x0,
    0x0, 0x5, 0x91, 0x7, 0x64, 0xf0, 0x0, 0x0,
    0x2, 0xbf, 0x60, 0x5, 0xd0, 0x0, 0x0, 0x0,
    0x5, 0x50, 0x7, 0xb0, 0x0, 0x0, 0xef, 0xff,
    0xff, 0xff, 0xff, 0xff, 0xfe, 0x22, 0x11, 0x11,
    0x6f, 0x32, 0x11, 0x22, 0x0, 0x0, 0x5, 0xf6,
    0x7d, 0x50, 0x0, 0x0, 0x16, 0xcf, 0x50, 0x18,
    0xfc, 0x40, 0x4c, 0xfe, 0x81, 0x0, 0x0, 0x1a,
    0xf7, 0x7, 0x40, 0x0, 0x0, 0x0, 0x0, 0x41,

    /* U+5BA2 "客" */
    0x0, 0x0, 0x0, 0x3, 0x30, 0x0, 0x0, 0x0,
    0x0, 0x0, 0x0, 0xc, 0xd0, 0x0, 0x0, 0x0,
    0xd, 0xff, 0xff, 0xff, 0xff, 0xff, 0xff, 0xd0,
    0xd, 0x82, 0x27, 0x72, 0x22, 0x22, 0x27, 0xd0,
    0xe, 0x70, 0xe, 0xd1, 0x0, 0x0, 0x6, 0xe0,
    0x0, 0x0, 0xbf, 0xff, 0xff, 0xff, 0x40, 0x0,
    0x0, 0xa, 0xfc, 0x10, 0x2, 0xe8, 0x0, 0x0,
    0x0, 0xbe, 0x39, 0xe6, 0x4e, 0x80, 0x0, 0x0,
    0x0, 0x12, 0x0, 0x7f, 0xfa, 0x0, 0x0, 0x0,
    0x0, 0x2, 0x6b, 0xfa, 0x9f, 0xfa, 0x74, 0x31,
    0x5c, 0xff, 0xc8, 0x20, 0x1, 0x6a, 0xef, 0xf3,
    0x2a, 0x55, 0xff, 0xff, 0xff, 0xff, 0xe1, 0x50,
    0x0, 0x3, 0xf0, 0x0, 0x0, 0x5, 0xd0, 0x0,
    0x0, 0x3, 0xf1, 0x11, 0x11, 0x16, 0xd0, 0x0,
    0x0, 0x3, 0xfd, 0xdd, 0xdd, 0xde, 0xe0, 0x0,
    0x0, 0x4, 0xf0, 0x0, 0x0, 0x5, 0xf0, 0x0,
    0x0, 0x0, 0x10, 0x0, 0x0, 0x0, 0x0, 0x0,

    /* U+5BB6 "家" */
    0x0, 0x0, 0x0, 0x1b, 0x50, 0x0, 0x0, 0x0,
    0x1, 0x11, 0x11, 0x1d, 0xb1, 0x11, 0x11, 0x0,
    0xe, 0xfe, 0xee, 0xee, 0xee, 0xee, 0xef, 0x50,
    0xd, 0x60, 0x0, 0x0, 0x0, 0x0, 0xe, 0x50,
    0xe, 0x62, 0xff, 0xff, 0xff, 0xff, 0x29, 0x30,
    0x0, 0x0, 0x12, 0xcd, 0x20, 0x1, 0x10, 0x0,
    0x0, 0x1, 0x7e, 0xf9, 0x0, 0x5, 0xf3, 0x0,
    0x7, 0xbf, 0xb3, 0x6f, 0x70, 0x8f, 0x60, 0x0,
    0x9, 0xa3, 0x8, 0xe8, 0xfd, 0xe9, 0x0, 0x0,
    0x0, 0x6, 0xea, 0x16, 0xfa, 0x3e, 0x0, 0x0,
    0xa, 0xfc, 0x41, 0xac, 0xab, 0xd, 0x80, 0x0,
    0x4, 0x40, 0x6e, 0x80, 0x7c, 0x3, 0xf9, 0x0,
    0x2, 0x8e, 0xb2, 0x0, 0xab, 0x0, 0x5f, 0xc0,
    0x1e, 0xc4, 0x0, 0x9f, 0xe3, 0x0, 0x3, 0x20,
    0x1, 0x0, 0x0, 0x36, 0x10, 0x0, 0x0, 0x0,

    /* U+5BC6 "密" */
    0x0, 0x0, 0x0, 0x8, 0x70, 0x0, 0x0, 0x0,
    0x1, 0x33, 0x33, 0x3c, 0xe3, 0x33, 0x33, 0x30,
    0x6, 0xfd, 0xdd, 0xdd, 0xdd, 0xdd, 0xde, 0xf0,
    0x6, 0xe0, 0x0, 0x3e, 0x40, 0x0, 0x5, 0xf0,
    0x2, 0x75, 0x7, 0x38, 0xc0, 0xbc, 0x3, 0x40,
    0x0, 0x8e, 0xf, 0x50, 0x1c, 0xc2, 0x1f, 0x70,
    0x1, 0xe7, 0xf, 0x67, 0xe7, 0x3, 0x17, 0xf3,
    0x0, 0x31, 0x1f, 0xfb, 0x31, 0x1c, 0xe0, 0x40,
    0x4, 0x7b, 0xfe, 0xff, 0xff, 0xfe, 0x40, 0x0,
    0xc, 0xc7, 0x20, 0x2, 0x70, 0x0, 0x0, 0x0,
    0x0, 0xc, 0x50, 0x4, 0xf0, 0x0, 0x5f, 0x0,
    0x0, 0xe, 0x50, 0x4, 0xf0, 0x0, 0x5e, 0x0,
    0x0, 0xe, 0x50, 0x4, 0xf0, 0x0, 0x5e, 0x0,
    0x0, 0xe, 0xff, 0xff, 0xff, 0xff, 0xfe, 0x0,
    0x0, 0x0, 0x0, 0x0, 0x0, 0x0, 0x5f, 0x0,

    /* U+5BF9 "对" */
    0x0, 0x0, 0x0, 0x0, 0x0, 0x0, 0xf5, 0x0,
    0x0, 0x0, 0x0, 0x0, 0x0, 0x0, 0xf5, 0x0,
    0x6, 0x99, 0x99, 0x90, 0x0, 0x0, 0xf5, 0x0,
    0x6, 0x88, 0x8a, 0xe1, 0x21, 0x11, 0xf6, 0x20,
    0x0, 0x0, 0x7, 0xba, 0xee, 0xee, 0xfe, 0xe5,
    0x4, 0xa0, 0xa, 0x70, 0x0, 0x0, 0xf5, 0x0,
    0x1, 0xd9, 0xe, 0x31, 0x70, 0x0, 0xf5, 0x0,
    0x0, 0x1e, 0xbe, 0x1, 0xf4, 0x0, 0xf5, 0x0,
    0x0, 0x3, 0xf9, 0x0, 0x8c, 0x0, 0xf5, 0x0,
    0x0, 0x4, 0xff, 0x10, 0x1f, 0x30, 0xf5, 0x0,
    0x0, 0xd, 0x7a, 0xb0, 0x2, 0x0, 0xf5, 0x0,
    0x0, 0xac, 0x1, 0xe6, 0x0, 0x0, 0xf5, 0x0,
    0xb, 0xd1, 0x0, 0x65, 0x0, 0x0, 0xf4, 0x0,
    0x2b, 0x10, 0x0, 0x0, 0x0, 0x8c, 0xf2, 0x0,
    0x0, 0x0, 0x0, 0x0, 0x0, 0x58, 0x30, 0x0,

    /* U+5C0F "小" */
    0x0, 0x0, 0x0, 0x6f, 0x0, 0x0, 0x0, 0x0,
    0x0, 0x0, 0x5e, 0x0, 0x0, 0x0, 0x0, 0x0,
    0x0, 0x5e, 0x0, 0x0, 0x0, 0x0, 0x0, 0x0,
    0x5e, 0x0, 0x0, 0x0, 0x0, 0x2d, 0x30, 0x5e,
    0x0, 0xd3, 0x0, 0x0, 0x7f, 0x0, 0x5e, 0x0,
    0xbc, 0x0, 0x0, 0xca, 0x0, 0x5e, 0x0, 0x3f,
    0x50, 0x2, 0xf4, 0x0, 0x5e, 0x0, 0xa, 0xd0,
    0x9, 0xe0, 0x0, 0x5e, 0x0, 0x3, 0xf4, 0x1f,
    0x70, 0x0, 0x5e, 0x0, 0x0, 0xcb, 0x3c, 0x10,
    0x0, 0x5e, 0x0, 0x0, 0x32, 0x0, 0x0, 0x0,
    0x5e, 0x0, 0x0, 0x0, 0x0, 0x0, 0x1, 0x7e,
    0x0, 0x0, 0x0, 0x0, 0x0, 0x2f, 0xf9, 0x0,
    0x0, 0x0, 0x0, 0x0, 0x4, 0x20, 0x0, 0x0,
    0x0,

    /* U+5C11 "少" */
    0x0, 0x0, 0x0, 0xf, 0x60, 0x0, 0x0, 0x0,
    0x0, 0x0, 0x0, 0xe6, 0x0, 0x0, 0x0, 0x0,
    0x0, 0x60, 0xd, 0x60, 0x44, 0x0, 0x0, 0x0,
    0x4f, 0x40, 0xd6, 0x8, 0xf6, 0x0, 0x0, 0xd,
    0x80, 0xd, 0x60, 0x6, 0xf9, 0x0, 0xa, 0xc0,
    0x0, 0xd6, 0x0, 0x4, 0xf9, 0x7, 0xf2, 0x0,
    0xd, 0x60, 0x0, 0x5, 0x31, 0xe5, 0x0, 0x0,
    0xd6, 0x0, 0x35, 0x0, 0x1, 0x0, 0x0, 0xe,
    0x60, 0x1d, 0xd1, 0x0, 0x0, 0x0, 0x0, 0x63,
    0x1c, 0xd1, 0x0, 0x0, 0x0, 0x0, 0x0, 0x4e,
    0xd1, 0x0, 0x0, 0x0, 0x0, 0x4, 0xaf, 0x90,
    0x0, 0x0, 0x1, 0x36, 0x9d, 0xfb, 0x30, 0x0,
    0x0, 0x0, 0x6f, 0xeb, 0x71, 0x0, 0x0, 0x0,
    0x0, 0x0, 0x10, 0x0, 0x0, 0x0, 0x0, 0x0,
    0x0,

    /* U+5C1A "尚" */
    0x0, 0x0, 0x0, 0x39, 0x0, 0x0, 0x0, 0x7,
    0x50, 0x0, 0x5f, 0x0, 0x8, 0x90, 0x5, 0xf6,
    0x0, 0x5e, 0x0, 0x3f, 0x40, 0x0, 0x5f, 0x50,
    0x5e, 0x2, 0xe6, 0x0, 0x0, 0x5, 0x10, 0x5e,
    0x4, 0x80, 0x0, 0x6f, 0xff, 0xff, 0xff, 0xff,
    0xff, 0xf6, 0x5e, 0x0, 0x0, 0x0, 0x0, 0x0,
    0xe5, 0x5e, 0x0, 0x11, 0x11, 0x11, 0x0, 0xe5,
    0x5e, 0x0, 0xfe, 0xee, 0xef, 0x10, 0xe5, 0x5e,
    0x0, 0xf4, 0x0, 0x1f, 0x0, 0xe5, 0x5e, 0x0,
    0xf4, 0x0, 0x1f, 0x0, 0xe5, 0x5e, 0x0, 0xef,
    0xff, 0xff, 0x10, 0xe5, 0x5e, 0x0, 0x0, 0x0,
    0x0, 0x11, 0xf5, 0x5e, 0x0, 0x0, 0x0, 0x0,
    0x7f, 0xc1, 0x0, 0x0, 0x0, 0x0, 0x0, 0x0,
    0x0,

    /* U+5C3D "尽" */
    0x0, 0xf, 0xff, 0xff, 0xff, 0xff, 0xe0, 0x0,
    0x0, 0xe, 0x51, 0x11, 0x11, 0x15, 0xe0, 0x0,
    0x0, 0xe, 0x40, 0x0, 0x0, 0x5, 0xe0, 0x0,
    0x0, 0xe, 0x73, 0x33, 0x33, 0x37, 0xe0, 0x0,
    0x0, 0xe, 0xed, 0xdd, 0xef, 0xdd, 0xc0, 0x0,
    0x0, 0xf, 0x20, 0x0, 0x1e, 0x50, 0x0, 0x0,
    0x0, 0x3f, 0x0, 0x40, 0x6, 0xe2, 0x0, 0x0,
    0x0, 0x9b, 0x3, 0xfc, 0x30, 0x9e, 0x40, 0x0,
    0x2, 0xf4, 0x0, 0x2b, 0xf9, 0x9, 0xfa, 0x20,
    0x1d, 0xb0, 0x12, 0x0, 0x6c, 0x0, 0x5e, 0xc0,
    0x2c, 0x10, 0x8f, 0xb4, 0x0, 0x0, 0x1, 0x10,
    0x0, 0x0, 0x3, 0xbf, 0xc4, 0x0, 0x0, 0x0,
    0x0, 0x0, 0x0, 0x2, 0xbf, 0xa0, 0x0, 0x0,
    0x0, 0x0, 0x0, 0x0, 0x4, 0x40, 0x0, 0x0,

    /* U+5C4F "屏" */
    0x0, 0x5f, 0xff, 0xff, 0xff, 0xff, 0xff, 0x0,
    0x0, 0x5d, 0x0, 0x0, 0x0, 0x0, 0x2e, 0x0,
    0x0, 0x4f, 0xff, 0xff, 0xff, 0xff, 0xff, 0x0,
    0x0, 0x4d, 0x0, 0x25, 0x0, 0x5, 0x20, 0x0,
    0x0, 0x4c, 0x0, 0x5e, 0x10, 0xe, 0x60, 0x0,
    0x0, 0x5c, 0x14, 0x4b, 0x64, 0x7e, 0x44, 0x30,
    0x0, 0x6b, 0x4b, 0xbf, 0xcb, 0xbf, 0xcc, 0x70,
    0x0, 0x8a, 0x0, 0xd, 0x30, 0xf, 0x10, 0x0,
    0x0, 0xb7, 0xcd, 0xdf, 0xed, 0xdf, 0xdd, 0xe2,
    0x1, 0xf4, 0x11, 0x1f, 0x31, 0x1f, 0x21, 0x10,
    0x7, 0xe0, 0x0, 0x5e, 0x0, 0xf, 0x10, 0x0,
    0xe, 0x80, 0x4, 0xf6, 0x0, 0xf, 0x10, 0x0,
    0x1, 0x10, 0x2f, 0x70, 0x0, 0x1f, 0x20, 0x0,
    0x0, 0x0, 0x0, 0x0, 0x0, 0x0, 0x0, 0x0,

    /* U+5C5E "属" */
    0x0, 0x4f, 0xff, 0xff, 0xff, 0xff, 0xff, 0x30,
    0x0, 0x3e, 0x0, 0x0, 0x0, 0x0, 0xf, 0x30,
    0x0, 0x3f, 0xdd, 0xdd, 0xdd, 0xdd, 0xdd, 0x30,
    0x0, 0x3e, 0x14, 0x45, 0x56, 0x78, 0xa9, 0x0,
    0x0, 0x3e, 0x2a, 0x99, 0x9f, 0x76, 0x55, 0x0,
    0x0, 0x3e, 0xc, 0xdd, 0xdf, 0xdd, 0xdb, 0x0,
    0x0, 0x4d, 0xe, 0x10, 0x2e, 0x0, 0x3d, 0x0,
    0x0, 0x5b, 0xf, 0xdd, 0xdf, 0xdd, 0xdd, 0x0,
    0x0, 0x89, 0x1, 0x11, 0x3e, 0x11, 0x11, 0x0,
    0x0, 0xc5, 0x7f, 0xee, 0xef, 0xee, 0xee, 0xf1,
    0x2, 0xf1, 0x78, 0x0, 0x2e, 0xa, 0x61, 0xf1,
    0xa, 0xb0, 0x78, 0x8d, 0xee, 0xdc, 0xe2, 0xf1,
    0x9, 0x30, 0x78, 0x1, 0x0, 0x0, 0x5c, 0xe0,
    0x0, 0x0, 0x0, 0x0, 0x0, 0x0, 0x2, 0x0,

    /* U+5C71 "山" */
    0x0, 0x0, 0x0, 0x94, 0x0, 0x0, 0x0, 0x0,
    0x0, 0xe, 0x60, 0x0, 0x0, 0x0, 0x0, 0x0,
    0xd6, 0x0, 0x0, 0x3, 0xa0, 0x0, 0xd, 0x60,
    0x0, 0x38, 0x5f, 0x0, 0x0, 0xd6, 0x0, 0x6,
    0xf5, 0xf0, 0x0, 0xd, 0x60, 0x0, 0x6f, 0x5f,
    0x0, 0x0, 0xd6, 0x0, 0x6, 0xf5, 0xf0, 0x0,
    0xd, 0x60, 0x0, 0x6f, 0x5f, 0x0, 0x0, 0xd6,
    0x0, 0x6, 0xf5, 0xf0, 0x0, 0xd, 0x60, 0x0,
    0x6f, 0x5f, 0x0, 0x0, 0xd6, 0x0, 0x6, 0xf5,
    0xf1, 0x11, 0x1d, 0x71, 0x11, 0x6f, 0x5f, 0xff,
    0xff, 0xff, 0xff, 0xff, 0xf0, 0x0, 0x0, 0x0,
    0x0, 0x0, 0x6f,

    /* U+5D29 "崩" */
    0x0, 0x0, 0x0, 0x6, 0xd0, 0x0, 0x0, 0x0,
    0xb, 0x90, 0x0, 0x5d, 0x0, 0x1, 0xf2, 0x0,
    0xac, 0x88, 0x8b, 0xe8, 0x88, 0x8f, 0x20, 0x3,
    0x55, 0x55, 0x55, 0x55, 0x55, 0x51, 0x0, 0xbc,
    0xcc, 0xc0, 0x1c, 0xcc, 0xcc, 0x40, 0xe, 0x84,
    0x7f, 0x1, 0xf6, 0x44, 0xf5, 0x0, 0xe5, 0x3,
    0xf0, 0xf, 0x20, 0xe, 0x40, 0xe, 0xff, 0xff,
    0x0, 0xff, 0xff, 0xf4, 0x0, 0xe5, 0x4, 0xf0,
    0x1f, 0x20, 0xe, 0x40, 0xf, 0x50, 0x4f, 0x2,
    0xf1, 0x0, 0xe4, 0x1, 0xff, 0xff, 0xf0, 0x4f,
    0xff, 0xff, 0x40, 0x4f, 0x0, 0x3f, 0x7, 0xc0,
    0x0, 0xe4, 0xa, 0xc0, 0x6, 0xe0, 0xd8, 0x0,
    0xf, 0x43, 0xf5, 0x9, 0xf8, 0x6f, 0x20, 0x3c,
    0xf2, 0x5, 0x0, 0x11, 0x2, 0x60, 0x0, 0x83,
    0x0,

    /* U+5DE6 "左" */
    0x0, 0x0, 0x0, 0x10, 0x0, 0x0, 0x0, 0x0,
    0x0, 0x0, 0x0, 0xad, 0x0, 0x0, 0x0, 0x0,
    0x0, 0x0, 0x0, 0xba, 0x0, 0x0, 0x0, 0x0,
    0x0, 0x43, 0x22, 0xd9, 0x22, 0x22, 0x23, 0x30,
    0x1, 0xee, 0xee, 0xfe, 0xee, 0xee, 0xee, 0xc0,
    0x0, 0x0, 0x5, 0xf0, 0x0, 0x0, 0x0, 0x0,
    0x0, 0x0, 0xa, 0xa0, 0x0, 0x0, 0x0, 0x0,
    0x0, 0x0, 0x1f, 0x30, 0x0, 0x0, 0x0, 0x0,
    0x0, 0x0, 0x8f, 0xff, 0xff, 0xff, 0xfb, 0x0,
    0x0, 0x2, 0xf5, 0x22, 0x9d, 0x22, 0x32, 0x0,
    0x0, 0xc, 0x90, 0x0, 0x8d, 0x0, 0x0, 0x0,
    0x0, 0xad, 0x0, 0x0, 0x8d, 0x0, 0x0, 0x0,
    0xb, 0xe2, 0x0, 0x0, 0x8d, 0x0, 0x0, 0x0,
    0x6, 0x32, 0x33, 0x33, 0x9d, 0x33, 0x33, 0x30,
    0x0, 0xa, 0xff, 0xff, 0xff, 0xff, 0xff, 0xf1,

    /* U+5DF1 "己" */
    0x0, 0x0, 0x0, 0x0, 0x0, 0x0, 0x0, 0x2f,
    0xff, 0xff, 0xff, 0xff, 0xff, 0x0, 0x3, 0x33,
    0x33, 0x33, 0x33, 0x8f, 0x0, 0x0, 0x0, 0x0,
    0x0, 0x0, 0x7e, 0x0, 0x0, 0x0, 0x0, 0x0,
    0x0, 0x7e, 0x0, 0x1, 0x22, 0x22, 0x22, 0x22,
    0x8e, 0x0, 0xe, 0xff, 0xff, 0xff, 0xff, 0xff,
    0x0, 0xe, 0x71, 0x11, 0x11, 0x11, 0x7f, 0x0,
    0xd, 0x70, 0x0, 0x0, 0x0, 0x12, 0x0, 0xd,
    0x70, 0x0, 0x0, 0x0, 0x0, 0x0, 0xd, 0x70,
    0x0, 0x0, 0x0, 0x0, 0x61, 0xd, 0x70, 0x0,
    0x0, 0x0, 0x0, 0xfb, 0xd, 0xc5, 0x43, 0x33,
    0x34, 0x49, 0xf5, 0x7, 0xde, 0xef, 0xff, 0xfe,
    0xed, 0x70, 0x0, 0x0, 0x0, 0x0, 0x0, 0x0,
    0x0,

    /* U+5DF2 "已" */
    0x0, 0x0, 0x0, 0x0, 0x0, 0x0, 0x0, 0x7f,
    0xff, 0xff, 0xff, 0xff, 0xff, 0x0, 0x13, 0x22,
    0x22, 0x22, 0x22, 0x6f, 0x0, 0x0, 0x0, 0x0,
    0x0, 0x0, 0x4f, 0x0, 0xa, 0x60, 0x0, 0x0,
    0x0, 0x4f, 0x0, 0xe, 0x80, 0x0, 0x0, 0x0,
    0x4f, 0x0, 0xd, 0xff, 0xff, 0xff, 0xff, 0xff,
    0x0, 0xd, 0x81, 0x11, 0x11, 0x11, 0x5f, 0x10,
    0xd, 0x70, 0x0, 0x0, 0x0, 0x1, 0x0, 0xd,
    0x70, 0x0, 0x0, 0x0, 0x0, 0x0, 0xd, 0x70,
    0x0, 0x0, 0x0, 0x0, 0x62, 0xd, 0x70, 0x0,
    0x0, 0x0, 0x0, 0xeb, 0xc, 0xd4, 0x44, 0x44,
    0x44, 0x48, 0xf6, 0x4, 0xde, 0xff, 0xff, 0xff,
    0xfe, 0xa0,

    /* U+5E01 "币" */
    0x0, 0x0, 0x0, 0x0, 0x2, 0x47, 0x40, 0x7a,
    0xbb, 0xcc, 0xde, 0xff, 0xed, 0xa0, 0x37, 0x65,
    0x44, 0xe7, 0x0, 0x0, 0x0, 0x0, 0x0, 0x0,
    0xd6, 0x0, 0x0, 0x0, 0x0, 0x0, 0x0, 0xd6,
    0x0, 0x0, 0x0, 0xf, 0xff, 0xff, 0xff, 0xff,
    0xff, 0x70, 0xf, 0x71, 0x11, 0xd7, 0x11, 0x1d,
    0x70, 0xf, 0x60, 0x0, 0xd6, 0x0, 0xd, 0x70,
    0xf, 0x60, 0x0, 0xd6, 0x0, 0xd, 0x70, 0xf,
    0x60, 0x0, 0xd6, 0x0, 0xd, 0x70, 0xf, 0x60,
    0x0, 0xd6, 0x0, 0xd, 0x70, 0xf, 0x60, 0x0,
    0xd6, 0x4, 0x7f, 0x60, 0x9, 0x30, 0x0, 0xd6,
    0x7, 0xfb, 0x10, 0x0, 0x0, 0x0, 0xe6, 0x0,
    0x0, 0x0, 0x0, 0x0, 0x0, 0xe7, 0x0, 0x0,
    0x0,

    /* U+5E0C "希" */
    0x0, 0x0, 0x0, 0x0, 0x0, 0x0, 0x0, 0x0,
    0x0, 0x4, 0xa4, 0x0, 0x0, 0x9b, 0x10, 0x0,
    0x0, 0x2, 0x8d, 0xe8, 0x6e, 0xd5, 0x0, 0x0,
    0x0, 0x0, 0x1, 0x9f, 0xfe, 0x30, 0x0, 0x0,
    0x0, 0x15, 0xaf, 0xb4, 0x18, 0xfd, 0x50, 0x0,
    0x0, 0x6e, 0x82, 0x98, 0x0, 0x19, 0xf6, 0x0,
    0x15, 0x44, 0x45, 0xf8, 0x44, 0x44, 0x64, 0x51,
    0x2c, 0xbb, 0xbf, 0xdb, 0xec, 0xbb, 0xbb, 0xc3,
    0x0, 0x0, 0xaa, 0x0, 0xf3, 0x0, 0x0, 0x0,
    0x0, 0x2c, 0xfe, 0xee, 0xfe, 0xee, 0xe8, 0x0,
    0x18, 0xf7, 0xf4, 0x11, 0xf4, 0x11, 0xa9, 0x0,
    0xa, 0x30, 0xf3, 0x0, 0xf3, 0x0, 0xa9, 0x0,
    0x0, 0x0, 0xf3, 0x0, 0xf3, 0x0, 0xa8, 0x0,
    0x0, 0x0, 0xf3, 0x0, 0xf3, 0x1c, 0xf7, 0x0,
    0x0, 0x0, 0x61, 0x0, 0xf3, 0x7, 0x50, 0x0,
    0x0, 0x0, 0x0, 0x0, 0xf3, 0x0, 0x0, 0x0,

    /* U+5E38 "常" */
    0x0, 0x70, 0x0, 0xe5, 0x0, 0x72, 0x0, 0x0,
    0xd8, 0x0, 0xe5, 0x2, 0xf3, 0x0, 0x0, 0x5a,
    0x0, 0xd5, 0xa, 0xa0, 0x0, 0xff, 0xff, 0xff,
    0xff, 0xff, 0xff, 0xf5, 0xe4, 0x0, 0x0, 0x0,
    0x0, 0x0, 0xe5, 0xe4, 0xef, 0xff, 0xff, 0xff,
    0xf3, 0xc4, 0x0, 0xe4, 0x0, 0x0, 0x0, 0xe3,
    0x0, 0x0, 0xee, 0xee, 0xee, 0xee, 0xf3, 0x0,
    0x0, 0x11, 0x11, 0xd6, 0x11, 0x10, 0x0, 0x4,
    0x44, 0x44, 0xe8, 0x44, 0x44, 0x10, 0xe, 0xbb,
    0xbb, 0xfc, 0xbb, 0xbe, 0x60, 0xe, 0x10, 0x0,
    0xd5, 0x0, 0xa, 0x60, 0xe, 0x10, 0x0, 0xd5,
    0x1, 0x2c, 0x50, 0xc, 0x10, 0x0, 0xe5, 0x9,
    0xfc, 0x10, 0x0, 0x0, 0x0, 0xe5, 0x0, 0x0,
    0x0,

    /* U+5E72 "干" */
    0x0, 0x0, 0x0, 0x0, 0x0, 0x0, 0x0, 0x0,
    0xe, 0xff, 0xff, 0xff, 0xff, 0xff, 0x80, 0x0,
    0x33, 0x22, 0x2d, 0x82, 0x22, 0x31, 0x0, 0x0,
    0x0, 0x0, 0xd7, 0x0, 0x0, 0x0, 0x0, 0x0,
    0x0, 0xd, 0x70, 0x0, 0x0, 0x0, 0x0, 0x0,
    0x0, 0xd7, 0x0, 0x0, 0x0, 0x3, 0x22, 0x22,
    0x2d, 0x82, 0x22, 0x22, 0x23, 0xff, 0xff, 0xff,
    0xff, 0xff, 0xff, 0xfc, 0x0, 0x0, 0x0, 0xd,
    0x70, 0x0, 0x0, 0x0, 0x0, 0x0, 0x0, 0xd7,
    0x0, 0x0, 0x0, 0x0, 0x0, 0x0, 0xd, 0x70,
    0x0, 0x0, 0x0, 0x0, 0x0, 0x0, 0xd7, 0x0,
    0x0, 0x0, 0x0, 0x0, 0x0, 0xd, 0x70, 0x0,
    0x0, 0x0, 0x0, 0x0, 0x0, 0xd7, 0x0, 0x0,
    0x0, 0x0, 0x0, 0x0, 0xe, 0x80, 0x0, 0x0,
    0x0,

    /* U+5E74 "年" */
    0x0, 0x0, 0x1, 0x0, 0x0, 0x0, 0x0, 0x0,
    0x0, 0x0, 0x6f, 0x30, 0x0, 0x0, 0x0, 0x0,
    0x0, 0x0, 0xda, 0x0, 0x0, 0x0, 0x0, 0x0,
    0x0, 0x7, 0xff, 0xff, 0xff, 0xff, 0xff, 0x40,
    0x0, 0x2f, 0x70, 0x0, 0xd6, 0x0, 0x0, 0x0,
    0x0, 0xcd, 0x0, 0x0, 0xd6, 0x0, 0x0, 0x0,
    0xa, 0xf3, 0x11, 0x11, 0xd7, 0x11, 0x21, 0x0,
    0x1, 0x55, 0xfd, 0xdd, 0xfe, 0xdd, 0xe8, 0x0,
    0x0, 0x4, 0xe0, 0x0, 0xd6, 0x0, 0x0, 0x0,
    0x0, 0x4, 0xe0, 0x0, 0xd6, 0x0, 0x0, 0x0,
    0x4, 0x36, 0xf3, 0x33, 0xe8, 0x33, 0x33, 0x40,
    0x2c, 0xcb, 0xbb, 0xbb, 0xfd, 0xbb, 0xbb, 0xc1,
    0x0, 0x0, 0x0, 0x0, 0xd6, 0x0, 0x0, 0x0,
    0x0, 0x0, 0x0, 0x0, 0xd6, 0x0, 0x0, 0x0,
    0x0, 0x0, 0x0, 0x0, 0xe6, 0x0, 0x0, 0x0,
    0x0, 0x0, 0x0, 0x0, 0xe6, 0x0, 0x0, 0x0,

    /* U+5E76 "并" */
    0x0, 0x0, 0x0, 0x0, 0x0, 0x10, 0x0, 0x0,
    0x0, 0x0, 0xc5, 0x0, 0x0, 0xdc, 0x0, 0x0,
    0x0, 0x0, 0xaf, 0x10, 0x1, 0xf6, 0x0, 0x0,
    0x0, 0x0, 0x1e, 0x50, 0x6, 0xf0, 0x0, 0x0,
    0x3, 0xff, 0xff, 0xff, 0xff, 0xff, 0xff, 0x10,
    0x0, 0x33, 0x2f, 0x52, 0x25, 0xf2, 0x23, 0x0,
    0x0, 0x0, 0xf, 0x30, 0x3, 0xf0, 0x0, 0x0,
    0x0, 0x0, 0xf, 0x30, 0x3, 0xf0, 0x0, 0x0,
    0x4, 0x33, 0x3f, 0x63, 0x36, 0xf3, 0x33, 0x40,
    0x2e, 0xee, 0xef, 0xee, 0xee, 0xfe, 0xee, 0xe2,
    0x0, 0x0, 0x4f, 0x0, 0x3, 0xf0, 0x0, 0x0,
    0x0, 0x0, 0x9c, 0x0, 0x3, 0xf0, 0x0, 0x0,
    0x0, 0x5, 0xf4, 0x0, 0x3, 0xf0, 0x0, 0x0,
    0x0, 0x8f, 0x80, 0x0, 0x3, 0xf0, 0x0, 0x0,
    0x5, 0xf6, 0x0, 0x0, 0x3, 0xf0, 0x0, 0x0,
    0x0, 0x10, 0x0, 0x0, 0x0, 0x0, 0x0, 0x0,

    /* U+5E7C "幼" */
    0x0, 0x0, 0x51, 0x0, 0x0, 0x75, 0x0, 0x0,
    0x0, 0x3, 0xf7, 0x0, 0x0, 0xc9, 0x0, 0x0,
    0x0, 0x9, 0xc0, 0x0, 0x0, 0xc7, 0x0, 0x0,
    0x0, 0x1f, 0x30, 0x0, 0x32, 0xc8, 0x22, 0x20,
    0x0, 0xaa, 0x4, 0x93, 0xdc, 0xfe, 0xcd, 0xf2,
    0x8, 0xf3, 0x2c, 0xc0, 0x0, 0xc6, 0x3, 0xf0,
    0xf, 0xfe, 0xef, 0x10, 0x0, 0xe5, 0x4, 0xe0,
    0x1, 0x0, 0xe5, 0x0, 0x0, 0xf2, 0x5, 0xd0,
    0x0, 0x9, 0xa1, 0x40, 0x4, 0xf0, 0x6, 0xc0,
    0x0, 0x5e, 0x14, 0xf1, 0xa, 0xb0, 0x7, 0xb0,
    0x6, 0xf9, 0x7a, 0xf8, 0x2f, 0x50, 0x9, 0xa0,
    0xa, 0xfc, 0x86, 0x88, 0xcc, 0x0, 0xa, 0x80,
    0x0, 0x0, 0x0, 0x1b, 0xf2, 0x6, 0x7e, 0x70,
    0x0, 0x0, 0x0, 0xbe, 0x20, 0xb, 0xea, 0x10,
    0x0, 0x0, 0x0, 0x1, 0x0, 0x0, 0x0, 0x0,

    /* U+5E8A "床" */
    0x0, 0x0, 0x0, 0x0, 0x0, 0x0, 0x0, 0x0,
    0x0, 0x0, 0x0, 0xc8, 0x0, 0x0, 0x0, 0x0,
    0x12, 0x22, 0x29, 0xe2, 0x22, 0x22, 0x0, 0xe,
    0xff, 0xff, 0xff, 0xff, 0xff, 0xd0, 0x0, 0xe6,
    0x0, 0x0, 0x84, 0x0, 0x0, 0x0, 0xd, 0x60,
    0x0, 0xd, 0x70, 0x0, 0x0, 0x0, 0xd6, 0x11,
    0x11, 0xd7, 0x11, 0x11, 0x0, 0xd, 0x6f, 0xff,
    0xff, 0xff, 0xff, 0xf0, 0x0, 0xe5, 0x0, 0xe,
    0xff, 0x20, 0x0, 0x0, 0xe, 0x40, 0x5, 0xed,
    0xeb, 0x0, 0x0, 0x0, 0xf3, 0x0, 0xd6, 0xd7,
    0xe8, 0x0, 0x0, 0x2f, 0x10, 0x9c, 0xd, 0x64,
    0xf7, 0x0, 0x5, 0xe0, 0x6f, 0x20, 0xd6, 0x6,
    0xfb, 0x20, 0xaa, 0x5f, 0x50, 0xd, 0x60, 0x4,
    0xf5, 0x2f, 0x40, 0x50, 0x0, 0xd6, 0x0, 0x1,
    0x2, 0xa0, 0x0, 0x0, 0xd, 0x60, 0x0, 0x0,

    /* U+5E8F "序" */
    0x0, 0x0, 0x0, 0x0, 0xc7, 0x0, 0x0, 0x0,
    0x1, 0x11, 0x11, 0x1c, 0xc1, 0x11, 0x12, 0x0,
    0xee, 0xdd, 0xdd, 0xdd, 0xdd, 0xde, 0xd0, 0xe,
    0x70, 0x21, 0x11, 0x11, 0x11, 0x0, 0x0, 0xd7,
    0x1e, 0xee, 0xee, 0xef, 0xf8, 0x0, 0xd, 0x60,
    0x0, 0x25, 0x7, 0xf9, 0x10, 0x0, 0xe6, 0x0,
    0x6, 0xfd, 0xc3, 0x0, 0x0, 0xe, 0x50, 0x0,
    0x5, 0xf6, 0x0, 0x0, 0x0, 0xf3, 0xcf, 0xff,
    0xff, 0xff, 0xff, 0xb0, 0x2f, 0x10, 0x0, 0x0,
    0xf2, 0x1, 0xf5, 0x6, 0xf0, 0x0, 0x0, 0xf,
    0x20, 0x5, 0x0, 0xcb, 0x0, 0x0, 0x0, 0xf2,
    0x0, 0x0, 0x3f, 0x50, 0x0, 0x3, 0x5f, 0x20,
    0x0, 0x0, 0x50, 0x0, 0x0, 0xce, 0xa0, 0x0,
    0x0,

    /* U+5E93 "库" */
    0x0, 0x0, 0x0, 0x0, 0x0, 0x0, 0x0, 0x0,
    0x0, 0x0, 0x0, 0x4, 0xe0, 0x0, 0x0, 0x0,
    0x0, 0x0, 0x0, 0x2, 0xf6, 0x0, 0x0, 0x10,
    0x0, 0xde, 0xee, 0xee, 0xee, 0xee, 0xee, 0xf0,
    0x0, 0xd5, 0x0, 0x4, 0xa0, 0x0, 0x0, 0x0,
    0x0, 0xd5, 0x10, 0xb, 0xa0, 0x0, 0x1, 0x0,
    0x0, 0xd6, 0xee, 0xff, 0xee, 0xee, 0xee, 0x40,
    0x0, 0xd5, 0x0, 0xc7, 0x6, 0x10, 0x0, 0x0,
    0x0, 0xd4, 0x8, 0xb0, 0x1f, 0x20, 0x0, 0x0,
    0x0, 0xe3, 0x4f, 0xff, 0xff, 0xff, 0xfc, 0x0,
    0x0, 0xf2, 0x3, 0x10, 0x1f, 0x20, 0x1, 0x0,
    0x2, 0xf2, 0x21, 0x11, 0x2f, 0x31, 0x11, 0x20,
    0x4, 0xe8, 0xee, 0xee, 0xef, 0xee, 0xee, 0xf0,
    0x9, 0xb0, 0x0, 0x0, 0x1f, 0x20, 0x0, 0x0,
    0x1f, 0x70, 0x0, 0x0, 0x1f, 0x20, 0x0, 0x0,
    0x1b, 0x10, 0x0, 0x0, 0x1f, 0x20, 0x0, 0x0,

    /* U+5E97 "店" */
    0x0, 0x0, 0x0, 0x0, 0x0, 0x0, 0x0, 0x0,
    0x0, 0x0, 0x7c, 0x0, 0x0, 0x0, 0x0, 0x11,
    0x11, 0x5f, 0x41, 0x11, 0x20, 0x7, 0xfe, 0xee,
    0xee, 0xee, 0xee, 0xe4, 0x6, 0xd0, 0x0, 0xc,
    0x60, 0x0, 0x0, 0x6, 0xd0, 0x0, 0xe, 0x60,
    0x0, 0x0, 0x6, 0xd0, 0x0, 0xd, 0xff, 0xff,
    0xf7, 0x6, 0xc0, 0x0, 0xd, 0x71, 0x11, 0x21,
    0x7, 0xc0, 0x0, 0xd, 0x60, 0x0, 0x0, 0x8,
    0xb2, 0xdd, 0xdf, 0xed, 0xdd, 0xc0, 0x9, 0x92,
    0xf4, 0x33, 0x33, 0x38, 0xe0, 0xc, 0x71, 0xf0,
    0x0, 0x0, 0x6, 0xd0, 0x1f, 0x41, 0xf0, 0x0,
    0x0, 0x6, 0xd0, 0x7f, 0x1, 0xff, 0xff, 0xff,
    0xff, 0xe0, 0x89, 0x2, 0xf1, 0x0, 0x0, 0x6,
    0xe0, 0x0, 0x0, 0x10, 0x0, 0x0, 0x0, 0x0,

    /* U+5EA6 "度" */
    0x0, 0x0, 0x0, 0x4, 0xb0, 0x0, 0x0, 0x0,
    0x0, 0x11, 0x11, 0x14, 0xf5, 0x11, 0x12, 0x0,
    0x0, 0xcf, 0xee, 0xee, 0xee, 0xee, 0xee, 0x30,
    0x0, 0xc6, 0x0, 0x84, 0x0, 0x3a, 0x0, 0x0,
    0x0, 0xc6, 0x10, 0xd6, 0x0, 0x4f, 0x1, 0x0,
    0x0, 0xc6, 0xee, 0xfe, 0xee, 0xef, 0xee, 0x40,
    0x0, 0xc6, 0x0, 0xd6, 0x0, 0x4f, 0x0, 0x0,
    0x0, 0xd5, 0x0, 0xdd, 0xbb, 0xcf, 0x0, 0x0,
    0x0, 0xe4, 0x1, 0x44, 0x44, 0x44, 0x0, 0x0,
    0x0, 0xf2, 0x9e, 0xfe, 0xee, 0xef, 0x90, 0x0,
    0x2, 0xf0, 0x0, 0x9a, 0x0, 0x6e, 0x0, 0x0,
    0x6, 0xd0, 0x0, 0xd, 0x85, 0xe3, 0x0, 0x0,
    0xb, 0x80, 0x0, 0x4, 0xff, 0x70, 0x0, 0x0,
    0x2f, 0x24, 0x69, 0xdd, 0x88, 0xdf, 0xcb, 0x90,
    0x3, 0x4, 0xa6, 0x30, 0x0, 0x2, 0x58, 0x70,

    /* U+5EB7 "康" */
    0x0, 0x0, 0x0, 0x1, 0x40, 0x0, 0x0, 0x0,
    0x0, 0x0, 0x0, 0x5, 0xf1, 0x0, 0x0, 0x0,
    0x0, 0x6c, 0xcc, 0xcd, 0xfd, 0xcc, 0xcd, 0x50,
    0x0, 0x7d, 0x11, 0x11, 0xe5, 0x11, 0x12, 0x0,
    0x0, 0x6c, 0x12, 0x22, 0xe6, 0x22, 0x20, 0x0,
    0x0, 0x6c, 0x4d, 0xcc, 0xfd, 0xcc, 0xf5, 0x0,
    0x0, 0x6c, 0x32, 0x22, 0xe6, 0x22, 0xe7, 0x20,
    0x0, 0x6d, 0xdc, 0xcc, 0xfd, 0xcc, 0xfd, 0xb0,
    0x0, 0x7b, 0x12, 0x22, 0xe6, 0x22, 0xe5, 0x0,
    0x0, 0x8a, 0x5c, 0xbb, 0xff, 0xbb, 0xb4, 0x0,
    0x0, 0xa9, 0x84, 0x0, 0xef, 0x30, 0x73, 0x0,
    0x0, 0xd6, 0x6f, 0x47, 0xf9, 0xd6, 0xe3, 0x0,
    0x2, 0xf2, 0x5, 0xcc, 0xf4, 0xbf, 0x30, 0x0,
    0xa, 0xc0, 0x4e, 0x90, 0xe4, 0xc, 0xd4, 0x0,
    0x4f, 0x41, 0xe6, 0x46, 0xf3, 0x0, 0xaf, 0xb0,
    0x6, 0x0, 0x10, 0x7d, 0x80, 0x0, 0x4, 0x30,

    /* U+5F00 "开" */
    0x0, 0x0, 0x0, 0x0, 0x0, 0x0, 0x0, 0x0,
    0x0, 0xef, 0xff, 0xff, 0xff, 0xff, 0xff, 0x60,
    0x0, 0x22, 0x27, 0xe2, 0x22, 0xf7, 0x22, 0x10,
    0x0, 0x0, 0x6, 0xe0, 0x0, 0xf5, 0x0, 0x0,
    0x0, 0x0, 0x6, 0xe0, 0x0, 0xf5, 0x0, 0x0,
    0x0, 0x0, 0x6, 0xe0, 0x0, 0xf5, 0x0, 0x0,
    0x5, 0x44, 0x48, 0xf4, 0x44, 0xf8, 0x44, 0x51,
    0xe, 0xdd, 0xce, 0xfc, 0xcc, 0xfd, 0xcd, 0xd3,
    0x0, 0x0, 0x9, 0xb0, 0x0, 0xf5, 0x0, 0x0,
    0x0, 0x0, 0xe, 0x70, 0x0, 0xf5, 0x0, 0x0,
    0x0, 0x0, 0x7f, 0x20, 0x0, 0xf5, 0x0, 0x0,
    0x0, 0x4, 0xf8, 0x0, 0x0, 0xf5, 0x0, 0x0,
    0x1, 0x8f, 0xa0, 0x0, 0x0, 0xf6, 0x0, 0x0,
    0x2, 0xb8, 0x0, 0x0, 0x0, 0xf6, 0x0, 0x0,

    /* U+5F02 "异" */
    0x0, 0x2f, 0xff, 0xff, 0xff, 0xff, 0xc0, 0x0,
    0x0, 0x2f, 0x20, 0x0, 0x0, 0x7, 0xb0, 0x0,
    0x0, 0x2f, 0xff, 0xff, 0xff, 0xff, 0xc0, 0x0,
    0x0, 0x2f, 0x20, 0x0, 0x0, 0x0, 0x4, 0x0,
    0x0, 0x1f, 0x51, 0x11, 0x11, 0x11, 0x1f, 0x50,
    0x0, 0xb, 0xef, 0xff, 0xff, 0xff, 0xeb, 0x0,
    0x0, 0x0, 0x6, 0x20, 0x0, 0x63, 0x0, 0x0,
    0x0, 0x0, 0xf, 0x50, 0x0, 0xe6, 0x0, 0x0,
    0x1f, 0xff, 0xff, 0xff, 0xff, 0xff, 0xff, 0xf0,
    0x2, 0x11, 0x5f, 0x21, 0x11, 0xd7, 0x12, 0x20,
    0x0, 0x0, 0xc9, 0x0, 0x0, 0xd6, 0x0, 0x0,
    0x2, 0x6d, 0xc0, 0x0, 0x0, 0xd6, 0x0, 0x0,
    0x6, 0xe6, 0x0, 0x0, 0x0, 0xe7, 0x0, 0x0,
    0x0, 0x0, 0x0, 0x0, 0x0, 0x0, 0x0, 0x0,

    /* U+5F0F "式" */
    0x0, 0x0, 0x0, 0x0, 0x10, 0x0, 0x0, 0x0,
    0x0, 0x0, 0x0, 0x1, 0xf7, 0x18, 0x0, 0x0,
    0x0, 0x0, 0x0, 0x0, 0xf6, 0x2e, 0xb0, 0x0,
    0x0, 0x0, 0x0, 0x0, 0xf7, 0x3, 0x80, 0x0,
    0x4f, 0xff, 0xff, 0xff, 0xff, 0xff, 0xff, 0x60,
    0x13, 0x22, 0x22, 0x22, 0xca, 0x22, 0x23, 0x10,
    0x0, 0x0, 0x0, 0x0, 0x9b, 0x0, 0x0, 0x0,
    0x1, 0x33, 0x33, 0x33, 0x6e, 0x0, 0x0, 0x0,
    0x6, 0xdd, 0xfe, 0xea, 0x3f, 0x10, 0x0, 0x0,
    0x0, 0x0, 0xe5, 0x0, 0xe, 0x60, 0x0, 0x0,
    0x0, 0x0, 0xe5, 0x0, 0xa, 0xb0, 0x0, 0x0,
    0x0, 0x0, 0xe5, 0x0, 0x5, 0xf2, 0x0, 0x0,
    0x0, 0x0, 0xe8, 0x8c, 0x40, 0xda, 0x6, 0xa1,
    0x6, 0x9c, 0xfc, 0x85, 0x10, 0x4f, 0x78, 0xf0,
    0xb, 0xc6, 0x10, 0x0, 0x0, 0x7, 0xff, 0xb0,
    0x0, 0x0, 0x0, 0x0, 0x0, 0x0, 0x38, 0x20,

    /* U+5F39 "弹" */
    0x0, 0x0, 0x0, 0x0, 0x0, 0x0, 0x0, 0x0,
    0x0, 0x0, 0x0, 0x5, 0xd0, 0x4, 0xa0, 0x0,
    0x5f, 0xff, 0xf1, 0x3, 0xf5, 0xa, 0xa0, 0x0,
    0x0, 0x1, 0xf0, 0x22, 0x94, 0x2f, 0x52, 0x0,
    0x0, 0x1, 0xf0, 0xed, 0xcd, 0xfc, 0xcf, 0x20,
    0xb, 0xcc, 0xf1, 0xd5, 0x3, 0xe0, 0xf, 0x10,
    0xf, 0x30, 0x0, 0xde, 0xee, 0xfe, 0xef, 0x10,
    0xf, 0x20, 0x0, 0xd6, 0x14, 0xe1, 0x1f, 0x10,
    0x1f, 0xbb, 0xb1, 0xe5, 0x3, 0xe0, 0xf, 0x10,
    0x6, 0x68, 0xf0, 0xef, 0xff, 0xff, 0xff, 0x20,
    0x0, 0x3, 0xf0, 0x0, 0x3, 0xe0, 0x0, 0x0,
    0x0, 0x5, 0xd1, 0x10, 0x3, 0xe0, 0x0, 0x10,
    0x0, 0x6, 0xc9, 0xfe, 0xee, 0xfe, 0xee, 0xe3,
    0x3, 0x4b, 0xb0, 0x0, 0x3, 0xe0, 0x0, 0x0,
    0x9, 0xff, 0x50, 0x0, 0x3, 0xf0, 0x0, 0x0,
    0x3, 0x51, 0x0, 0x0, 0x4, 0xf0, 0x0, 0x0,

    /* U+5F55 "录" */
    0x0, 0x1, 0x0, 0x0, 0x0, 0x0, 0x0, 0x0,
    0x0, 0x5f, 0xff, 0xff, 0xff, 0xff, 0xf1, 0x0,
    0x0, 0x0, 0x0, 0x0, 0x0, 0x4, 0xf0, 0x0,
    0x0, 0xc, 0xff, 0xff, 0xff, 0xff, 0xe0, 0x0,
    0x0, 0x1, 0x11, 0x11, 0x11, 0x17, 0xd0, 0x0,
    0x2, 0x21, 0x11, 0x11, 0x11, 0x18, 0xc2, 0x20,
    0xe, 0xee, 0xee, 0xee, 0xfe, 0xee, 0xee, 0xe4,
    0x0, 0x3, 0x0, 0x6, 0xe0, 0x0, 0x20, 0x0,
    0x0, 0x3f, 0x70, 0x6, 0xf2, 0x5, 0xf7, 0x0,
    0x0, 0x3, 0xe5, 0x17, 0xfd, 0x9e, 0x60, 0x0,
    0x0, 0x0, 0x27, 0xe9, 0xe9, 0xf3, 0x0, 0x0,
    0x0, 0x18, 0xeb, 0x36, 0xe0, 0xae, 0x40, 0x0,
    0xa, 0xfc, 0x40, 0x6, 0xe0, 0x7, 0xfd, 0x81,
    0x4, 0x50, 0x0, 0x8d, 0xd0, 0x0, 0x2a, 0xc0,
    0x0, 0x0, 0x0, 0x89, 0x30, 0x0, 0x0, 0x0,

    /* U+5F62 "形" */
    0x0, 0x0, 0x0, 0x0, 0x0, 0x0, 0x52, 0x0,
    0x8, 0xff, 0xff, 0xff, 0xf0, 0x2, 0xf9, 0x0,
    0x0, 0xf, 0x30, 0xe3, 0x0, 0xc, 0xb0, 0x0,
    0x0, 0xf, 0x30, 0xe3, 0x0, 0xbd, 0x10, 0x0,
    0x0, 0xf, 0x30, 0xe3, 0xb, 0xd1, 0x1, 0x0,
    0x0, 0xf, 0x30, 0xe3, 0x2, 0x10, 0x5f, 0x20,
    0xd, 0xef, 0xed, 0xfe, 0xe2, 0x4, 0xf6, 0x0,
    0x3, 0x4f, 0x43, 0xf5, 0x30, 0x5f, 0x70, 0x0,
    0x0, 0x2f, 0x0, 0xe3, 0x19, 0xf6, 0x0, 0x0,
    0x0, 0x4e, 0x0, 0xe3, 0x1b, 0x30, 0xb, 0xa0,
    0x0, 0x8b, 0x0, 0xe3, 0x0, 0x0, 0xbe, 0x30,
    0x0, 0xe6, 0x0, 0xe3, 0x0, 0x2d, 0xd2, 0x0,
    0x7, 0xe0, 0x0, 0xe3, 0x7, 0xfa, 0x0, 0x0,
    0xc, 0x70, 0x0, 0xb2, 0x5f, 0x60, 0x0, 0x0,
    0x0, 0x0, 0x0, 0x0, 0x0, 0x0, 0x0, 0x0,

    /* U+5F85 "待" */
    0x0, 0x0, 0xc3, 0x0, 0xc, 0x70, 0x0, 0x0,
    0x0, 0xa, 0xb0, 0x0, 0xc, 0x60, 0x0, 0x0,
    0x0, 0x9d, 0x10, 0xce, 0xef, 0xfe, 0xfb, 0x0,
    0xa, 0xe1, 0x42, 0x12, 0x1c, 0x71, 0x11, 0x0,
    0x6, 0x20, 0xe8, 0x0, 0xc, 0x60, 0x0, 0x0,
    0x0, 0xa, 0xd7, 0xed, 0xdf, 0xed, 0xdd, 0xd5,
    0x0, 0x5f, 0x51, 0x33, 0x22, 0x26, 0xe2, 0x31,
    0x3, 0xff, 0x50, 0x0, 0x0, 0x4, 0xe0, 0x0,
    0x2f, 0x7e, 0x59, 0xff, 0xff, 0xff, 0xff, 0xf2,
    0x5, 0xe, 0x51, 0x25, 0x11, 0x15, 0xe1, 0x20,
    0x0, 0xe, 0x50, 0x2f, 0x60, 0x4, 0xe0, 0x0,
    0x0, 0xe, 0x50, 0xa, 0xf1, 0x4, 0xe0, 0x0,
    0x0, 0xe, 0x50, 0x1, 0x70, 0x5, 0xe0, 0x0,
    0x0, 0xe, 0x50, 0x0, 0x2, 0xcf, 0xc0, 0x0,
    0x0, 0xe, 0x50, 0x0, 0x0, 0xb8, 0x10, 0x0,

    /* U+5F97 "得" */
    0x0, 0x0, 0x50, 0x0, 0x0, 0x0, 0x0, 0x0,
    0x0, 0x8, 0xf2, 0x3f, 0xff, 0xff, 0xfe, 0x0,
    0x0, 0x6f, 0x40, 0x3e, 0x22, 0x22, 0x5e, 0x0,
    0x6, 0xf5, 0x0, 0x3f, 0xcc, 0xcc, 0xde, 0x0,
    0x3, 0x51, 0xe6, 0x3e, 0x0, 0x0, 0x4e, 0x0,
    0x0, 0xa, 0xe1, 0x3f, 0xff, 0xff, 0xfd, 0x0,
    0x0, 0x6f, 0x40, 0x10, 0x0, 0x0, 0x0, 0x10,
    0x6, 0xff, 0x12, 0xee, 0xee, 0xee, 0xfe, 0xb0,
    0x1e, 0x6f, 0x10, 0x0, 0x0, 0x1, 0xf1, 0x0,
    0x0, 0x1f, 0x3f, 0xff, 0xff, 0xff, 0xff, 0xf3,
    0x0, 0x1f, 0x10, 0x16, 0x0, 0x1, 0xf1, 0x0,
    0x0, 0x1f, 0x10, 0x3f, 0x40, 0x1, 0xf1, 0x0,
    0x0, 0x1f, 0x10, 0x7, 0x80, 0x36, 0xf0, 0x0,
    0x0, 0x1f, 0x10, 0x0, 0x0, 0xce, 0x70, 0x0,
    0x0, 0x0, 0x0, 0x0, 0x0, 0x0, 0x0, 0x0,

    /* U+5FC3 "心" */
    0x0, 0x0, 0x0, 0x0, 0x0, 0x0, 0x0, 0x0,
    0x0, 0x0, 0x0, 0x6d, 0x0, 0x0, 0x0, 0x0,
    0x0, 0x0, 0x0, 0x1f, 0x80, 0x0, 0x0, 0x0,
    0x0, 0x0, 0x0, 0x7, 0xf3, 0x0, 0x0, 0x0,
    0x0, 0x0, 0x0, 0x0, 0xb3, 0x0, 0x0, 0x0,
    0x0, 0x0, 0x9, 0x50, 0x0, 0x0, 0x10, 0x0,
    0x2, 0xf5, 0xe, 0x80, 0x0, 0x5, 0xf2, 0x0,
    0x5, 0xf2, 0xd, 0x80, 0x0, 0x0, 0xdc, 0x0,
    0x8, 0xf0, 0xd, 0x80, 0x0, 0x0, 0x3f, 0x70,
    0xb, 0xb0, 0xd, 0x80, 0x0, 0x0, 0xa, 0xf1,
    0xf, 0x80, 0xd, 0x80, 0x0, 0x0, 0x1, 0x30,
    0x3e, 0x40, 0xd, 0x80, 0x0, 0x2, 0x0, 0x0,
    0x0, 0x0, 0xd, 0x80, 0x0, 0xa, 0xb0, 0x0,
    0x0, 0x0, 0xd, 0xc4, 0x44, 0x4e, 0x80, 0x0,
    0x0, 0x0, 0x8, 0xff, 0xff, 0xfe, 0x20, 0x0,
    0x0, 0x0, 0x0, 0x0, 0x0, 0x0, 0x0, 0x0,

    /* U+5FD7 "志" */
    0x0, 0x0, 0x0, 0xf, 0x70, 0x0, 0x0, 0x0,
    0x0, 0x0, 0x0, 0xe, 0x60, 0x0, 0x0, 0x0,
    0x5, 0x33, 0x33, 0x3e, 0x83, 0x33, 0x34, 0x20,
    0x2d, 0xcc, 0xcc, 0xcf, 0xdc, 0xcc, 0xcc, 0x70,
    0x0, 0x0, 0x0, 0xe, 0x60, 0x0, 0x0, 0x0,
    0x0, 0x0, 0x0, 0xe, 0x60, 0x0, 0x0, 0x0,
    0x0, 0xbf, 0xff, 0xff, 0xff, 0xff, 0xf5, 0x0,
    0x0, 0x12, 0x11, 0x12, 0x11, 0x11, 0x20, 0x0,
    0x0, 0x0, 0x0, 0xd, 0x70, 0x0, 0x30, 0x0,
    0x0, 0xc8, 0x4e, 0x15, 0xf3, 0x4, 0xf4, 0x0,
    0x4, 0xf3, 0x4f, 0x10, 0xa4, 0x0, 0x8f, 0x30,
    0xc, 0xb0, 0x4f, 0x10, 0x0, 0x47, 0xb, 0xd0,
    0x4f, 0x30, 0x3f, 0x42, 0x22, 0xbe, 0x1, 0x20,
    0x2, 0x0, 0x1d, 0xff, 0xff, 0xe4, 0x0, 0x0,
    0x0, 0x0, 0x0, 0x0, 0x0, 0x0, 0x0, 0x0,

    /* U+5FEB "快" */
    0x0, 0x1, 0x0, 0x0, 0x0, 0x0, 0x0, 0x0,
    0x0, 0x1f, 0x10, 0x0, 0x1f, 0x20, 0x0, 0x0,
    0x0, 0x1f, 0x10, 0x0, 0x1f, 0x10, 0x0, 0x0,
    0x0, 0x1f, 0x10, 0x0, 0x1f, 0x10, 0x0, 0x0,
    0x5, 0x3f, 0x87, 0xaf, 0xff, 0xff, 0xf3, 0x0,
    0xc, 0x7f, 0x4e, 0x0, 0x1f, 0x10, 0xe3, 0x0,
    0xf, 0x4f, 0x1e, 0x40, 0x1f, 0x10, 0xe3, 0x0,
    0x2f, 0x1f, 0x12, 0x0, 0x1f, 0x10, 0xe3, 0x0,
    0x39, 0x1f, 0x15, 0xdc, 0xcf, 0xcc, 0xfd, 0xc0,
    0x0, 0x1f, 0x11, 0x32, 0x7f, 0xe2, 0x23, 0x30,
    0x0, 0x1f, 0x10, 0x0, 0x98, 0xc5, 0x0, 0x0,
    0x0, 0x1f, 0x10, 0x1, 0xf2, 0x4e, 0x10, 0x0,
    0x0, 0x1f, 0x10, 0xb, 0xa0, 0xb, 0xa0, 0x0,
    0x0, 0x1f, 0x10, 0x8e, 0x10, 0x1, 0xe9, 0x0,
    0x0, 0x1f, 0x2a, 0xf3, 0x0, 0x0, 0x4f, 0xb0,
    0x0, 0x1f, 0x2b, 0x40, 0x0, 0x0, 0x4, 0x90,

    /* U+6001 "态" */
    0x0, 0x0, 0x0, 0x1, 0x0, 0x0, 0x0, 0x0,
    0x0, 0x0, 0x0, 0x5f, 0x20, 0x0, 0x0, 0x0,
    0x0, 0x0, 0x0, 0x8d, 0x0, 0x0, 0x0, 0x0,
    0xe, 0xff, 0xff, 0xff, 0xff, 0xff, 0xff, 0x80,
    0x3, 0x32, 0x26, 0xf4, 0x4f, 0x42, 0x23, 0x10,
    0x0, 0x0, 0xc, 0xa0, 0xa, 0xa0, 0x0, 0x0,
    0x0, 0x0, 0xbd, 0x82, 0x1, 0xe9, 0x0, 0x0,
    0x0, 0x3d, 0xd2, 0xaf, 0x30, 0x2e, 0xc5, 0x0,
    0xb, 0xfa, 0x10, 0x9, 0x30, 0x1, 0x9f, 0xb0,
    0x5, 0x50, 0x0, 0x1, 0x40, 0x0, 0x1, 0x10,
    0x0, 0x71, 0x19, 0x26, 0xe0, 0x0, 0xb4, 0x0,
    0x2, 0xf4, 0x2f, 0x30, 0xd4, 0x0, 0x8e, 0x10,
    0x7, 0xd0, 0x1f, 0x30, 0x0, 0x18, 0x1d, 0xb0,
    0xe, 0x70, 0x1f, 0x73, 0x33, 0x9f, 0x23, 0x60,
    0x6, 0x10, 0xb, 0xef, 0xff, 0xe7, 0x0, 0x0,

    /* U+6015 "怕" */
    0x0, 0x0, 0x0, 0x0, 0x0, 0x0, 0x0, 0x0,
    0x0, 0xe6, 0x0, 0x0, 0xe, 0x40, 0x0, 0x0,
    0xe, 0x60, 0x0, 0x2, 0xf0, 0x0, 0x0, 0x0,
    0xd6, 0x0, 0x13, 0x7c, 0x33, 0x31, 0x0, 0xd,
    0x63, 0x5, 0xfc, 0xcc, 0xcf, 0x50, 0xe5, 0xd6,
    0xe7, 0x4e, 0x0, 0x0, 0xd4, 0xf, 0x2d, 0x65,
    0xe4, 0xe0, 0x0, 0xd, 0x42, 0xf0, 0xd6, 0x5,
    0x4e, 0x0, 0x0, 0xd4, 0x4e, 0xd, 0x60, 0x4,
    0xff, 0xff, 0xff, 0x40, 0x0, 0xd6, 0x0, 0x4e,
    0x0, 0x0, 0xd4, 0x0, 0xd, 0x60, 0x4, 0xe0,
    0x0, 0xd, 0x40, 0x0, 0xd6, 0x0, 0x4e, 0x0,
    0x0, 0xd4, 0x0, 0xd, 0x60, 0x4, 0xf4, 0x44,
    0x4e, 0x40, 0x0, 0xe6, 0x0, 0x4f, 0xbb, 0xbb,
    0xf4, 0x0, 0xe, 0x70, 0x5, 0xe0, 0x0, 0xd,
    0x50, 0x0, 0x0, 0x0, 0x1, 0x0, 0x0, 0x0,

    /* U+601D "思" */
    0x0, 0x4f, 0xff, 0xff, 0xff, 0xff, 0xf6, 0x0,
    0x0, 0x4f, 0x11, 0x14, 0xe1, 0x11, 0xd6, 0x0,
    0x0, 0x4f, 0x33, 0x36, 0xf3, 0x33, 0xe5, 0x0,
    0x0, 0x4f, 0xee, 0xee, 0xfe, 0xee, 0xf5, 0x0,
    0x0, 0x4f, 0x0, 0x4, 0xe0, 0x0, 0xd5, 0x0,
    0x0, 0x4f, 0x22, 0x26, 0xe2, 0x22, 0xd6, 0x0,
    0x0, 0x4e, 0xee, 0xee, 0xee, 0xee, 0xe5, 0x0,
    0x0, 0x20, 0x0, 0x1, 0x60, 0x0, 0x10, 0x0,
    0x0, 0xd9, 0x1e, 0x21, 0xe6, 0x0, 0xd7, 0x0,
    0x4, 0xf2, 0x1f, 0x20, 0x6b, 0x0, 0x3f, 0x50,
    0xd, 0x90, 0x1f, 0x20, 0x0, 0x8, 0x28, 0xe0,
    0x2c, 0x20, 0x1f, 0x51, 0x11, 0x3f, 0x50, 0x10,
    0x0, 0x0, 0xc, 0xff, 0xff, 0xfa, 0x0, 0x0,

    /* U+6027 "性" */
    0x0, 0x2, 0x0, 0x0, 0x0, 0x0, 0x0, 0x0,
    0x0, 0xf, 0x30, 0x0, 0x0, 0xe5, 0x0, 0x0,
    0x0, 0xf, 0x30, 0x7, 0x40, 0xe5, 0x0, 0x0,
    0x0, 0xf, 0x30, 0xd, 0x60, 0xe5, 0x0, 0x0,
    0x2, 0x1f, 0x87, 0xf, 0x62, 0xe6, 0x23, 0x10,
    0xc, 0x5f, 0x7e, 0x4f, 0xee, 0xfe, 0xee, 0x70,
    0xf, 0x2f, 0x3d, 0xbb, 0x0, 0xe5, 0x0, 0x0,
    0x2f, 0xf, 0x30, 0xe5, 0x0, 0xe5, 0x0, 0x0,
    0x27, 0xf, 0x30, 0x41, 0x0, 0xe5, 0x0, 0x0,
    0x0, 0xf, 0x30, 0xd, 0xff, 0xff, 0xff, 0x50,
    0x0, 0xf, 0x30, 0x1, 0x11, 0xe5, 0x11, 0x0,
    0x0, 0xf, 0x30, 0x0, 0x0, 0xe5, 0x0, 0x0,
    0x0, 0xf, 0x30, 0x0, 0x0, 0xe5, 0x0, 0x0,
    0x0, 0xf, 0x30, 0x11, 0x11, 0xe5, 0x11, 0x10,
    0x0, 0xf, 0x30, 0xff, 0xff, 0xff, 0xff, 0xf1,
    0x0, 0xf, 0x30, 0x0, 0x0, 0x0, 0x0, 0x0,

    /* U+606F "息" */
    0x0, 0x0, 0x0, 0xb6, 0x0, 0x0, 0x0, 0x0,
    0x0, 0x1, 0x12, 0xf3, 0x11, 0x11, 0x10, 0x0,
    0x0, 0x1f, 0xcc, 0xcc, 0xcc, 0xcc, 0xf3, 0x0,
    0x0, 0x1f, 0x31, 0x11, 0x11, 0x11, 0xf3, 0x0,
    0x0, 0x1f, 0xcc, 0xcc, 0xcc, 0xcc, 0xf3, 0x0,
    0x0, 0x1f, 0x31, 0x11, 0x11, 0x11, 0xf3, 0x0,
    0x0, 0x1f, 0xcc, 0xcc, 0xcc, 0xcc, 0xf3, 0x0,
    0x0, 0x1f, 0x31, 0x11, 0x11, 0x11, 0xf3, 0x0,
    0x0, 0x1c, 0xcc, 0xcc, 0xcc, 0xcc, 0xc2, 0x0,
    0x0, 0x0, 0x36, 0x3, 0x60, 0x0, 0x22, 0x0,
    0x2, 0xe0, 0x6d, 0x4, 0xf2, 0x0, 0xad, 0x10,
    0x7, 0xc0, 0x6d, 0x0, 0x71, 0x2, 0xc, 0xc0,
    0xe, 0x60, 0x6d, 0x0, 0x0, 0x4f, 0x12, 0xb1,
    0x5, 0x0, 0x3e, 0xff, 0xff, 0xf9, 0x0, 0x0,

    /* U+60C5 "情" */
    0x0, 0x1f, 0x20, 0x0, 0x1, 0xf2, 0x0, 0x0,
    0x0, 0xf, 0x20, 0xac, 0xcc, 0xfc, 0xcc, 0xa0,
    0x0, 0xf, 0x21, 0x23, 0x23, 0xf3, 0x23, 0x20,
    0x8, 0x7f, 0x9b, 0x6f, 0xff, 0xff, 0xff, 0x50,
    0xc, 0x6f, 0x5f, 0x0, 0x1, 0xf2, 0x0, 0x0,
    0xe, 0x3f, 0x22, 0xff, 0xff, 0xff, 0xff, 0xf6,
    0x2f, 0xf, 0x20, 0x12, 0x22, 0x22, 0x22, 0x0,
    0x16, 0xf, 0x20, 0x1f, 0xdd, 0xdd, 0xdf, 0x0,
    0x0, 0xf, 0x20, 0x1f, 0x10, 0x0, 0x3f, 0x0,
    0x0, 0xf, 0x20, 0x1f, 0xee, 0xee, 0xef, 0x0,
    0x0, 0xf, 0x20, 0x1f, 0x10, 0x0, 0x3f, 0x0,
    0x0, 0xf, 0x20, 0x1f, 0xff, 0xff, 0xff, 0x0,
    0x0, 0xf, 0x20, 0x1f, 0x10, 0x0, 0x2f, 0x0,
    0x0, 0xf, 0x20, 0x1f, 0x10, 0x0, 0x8e, 0x0,
    0x0, 0x1f, 0x20, 0x1f, 0x10, 0x0, 0xd8, 0x0,

    /* U+6108 "愈" */
    0x0, 0x0, 0x0, 0x0, 0x0, 0x0, 0x0, 0x0,
    0x0, 0x0, 0x0, 0x1e, 0x40, 0x0, 0x0, 0x0,
    0x0, 0x0, 0x1, 0xdb, 0xd4, 0x0, 0x0, 0x0,
    0x0, 0x0, 0x6e, 0x70, 0x3e, 0xb4, 0x0, 0x0,
    0x1, 0x6d, 0xbc, 0xcc, 0xcd, 0x9e, 0xfb, 0x70,
    0x1e, 0xb3, 0x3, 0x44, 0x44, 0x0, 0x49, 0x40,
    0x0, 0xf, 0xcc, 0xcf, 0x29, 0x70, 0xf3, 0x0,
    0x0, 0xf, 0x98, 0x9f, 0x1a, 0x70, 0xf3, 0x0,
    0x0, 0xf, 0x53, 0x4f, 0x1a, 0x80, 0xe3, 0x0,
    0x0, 0xf, 0xba, 0xbf, 0x17, 0x50, 0xf3, 0x0,
    0x0, 0xf, 0x30, 0xbe, 0x0, 0xd, 0xf1, 0x0,
    0x0, 0x15, 0x33, 0x36, 0x20, 0x3, 0x42, 0x0,
    0x0, 0xe5, 0x79, 0x5, 0xd0, 0x0, 0x5d, 0x10,
    0xa, 0xc0, 0x69, 0x0, 0x10, 0x6e, 0x27, 0xc0,
    0x2e, 0x10, 0x4f, 0xff, 0xff, 0xe9, 0x0, 0x10,
    0x0, 0x0, 0x0, 0x0, 0x0, 0x0, 0x0, 0x0,

    /* U+613F "愿" */
    0x0, 0x0, 0x0, 0x0, 0x0, 0x0, 0x0, 0x0,
    0x0, 0xce, 0xee, 0xee, 0xff, 0xee, 0xee, 0x60,
    0x0, 0xc6, 0x1, 0x11, 0xe7, 0x11, 0x10, 0x0,
    0x0, 0xc6, 0x1f, 0xdd, 0xdd, 0xdd, 0xf3, 0x0,
    0x0, 0xb6, 0xf, 0x76, 0x66, 0x66, 0xe3, 0x0,
    0x0, 0xb6, 0xf, 0x76, 0x66, 0x66, 0xd3, 0x0,
    0x0, 0xc5, 0x1f, 0xee, 0xee, 0xee, 0xf3, 0x0,
    0x0, 0xc5, 0x0, 0x50, 0x3e, 0x5, 0x10, 0x0,
    0x0, 0xd4, 0x1a, 0xd3, 0x6e, 0x9, 0xe8, 0x10,
    0x0, 0xf2, 0xb8, 0x4, 0xd7, 0x0, 0x2b, 0x20,
    0x5, 0xe0, 0x20, 0x55, 0x19, 0x0, 0x33, 0x0,
    0xa, 0xb0, 0xd7, 0x99, 0xc, 0x50, 0x4e, 0x40,
    0x3f, 0x5a, 0xb0, 0x9a, 0x0, 0xa, 0x64, 0xe1,
    0x1a, 0x1c, 0x10, 0x5f, 0xee, 0xee, 0x30, 0x10,

    /* U+6170 "慰" */
    0x0, 0x0, 0x0, 0x0, 0x0, 0x0, 0xe4, 0x0,
    0x0, 0xce, 0xee, 0xef, 0x40, 0x0, 0xe4, 0x0,
    0x0, 0xc7, 0x33, 0x3c, 0x46, 0x66, 0xe8, 0x60,
    0x0, 0xca, 0x77, 0x77, 0x15, 0x55, 0xe8, 0x50,
    0x0, 0xd4, 0xcd, 0xdc, 0x4, 0x30, 0xd4, 0x0,
    0x0, 0xf3, 0x0, 0x0, 0x9, 0xa0, 0xd4, 0x0,
    0x2, 0xf5, 0xde, 0xed, 0x54, 0xe0, 0xd4, 0x0,
    0x9, 0xb5, 0x68, 0x98, 0x10, 0x0, 0xd4, 0x0,
    0x2f, 0x5e, 0x4b, 0x86, 0xa0, 0x7d, 0xf2, 0x0,
    0x3, 0x2, 0x29, 0x10, 0x10, 0x27, 0x20, 0x0,
    0x0, 0x43, 0x47, 0xc, 0x50, 0x3, 0xa0, 0x0,
    0x0, 0xc7, 0x6b, 0x4, 0xd0, 0x12, 0xd9, 0x0,
    0x2, 0xf1, 0x6c, 0x0, 0x0, 0x8d, 0x2e, 0x30,
    0x3, 0x80, 0x3f, 0xff, 0xff, 0xf5, 0x1, 0x0,

    /* U+620F "戏" */
    0x0, 0x0, 0x0, 0x0, 0x0, 0x0, 0x0, 0x0,
    0x0, 0x0, 0x0, 0x0, 0xc8, 0x2, 0x0, 0x0,
    0x0, 0x0, 0x0, 0x0, 0xc8, 0xd, 0xa0, 0x0,
    0x3f, 0xff, 0xff, 0x10, 0xb7, 0x3, 0xe2, 0x0,
    0x0, 0x0, 0x2f, 0x0, 0xa8, 0x0, 0x2, 0x20,
    0x0, 0x0, 0x4e, 0x0, 0x9a, 0x6a, 0xef, 0x80,
    0x7, 0x90, 0x6c, 0x6b, 0xff, 0xb7, 0x41, 0x0,
    0x2, 0xe6, 0x99, 0x67, 0x7d, 0x0, 0x92, 0x0,
    0x0, 0x4f, 0xe5, 0x0, 0x2f, 0x5, 0xf2, 0x0,
    0x0, 0xa, 0xf2, 0x0, 0xe, 0x3c, 0x90, 0x0,
    0x0, 0xb, 0xf9, 0x0, 0xa, 0xdf, 0x10, 0x0,
    0x0, 0x4f, 0x6f, 0x30, 0x6, 0xf7, 0x0, 0x0,
    0x1, 0xe8, 0x9, 0xc0, 0x3e, 0xe9, 0x0, 0x20,
    0x2d, 0xc0, 0x1, 0x34, 0xf7, 0x2f, 0x82, 0xf2,
    0x1c, 0x20, 0x0, 0x6f, 0x70, 0x3, 0xff, 0xc0,
    0x0, 0x0, 0x0, 0x4, 0x0, 0x0, 0x29, 0x20,

    /* U+6210 "成" */
    0x0, 0x0, 0x0, 0x0, 0x0, 0x0, 0x0, 0x0,
    0x0, 0x0, 0x0, 0x0, 0x5f, 0xa, 0x80, 0x0,
    0x0, 0x0, 0x0, 0x0, 0x5f, 0x3, 0xe9, 0x0,
    0x0, 0x0, 0x0, 0x0, 0x4f, 0x0, 0x47, 0x0,
    0x0, 0xcf, 0xff, 0xff, 0xff, 0xff, 0xff, 0xa0,
    0x0, 0xc8, 0x11, 0x11, 0x2f, 0x21, 0x11, 0x10,
    0x0, 0xb7, 0x0, 0x0, 0xf, 0x20, 0x79, 0x0,
    0x0, 0xbf, 0xff, 0xf7, 0xd, 0x40, 0xda, 0x0,
    0x0, 0xc8, 0x22, 0xd6, 0xb, 0x84, 0xf2, 0x0,
    0x0, 0xc6, 0x0, 0xd5, 0x8, 0xbd, 0x90, 0x0,
    0x0, 0xe5, 0x0, 0xe3, 0x3, 0xfe, 0x10, 0x0,
    0x1, 0xf3, 0x0, 0xf2, 0x4, 0xf9, 0x0, 0x30,
    0x5, 0xf0, 0x9d, 0xf0, 0x4f, 0xaf, 0x21, 0xf3,
    0xc, 0xa0, 0x68, 0x48, 0xf6, 0xa, 0xe8, 0xf1,
    0x3f, 0x20, 0x0, 0xcd, 0x30, 0x1, 0xcf, 0xc0,
    0x0, 0x0, 0x0, 0x20, 0x0, 0x0, 0x3, 0x10,

    /* U+622A "截" */
    0x0, 0x0, 0x4e, 0x0, 0x6, 0xc0, 0x75, 0x0,
    0x0, 0xdc, 0xdf, 0xcc, 0x66, 0xd0, 0x6e, 0x10,
    0x0, 0x32, 0x5e, 0x22, 0x15, 0xd0, 0x7, 0x0,
    0x6, 0x54, 0x7e, 0x44, 0x48, 0xd4, 0x44, 0x51,
    0xb, 0xab, 0xaa, 0xaa, 0xab, 0xfa, 0xaa, 0xb2,
    0x0, 0x5e, 0x1a, 0x90, 0x2, 0xf0, 0x3, 0x10,
    0x1, 0xee, 0xce, 0xfe, 0xd1, 0xf1, 0xf, 0x60,
    0x1d, 0xf3, 0x1a, 0x71, 0x10, 0xe3, 0x3f, 0x10,
    0x3b, 0xef, 0xff, 0xff, 0xa0, 0xc6, 0x9a, 0x0,
    0x0, 0xe3, 0xa, 0x70, 0x10, 0x8b, 0xf3, 0x0,
    0x0, 0xee, 0xef, 0xff, 0x90, 0x3f, 0xb0, 0x0,
    0x0, 0xe3, 0xa, 0x70, 0x0, 0x5f, 0xa0, 0x20,
    0x0, 0xef, 0xff, 0xff, 0xb7, 0xf6, 0xf6, 0xc7,
    0x0, 0xf3, 0x0, 0x2, 0xed, 0x20, 0x4f, 0xf4,
    0x0, 0x0, 0x0, 0x0, 0x30, 0x0, 0x2, 0x60,

    /* U+6237 "户" */
    0x0, 0x0, 0x0, 0x0, 0x0, 0x0, 0x0, 0x0,
    0x0, 0x0, 0x0, 0x7d, 0x0, 0x0, 0x0, 0x0,
    0x0, 0x0, 0x2, 0xf4, 0x0, 0x0, 0x0, 0x0,
    0x12, 0x22, 0x28, 0x42, 0x22, 0x20, 0x0, 0xe,
    0xff, 0xff, 0xff, 0xff, 0xff, 0x60, 0x0, 0xe5,
    0x0, 0x0, 0x0, 0x0, 0xf6, 0x0, 0xe, 0x50,
    0x0, 0x0, 0x0, 0xf, 0x60, 0x0, 0xe5, 0x0,
    0x0, 0x0, 0x0, 0xf6, 0x0, 0xe, 0xff, 0xff,
    0xff, 0xff, 0xff, 0x60, 0x0, 0xf6, 0x22, 0x22,
    0x22, 0x22, 0xf6, 0x0, 0x1f, 0x20, 0x0, 0x0,
    0x0, 0x3, 0x10, 0x5, 0xf0, 0x0, 0x0, 0x0,
    0x0, 0x0, 0x0, 0xca, 0x0, 0x0, 0x0, 0x0,
    0x0, 0x0, 0x5f, 0x30, 0x0, 0x0, 0x0, 0x0,
    0x0, 0x1f, 0xa0, 0x0, 0x0, 0x0, 0x0, 0x0,
    0x0, 0x41, 0x0, 0x0, 0x0, 0x0, 0x0, 0x0,

    /* U+624B "手" */
    0x0, 0x0, 0x0, 0x0, 0x0, 0x0, 0x10, 0x0,
    0x0, 0x23, 0x34, 0x56, 0x79, 0xbe, 0xf7, 0x0,
    0x0, 0x8e, 0xed, 0xcd, 0xf8, 0x75, 0x42, 0x0,
    0x0, 0x0, 0x0, 0x6, 0xe0, 0x0, 0x0, 0x0,
    0x0, 0x12, 0x22, 0x27, 0xe2, 0x22, 0x22, 0x0,
    0x0, 0x7f, 0xff, 0xff, 0xff, 0xff, 0xfd, 0x0,
    0x0, 0x0, 0x0, 0x6, 0xe0, 0x0, 0x0, 0x0,
    0x0, 0x0, 0x0, 0x6, 0xe0, 0x0, 0x0, 0x0,
    0xf, 0xff, 0xff, 0xff, 0xff, 0xff, 0xff, 0xf4,
    0x2, 0x21, 0x11, 0x17, 0xe1, 0x11, 0x11, 0x20,
    0x0, 0x0, 0x0, 0x6, 0xe0, 0x0, 0x0, 0x0,
    0x0, 0x0, 0x0, 0x6, 0xe0, 0x0, 0x0, 0x0,
    0x0, 0x0, 0x1, 0x3a, 0xe0, 0x0, 0x0, 0x0,
    0x0, 0x0, 0x2, 0xff, 0x80, 0x0, 0x0, 0x0,
    0x0, 0x0, 0x0, 0x31, 0x0, 0x0, 0x0, 0x0,

    /* U+6253 "打" */
    0x0, 0x6, 0xf0, 0x0, 0x0, 0x0, 0x0, 0x0,
    0x0, 0x5, 0xf0, 0x5, 0x77, 0x77, 0x77, 0x73,
    0x0, 0x5, 0xe0, 0x6, 0x99, 0x9f, 0xb9, 0x94,
    0xb, 0xde, 0xfd, 0xd5, 0x0, 0xf, 0x40, 0x0,
    0x4, 0x47, 0xf3, 0x31, 0x0, 0xf, 0x40, 0x0,
    0x0, 0x5, 0xe0, 0x0, 0x0, 0xf, 0x40, 0x0,
    0x0, 0x5, 0xe3, 0x91, 0x0, 0xf, 0x40, 0x0,
    0x0, 0x4a, 0xfe, 0x90, 0x0, 0xf, 0x40, 0x0,
    0xe, 0xec, 0xe0, 0x0, 0x0, 0xf, 0x40, 0x0,
    0x3, 0x5, 0xe0, 0x0, 0x0, 0xf, 0x40, 0x0,
    0x0, 0x5, 0xe0, 0x0, 0x0, 0xf, 0x40, 0x0,
    0x0, 0x5, 0xe0, 0x0, 0x0, 0xf, 0x40, 0x0,
    0x0, 0x39, 0xe0, 0x0, 0x1, 0x5f, 0x40, 0x0,
    0x0, 0xef, 0x70, 0x0, 0xc, 0xfd, 0x0, 0x0,
    0x0, 0x10, 0x0, 0x0, 0x2, 0x20, 0x0, 0x0,

    /* U+626B "扫" */
    0x0, 0x7, 0xf0, 0x0, 0x0, 0x0, 0x0, 0x0,
    0x0, 0x6e, 0x0, 0x8f, 0xff, 0xff, 0xff, 0x0,
    0x6, 0xe0, 0x2, 0x33, 0x33, 0x37, 0xf0, 0xfe,
    0xef, 0xde, 0x20, 0x0, 0x0, 0x5e, 0x4, 0x48,
    0xf4, 0x40, 0x0, 0x0, 0x5, 0xe0, 0x0, 0x6e,
    0x1, 0x0, 0x0, 0x0, 0x5e, 0x0, 0x6, 0xf8,
    0xe0, 0xcf, 0xff, 0xff, 0xe0, 0x2, 0xbf, 0xa2,
    0x2, 0x21, 0x11, 0x6e, 0xa, 0xfd, 0xe0, 0x0,
    0x0, 0x0, 0x5, 0xe0, 0x73, 0x6e, 0x0, 0x0,
    0x0, 0x0, 0x5e, 0x0, 0x6, 0xe0, 0x0, 0x0,
    0x0, 0x5, 0xe0, 0x0, 0x6e, 0x0, 0x54, 0x44,
    0x44, 0x8e, 0x0, 0x6, 0xe0, 0xd, 0xdd, 0xdd,
    0xde, 0xf0, 0xb, 0xe8, 0x0, 0x0, 0x0, 0x0,
    0x5f, 0x0, 0x20, 0x0, 0x0, 0x0, 0x0, 0x0,
    0x0,

    /* U+627E "找" */
    0x0, 0x0, 0x0, 0x0, 0x20, 0x0, 0x0, 0x0,
    0x0, 0xf5, 0x0, 0xd, 0x81, 0x50, 0x0, 0x0,
    0xf, 0x40, 0x0, 0xd7, 0x3f, 0x80, 0x0, 0x0,
    0xe4, 0x0, 0xc, 0x70, 0x3f, 0x50, 0x2, 0x2e,
    0x62, 0x0, 0xc8, 0x0, 0x30, 0x0, 0xed, 0xfe,
    0xe0, 0xb, 0xa6, 0x9c, 0xf1, 0x0, 0xe, 0x41,
    0x9c, 0xff, 0xd9, 0x64, 0x0, 0x0, 0xe4, 0x3a,
    0x7a, 0xc0, 0x5, 0x0, 0x0, 0xe, 0xdb, 0x0,
    0x5e, 0x1, 0xf6, 0x1, 0x6d, 0xf8, 0x0, 0x3,
    0xf1, 0xac, 0x0, 0x2e, 0x6e, 0x40, 0x0, 0xf,
    0xaf, 0x20, 0x0, 0x0, 0xe4, 0x0, 0x0, 0xbf,
    0x50, 0x0, 0x0, 0xe, 0x40, 0x0, 0x4f, 0xf1,
    0x3, 0x0, 0x0, 0xe4, 0x0, 0x8f, 0x7c, 0xa0,
    0xba, 0x3, 0x6f, 0x33, 0xee, 0x40, 0x2f, 0xcf,
    0x60, 0x6f, 0xb0, 0x6, 0x0, 0x0, 0x3e, 0xc0,
    0x0, 0x0, 0x0, 0x0, 0x0, 0x0, 0x0, 0x0,

    /* U+6280 "技" */
    0x0, 0xf, 0x30, 0x0, 0x4, 0xf0, 0x0, 0x0,
    0x0, 0xe, 0x30, 0x0, 0x3, 0xf0, 0x0, 0x0,
    0x0, 0xe, 0x30, 0x6b, 0xac, 0xfa, 0xaa, 0x80,
    0x1e, 0xdf, 0xec, 0x35, 0x57, 0xf5, 0x55, 0x40,
    0x3, 0x2e, 0x52, 0x0, 0x3, 0xf0, 0x0, 0x0,
    0x0, 0xe, 0x30, 0x0, 0x3, 0xf0, 0x0, 0x0,
    0x0, 0xe, 0x6a, 0x4f, 0xff, 0xff, 0xfe, 0x0,
    0x0, 0x5f, 0xe6, 0x5, 0xd0, 0x0, 0xaa, 0x0,
    0x3e, 0xef, 0x30, 0x0, 0xf2, 0x1, 0xf4, 0x0,
    0x6, 0xe, 0x30, 0x0, 0x99, 0x9, 0xc0, 0x0,
    0x0, 0xe, 0x30, 0x0, 0x1f, 0x8f, 0x20, 0x0,
    0x0, 0xe, 0x30, 0x0, 0xa, 0xf9, 0x0, 0x0,
    0x0, 0x1f, 0x30, 0x5, 0xce, 0x8f, 0xa2, 0x0,
    0x8, 0xfe, 0x17, 0xfe, 0x81, 0x1, 0xbf, 0xd1,
    0x2, 0x50, 0x1, 0x60, 0x0, 0x0, 0x2, 0x60,

    /* U+6291 "抑" */
    0x0, 0xf, 0x30, 0x0, 0x65, 0x0, 0x0, 0x0,
    0x0, 0xf2, 0x5, 0xfd, 0x84, 0xcc, 0xcc, 0x0,
    0xf, 0x20, 0x5e, 0x0, 0x5e, 0x36, 0xf0, 0xdf,
    0xff, 0xb3, 0xe0, 0x4, 0xd0, 0x4e, 0x0, 0xf,
    0x20, 0x3e, 0x0, 0x4d, 0x4, 0xe0, 0x0, 0xf2,
    0x3, 0xe0, 0x4, 0xd0, 0x4e, 0x0, 0xf, 0x44,
    0x3e, 0x0, 0x4d, 0x4, 0xe0, 0x4, 0xff, 0x83,
    0xe0, 0x4, 0xd0, 0x4e, 0x3e, 0xff, 0x40, 0x3e,
    0x2, 0x4d, 0x4, 0xe0, 0x92, 0xf2, 0x3, 0xe5,
    0xc4, 0xd0, 0x4e, 0x0, 0xf, 0x20, 0x4f, 0xf6,
    0x4d, 0x7, 0xe0, 0x0, 0xf2, 0x8, 0xf7, 0x4,
    0xd4, 0xfc, 0x0, 0xf, 0x10, 0x27, 0x0, 0x4d,
    0x4, 0x0, 0x8e, 0xf0, 0x0, 0x0, 0x4, 0xd0,
    0x0, 0x2, 0x51, 0x0, 0x0, 0x0, 0x5e, 0x0,
    0x0,

    /* U+62CD "拍" */
    0x0, 0x0, 0x0, 0x0, 0x0, 0x0, 0x0, 0x0,
    0x0, 0x4f, 0x0, 0x0, 0xc, 0xa0, 0x0, 0x0,
    0x3, 0xf0, 0x0, 0x0, 0xf5, 0x0, 0x0, 0x0,
    0x3f, 0x0, 0x15, 0x6f, 0x65, 0x55, 0x2, 0x25,
    0xf2, 0x33, 0xfc, 0xcc, 0xcd, 0xf0, 0x9d, 0xef,
    0xde, 0x3e, 0x0, 0x0, 0x3f, 0x0, 0x3, 0xf0,
    0x3, 0xe0, 0x0, 0x3, 0xe0, 0x0, 0x3f, 0x2,
    0x3e, 0x0, 0x0, 0x3e, 0x0, 0x5, 0xfe, 0x83,
    0xff, 0xff, 0xff, 0xe1, 0x9d, 0xff, 0x10, 0x3e,
    0x0, 0x0, 0x3e, 0xa, 0x64, 0xf0, 0x3, 0xe0,
    0x0, 0x3, 0xe0, 0x0, 0x3f, 0x0, 0x3e, 0x0,
    0x0, 0x3e, 0x0, 0x3, 0xf0, 0x3, 0xf3, 0x33,
    0x36, 0xe0, 0x0, 0x3f, 0x0, 0x3f, 0xdd, 0xdd,
    0xee, 0x0, 0xae, 0xe0, 0x3, 0xe0, 0x0, 0x3,
    0xf0, 0x9, 0xd6, 0x0, 0x4e, 0x0, 0x0, 0x0,
    0x0, 0x0, 0x0, 0x0, 0x0, 0x0, 0x0, 0x0,

    /* U+62D2 "拒" */
    0x0, 0xf, 0x60, 0x0, 0x0, 0x0, 0x0, 0x0,
    0x0, 0xf5, 0x0, 0xcf, 0xff, 0xff, 0xfb, 0x0,
    0xf, 0x50, 0xc, 0x84, 0x44, 0x44, 0x31, 0x65,
    0xf9, 0x61, 0xc6, 0x0, 0x0, 0x0, 0x2a, 0xaf,
    0xba, 0x2c, 0x72, 0x22, 0x22, 0x0, 0x0, 0xf5,
    0x0, 0xcf, 0xee, 0xee, 0xf2, 0x0, 0xf, 0x50,
    0xc, 0x60, 0x0, 0x2f, 0x20, 0x0, 0xfb, 0xe2,
    0xc6, 0x0, 0x2, 0xf2, 0x2b, 0xff, 0xa3, 0xc,
    0x72, 0x22, 0x4f, 0x20, 0x93, 0xf5, 0x0, 0xcf,
    0xee, 0xee, 0xe2, 0x0, 0xf, 0x50, 0xc, 0x60,
    0x0, 0x0, 0x0, 0x0, 0xf5, 0x0, 0xc6, 0x0,
    0x0, 0x0, 0x0, 0xf, 0x50, 0xd, 0x83, 0x33,
    0x33, 0x40, 0x6c, 0xf2, 0x0, 0xce, 0xee, 0xee,
    0xee, 0x3, 0xa4, 0x0, 0x0, 0x0, 0x0, 0x0,
    0x0,

    /* U+62DB "招" */
    0x0, 0xe, 0x60, 0x0, 0x0, 0x0, 0x0, 0x0,
    0x0, 0xe5, 0x7, 0xff, 0xff, 0xff, 0xfa, 0x0,
    0xd, 0x50, 0x12, 0x2e, 0x82, 0x2c, 0x93, 0xff,
    0xff, 0xf3, 0x1, 0xf4, 0x0, 0xc7, 0x2, 0x1d,
    0x62, 0x0, 0x7f, 0x0, 0xd, 0x60, 0x0, 0xd5,
    0x0, 0x4f, 0x80, 0x25, 0xf4, 0x0, 0xd, 0x89,
    0x6f, 0x90, 0x8, 0xfb, 0x0, 0x49, 0xfd, 0x70,
    0x20, 0x0, 0x0, 0x0, 0x7f, 0xae, 0x50, 0xf,
    0xff, 0xff, 0xff, 0x61, 0x20, 0xd5, 0x0, 0xf5,
    0x22, 0x22, 0xe6, 0x0, 0xd, 0x50, 0xf, 0x30,
    0x0, 0xe, 0x60, 0x0, 0xd5, 0x0, 0xf3, 0x0,
    0x0, 0xe6, 0x1, 0x3f, 0x50, 0xf, 0xdc, 0xcc,
    0xcf, 0x60, 0x6f, 0xf3, 0x0, 0xf7, 0x44, 0x44,
    0xf6, 0x3, 0xd8, 0x0, 0xf, 0x30, 0x0, 0xe,
    0x60,

    /* U+62E9 "择" */
    0x0, 0x3f, 0x10, 0x0, 0x0, 0x0, 0x0, 0x0,
    0x0, 0x3f, 0x10, 0x5f, 0xff, 0xff, 0xfd, 0x0,
    0x1, 0x4f, 0x21, 0x4, 0xd0, 0x1, 0xe3, 0x0,
    0x2f, 0xff, 0xfe, 0x0, 0xab, 0x4d, 0x60, 0x0,
    0x0, 0x3f, 0x10, 0x0, 0x1e, 0xf9, 0x0, 0x0,
    0x0, 0x3f, 0x11, 0x69, 0xea, 0x6e, 0xea, 0x81,
    0x0, 0x3f, 0xb5, 0xa8, 0x25, 0x80, 0x59, 0xa0,
    0x29, 0xef, 0x81, 0x11, 0x18, 0xd1, 0x11, 0x0,
    0x2d, 0x8f, 0x10, 0x8f, 0xff, 0xff, 0xfc, 0x0,
    0x0, 0x3f, 0x10, 0x0, 0x7, 0xd0, 0x0, 0x0,
    0x0, 0x3f, 0x12, 0x21, 0x17, 0xd1, 0x22, 0x20,
    0x0, 0x3f, 0x1c, 0xee, 0xef, 0xfe, 0xee, 0xf0,
    0x3, 0x7f, 0x0, 0x0, 0x7, 0xd0, 0x0, 0x0,
    0x9, 0xfc, 0x0, 0x0, 0x7, 0xd0, 0x0, 0x0,
    0x3, 0x50, 0x0, 0x0, 0x8, 0xd0, 0x0, 0x0,

    /* U+62FE "拾" */
    0x0, 0x0, 0x0, 0x0, 0x0, 0x0, 0x0, 0x0,
    0x0, 0x1f, 0x20, 0x0, 0xc, 0xa0, 0x0, 0x0,
    0x0, 0x1f, 0x20, 0x0, 0x2f, 0xf2, 0x0, 0x0,
    0x0, 0x1f, 0x20, 0x0, 0x9d, 0x8c, 0x0, 0x0,
    0x3, 0x4f, 0x43, 0x2, 0xf5, 0xe, 0x80, 0x0,
    0x1d, 0xdf, 0xdd, 0x2c, 0xc0, 0x4, 0xf8, 0x0,
    0x0, 0x1f, 0x20, 0x8f, 0x52, 0x22, 0x9f, 0xc3,
    0x0, 0x1f, 0x25, 0xf8, 0xee, 0xee, 0xd5, 0xc1,
    0x0, 0x2f, 0x96, 0x10, 0x0, 0x0, 0x0, 0x0,
    0x2d, 0xff, 0x60, 0xe, 0xee, 0xee, 0xed, 0x0,
    0x7, 0x2f, 0x20, 0xf, 0x52, 0x22, 0x6e, 0x0,
    0x0, 0x1f, 0x20, 0xf, 0x40, 0x0, 0x5e, 0x0,
    0x0, 0x1f, 0x20, 0xf, 0x40, 0x0, 0x5e, 0x0,
    0x0, 0x2f, 0x20, 0xf, 0xff, 0xff, 0xfe, 0x0,
    0x9, 0xff, 0x10, 0xf, 0x40, 0x0, 0x5f, 0x0,
    0x4, 0x94, 0x0, 0xf, 0x40, 0x0, 0x0, 0x0,

    /* U+6302 "挂" */
    0x0, 0xf, 0x30, 0x0, 0x1, 0xf1, 0x0, 0x0,
    0x0, 0xf, 0x30, 0x0, 0x1, 0xf1, 0x0, 0x0,
    0x0, 0xf, 0x30, 0x58, 0x88, 0xf8, 0x88, 0x50,
    0x2, 0x2f, 0x52, 0x47, 0x78, 0xf8, 0x77, 0x50,
    0x3d, 0xcf, 0xda, 0x0, 0x1, 0xf1, 0x0, 0x0,
    0x0, 0xf, 0x30, 0x43, 0x34, 0xf4, 0x33, 0x41,
    0x0, 0xf, 0x32, 0xdc, 0xcc, 0xcc, 0xcc, 0xc4,
    0x2, 0x7f, 0xd6, 0x0, 0x0, 0xf2, 0x0, 0x0,
    0x1f, 0xbf, 0x30, 0x0, 0x0, 0xf2, 0x0, 0x0,
    0x2, 0xf, 0x30, 0x8f, 0xff, 0xff, 0xff, 0x90,
    0x0, 0xf, 0x30, 0x0, 0x0, 0xf2, 0x0, 0x0,
    0x0, 0xf, 0x30, 0x0, 0x0, 0xf2, 0x0, 0x0,
    0x0, 0xf, 0x20, 0x0, 0x0, 0xf2, 0x0, 0x0,
    0x5, 0xbf, 0x19, 0xff, 0xff, 0xff, 0xff, 0xf7,
    0x3, 0x93, 0x0, 0x0, 0x0, 0x0, 0x0, 0x0,

    /* U+6309 "按" */
    0x0, 0x0, 0x0, 0x0, 0x1, 0x10, 0x0, 0x0,
    0x0, 0xf, 0x20, 0x0, 0xb, 0xa0, 0x0, 0x0,
    0x0, 0xf, 0x20, 0x0, 0x2, 0xe1, 0x0, 0x0,
    0x0, 0xf, 0x20, 0x8c, 0xcc, 0xcc, 0xcc, 0x70,
    0x3d, 0xcf, 0xd5, 0xa9, 0x33, 0x33, 0x3a, 0x90,
    0x2, 0x2f, 0x41, 0xa8, 0xa, 0x90, 0x8, 0x90,
    0x0, 0xf, 0x20, 0x33, 0xf, 0x50, 0x2, 0x30,
    0x0, 0xf, 0x22, 0x22, 0x6e, 0x22, 0x22, 0x20,
    0x0, 0x1f, 0xd8, 0xcd, 0xfe, 0xdd, 0xfe, 0xd1,
    0x2a, 0xff, 0x40, 0x4, 0xe1, 0x1, 0xf2, 0x0,
    0x9, 0x2f, 0x20, 0xd, 0x70, 0x8, 0xb0, 0x0,
    0x0, 0xf, 0x20, 0x1b, 0xe7, 0x3f, 0x30, 0x0,
    0x0, 0xf, 0x20, 0x0, 0x2c, 0xfd, 0x0, 0x0,
    0x0, 0xf, 0x10, 0x2, 0x8f, 0x8c, 0xe6, 0x0,
    0x6, 0xef, 0x7, 0xdf, 0xa2, 0x0, 0x7f, 0xa0,
    0x1, 0x61, 0x2, 0x51, 0x0, 0x0, 0x2, 0x20,

    /* U+6349 "捉" */
    0x0, 0xf, 0x40, 0x0, 0x0, 0x0, 0x0, 0x0,
    0x0, 0xf, 0x40, 0x4f, 0xff, 0xff, 0xff, 0x0,
    0x0, 0xe, 0x40, 0x3f, 0x11, 0x11, 0x5e, 0x0,
    0x15, 0x4f, 0x74, 0x3f, 0x0, 0x0, 0x5e, 0x0,
    0x3c, 0xcf, 0xdb, 0x3f, 0x0, 0x0, 0x5e, 0x0,
    0x0, 0xe, 0x40, 0x4f, 0xff, 0xff, 0xff, 0x0,
    0x0, 0xe, 0x54, 0x1, 0x15, 0xf1, 0x11, 0x0,
    0x3, 0x8f, 0xf8, 0x39, 0x3, 0xf0, 0x0, 0x0,
    0x2f, 0xaf, 0x40, 0x7c, 0x3, 0xfc, 0xcc, 0x60,
    0x1, 0xe, 0x40, 0xa8, 0x3, 0xf4, 0x44, 0x20,
    0x0, 0xe, 0x40, 0xed, 0x13, 0xf0, 0x0, 0x0,
    0x0, 0xe, 0x46, 0xda, 0xd7, 0xf0, 0x0, 0x0,
    0x1, 0x3f, 0x5e, 0x60, 0x8f, 0xf9, 0x65, 0x40,
    0x6, 0xfc, 0x3a, 0x0, 0x1, 0x6a, 0xdf, 0xe0,
    0x0, 0x20, 0x0, 0x0, 0x0, 0x0, 0x0, 0x0,

    /* U+63A5 "接" */
    0x0, 0x0, 0x0, 0x0, 0x0, 0x40, 0x0, 0x0,
    0x0, 0x1f, 0x10, 0x0, 0x3, 0xf2, 0x0, 0x0,
    0x0, 0x1f, 0x10, 0x58, 0x88, 0xfb, 0x88, 0x90,
    0x0, 0x1f, 0x10, 0x58, 0x88, 0x88, 0x98, 0x90,
    0x3f, 0xef, 0xe9, 0x1, 0xa0, 0x0, 0xf4, 0x0,
    0x3, 0x3f, 0x32, 0x0, 0xe7, 0x4, 0xf0, 0x0,
    0x0, 0x1f, 0x10, 0x22, 0x86, 0x2a, 0xb2, 0x30,
    0x0, 0x1f, 0x12, 0x9d, 0xdd, 0xdd, 0xdd, 0xd0,
    0x1, 0x5f, 0xe5, 0x0, 0xd, 0x50, 0x0, 0x0,
    0x3f, 0xcf, 0x11, 0xff, 0xff, 0xff, 0xff, 0xf8,
    0x4, 0x1f, 0x10, 0x11, 0xe6, 0x3, 0xf1, 0x0,
    0x0, 0x1f, 0x10, 0x6, 0xf7, 0x1a, 0x80, 0x0,
    0x0, 0x1f, 0x10, 0x0, 0x4b, 0xff, 0x30, 0x0,
    0x1, 0x3f, 0x0, 0x1, 0x5c, 0xda, 0xfa, 0x20,
    0x9, 0xfc, 0x2, 0xdf, 0xd6, 0x0, 0x3c, 0xe1,
    0x2, 0x30, 0x0, 0x42, 0x0, 0x0, 0x0, 0x20,

    /* U+63A8 "推" */
    0x0, 0x0, 0x0, 0x0, 0x0, 0x0, 0x0, 0x0,
    0x0, 0x2f, 0x20, 0x2, 0xf4, 0x6d, 0x0, 0x0,
    0x0, 0x1f, 0x10, 0x6, 0xe0, 0x1e, 0x60, 0x0,
    0x0, 0x1f, 0x10, 0xd, 0x91, 0x13, 0x12, 0x30,
    0x5, 0x5f, 0x53, 0x5f, 0xff, 0xff, 0xff, 0xf1,
    0xc, 0xbf, 0xb9, 0xdf, 0x40, 0x4f, 0x0, 0x10,
    0x0, 0x1f, 0x18, 0xee, 0x51, 0x5f, 0x12, 0x10,
    0x0, 0x1f, 0x13, 0x4e, 0xee, 0xef, 0xee, 0x80,
    0x0, 0x2f, 0xc8, 0xe, 0x40, 0x4f, 0x0, 0x0,
    0x3c, 0xff, 0x50, 0xe, 0x40, 0x4f, 0x0, 0x0,
    0x8, 0x2f, 0x10, 0xe, 0xff, 0xff, 0xff, 0x90,
    0x0, 0x1f, 0x10, 0xe, 0x40, 0x4f, 0x0, 0x0,
    0x0, 0x1f, 0x10, 0xe, 0x40, 0x4f, 0x0, 0x0,
    0x1, 0x3f, 0x0, 0xe, 0xff, 0xff, 0xff, 0xf7,
    0xa, 0xfe, 0x0, 0xe, 0x40, 0x0, 0x0, 0x10,
    0x7, 0xb4, 0x0, 0xe, 0x40, 0x0, 0x0, 0x0,

    /* U+63CF "描" */
    0x0, 0x2f, 0x10, 0x0, 0xc4, 0x8, 0xa0, 0x0,
    0x0, 0x2f, 0x10, 0x0, 0xc4, 0x7, 0xa0, 0x0,
    0x0, 0x2f, 0x11, 0xa9, 0xeb, 0x9c, 0xd9, 0x94,
    0x13, 0x4f, 0x33, 0x88, 0xea, 0x8b, 0xd8, 0x83,
    0x4e, 0xdf, 0xd8, 0x0, 0xc4, 0x7, 0xa0, 0x0,
    0x0, 0x2f, 0x10, 0x0, 0x10, 0x0, 0x10, 0x0,
    0x0, 0x2f, 0x54, 0x6f, 0xff, 0xff, 0xff, 0x50,
    0x4, 0xaf, 0xc3, 0x4e, 0x1, 0xf1, 0xe, 0x40,
    0x2e, 0xaf, 0x10, 0x4e, 0x1, 0xf1, 0xe, 0x40,
    0x0, 0x2f, 0x10, 0x4f, 0xee, 0xfe, 0xef, 0x40,
    0x0, 0x2f, 0x10, 0x4e, 0x12, 0xf2, 0x1e, 0x40,
    0x0, 0x2f, 0x10, 0x4e, 0x1, 0xf1, 0xe, 0x40,
    0x0, 0x3f, 0x0, 0x4e, 0x23, 0xf3, 0x2e, 0x40,
    0x5, 0xde, 0x0, 0x4f, 0xcc, 0xcc, 0xcf, 0x40,
    0x4, 0xd4, 0x0, 0x6e, 0x0, 0x0, 0xe, 0x40,
    0x0, 0x0, 0x0, 0x0, 0x0, 0x0, 0x0, 0x0,

    /* U+63E1 "握" */
    0x0, 0x5d, 0x0, 0x0, 0x0, 0x0, 0x0, 0x0,
    0x0, 0x4d, 0x0, 0xef, 0xff, 0xff, 0xff, 0xf0,
    0x0, 0x4d, 0x0, 0xe4, 0x0, 0x0, 0x2, 0xe0,
    0x1c, 0xdf, 0xc4, 0xde, 0xee, 0xee, 0xee, 0xd0,
    0x3, 0x6d, 0x21, 0xd4, 0x21, 0x0, 0x1, 0x10,
    0x0, 0x4d, 0x0, 0xe7, 0xee, 0xfe, 0xee, 0xa0,
    0x0, 0x4e, 0xb4, 0xe2, 0x6, 0xd0, 0x3, 0x0,
    0x7, 0xdf, 0x81, 0xf1, 0x3e, 0x40, 0x5f, 0x30,
    0xd, 0xad, 0x2, 0xf0, 0xcf, 0xed, 0xdd, 0xe0,
    0x0, 0x4d, 0x4, 0xc0, 0x20, 0x29, 0x0, 0x50,
    0x0, 0x4d, 0x9, 0x90, 0x22, 0x4e, 0x22, 0x20,
    0x0, 0x4d, 0xe, 0x53, 0xed, 0xdf, 0xdd, 0xa0,
    0x2, 0x8d, 0x6f, 0x0, 0x0, 0x2e, 0x0, 0x0,
    0x7, 0xe6, 0x48, 0xd, 0xff, 0xff, 0xff, 0xf7,
    0x0, 0x0, 0x0, 0x0, 0x0, 0x0, 0x0, 0x0,

    /* U+6478 "摸" */
    0x0, 0x1f, 0x10, 0x0, 0xa7, 0xa, 0x70, 0x0,
    0x0, 0x1f, 0x10, 0x10, 0xa7, 0xa, 0x70, 0x10,
    0x0, 0x1f, 0x12, 0xff, 0xff, 0xff, 0xff, 0xf0,
    0x16, 0x6f, 0x64, 0x0, 0xa7, 0xa, 0x70, 0x0,
    0x29, 0x9f, 0x96, 0x6f, 0xee, 0xee, 0xef, 0x40,
    0x0, 0x1f, 0x10, 0x6c, 0x0, 0x0, 0xf, 0x40,
    0x0, 0x1f, 0x54, 0x6f, 0xee, 0xee, 0xef, 0x40,
    0x0, 0x4f, 0xe4, 0x6c, 0x0, 0x0, 0xf, 0x40,
    0x3d, 0xff, 0x10, 0x5e, 0xee, 0xfe, 0xee, 0x40,
    0x9, 0x2f, 0x10, 0x10, 0x7, 0xc0, 0x1, 0x20,
    0x0, 0x1f, 0x19, 0xee, 0xef, 0xfe, 0xee, 0xf1,
    0x0, 0x1f, 0x10, 0x0, 0x2f, 0xbc, 0x0, 0x0,
    0x0, 0x1f, 0x0, 0x4, 0xe8, 0xb, 0xc3, 0x0,
    0xa, 0xfd, 0x7, 0xcf, 0x70, 0x0, 0x8f, 0xf2,
    0x4, 0x71, 0x6, 0x61, 0x0, 0x0, 0x1, 0x50,

    /* U+6491 "撑" */
    0x0, 0x0, 0x0, 0x0, 0x0, 0x10, 0x0, 0x0,
    0x0, 0x2f, 0x0, 0x6, 0x41, 0xf0, 0x5b, 0x0,
    0x0, 0x2f, 0x0, 0x7, 0xb1, 0xf0, 0xc7, 0x0,
    0x0, 0x2f, 0x1, 0x9a, 0xba, 0xf9, 0xa9, 0x91,
    0xd, 0xdf, 0xc7, 0xe4, 0x44, 0x44, 0x44, 0xf1,
    0x2, 0x3f, 0x22, 0xb5, 0xee, 0xee, 0xe3, 0xb1,
    0x0, 0x2f, 0x0, 0x5, 0x90, 0x0, 0xc3, 0x0,
    0x0, 0x2f, 0x33, 0x5, 0xee, 0xee, 0xe3, 0x0,
    0x2, 0x8f, 0xd4, 0x1, 0x12, 0x36, 0x8b, 0x10,
    0x4f, 0xbf, 0x0, 0x5c, 0xbb, 0xf7, 0x64, 0x10,
    0x2, 0x2f, 0x0, 0x89, 0x99, 0xf9, 0x9a, 0x40,
    0x0, 0x2f, 0x0, 0x33, 0x34, 0xf3, 0x33, 0x20,
    0x0, 0x2f, 0xb, 0xfe, 0xee, 0xfe, 0xee, 0xf1,
    0x2, 0x6e, 0x0, 0x0, 0x1, 0xe0, 0x0, 0x0,
    0x8, 0xe8, 0x0, 0x0, 0x5d, 0xc0, 0x0, 0x0,
    0x0, 0x0, 0x0, 0x0, 0x14, 0x0, 0x0, 0x0,

    /* U+6536 "收" */
    0x0, 0x0, 0x0, 0x0, 0x1, 0x0, 0x0, 0x0,
    0x0, 0x0, 0xe5, 0x0, 0x4f, 0x40, 0x0, 0x0,
    0x0, 0x0, 0xd4, 0x0, 0x9d, 0x0, 0x0, 0x0,
    0xb, 0x30, 0xd4, 0x0, 0xf8, 0x22, 0x22, 0x20,
    0xf, 0x40, 0xd4, 0x7, 0xff, 0xff, 0xff, 0xf4,
    0xe, 0x40, 0xd4, 0xe, 0x70, 0x0, 0xf2, 0x0,
    0xe, 0x40, 0xd4, 0x8e, 0xd4, 0x2, 0xf0, 0x0,
    0xe, 0x40, 0xd5, 0xe5, 0xb8, 0x5, 0xd0, 0x0,
    0xe, 0x40, 0xd4, 0x0, 0x6d, 0x9, 0x90, 0x0,
    0xf, 0x65, 0xe4, 0x0, 0x1f, 0x4e, 0x40, 0x0,
    0x4f, 0xe9, 0xe4, 0x0, 0xa, 0xfd, 0x0, 0x0,
    0x4, 0x0, 0xd4, 0x0, 0x7, 0xf8, 0x0, 0x0,
    0x0, 0x0, 0xd4, 0x0, 0x8f, 0xaf, 0x70, 0x0,
    0x0, 0x0, 0xd4, 0x4c, 0xf5, 0x4, 0xed, 0x61,
    0x0, 0x0, 0xd7, 0xdb, 0x20, 0x0, 0x19, 0xb0,
    0x0, 0x0, 0x0, 0x0, 0x0, 0x0, 0x0, 0x0,

    /* U+6548 "效" */
    0x0, 0x0, 0x0, 0x0, 0x0, 0x10, 0x0, 0x0,
    0x0, 0x6, 0xd0, 0x0, 0x0, 0xda, 0x0, 0x0,
    0x0, 0x1, 0xf3, 0x0, 0x1, 0xf3, 0x0, 0x0,
    0x28, 0x88, 0xa8, 0x88, 0x6, 0xd1, 0x11, 0x10,
    0x27, 0x77, 0x77, 0x77, 0xd, 0xee, 0xef, 0xe7,
    0x0, 0x7a, 0x7, 0x90, 0x4f, 0x10, 0x7c, 0x0,
    0x1, 0xe6, 0x3, 0xf5, 0xdb, 0x10, 0x7b, 0x0,
    0xc, 0xb0, 0x0, 0x8d, 0x8d, 0x60, 0x99, 0x0,
    0x2c, 0x51, 0x9, 0x71, 0x8, 0x90, 0xc6, 0x0,
    0x0, 0x8e, 0x3e, 0x50, 0x4, 0xe1, 0xf2, 0x0,
    0x0, 0x7, 0xfe, 0x0, 0x0, 0xfa, 0xd0, 0x0,
    0x0, 0x3, 0xff, 0x60, 0x0, 0x9f, 0x60, 0x0,
    0x0, 0x2e, 0x86, 0xf3, 0x2, 0xdf, 0x80, 0x0,
    0x6, 0xf9, 0x0, 0x40, 0x7f, 0x93, 0xea, 0x10,
    0x1c, 0x70, 0x0, 0x6e, 0xe5, 0x0, 0x3e, 0xf3,
    0x0, 0x0, 0x0, 0x18, 0x10, 0x0, 0x1, 0x50,

    /* U+6559 "教" */
    0x0, 0x0, 0xb6, 0x0, 0x0, 0x95, 0x0, 0x0,
    0x0, 0x10, 0xb6, 0x13, 0x70, 0xe5, 0x0, 0x0,
    0x1, 0xff, 0xff, 0xea, 0x72, 0xf1, 0x0, 0x0,
    0x0, 0x0, 0xb6, 0x3d, 0x6, 0xf9, 0x99, 0xa2,
    0x15, 0x44, 0xc9, 0xe8, 0x2b, 0xa7, 0xae, 0x72,
    0x2c, 0xbb, 0xcf, 0xcb, 0x9f, 0x20, 0x7a, 0x0,
    0x0, 0x3, 0xd7, 0x0, 0xaf, 0x40, 0x98, 0x0,
    0x1, 0xaf, 0xff, 0xfe, 0x98, 0x80, 0xc5, 0x0,
    0x3f, 0xa1, 0x1c, 0xb2, 0x2, 0xe0, 0xf1, 0x0,
    0x2, 0x0, 0x5d, 0x25, 0x30, 0xcb, 0xd0, 0x0,
    0x16, 0x8b, 0xdf, 0xda, 0x40, 0x5f, 0x60, 0x0,
    0xb, 0x85, 0x6c, 0x0, 0x1, 0xcf, 0xb0, 0x0,
    0x0, 0x0, 0x5c, 0x0, 0x4e, 0xa1, 0xcd, 0x50,
    0x0, 0xa, 0xf9, 0xc, 0xf7, 0x0, 0x9, 0xe2,
    0x0, 0x2, 0x30, 0x4, 0x10, 0x0, 0x0, 0x10,

    /* U+6570 "数" */
    0x3, 0x50, 0xd6, 0x18, 0x6, 0xa0, 0x0, 0x0,
    0x3e, 0x2d, 0x57, 0xa0, 0x9a, 0x0, 0x0, 0x2,
    0x63, 0xc6, 0x84, 0xd, 0x50, 0x0, 0x0, 0xee,
    0xff, 0xfe, 0xe6, 0xfd, 0xcc, 0xc6, 0x0, 0x2e,
    0xe7, 0x50, 0x7d, 0x33, 0xc8, 0x20, 0x5e, 0x6c,
    0x8e, 0x5c, 0xc0, 0xd, 0x50, 0x2d, 0x41, 0xa4,
    0x48, 0xff, 0x0, 0xe3, 0x0, 0x0, 0x8b, 0x0,
    0x68, 0xd3, 0x1f, 0x0, 0x2f, 0xff, 0xff, 0xfb,
    0x9, 0x84, 0xd0, 0x0, 0x15, 0xd0, 0xc, 0x60,
    0x4e, 0xa8, 0x0, 0x0, 0xdc, 0x56, 0xe0, 0x0,
    0xdf, 0x20, 0x0, 0x1, 0x5b, 0xfe, 0x70, 0x1d,
    0xf4, 0x0, 0x0, 0x6, 0xe6, 0x49, 0x3d, 0x97,
    0xf5, 0x0, 0x9e, 0xb2, 0x0, 0xaf, 0x70, 0x7,
    0xf5, 0x3, 0x20, 0x0, 0x3, 0x10, 0x0, 0x2,
    0x0,

    /* U+6574 "整" */
    0x0, 0x0, 0x0, 0x0, 0x0, 0x0, 0x0, 0x0,
    0x0, 0x0, 0xf4, 0x0, 0x0, 0xc6, 0x0, 0x0,
    0x27, 0x77, 0xf9, 0x77, 0x32, 0xf1, 0x0, 0x0,
    0x27, 0x77, 0xf8, 0x77, 0x2a, 0xee, 0xef, 0xe3,
    0xa, 0xbb, 0xfc, 0xba, 0x3f, 0x40, 0x5d, 0x0,
    0xd, 0x62, 0xf5, 0x4e, 0x8b, 0xc0, 0xb8, 0x0,
    0xd, 0xee, 0xff, 0xee, 0x0, 0xbc, 0xd0, 0x0,
    0x0, 0x5e, 0xff, 0x80, 0x1, 0xaf, 0xd4, 0x0,
    0x2a, 0xe4, 0xf5, 0xc2, 0x5f, 0x81, 0x6e, 0xc0,
    0x3c, 0x20, 0x41, 0x0, 0x1, 0x0, 0x0, 0x20,
    0x0, 0xce, 0xee, 0xef, 0xee, 0xee, 0xea, 0x0,
    0x0, 0x2, 0x60, 0xc, 0x60, 0x0, 0x0, 0x0,
    0x0, 0x5, 0xd0, 0xc, 0xee, 0xee, 0xe3, 0x0,
    0x0, 0x5, 0xd0, 0xc, 0x60, 0x0, 0x0, 0x0,
    0x4f, 0xee, 0xee, 0xee, 0xee, 0xee, 0xee, 0xf0,

    /* U+6587 "文" */
    0x0, 0x0, 0x0, 0x1, 0x0, 0x0, 0x0, 0x0,
    0x0, 0x0, 0x0, 0xba, 0x0, 0x0, 0x0, 0x0,
    0x0, 0x0, 0x0, 0x3f, 0x30, 0x0, 0x0, 0x0,
    0x0, 0x0, 0x0, 0x9, 0x50, 0x0, 0x0, 0x0,
    0x2f, 0xff, 0xff, 0xff, 0xff, 0xff, 0xff, 0xf1,
    0x3, 0x34, 0xf5, 0x33, 0x33, 0xe9, 0x34, 0x40,
    0x0, 0x0, 0xe5, 0x0, 0x0, 0xf4, 0x0, 0x0,
    0x0, 0x0, 0x8a, 0x0, 0x5, 0xe0, 0x0, 0x0,
    0x0, 0x0, 0x2f, 0x20, 0xc, 0x90, 0x0, 0x0,
    0x0, 0x0, 0xa, 0xb0, 0x5f, 0x10, 0x0, 0x0,
    0x0, 0x0, 0x1, 0xe9, 0xe7, 0x0, 0x0, 0x0,
    0x0, 0x0, 0x0, 0x6f, 0xe0, 0x0, 0x0, 0x0,
    0x0, 0x0, 0x6, 0xf9, 0xcd, 0x40, 0x0, 0x0,
    0x0, 0x27, 0xee, 0x40, 0x8, 0xfd, 0x84, 0x10,
    0xc, 0xfd, 0x60, 0x0, 0x0, 0x17, 0xdf, 0xb0,
    0x3, 0x30, 0x0, 0x0, 0x0, 0x0, 0x2, 0x10,

    /* U+6597 "斗" */
    0x0, 0x0, 0x0, 0x0, 0x1, 0xf4, 0x0, 0x0,
    0x0, 0x0, 0x66, 0x0, 0x1, 0xf4, 0x0, 0x0,
    0x0, 0x0, 0x6f, 0xb1, 0x1, 0xf4, 0x0, 0x0,
    0x0, 0x0, 0x3, 0xee, 0x11, 0xf4, 0x0, 0x0,
    0x0, 0x18, 0x0, 0x17, 0x1, 0xf4, 0x0, 0x0,
    0x0, 0x3e, 0xd3, 0x0, 0x1, 0xf4, 0x0, 0x0,
    0x0, 0x1, 0xbf, 0x60, 0x1, 0xf4, 0x0, 0x0,
    0x0, 0x0, 0x6, 0x10, 0x1, 0xf4, 0x0, 0x10,
    0x0, 0x1, 0x23, 0x56, 0x79, 0xfd, 0xdf, 0xf4,
    0x1e, 0xff, 0xfd, 0xca, 0x98, 0xf7, 0x31, 0x0,
    0x4, 0x21, 0x0, 0x0, 0x1, 0xf4, 0x0, 0x0,
    0x0, 0x0, 0x0, 0x0, 0x1, 0xf4, 0x0, 0x0,
    0x0, 0x0, 0x0, 0x0, 0x1, 0xf4, 0x0, 0x0,
    0x0, 0x0, 0x0, 0x0, 0x1, 0xf4, 0x0, 0x0,

    /* U+6599 "料" */
    0x0, 0x3, 0xf0, 0x0, 0x0, 0x0, 0xd4, 0x0,
    0x7, 0x33, 0xe0, 0x63, 0x33, 0x0, 0xe4, 0x0,
    0x8, 0xc3, 0xe1, 0xf4, 0x6e, 0x30, 0xe4, 0x0,
    0x1, 0xf6, 0xe9, 0xa0, 0x8, 0xe2, 0xe4, 0x0,
    0x0, 0x13, 0xe2, 0x10, 0x0, 0x81, 0xe4, 0x0,
    0xe, 0xee, 0xfe, 0xf3, 0xd4, 0x0, 0xe4, 0x0,
    0x2, 0x1a, 0xe2, 0x20, 0x8f, 0x40, 0xe4, 0x0,
    0x0, 0x1f, 0xea, 0x70, 0x8, 0xe0, 0xe4, 0x0,
    0x0, 0x8d, 0xe3, 0xf3, 0x0, 0x30, 0xe7, 0x74,
    0x3, 0xf6, 0xe0, 0x74, 0x57, 0xac, 0xfe, 0xb3,
    0xd, 0xa3, 0xe0, 0x3f, 0xfb, 0x85, 0xf4, 0x0,
    0xb, 0x13, 0xe0, 0x2, 0x0, 0x0, 0xe4, 0x0,
    0x0, 0x3, 0xe0, 0x0, 0x0, 0x0, 0xe4, 0x0,
    0x0, 0x3, 0xf0, 0x0, 0x0, 0x0, 0xf4, 0x0,
    0x0, 0x4, 0xf0, 0x0, 0x0, 0x0, 0xf4, 0x0,

    /* U+65B0 "新" */
    0x0, 0x0, 0xc5, 0x0, 0x0, 0x2, 0x48, 0x90,
    0x3, 0x43, 0xda, 0x44, 0x15, 0xfd, 0xba, 0x91,
    0xc, 0xee, 0xee, 0xee, 0x45, 0xd0, 0x0, 0x0,
    0x0, 0x74, 0x1, 0xb1, 0x5, 0xd0, 0x0, 0x0,
    0x0, 0x6a, 0x7, 0xa0, 0x5, 0xe3, 0x33, 0x31,
    0x2e, 0xdd, 0xdf, 0xed, 0x85, 0xfc, 0xdf, 0xc5,
    0x15, 0x44, 0xd9, 0x44, 0x35, 0xd0, 0x4e, 0x0,
    0x0, 0x0, 0xc6, 0x0, 0x5, 0xc0, 0x4e, 0x0,
    0xe, 0xff, 0xff, 0xff, 0x76, 0xb0, 0x4e, 0x0,
    0x3, 0x53, 0xd7, 0x33, 0x18, 0xa0, 0x4e, 0x0,
    0x0, 0xe8, 0xc6, 0xe3, 0xb, 0x70, 0x4e, 0x0,
    0x8, 0xe1, 0xc6, 0x8d, 0xf, 0x40, 0x4e, 0x0,
    0x3f, 0x30, 0xc6, 0x17, 0x5f, 0x0, 0x4e, 0x0,
    0x4, 0x29, 0xf5, 0x0, 0xd9, 0x0, 0x4f, 0x0,
    0x0, 0xc, 0xa0, 0x3, 0xd2, 0x0, 0x5f, 0x0,
    0x0, 0x0, 0x0, 0x0, 0x0, 0x0, 0x0, 0x0,

    /* U+65E0 "无" */
    0x0, 0x0, 0x0, 0x0, 0x0, 0x0, 0x0, 0x0,
    0x0, 0x5f, 0xff, 0xff, 0xff, 0xff, 0xf4, 0x0,
    0x0, 0x2, 0x21, 0x6e, 0x11, 0x11, 0x20, 0x0,
    0x0, 0x0, 0x0, 0x5e, 0x0, 0x0, 0x0, 0x0,
    0x0, 0x0, 0x0, 0x5e, 0x0, 0x0, 0x0, 0x0,
    0x0, 0x0, 0x0, 0x5d, 0x0, 0x0, 0x0, 0x0,
    0x8, 0xff, 0xff, 0xff, 0xff, 0xff, 0xff, 0xb0,
    0x0, 0x11, 0x11, 0xa9, 0x4e, 0x11, 0x11, 0x10,
    0x0, 0x0, 0x0, 0xe5, 0x4e, 0x0, 0x0, 0x0,
    0x0, 0x0, 0x4, 0xf0, 0x4e, 0x0, 0x0, 0x0,
    0x0, 0x0, 0x1d, 0x80, 0x4e, 0x0, 0x0, 0x0,
    0x0, 0x1, 0xcd, 0x0, 0x4e, 0x0, 0x5, 0xb0,
    0x0, 0x3d, 0xe2, 0x0, 0x3f, 0x42, 0x2a, 0xd0,
    0x9, 0xfc, 0x10, 0x0, 0xb, 0xff, 0xfe, 0x50,
    0x2, 0x60, 0x0, 0x0, 0x0, 0x0, 0x0, 0x0,

    /* U+65E5 "日" */
    0xef, 0xff, 0xff, 0xff, 0xff, 0x6e, 0x82, 0x22,
    0x22, 0x22, 0xf5, 0xe7, 0x0, 0x0, 0x0, 0xf,
    0x5e, 0x70, 0x0, 0x0, 0x0, 0xf5, 0xd7, 0x0,
    0x0, 0x0, 0xf, 0x5d, 0xff, 0xff, 0xff, 0xff,
    0xf5, 0xd7, 0x11, 0x11, 0x11, 0x1f, 0x5d, 0x70,
    0x0, 0x0, 0x0, 0xf5, 0xd7, 0x0, 0x0, 0x0,
    0xf, 0x5d, 0x70, 0x0, 0x0, 0x0, 0xf5, 0xe9,
    0x44, 0x44, 0x44, 0x5f, 0x5e, 0xec, 0xcc, 0xcc,
    0xcc, 0xf5, 0xe7, 0x0, 0x0, 0x0, 0xf, 0x60,

    /* U+65E9 "早" */
    0x0, 0xf, 0xff, 0xff, 0xff, 0xff, 0xf0, 0x0,
    0x0, 0xf6, 0x33, 0x33, 0x33, 0x6f, 0x0, 0x0,
    0xf, 0xff, 0xff, 0xff, 0xff, 0xf0, 0x0, 0x0,
    0xf5, 0x11, 0x11, 0x11, 0x5f, 0x0, 0x0, 0xf,
    0x40, 0x0, 0x0, 0x4, 0xf0, 0x0, 0x0, 0xff,
    0xff, 0xff, 0xff, 0xff, 0x0, 0x0, 0x2, 0x22,
    0x2d, 0x82, 0x22, 0x20, 0x0, 0x0, 0x0, 0x0,
    0xd7, 0x0, 0x0, 0x0, 0x1f, 0xff, 0xff, 0xff,
    0xff, 0xff, 0xff, 0xc0, 0x54, 0x44, 0x44, 0xea,
    0x44, 0x44, 0x54, 0x0, 0x0, 0x0, 0xd, 0x70,
    0x0, 0x0, 0x0, 0x0, 0x0, 0x0, 0xd7, 0x0,
    0x0, 0x0, 0x0, 0x0, 0x0, 0xe, 0x70, 0x0,
    0x0, 0x0, 0x0, 0x0, 0x0, 0xe8, 0x0, 0x0,
    0x0,

    /* U+65F6 "时" */
    0x0, 0x0, 0x0, 0x0, 0x0, 0xf, 0x60, 0x3,
    0x33, 0x33, 0x0, 0x0, 0x0, 0xf5, 0x0, 0xee,
    0xdd, 0xf3, 0x0, 0x0, 0xf, 0x50, 0xe, 0x60,
    0x1f, 0x36, 0x55, 0x55, 0xf9, 0x62, 0xe6, 0x1,
    0xf4, 0xcc, 0xbb, 0xbf, 0xdc, 0x4d, 0x83, 0x4f,
    0x20, 0x0, 0x0, 0xe5, 0x0, 0xde, 0xdd, 0xf2,
    0x6, 0x0, 0xe, 0x50, 0xd, 0x60, 0x1f, 0x22,
    0xf6, 0x0, 0xe5, 0x0, 0xd6, 0x1, 0xf2, 0x8,
    0xe0, 0xe, 0x50, 0xe, 0x71, 0x3f, 0x20, 0x18,
    0x10, 0xe5, 0x0, 0xef, 0xff, 0xf2, 0x0, 0x0,
    0xe, 0x50, 0xe, 0x60, 0x1f, 0x20, 0x0, 0x0,
    0xe5, 0x0, 0xe6, 0x0, 0x30, 0x0, 0x0, 0xf,
    0x50, 0x1, 0x0, 0x0, 0x0, 0x0, 0x8c, 0xf3,
    0x0, 0x0, 0x0, 0x0, 0x0, 0x4, 0x84, 0x0,
    0x0,

    /* U+6613 "易" */
    0x0, 0xe, 0xff, 0xff, 0xff, 0xff, 0xf0, 0x0,
    0x0, 0xe6, 0x11, 0x11, 0x11, 0x5f, 0x0, 0x0,
    0xe, 0xee, 0xee, 0xee, 0xee, 0xf0, 0x0, 0x0,
    0xe5, 0x0, 0x0, 0x0, 0x4f, 0x0, 0x0, 0xd,
    0xff, 0xff, 0xff, 0xff, 0xe0, 0x0, 0x0, 0x6,
    0xe2, 0x0, 0x0, 0x0, 0x0, 0x0, 0x9, 0xff,
    0xff, 0xff, 0xff, 0xff, 0x10, 0x6e, 0xb2, 0xb,
    0x90, 0x6e, 0x4, 0xf0, 0x5, 0x50, 0x1b, 0xb0,
    0x1e, 0x50, 0x6d, 0x0, 0x1, 0x8e, 0x80, 0xd,
    0xa0, 0x8, 0xb0, 0x0, 0xb9, 0x20, 0x2d, 0xb0,
    0x0, 0xa9, 0x0, 0x0, 0x3, 0xae, 0x70, 0x5,
    0x6f, 0x70, 0x0, 0x9, 0xd7, 0x10, 0x0, 0xcd,
    0x90, 0x0, 0x0, 0x0, 0x0, 0x0, 0x0, 0x0,
    0x0,

    /* U+661F "星" */
    0x0, 0x6f, 0xff, 0xff, 0xff, 0xff, 0xf6, 0x0,
    0x0, 0x6e, 0x0, 0x0, 0x0, 0x0, 0xe6, 0x0,
    0x0, 0x6f, 0xff, 0xff, 0xff, 0xff, 0xf6, 0x0,
    0x0, 0x6e, 0x0, 0x0, 0x0, 0x0, 0xe6, 0x0,
    0x0, 0x6f, 0xff, 0xff, 0xff, 0xff, 0xf6, 0x0,
    0x0, 0x3, 0x0, 0x3, 0x70, 0x0, 0x0, 0x0,
    0x0, 0x1e, 0x90, 0x6, 0xf0, 0x0, 0x0, 0x0,
    0x0, 0x9f, 0xff, 0xff, 0xff, 0xff, 0xff, 0x0,
    0x4, 0xf4, 0x11, 0x17, 0xe1, 0x11, 0x22, 0x0,
    0x1f, 0x81, 0x21, 0x17, 0xe1, 0x11, 0x21, 0x0,
    0x3, 0x7, 0xee, 0xee, 0xfe, 0xee, 0xe5, 0x0,
    0x0, 0x0, 0x0, 0x6, 0xe0, 0x0, 0x0, 0x0,
    0x3, 0x22, 0x22, 0x27, 0xe2, 0x22, 0x22, 0x30,
    0xe, 0xff, 0xff, 0xff, 0xff, 0xff, 0xff, 0xf3,
    0x0, 0x0, 0x0, 0x0, 0x0, 0x0, 0x0, 0x0,

    /* U+663E "显" */
    0x1, 0xff, 0xff, 0xff, 0xff, 0xff, 0x20, 0x0,
    0x1f, 0x31, 0x11, 0x11, 0x12, 0xf2, 0x0, 0x1,
    0xfd, 0xdd, 0xdd, 0xdd, 0xdf, 0x20, 0x0, 0x1f,
    0x64, 0x44, 0x44, 0x45, 0xf2, 0x0, 0x1, 0xf4,
    0x22, 0x22, 0x22, 0x3f, 0x20, 0x0, 0x1f, 0xff,
    0xff, 0xff, 0xff, 0xf2, 0x0, 0x0, 0x0, 0x4b,
    0x0, 0xb5, 0x0, 0x0, 0x0, 0x90, 0x5, 0xf0,
    0xe, 0x60, 0x17, 0x0, 0xe, 0x90, 0x5e, 0x0,
    0xe6, 0x8, 0xe1, 0x0, 0x5f, 0x35, 0xe0, 0xe,
    0x62, 0xf6, 0x0, 0x0, 0xd9, 0x5e, 0x0, 0xe6,
    0xac, 0x0, 0x2, 0x24, 0x26, 0xe2, 0x2e, 0x73,
    0x42, 0x20, 0xdf, 0xff, 0xff, 0xff, 0xff, 0xff,
    0xff, 0x10,

    /* U+665A "晚" */
    0x0, 0x0, 0x0, 0x0, 0x0, 0x0, 0x0, 0x0,
    0x0, 0x0, 0x0, 0xd6, 0x0, 0x0, 0x0, 0x44,
    0x44, 0x0, 0x8d, 0x10, 0x0, 0x0, 0xe, 0xba,
    0xf2, 0x5f, 0xee, 0xef, 0x90, 0x0, 0xe4, 0xe,
    0x6f, 0x40, 0x1, 0xe2, 0x0, 0xd, 0x40, 0xe6,
    0x83, 0x33, 0x9c, 0x33, 0x0, 0xd4, 0xe, 0x2e,
    0xcb, 0xcf, 0xbb, 0xf1, 0xd, 0xff, 0xf2, 0xe2,
    0x6, 0xe0, 0xf, 0x10, 0xd4, 0xe, 0x2e, 0x31,
    0x9c, 0x12, 0xf1, 0xd, 0x40, 0xe2, 0xde, 0xef,
    0xfe, 0xee, 0x10, 0xd4, 0xe, 0x20, 0x3, 0xf6,
    0xe0, 0x0, 0xe, 0xdc, 0xf2, 0x0, 0xbb, 0x2e,
    0x0, 0x0, 0xe6, 0x3f, 0x20, 0x9e, 0x12, 0xe0,
    0x2, 0xc, 0x30, 0x62, 0xbe, 0x20, 0x2f, 0x1,
    0xf2, 0x0, 0x0, 0xdc, 0x10, 0x0, 0xdf, 0xfd,
    0x0, 0x0, 0x2, 0x0, 0x0, 0x0, 0x0, 0x0,

    /* U+666E "普" */
    0x0, 0x0, 0x0, 0x0, 0x0, 0x10, 0x0, 0x0,
    0x0, 0x0, 0x4d, 0x10, 0x0, 0xe6, 0x0, 0x0,
    0x0, 0x10, 0xc, 0x50, 0x6, 0xe1, 0x1, 0x0,
    0x4, 0xee, 0xee, 0xff, 0xff, 0xff, 0xff, 0x40,
    0x0, 0x7, 0x2, 0xf0, 0x1f, 0x0, 0xa1, 0x0,
    0x0, 0xd, 0x82, 0xf0, 0x1f, 0x7, 0xd0, 0x0,
    0x0, 0x4, 0x82, 0xf0, 0x1f, 0xa, 0x40, 0x0,
    0x2f, 0xee, 0xee, 0xfe, 0xef, 0xee, 0xee, 0xf3,
    0x0, 0x0, 0x0, 0x0, 0x0, 0x0, 0x0, 0x0,
    0x0, 0xe, 0xee, 0xee, 0xee, 0xee, 0xe0, 0x0,
    0x0, 0xf, 0x51, 0x11, 0x11, 0x15, 0xf0, 0x0,
    0x0, 0xf, 0x63, 0x33, 0x33, 0x36, 0xf0, 0x0,
    0x0, 0xf, 0xed, 0xdd, 0xdd, 0xde, 0xf0, 0x0,
    0x0, 0xf, 0x40, 0x0, 0x0, 0x4, 0xf0, 0x0,
    0x0, 0xf, 0xff, 0xff, 0xff, 0xff, 0xf0, 0x0,
    0x0, 0xf, 0x40, 0x0, 0x0, 0x4, 0xf0, 0x0,

    /* U+666F "景" */
    0x0, 0xf, 0xff, 0xff, 0xff, 0xff, 0xf0, 0x0,
    0x0, 0xf, 0x30, 0x0, 0x0, 0x4, 0xf0, 0x0,
    0x0, 0xf, 0xee, 0xee, 0xee, 0xee, 0xf0, 0x0,
    0x0, 0xf, 0x41, 0x11, 0x11, 0x15, 0xf0, 0x0,
    0x0, 0xf, 0xff, 0xff, 0xff, 0xff, 0xe0, 0x0,
    0x0, 0x0, 0x0, 0xc, 0x70, 0x0, 0x0, 0x0,
    0x1d, 0xcc, 0xcc, 0xcf, 0xfc, 0xcc, 0xcd, 0xe1,
    0x3, 0x33, 0x33, 0x33, 0x33, 0x33, 0x33, 0x40,
    0x0, 0x9, 0xff, 0xff, 0xff, 0xff, 0xc0, 0x0,
    0x0, 0x9, 0x90, 0x0, 0x0, 0x6, 0xc0, 0x0,
    0x0, 0x8, 0xee, 0xee, 0xfe, 0xee, 0xa0, 0x0,
    0x0, 0x0, 0x24, 0x6, 0xd0, 0x34, 0x0, 0x0,
    0x0, 0x6, 0xfc, 0x6, 0xd0, 0x7f, 0xc4, 0x0,
    0x1, 0xcf, 0x70, 0x7b, 0xc0, 0x2, 0xaf, 0x60,
    0x0, 0x72, 0x0, 0xae, 0x60, 0x0, 0x4, 0x0,

    /* U+6674 "晴" */
    0x0, 0x0, 0x0, 0x0, 0xf, 0x20, 0x0, 0x7,
    0x77, 0x72, 0x7b, 0xbb, 0xfc, 0xbb, 0xa0, 0xf9,
    0x7f, 0x42, 0x33, 0x3e, 0x43, 0x33, 0xf, 0x40,
    0xe4, 0xf, 0xff, 0xff, 0xff, 0x50, 0xf4, 0xe,
    0x40, 0x0, 0xe, 0x20, 0x0, 0xf, 0x51, 0xe5,
    0xff, 0xff, 0xff, 0xff, 0xf5, 0xfe, 0xef, 0x41,
    0x0, 0x0, 0x0, 0x0, 0xf, 0x40, 0xe4, 0xe,
    0xff, 0xff, 0xff, 0x20, 0xf4, 0xe, 0x40, 0xe4,
    0x0, 0x0, 0xf2, 0xf, 0x40, 0xe4, 0xe, 0xff,
    0xff, 0xff, 0x20, 0xfd, 0xdf, 0x40, 0xe4, 0x0,
    0x0, 0xf2, 0xf, 0x51, 0xe5, 0xe, 0xff, 0xff,
    0xff, 0x20, 0xf4, 0x1, 0x0, 0xe4, 0x0, 0x0,
    0xf2, 0x0, 0x0, 0x0, 0xe, 0x40, 0x0, 0x9f,
    0x10, 0x0, 0x0, 0x0, 0xe4, 0x0, 0xa, 0x70,
    0x0,

    /* U+667A "智" */
    0x0, 0x95, 0x0, 0x0, 0x0, 0x0, 0x0, 0x2,
    0xf5, 0x33, 0x32, 0x13, 0x33, 0x32, 0xc, 0xdc,
    0xfc, 0xd7, 0x7f, 0xcc, 0xe9, 0x3c, 0x2, 0xf0,
    0x0, 0x6e, 0x0, 0xb8, 0xbe, 0xee, 0xfe, 0xed,
    0x6e, 0x0, 0xb8, 0x11, 0x1b, 0xe4, 0x11, 0x6e,
    0x0, 0xb8, 0x0, 0x9e, 0x8e, 0xc4, 0x7f, 0xff,
    0xf9, 0x3c, 0xd2, 0x0, 0x73, 0x0, 0x0, 0x0,
    0x6, 0x5e, 0xee, 0xee, 0xee, 0xed, 0x0, 0x0,
    0x5f, 0x0, 0x0, 0x0, 0x5f, 0x0, 0x0, 0x5f,
    0xbb, 0xbb, 0xbb, 0xce, 0x0, 0x0, 0x5f, 0x33,
    0x33, 0x33, 0x7e, 0x0, 0x0, 0x5f, 0x0, 0x0,
    0x0, 0x5e, 0x0, 0x0, 0x5f, 0xff, 0xff, 0xff,
    0xfe, 0x0, 0x0, 0x5f, 0x0, 0x0, 0x0, 0x5f,
    0x0,

    /* U+6682 "暂" */
    0x0, 0xd, 0x20, 0x0, 0x0, 0x25, 0x70, 0x23,
    0x7e, 0x33, 0x42, 0xff, 0xfe, 0xd1, 0x7b, 0xfb,
    0xaa, 0xb2, 0xf3, 0x0, 0x0, 0x8, 0xa1, 0xc0,
    0x1, 0xf8, 0x77, 0x75, 0x2f, 0xed, 0xfd, 0xc2,
    0xf6, 0x9d, 0x64, 0x2, 0x2, 0xf1, 0x25, 0xf0,
    0x5c, 0x0, 0x8b, 0xcd, 0xfe, 0xaa, 0xa0, 0x5c,
    0x0, 0x44, 0x33, 0xf0, 0x2f, 0x30, 0x5d, 0x0,
    0x0, 0x22, 0x62, 0x23, 0x22, 0x34, 0x0, 0x0,
    0xfd, 0xcc, 0xcc, 0xcc, 0xdf, 0x0, 0x0, 0xf5,
    0x11, 0x11, 0x11, 0x5e, 0x0, 0x0, 0xfc, 0xbb,
    0xbb, 0xbb, 0xce, 0x0, 0x0, 0xf4, 0x0, 0x0,
    0x0, 0x4f, 0x0, 0x0, 0xfd, 0xcc, 0xcc, 0xcc,
    0xdf, 0x0,

    /* U+6700 "最" */
    0x0, 0xae, 0xdd, 0xdd, 0xdd, 0xdf, 0x0, 0x0,
    0xa, 0xb6, 0x66, 0x66, 0x69, 0xe0, 0x0, 0x0,
    0xab, 0x55, 0x55, 0x55, 0x8e, 0x0, 0x0, 0x9,
    0xdd, 0xdd, 0xdd, 0xdd, 0xd0, 0x0, 0x0, 0x0,
    0x0, 0x0, 0x0, 0x0, 0x0, 0xd, 0xff, 0xff,
    0xff, 0xff, 0xff, 0xff, 0xf0, 0x2, 0xe0, 0x2,
    0xe0, 0x0, 0x0, 0x0, 0x0, 0x2f, 0xee, 0xee,
    0x6f, 0xee, 0xf8, 0x0, 0x2, 0xe0, 0x2, 0xe0,
    0xc3, 0xd, 0x30, 0x0, 0x2f, 0xdd, 0xde, 0x6,
    0x93, 0xd0, 0x0, 0x2, 0xe2, 0x47, 0xfa, 0xc,
    0xe5, 0x0, 0x6, 0xed, 0xa7, 0x7f, 0x1, 0xca,
    0xc6, 0x10, 0x0, 0x0, 0x2, 0xf2, 0xd3, 0x2,
    0x89, 0x0, 0x0, 0x0, 0x0, 0x0, 0x0, 0x0,
    0x0,

    /* U+6708 "月" */
    0x0, 0x5f, 0xff, 0xff, 0xff, 0xff, 0x40, 0x5,
    0xe0, 0x0, 0x0, 0x0, 0xf3, 0x0, 0x4e, 0x0,
    0x0, 0x0, 0xf, 0x30, 0x4, 0xfb, 0xbb, 0xbb,
    0xbb, 0xf3, 0x0, 0x4e, 0x33, 0x33, 0x33, 0x3f,
    0x30, 0x4, 0xe0, 0x0, 0x0, 0x0, 0xf3, 0x0,
    0x5e, 0x0, 0x0, 0x0, 0xf, 0x30, 0x6, 0xff,
    0xff, 0xff, 0xff, 0xf3, 0x0, 0x8b, 0x0, 0x0,
    0x0, 0xf, 0x30, 0xc, 0x80, 0x0, 0x0, 0x0,
    0xf3, 0x3, 0xf2, 0x0, 0x0, 0x0, 0xf, 0x30,
    0xcb, 0x0, 0x0, 0x1, 0x57, 0xf2, 0x7e, 0x20,
    0x0, 0x0, 0xf, 0xea, 0x0, 0x0, 0x0, 0x0,
    0x0, 0x0, 0x0,

    /* U+6709 "有" */
    0x0, 0x0, 0x0, 0x0, 0x0, 0x0, 0x0, 0x0,
    0x0, 0x0, 0x0, 0x3f, 0x30, 0x0, 0x0, 0x0,
    0x0, 0x0, 0x0, 0x7f, 0x0, 0x0, 0x0, 0x0,
    0x7, 0xff, 0xff, 0xff, 0xff, 0xff, 0xff, 0xf1,
    0x1, 0x21, 0x15, 0xf4, 0x11, 0x11, 0x11, 0x20,
    0x0, 0x0, 0xd, 0xc0, 0x0, 0x0, 0x0, 0x0,
    0x0, 0x0, 0x8f, 0xff, 0xff, 0xff, 0xfa, 0x0,
    0x0, 0x5, 0xfe, 0x0, 0x0, 0x0, 0xaa, 0x0,
    0x0, 0x5f, 0xee, 0x33, 0x33, 0x33, 0xba, 0x0,
    0x8, 0xf8, 0x7f, 0xcc, 0xcc, 0xcc, 0xea, 0x0,
    0x9, 0x50, 0x7e, 0x0, 0x0, 0x0, 0xaa, 0x0,
    0x0, 0x0, 0x7f, 0xff, 0xff, 0xff, 0xfa, 0x0,
    0x0, 0x0, 0x7e, 0x0, 0x0, 0x0, 0xaa, 0x0,
    0x0, 0x0, 0x7e, 0x0, 0x0, 0x13, 0xc9, 0x0,
    0x0, 0x0, 0x7e, 0x0, 0x0, 0x2f, 0xd3, 0x0,
    0x0, 0x0, 0x0, 0x0, 0x0, 0x0, 0x0, 0x0,

    /* U+671B "望" */
    0x0, 0x3, 0x50, 0x0, 0x0, 0x0, 0x0, 0x0,
    0x0, 0x4f, 0x0, 0xe, 0xff, 0xff, 0xf0, 0x29,
    0xdb, 0x99, 0x93, 0xdd, 0xcc, 0xdf, 0x0, 0xb,
    0x60, 0x0, 0xd, 0x63, 0x36, 0xe0, 0x0, 0xb6,
    0x0, 0x0, 0xf6, 0x33, 0x6e, 0x0, 0xb, 0xa8,
    0xbc, 0x3f, 0xcc, 0xcd, 0xe0, 0x0, 0x9a, 0x74,
    0x2c, 0xa0, 0x2, 0x6e, 0x0, 0x0, 0x0, 0x3,
    0xb0, 0x0, 0x6c, 0x60, 0x8, 0xff, 0xff, 0xff,
    0xff, 0xff, 0xfe, 0x0, 0x1, 0x0, 0x0, 0xe4,
    0x0, 0x1, 0x10, 0x0, 0x22, 0x22, 0x2e, 0x62,
    0x22, 0x31, 0x0, 0xc, 0xdd, 0xdd, 0xfe, 0xdd,
    0xde, 0x50, 0x1, 0x11, 0x11, 0x1e, 0x41, 0x11,
    0x11, 0x12, 0xff, 0xff, 0xff, 0xff, 0xff, 0xff,
    0xfb,

    /* U+6728 "木" */
    0x0, 0x0, 0x0, 0xd, 0x70, 0x0, 0x0, 0x0,
    0x0, 0x0, 0x0, 0xc, 0x60, 0x0, 0x0, 0x0,
    0x0, 0x0, 0x0, 0xc, 0x60, 0x0, 0x0, 0x0,
    0x1e, 0xed, 0xdd, 0xdf, 0xed, 0xdd, 0xee, 0x70,
    0x4, 0x32, 0x23, 0xff, 0xf7, 0x22, 0x33, 0x20,
    0x0, 0x0, 0x8, 0xdc, 0xec, 0x0, 0x0, 0x0,
    0x0, 0x0, 0x1e, 0x6c, 0x7f, 0x40, 0x0, 0x0,
    0x0, 0x0, 0xad, 0xc, 0x69, 0xe0, 0x0, 0x0,
    0x0, 0x5, 0xf4, 0xc, 0x60, 0xeb, 0x0, 0x0,
    0x0, 0x3f, 0x80, 0xc, 0x60, 0x3f, 0xb0, 0x0,
    0x5, 0xfb, 0x0, 0xc, 0x60, 0x4, 0xfe, 0x50,
    0x3f, 0xb0, 0x0, 0xc, 0x60, 0x0, 0x2d, 0xa0,
    0x3, 0x0, 0x0, 0xc, 0x60, 0x0, 0x0, 0x0,
    0x0, 0x0, 0x0, 0xd, 0x70, 0x0, 0x0, 0x0,

    /* U+672A "未" */
    0x0, 0x0, 0x0, 0xf, 0x50, 0x0, 0x0, 0x0,
    0x0, 0x0, 0x0, 0xe, 0x50, 0x0, 0x0, 0x0,
    0x0, 0x32, 0x22, 0x2e, 0x62, 0x22, 0x31, 0x0,
    0x0, 0xdd, 0xdd, 0xdf, 0xed, 0xdd, 0xe4, 0x0,
    0x0, 0x0, 0x0, 0xe, 0x50, 0x0, 0x0, 0x0,
    0x0, 0x0, 0x0, 0xe, 0x50, 0x0, 0x0, 0x0,
    0x2f, 0xff, 0xff, 0xff, 0xff, 0xff, 0xff, 0x90,
    0x1, 0x0, 0x5, 0xff, 0xf7, 0x0, 0x1, 0x0,
    0x0, 0x0, 0x1e, 0x7e, 0x8f, 0x40, 0x0, 0x0,
    0x0, 0x2, 0xda, 0xe, 0x57, 0xf4, 0x0, 0x0,
    0x0, 0x4e, 0xb0, 0xe, 0x50, 0x8f, 0x80, 0x0,
    0x19, 0xf9, 0x0, 0xe, 0x50, 0x6, 0xff, 0x90,
    0x1b, 0x50, 0x0, 0xf, 0x50, 0x0, 0x18, 0x60,
    0x0, 0x0, 0x0, 0xf, 0x60, 0x0, 0x0, 0x0,

    /* U+672C "本" */
    0x0, 0x0, 0x0, 0xe, 0x70, 0x0, 0x0, 0x0,
    0x0, 0x0, 0x0, 0xd6, 0x0, 0x0, 0x0, 0x0,
    0x0, 0x0, 0xd, 0x60, 0x0, 0x0, 0x0, 0xcf,
    0xff, 0xff, 0xff, 0xff, 0xff, 0xf6, 0x2, 0x21,
    0x13, 0xff, 0xf9, 0x11, 0x12, 0x10, 0x0, 0x0,
    0x7c, 0xda, 0xe0, 0x0, 0x0, 0x0, 0x0, 0xe,
    0x5d, 0x6e, 0x50, 0x0, 0x0, 0x0, 0x8, 0xd0,
    0xd6, 0x6d, 0x0, 0x0, 0x0, 0x2, 0xf5, 0xd,
    0x60, 0xd9, 0x0, 0x0, 0x1, 0xdb, 0x0, 0xd6,
    0x3, 0xf8, 0x0, 0x1, 0xcd, 0x44, 0x4e, 0x94,
    0x56, 0xfb, 0x13, 0xee, 0x28, 0xcc, 0xfd, 0xcd,
    0x34, 0xf9, 0x9, 0x20, 0x0, 0xd, 0x60, 0x0,
    0x2, 0x0, 0x0, 0x0, 0x0, 0xe7, 0x0, 0x0,
    0x0, 0x0, 0x0, 0x0, 0xe, 0x70, 0x0, 0x0,
    0x0,

    /* U+672F "术" */
    0x0, 0x0, 0x0, 0xe, 0x80, 0x2a, 0x0, 0x0,
    0x0, 0x0, 0x0, 0xd, 0x70, 0x1e, 0xb0, 0x0,
    0x0, 0x0, 0x0, 0xd, 0x70, 0x4, 0xf3, 0x0,
    0x2, 0x22, 0x22, 0x2e, 0x82, 0x22, 0x52, 0x10,
    0xf, 0xff, 0xff, 0xff, 0xff, 0xff, 0xff, 0xb0,
    0x0, 0x0, 0x4, 0xff, 0xec, 0x0, 0x0, 0x0,
    0x0, 0x0, 0xb, 0xbd, 0x8f, 0x40, 0x0, 0x0,
    0x0, 0x0, 0x5f, 0x3d, 0x79, 0xc0, 0x0, 0x0,
    0x0, 0x1, 0xe9, 0xd, 0x71, 0xe9, 0x0, 0x0,
    0x0, 0x1d, 0xd0, 0xd, 0x70, 0x4f, 0x90, 0x0,
    0x2, 0xdd, 0x10, 0xd, 0x70, 0x5, 0xfc, 0x30,
    0x3f, 0xc1, 0x0, 0xd, 0x70, 0x0, 0x3d, 0x90,
    0x4, 0x0, 0x0, 0xd, 0x70, 0x0, 0x0, 0x0,
    0x0, 0x0, 0x0, 0xe, 0x70, 0x0, 0x0, 0x0,

    /* U+673A "机" */
    0x0, 0xe, 0x70, 0x0, 0x0, 0x0, 0x0, 0x0,
    0x0, 0xd, 0x60, 0x2, 0xff, 0xff, 0x60, 0x0,
    0x0, 0xd, 0x60, 0x2, 0xf2, 0x1d, 0x60, 0x0,
    0x2d, 0xdf, 0xed, 0x92, 0xf0, 0xd, 0x60, 0x0,
    0x3, 0x4f, 0x72, 0x22, 0xf0, 0xd, 0x60, 0x0,
    0x0, 0x6f, 0x60, 0x2, 0xf0, 0xd, 0x60, 0x0,
    0x0, 0xcf, 0xba, 0x2, 0xf0, 0xd, 0x60, 0x0,
    0x2, 0xfe, 0x8f, 0x63, 0xf0, 0xd, 0x60, 0x0,
    0xa, 0xad, 0x67, 0x55, 0xd0, 0xd, 0x60, 0x0,
    0x3f, 0x4d, 0x60, 0x7, 0xb0, 0xd, 0x60, 0x0,
    0x3a, 0xd, 0x60, 0xb, 0x70, 0xd, 0x60, 0x0,
    0x0, 0xd, 0x60, 0x2f, 0x20, 0xd, 0x62, 0x70,
    0x0, 0xe, 0x60, 0xca, 0x0, 0xd, 0x85, 0xf0,
    0x0, 0xe, 0x64, 0xd1, 0x0, 0x9, 0xff, 0x90,
    0x0, 0x0, 0x0, 0x0, 0x0, 0x0, 0x0, 0x0,

    /* U+675F "束" */
    0x0, 0x0, 0x0, 0x5f, 0x0, 0x0, 0x0, 0x0,
    0x0, 0x0, 0x5, 0xe0, 0x0, 0x0, 0x0, 0xbf,
    0xff, 0xff, 0xff, 0xff, 0xff, 0xff, 0x61, 0x21,
    0x11, 0x16, 0xe1, 0x11, 0x11, 0x21, 0x1, 0x44,
    0x44, 0x8f, 0x44, 0x44, 0x40, 0x0, 0x5f, 0xcc,
    0xcd, 0xfc, 0xcc, 0xdf, 0x0, 0x4, 0xe0, 0x0,
    0x5e, 0x0, 0x4, 0xe0, 0x0, 0x5f, 0xdd, 0xde,
    0xfd, 0xdd, 0xef, 0x0, 0x1, 0x33, 0x3c, 0xff,
    0xe8, 0x33, 0x30, 0x0, 0x0, 0x8, 0xe7, 0xf6,
    0xe2, 0x0, 0x0, 0x0, 0xa, 0xe3, 0x5f, 0xa,
    0xe2, 0x0, 0x0, 0x4e, 0xe2, 0x5, 0xf0, 0xa,
    0xf8, 0x10, 0x9f, 0xa0, 0x0, 0x5f, 0x0, 0x6,
    0xef, 0x41, 0x40, 0x0, 0x6, 0xf0, 0x0, 0x0,
    0x50,

    /* U+6765 "来" */
    0x0, 0x0, 0x0, 0xf, 0x60, 0x0, 0x0, 0x0,
    0x0, 0x0, 0x0, 0xe, 0x50, 0x0, 0x0, 0x0,
    0x4, 0xff, 0xff, 0xff, 0xff, 0xff, 0xfb, 0x0,
    0x0, 0x22, 0x31, 0x1e, 0x61, 0x25, 0x22, 0x0,
    0x0, 0x8, 0xc0, 0xe, 0x50, 0x7e, 0x0, 0x0,
    0x0, 0x0, 0xe7, 0xe, 0x51, 0xe5, 0x0, 0x0,
    0x1, 0x11, 0x54, 0x1e, 0x63, 0x91, 0x11, 0x10,
    0x2f, 0xff, 0xff, 0xff, 0xff, 0xff, 0xff, 0xb0,
    0x1, 0x0, 0x8, 0xce, 0xdc, 0x0, 0x0, 0x0,
    0x0, 0x0, 0x6f, 0x2e, 0x5c, 0xc1, 0x0, 0x0,
    0x0, 0x9, 0xf3, 0xe, 0x50, 0xce, 0x60, 0x0,
    0x4, 0xce, 0x30, 0xe, 0x50, 0x9, 0xfe, 0x80,
    0x1e, 0xc1, 0x0, 0xe, 0x50, 0x0, 0x4c, 0x50,
    0x1, 0x0, 0x0, 0xf, 0x60, 0x0, 0x0, 0x0,

    /* U+677F "板" */
    0x0, 0xe, 0x40, 0x0, 0x0, 0x3, 0x6b, 0x0,
    0x0, 0xd, 0x40, 0xb, 0xdf, 0xfd, 0xb9, 0x30,
    0x0, 0xd, 0x40, 0xe, 0x51, 0x0, 0x0, 0x0,
    0xb, 0xaf, 0xcb, 0x3d, 0x40, 0x0, 0x0, 0x0,
    0x6, 0x7f, 0x86, 0x1d, 0xdc, 0xcc, 0xcc, 0x0,
    0x0, 0x5f, 0x40, 0xe, 0xac, 0x33, 0x8d, 0x0,
    0x0, 0xaf, 0x96, 0xe, 0x5f, 0x0, 0x8a, 0x0,
    0x1, 0xff, 0xbe, 0xf, 0x2e, 0x30, 0xb7, 0x0,
    0x9, 0xad, 0x4d, 0x3f, 0x1a, 0x80, 0xf2, 0x0,
    0x3f, 0x3d, 0x40, 0x2e, 0x3, 0xe6, 0xd0, 0x0,
    0x39, 0xd, 0x40, 0x6b, 0x0, 0xcf, 0x50, 0x0,
    0x0, 0xd, 0x40, 0xb8, 0x0, 0xaf, 0x30, 0x0,
    0x0, 0xd, 0x43, 0xf2, 0x7, 0xe9, 0xf4, 0x0,
    0x0, 0xe, 0x5d, 0xa1, 0xbe, 0x30, 0x8f, 0x90,
    0x0, 0xe, 0x57, 0x18, 0xd2, 0x0, 0x6, 0x90,
    0x0, 0x0, 0x0, 0x0, 0x0, 0x0, 0x0, 0x0,

    /* U+679C "果" */
    0x1, 0xff, 0xff, 0xff, 0xff, 0xff, 0x40, 0x0,
    0x1f, 0x30, 0x4, 0xe0, 0x0, 0xf4, 0x0, 0x1,
    0xfe, 0xee, 0xef, 0xee, 0xef, 0x40, 0x0, 0x1f,
    0x30, 0x4, 0xe0, 0x0, 0xf4, 0x0, 0x1, 0xf3,
    0x0, 0x4e, 0x0, 0xf, 0x40, 0x0, 0x1f, 0xff,
    0xff, 0xff, 0xff, 0xf4, 0x0, 0x10, 0x0, 0x0,
    0x4e, 0x0, 0x0, 0x0, 0xe, 0xff, 0xff, 0xff,
    0xff, 0xff, 0xff, 0xf0, 0x10, 0x0, 0x6f, 0x6e,
    0x5c, 0x0, 0x1, 0x0, 0x0, 0x8f, 0x44, 0xe0,
    0xbc, 0x20, 0x0, 0x16, 0xdd, 0x30, 0x4e, 0x0,
    0x9f, 0xa5, 0xc, 0xe7, 0x0, 0x4, 0xe0, 0x0,
    0x3b, 0xe1, 0x20, 0x0, 0x0, 0x5f, 0x0, 0x0,
    0x0, 0x0,

    /* U+67E5 "查" */
    0x0, 0x0, 0x0, 0xa, 0x80, 0x0, 0x0, 0x0,
    0x0, 0x0, 0x0, 0xa, 0x80, 0x0, 0x0, 0x0,
    0x8, 0xff, 0xff, 0xff, 0xff, 0xff, 0xff, 0x70,
    0x1, 0x21, 0x1b, 0xca, 0x9d, 0x91, 0x12, 0x10,
    0x0, 0x0, 0x7e, 0x2a, 0x82, 0xe8, 0x0, 0x0,
    0x0, 0x9, 0xf3, 0xa, 0x80, 0x3e, 0xd6, 0x10,
    0x8, 0xee, 0x53, 0x3b, 0x93, 0x34, 0xbf, 0xe1,
    0x8, 0x66, 0xfc, 0xcc, 0xcc, 0xcf, 0x62, 0x40,
    0x0, 0x6, 0xc2, 0x22, 0x22, 0x2c, 0x60, 0x0,
    0x0, 0x6, 0xfc, 0xcc, 0xcc, 0xcf, 0x60, 0x0,
    0x0, 0x6, 0xc1, 0x11, 0x11, 0x1c, 0x60, 0x0,
    0x0, 0x6, 0xee, 0xee, 0xee, 0xee, 0x60, 0x0,
    0x1, 0x11, 0x11, 0x11, 0x11, 0x11, 0x11, 0x10,
    0x9, 0xff, 0xff, 0xff, 0xff, 0xff, 0xff, 0xe0,

    /* U+6807 "标" */
    0x0, 0xe, 0x40, 0x0, 0x0, 0x0, 0x0, 0x0,
    0x0, 0xd, 0x40, 0x1f, 0xff, 0xff, 0xff, 0x60,
    0x0, 0xd, 0x40, 0x3, 0x21, 0x11, 0x23, 0x10,
    0x29, 0x9f, 0xb9, 0x30, 0x0, 0x0, 0x0, 0x0,
    0x27, 0x9f, 0x97, 0x30, 0x0, 0x0, 0x0, 0x0,
    0x0, 0x6f, 0x40, 0xbf, 0xff, 0xff, 0xff, 0xf2,
    0x0, 0xbf, 0xc8, 0x22, 0x11, 0xe5, 0x11, 0x20,
    0x2, 0xff, 0x8f, 0x20, 0x0, 0xe4, 0x1, 0x0,
    0xa, 0xbd, 0x4b, 0x49, 0xc0, 0xe4, 0xab, 0x0,
    0x6f, 0x2d, 0x40, 0xe, 0x70, 0xe4, 0x3f, 0x50,
    0x36, 0xd, 0x40, 0x6f, 0x0, 0xe4, 0x9, 0xe0,
    0x0, 0xd, 0x41, 0xe8, 0x0, 0xe4, 0x2, 0xe3,
    0x0, 0xe, 0x40, 0x41, 0x48, 0xf3, 0x0, 0x0,
    0x0, 0xe, 0x50, 0x0, 0x6c, 0x80, 0x0, 0x0,

    /* U+6846 "框" */
    0x0, 0x9, 0x30, 0x0, 0x0, 0x0, 0x0, 0x0,
    0x0, 0xf, 0x40, 0x3e, 0xee, 0xee, 0xee, 0xe3,
    0x0, 0xf, 0x40, 0x3e, 0x0, 0x0, 0x0, 0x0,
    0x3, 0x2f, 0x53, 0x3e, 0x22, 0x22, 0x23, 0x20,
    0x1c, 0xcf, 0xcc, 0x4e, 0x6c, 0xcf, 0xcc, 0x60,
    0x0, 0x4f, 0x40, 0x3e, 0x0, 0x2f, 0x10, 0x0,
    0x0, 0x9f, 0x51, 0x3e, 0x0, 0x2f, 0x10, 0x0,
    0x1, 0xff, 0xe9, 0x3e, 0x5e, 0xef, 0xee, 0x30,
    0x9, 0xaf, 0x7f, 0x4e, 0x0, 0x2f, 0x10, 0x0,
    0x3f, 0x3f, 0x41, 0x3e, 0x0, 0x2f, 0x10, 0x0,
    0x7, 0xf, 0x40, 0x3e, 0xae, 0xef, 0xee, 0xb0,
    0x0, 0xf, 0x40, 0x3e, 0x0, 0x0, 0x0, 0x0,
    0x0, 0xf, 0x40, 0x3e, 0x11, 0x11, 0x11, 0x20,
    0x0, 0xf, 0x40, 0x3c, 0xcc, 0xcc, 0xcc, 0xc4,

    /* U+6863 "档" */
    0x0, 0x1f, 0x20, 0x0, 0x4, 0xf0, 0x0, 0x0,
    0x1, 0xf2, 0x5, 0xb0, 0x3f, 0x0, 0xe4, 0x0,
    0x1f, 0x20, 0x4f, 0x13, 0xf0, 0x5f, 0x10, 0x33,
    0xf4, 0x20, 0xf6, 0x3f, 0xc, 0xa0, 0x2d, 0xef,
    0xd9, 0x5, 0x23, 0xf0, 0x83, 0x0, 0x7, 0xf2,
    0x3, 0x44, 0x6f, 0x44, 0x41, 0x0, 0xcf, 0x84,
    0x6b, 0xbb, 0xbb, 0xbf, 0x40, 0x3f, 0xfb, 0xe1,
    0x0, 0x0, 0x0, 0xe4, 0xc, 0x8f, 0x2c, 0x44,
    0x33, 0x33, 0x3f, 0x45, 0xe2, 0xf2, 0x2, 0xcc,
    0xcc, 0xcc, 0xf4, 0x4, 0x1f, 0x20, 0x0, 0x0,
    0x0, 0xe, 0x40, 0x1, 0xf2, 0x1, 0x10, 0x0,
    0x0, 0xe4, 0x0, 0x1f, 0x20, 0xdf, 0xff, 0xff,
    0xff, 0x40, 0x1, 0xf2, 0x0, 0x0, 0x0, 0x0,
    0xe4, 0x0, 0x1f, 0x20, 0x0, 0x0, 0x0, 0x0,
    0x0,

    /* U+68A6 "梦" */
    0x0, 0x0, 0xf3, 0x0, 0x0, 0x6d, 0x0, 0x0,
    0x0, 0x0, 0xf3, 0x0, 0x0, 0x5c, 0x0, 0x0,
    0xc, 0xff, 0xff, 0xf9, 0xdf, 0xff, 0xff, 0xc0,
    0x0, 0xc, 0xf4, 0x10, 0x2, 0xff, 0xb0, 0x0,
    0x0, 0x7c, 0xf9, 0xe2, 0xc, 0xdc, 0xb9, 0x0,
    0x7, 0xf2, 0xf3, 0x84, 0xbb, 0x6c, 0x1d, 0xa0,
    0xb, 0x40, 0xf3, 0x45, 0xb0, 0x6d, 0x1, 0xa1,
    0x0, 0x0, 0x36, 0xf3, 0x0, 0x26, 0x0, 0x0,
    0x0, 0x0, 0x4f, 0xff, 0xff, 0xff, 0xe2, 0x0,
    0x0, 0x6, 0xf6, 0x20, 0x0, 0xb, 0xa0, 0x0,
    0x0, 0x8e, 0x40, 0xcc, 0x10, 0x7e, 0x10, 0x0,
    0x0, 0x1, 0x0, 0xb, 0xe9, 0xe3, 0x0, 0x0,
    0x0, 0x0, 0x0, 0x38, 0xfc, 0x20, 0x0, 0x0,
    0x2, 0xbc, 0xdf, 0xfa, 0x40, 0x0, 0x0, 0x0,
    0x0, 0x87, 0x52, 0x0, 0x0, 0x0, 0x0, 0x0,

    /* U+68C0 "检" */
    0x0, 0x0, 0x0, 0x0, 0x0, 0x0, 0x0, 0x0,
    0x0, 0xf, 0x40, 0x0, 0xd, 0x80, 0x0, 0x0,
    0x0, 0xe, 0x30, 0x0, 0x3f, 0xd0, 0x0, 0x0,
    0x0, 0xe, 0x30, 0x0, 0xb9, 0xa9, 0x0, 0x0,
    0xd, 0xcf, 0xdd, 0x26, 0xf1, 0x1e, 0x80, 0x0,
    0x5, 0x6f, 0x75, 0x4f, 0x60, 0x2, 0xec, 0x40,
    0x0, 0x6f, 0x34, 0xfc, 0xff, 0xff, 0x4c, 0xf1,
    0x0, 0xcf, 0x43, 0x90, 0x11, 0x11, 0x0, 0x30,
    0x3, 0xff, 0xe8, 0x3, 0x1d, 0x20, 0x6b, 0x0,
    0xb, 0x8e, 0x7f, 0x9d, 0xd, 0x80, 0xab, 0x0,
    0x5f, 0x1e, 0x32, 0x1f, 0x47, 0xd0, 0xf4, 0x0,
    0x6, 0xe, 0x30, 0xb, 0xa2, 0xd6, 0xe0, 0x0,
    0x0, 0xe, 0x30, 0x5, 0x80, 0xa, 0x80, 0x0,
    0x0, 0xe, 0x32, 0x33, 0x33, 0x4f, 0x53, 0x30,
    0x0, 0xe, 0x36, 0xcc, 0xcc, 0xcc, 0xcc, 0xc0,
    0x0, 0xf, 0x40, 0x0, 0x0, 0x0, 0x0, 0x0,

    /* U+6A21 "模" */
    0x0, 0xf, 0x30, 0x0, 0x98, 0x9, 0x80, 0x0,
    0x0, 0xf, 0x30, 0xbb, 0xed, 0xbe, 0xdb, 0xa0,
    0x0, 0xf, 0x30, 0x22, 0x99, 0x2a, 0x92, 0x20,
    0x6, 0x6f, 0x86, 0x0, 0x33, 0x4, 0x30, 0x0,
    0xa, 0xaf, 0xba, 0x1f, 0xee, 0xee, 0xef, 0x30,
    0x0, 0x4f, 0x30, 0x1f, 0x0, 0x0, 0xd, 0x30,
    0x0, 0xaf, 0x92, 0x1f, 0xee, 0xee, 0xef, 0x30,
    0x2, 0xff, 0x9c, 0x1f, 0x0, 0x0, 0xd, 0x30,
    0xa, 0x9f, 0x3b, 0x3e, 0xee, 0xfe, 0xee, 0x30,
    0x4e, 0x1f, 0x30, 0x0, 0x4, 0xd0, 0x0, 0x0,
    0x1, 0xf, 0x30, 0xee, 0xef, 0xff, 0xee, 0xf0,
    0x0, 0xf, 0x30, 0x0, 0x1e, 0x8e, 0x50, 0x0,
    0x0, 0xf, 0x30, 0x6, 0xe7, 0x3, 0xe9, 0x10,
    0x0, 0xf, 0x34, 0xfb, 0x30, 0x0, 0x1b, 0xf2,
    0x0, 0x0, 0x0, 0x10, 0x0, 0x0, 0x0, 0x0,

    /* U+6B20 "欠" */
    0x0, 0x0, 0x0, 0x0, 0x0, 0x0, 0x0, 0x0,
    0x0, 0x0, 0xc, 0x80, 0x0, 0x0, 0x0, 0x0,
    0x0, 0x0, 0x2f, 0x40, 0x0, 0x0, 0x0, 0x0,
    0x0, 0x0, 0x9d, 0x0, 0x0, 0x0, 0x0, 0x0,
    0x0, 0x1, 0xff, 0xff, 0xff, 0xff, 0xff, 0x20,
    0x0, 0x9, 0xd1, 0x11, 0x11, 0x11, 0xac, 0x0,
    0x0, 0x4f, 0x40, 0xa, 0xc0, 0x0, 0xf6, 0x0,
    0x1, 0xea, 0x0, 0xb, 0xc0, 0x1, 0x80, 0x0,
    0x0, 0x20, 0x0, 0xd, 0xe0, 0x0, 0x0, 0x0,
    0x0, 0x0, 0x0, 0x2f, 0xf5, 0x0, 0x0, 0x0,
    0x0, 0x0, 0x0, 0xbb, 0x8d, 0x0, 0x0, 0x0,
    0x0, 0x0, 0x8, 0xf2, 0xe, 0xb0, 0x0, 0x0,
    0x0, 0x0, 0x9f, 0x50, 0x3, 0xec, 0x30, 0x0,
    0x0, 0x5e, 0xe4, 0x0, 0x0, 0x2c, 0xfb, 0x71,
    0xb, 0xfa, 0x10, 0x0, 0x0, 0x0, 0x5c, 0xc0,
    0x2, 0x30, 0x0, 0x0, 0x0, 0x0, 0x0, 0x0,

    /* U+6B21 "次" */
    0x0, 0x0, 0x0, 0x4, 0x90, 0x0, 0x0, 0x0,
    0x3, 0x60, 0x0, 0x9, 0xc0, 0x0, 0x0, 0x0,
    0x5, 0xf4, 0x0, 0xe, 0x61, 0x11, 0x11, 0x0,
    0x0, 0x9e, 0x10, 0x6f, 0xff, 0xff, 0xff, 0x30,
    0x0, 0xd, 0xa0, 0xd7, 0x0, 0x0, 0x6e, 0x0,
    0x0, 0x2, 0x7, 0xe0, 0x29, 0x20, 0xb9, 0x0,
    0x0, 0x0, 0x9, 0x50, 0x2f, 0x20, 0xa4, 0x0,
    0x0, 0x2, 0x50, 0x0, 0x3f, 0x20, 0x0, 0x0,
    0x0, 0xb, 0xc0, 0x0, 0x6f, 0x50, 0x0, 0x0,
    0x0, 0x3f, 0x30, 0x0, 0xbe, 0xb0, 0x0, 0x0,
    0x0, 0xc9, 0x0, 0x3, 0xf2, 0xe6, 0x0, 0x0,
    0x7, 0xe1, 0x0, 0x2e, 0x70, 0x5f, 0x50, 0x0,
    0x2f, 0x60, 0x5, 0xe9, 0x0, 0x7, 0xf9, 0x10,
    0x4, 0x1, 0xcf, 0x70, 0x0, 0x0, 0x5f, 0xe1,
    0x0, 0x0, 0x72, 0x0, 0x0, 0x0, 0x1, 0x50,

    /* U+6B22 "欢" */
    0x0, 0x0, 0x0, 0x0, 0x69, 0x0, 0x0, 0x0,
    0x0, 0x0, 0x0, 0x0, 0xbb, 0x0, 0x0, 0x0,
    0x9, 0xcb, 0xbb, 0x60, 0xe6, 0x0, 0x0, 0x0,
    0x3, 0x44, 0x4d, 0x62, 0xff, 0xff, 0xff, 0x90,
    0x0, 0x10, 0xe, 0x27, 0xb0, 0x0, 0xf, 0x30,
    0x2, 0xf3, 0x2f, 0xd, 0x62, 0x71, 0x5e, 0x0,
    0x0, 0x8e, 0x8a, 0x1b, 0x4, 0xf2, 0x1, 0x0,
    0x0, 0xc, 0xf5, 0x0, 0x5, 0xf1, 0x0, 0x0,
    0x0, 0x6, 0xf7, 0x0, 0x7, 0xf3, 0x0, 0x0,
    0x0, 0xd, 0xbf, 0x20, 0xb, 0xf9, 0x0, 0x0,
    0x0, 0x5e, 0xc, 0xb0, 0x2f, 0x4f, 0x20, 0x0,
    0x1, 0xe6, 0x3, 0x80, 0xc9, 0x9, 0xd1, 0x0,
    0xc, 0xc0, 0x0, 0x1b, 0xd0, 0x0, 0xce, 0x50,
    0x2, 0x20, 0x4, 0xed, 0x10, 0x0, 0x9, 0xf3,
    0x0, 0x0, 0x0, 0x60, 0x0, 0x0, 0x0, 0x20,

    /* U+6B4C "歌" */
    0x0, 0x0, 0x0, 0x0, 0x4, 0xb0, 0x0, 0xb,
    0xff, 0xff, 0xff, 0xe3, 0x9b, 0x0, 0x0, 0x2,
    0x22, 0x13, 0xe0, 0xe, 0x40, 0x0, 0x3, 0xfb,
    0xe6, 0x3e, 0x5, 0xfe, 0xee, 0xe1, 0x2f, 0xb,
    0x63, 0xe0, 0xd7, 0x0, 0x5d, 0x3, 0xff, 0xf6,
    0x3e, 0x4f, 0x16, 0x28, 0x90, 0x11, 0x11, 0x12,
    0x41, 0x20, 0xf4, 0x0, 0xa, 0xdd, 0xdd, 0xef,
    0xd9, 0xf, 0x40, 0x0, 0x1, 0x11, 0x3, 0xe0,
    0x0, 0xf6, 0x0, 0x4, 0xfc, 0xf5, 0x3e, 0x0,
    0x2f, 0xa0, 0x0, 0x3e, 0xc, 0x53, 0xe0, 0x7,
    0xce, 0x10, 0x3, 0xfd, 0xf5, 0x3e, 0x1, 0xe4,
    0x9b, 0x0, 0x4e, 0x8, 0x43, 0xe0, 0xbc, 0x1,
    0xea, 0x3, 0xa0, 0x28, 0xbd, 0xae, 0x20, 0x4,
    0xf4, 0x0, 0x0, 0xb9, 0x23, 0x30, 0x0, 0x2,
    0x0,

    /* U+6B63 "正" */
    0x1, 0x55, 0x55, 0x55, 0x55, 0x55, 0x56, 0x10,
    0x2c, 0xcc, 0xcc, 0xdf, 0xcc, 0xcc, 0xd2, 0x0,
    0x0, 0x0, 0x5, 0xe0, 0x0, 0x0, 0x0, 0x0,
    0x0, 0x0, 0x5e, 0x0, 0x0, 0x0, 0x0, 0xa,
    0x40, 0x5, 0xe0, 0x0, 0x0, 0x0, 0x0, 0xe6,
    0x0, 0x5f, 0x44, 0x44, 0x40, 0x0, 0xe, 0x60,
    0x5, 0xfc, 0xcc, 0xcb, 0x0, 0x0, 0xe6, 0x0,
    0x5e, 0x0, 0x0, 0x0, 0x0, 0xe, 0x60, 0x5,
    0xe0, 0x0, 0x0, 0x0, 0x0, 0xe6, 0x0, 0x5e,
    0x0, 0x0, 0x0, 0x0, 0xe, 0x60, 0x5, 0xe0,
    0x0, 0x0, 0x1, 0x43, 0xe8, 0x33, 0x7f, 0x33,
    0x33, 0x43, 0x4e, 0xee, 0xee, 0xee, 0xee, 0xee,
    0xee, 0xb0,

    /* U+6B65 "步" */
    0x0, 0x0, 0x0, 0x3, 0xf1, 0x0, 0x0, 0x0,
    0x0, 0x0, 0x0, 0x2, 0xf0, 0x0, 0x0, 0x0,
    0x0, 0x0, 0xf5, 0x2, 0xfd, 0xdd, 0xd9, 0x0,
    0x0, 0x0, 0xe4, 0x2, 0xf2, 0x22, 0x22, 0x0,
    0x0, 0x0, 0xe4, 0x2, 0xf0, 0x0, 0x0, 0x0,
    0x5, 0x44, 0xe7, 0x46, 0xf4, 0x44, 0x44, 0x50,
    0xd, 0xcc, 0xcc, 0xcc, 0xcc, 0xcc, 0xcc, 0xd0,
    0x0, 0x0, 0x1, 0x2, 0xc1, 0x0, 0x0, 0x0,
    0x0, 0x0, 0x8e, 0x12, 0xf0, 0x0, 0x1a, 0x10,
    0x0, 0x6, 0xf4, 0x2, 0xf0, 0x0, 0xce, 0x20,
    0x0, 0x7f, 0x40, 0x2, 0xf0, 0xb, 0xe2, 0x0,
    0x3, 0xf4, 0x0, 0x2, 0xf4, 0xdc, 0x10, 0x0,
    0x0, 0x0, 0x0, 0x6, 0xff, 0x80, 0x0, 0x0,
    0x5, 0x78, 0xac, 0xfd, 0x81, 0x0, 0x0, 0x0,
    0x5, 0xca, 0x85, 0x20, 0x0, 0x0, 0x0, 0x0,

    /* U+6B7B "死" */
    0x0, 0x0, 0x0, 0x0, 0x0, 0x0, 0x0, 0x0,
    0xbf, 0xff, 0xff, 0xff, 0xff, 0xff, 0xf3, 0x1,
    0x22, 0xf6, 0x11, 0x5e, 0x11, 0x12, 0x0, 0x0,
    0x3f, 0x10, 0x4, 0xe0, 0x0, 0x0, 0x0, 0x8,
    0xd1, 0x11, 0x4e, 0x0, 0x11, 0x0, 0x0, 0xef,
    0xee, 0xf4, 0xe0, 0xc, 0xc0, 0x0, 0x8f, 0x10,
    0x6c, 0x4e, 0x1d, 0xc1, 0x0, 0x4f, 0x60, 0xb,
    0x84, 0xff, 0x80, 0x0, 0xb, 0x9a, 0xb4, 0xf2,
    0x4f, 0x40, 0x0, 0x0, 0x0, 0x1a, 0xfb, 0x4,
    0xe0, 0x0, 0x0, 0x0, 0x0, 0x5f, 0x30, 0x4e,
    0x0, 0x1, 0x0, 0x0, 0x3f, 0x70, 0x4, 0xe0,
    0x0, 0x7d, 0x0, 0x4f, 0x80, 0x0, 0x3f, 0x43,
    0x4d, 0xa0, 0x8f, 0x60, 0x0, 0x0, 0xce, 0xfe,
    0xd3, 0x1, 0x40, 0x0, 0x0, 0x0, 0x0, 0x0,
    0x0,

    /* U+6B8A "殊" */
    0x0, 0x0, 0x0, 0x0, 0x0, 0xf2, 0x0, 0x0,
    0x2f, 0xff, 0xff, 0xe6, 0x90, 0xf1, 0x0, 0x0,
    0x1, 0x4f, 0x1, 0x19, 0x80, 0xf1, 0x0, 0x0,
    0x0, 0x5c, 0x0, 0xc, 0xed, 0xfd, 0xde, 0x50,
    0x0, 0x9a, 0x11, 0x1f, 0x44, 0xf5, 0x44, 0x10,
    0x0, 0xee, 0xef, 0x9b, 0x0, 0xf1, 0x0, 0x0,
    0x5, 0xf0, 0x2f, 0x55, 0x11, 0xf3, 0x11, 0x20,
    0x1e, 0x81, 0x5d, 0x8f, 0xff, 0xff, 0xff, 0xf0,
    0x3c, 0x6d, 0xb9, 0x0, 0x4e, 0xff, 0x30, 0x0,
    0x0, 0xb, 0xf3, 0x0, 0xc7, 0xfa, 0x90, 0x0,
    0x0, 0x9, 0xb0, 0x6, 0xe1, 0xf4, 0xf3, 0x0,
    0x0, 0x5f, 0x20, 0x3f, 0x50, 0xf1, 0x8e, 0x20,
    0x4, 0xf6, 0x4, 0xf9, 0x0, 0xf1, 0xb, 0xf2,
    0x2f, 0x80, 0xc, 0x90, 0x0, 0xf2, 0x0, 0x60,
    0x2, 0x0, 0x0, 0x0, 0x1, 0xf3, 0x0, 0x0,

    /* U+6BB5 "段" */
    0x0, 0x0, 0x2, 0x0, 0x0, 0x0, 0x0, 0x0,
    0x0, 0x68, 0xcf, 0x50, 0xcf, 0xff, 0xf0, 0x0,
    0x0, 0xf8, 0x31, 0x0, 0xc6, 0x3, 0xe0, 0x0,
    0x0, 0xf4, 0x0, 0x0, 0xc5, 0x3, 0xe0, 0x0,
    0x0, 0xff, 0xff, 0x51, 0xf2, 0x3, 0xf8, 0x80,
    0x0, 0xf4, 0x1, 0xb, 0xb0, 0x1, 0xff, 0xe0,
    0x0, 0xf4, 0x0, 0x4, 0x42, 0x22, 0x23, 0x0,
    0x0, 0xff, 0xff, 0x58, 0xfb, 0xaa, 0xdc, 0x0,
    0x0, 0xf5, 0x12, 0x0, 0xc7, 0x0, 0xd8, 0x0,
    0x0, 0xf4, 0x0, 0x0, 0x7d, 0x2, 0xf2, 0x0,
    0x0, 0xf8, 0x9d, 0x80, 0x1f, 0x5a, 0xb0, 0x0,
    0x4f, 0xfd, 0xa6, 0x20, 0x8, 0xff, 0x30, 0x0,
    0x15, 0xf4, 0x0, 0x0, 0x1a, 0xfe, 0x40, 0x0,
    0x0, 0xf4, 0x0, 0x49, 0xfc, 0x4a, 0xfe, 0x92,
    0x0, 0xf4, 0x0, 0xcb, 0x40, 0x0, 0x3a, 0xe0,
    0x0, 0x0, 0x0, 0x0, 0x0, 0x0, 0x0, 0x0,

    /* U+6BDB "毛" */
    0x0, 0x0, 0x0, 0x0, 0x25, 0xa9, 0x0, 0x0,
    0x23, 0x46, 0x9b, 0xff, 0xda, 0x70, 0x0, 0xc,
    0xec, 0xab, 0xe3, 0x0, 0x0, 0x0, 0x0, 0x0,
    0x0, 0x5e, 0x0, 0x0, 0x0, 0x0, 0x0, 0x0,
    0x5, 0xe4, 0x7a, 0xdc, 0x0, 0x0, 0x79, 0xbe,
    0xff, 0xda, 0x75, 0x20, 0x0, 0x8, 0x96, 0x45,
    0xf0, 0x0, 0x0, 0x0, 0x0, 0x0, 0x0, 0x4f,
    0x13, 0x58, 0xbd, 0x50, 0x13, 0x57, 0xad, 0xff,
    0xfe, 0xb9, 0x72, 0xe, 0xfe, 0xb9, 0x9f, 0x20,
    0x0, 0x0, 0x0, 0x20, 0x0, 0x4, 0xf0, 0x0,
    0x0, 0x0, 0x0, 0x0, 0x0, 0x4f, 0x0, 0x0,
    0x4, 0xe1, 0x0, 0x0, 0x3, 0xf4, 0x11, 0x11,
    0xce, 0x0, 0x0, 0x0, 0xb, 0xff, 0xff, 0xfd,
    0x40,

    /* U+6C14 "气" */
    0x0, 0x0, 0xc5, 0x0, 0x0, 0x0, 0x0, 0x0,
    0x0, 0x6, 0xf4, 0x22, 0x22, 0x22, 0x22, 0x0,
    0x0, 0xe, 0xed, 0xdd, 0xdd, 0xdd, 0xdc, 0x0,
    0x0, 0xae, 0x10, 0x0, 0x0, 0x0, 0x0, 0x0,
    0x6, 0xf5, 0xef, 0xff, 0xff, 0xff, 0xb0, 0x0,
    0x7, 0x80, 0x11, 0x0, 0x0, 0x1, 0x10, 0x0,
    0x0, 0x22, 0x22, 0x22, 0x22, 0x22, 0x0, 0x0,
    0x0, 0xcd, 0xdd, 0xdd, 0xdd, 0xdf, 0x50, 0x0,
    0x0, 0x0, 0x0, 0x0, 0x0, 0xf, 0x40, 0x0,
    0x0, 0x0, 0x0, 0x0, 0x0, 0xf, 0x40, 0x0,
    0x0, 0x0, 0x0, 0x0, 0x0, 0xe, 0x60, 0x0,
    0x0, 0x0, 0x0, 0x0, 0x0, 0xc, 0x90, 0x90,
    0x0, 0x0, 0x0, 0x0, 0x0, 0x8, 0xe5, 0xf2,
    0x0, 0x0, 0x0, 0x0, 0x0, 0x1, 0xff, 0xa0,
    0x0, 0x0, 0x0, 0x0, 0x0, 0x0, 0x5a, 0x10,

    /* U+6C34 "水" */
    0x0, 0x0, 0x0, 0xf, 0x60, 0x0, 0x0, 0x0,
    0x0, 0x0, 0x0, 0xe, 0x60, 0x0, 0x0, 0x0,
    0x0, 0x0, 0x0, 0xe, 0x60, 0x0, 0x0, 0x0,
    0x0, 0x0, 0x0, 0xe, 0x80, 0x0, 0xa6, 0x0,
    0x2f, 0xff, 0xff, 0xe, 0xc0, 0x8, 0xf6, 0x0,
    0x4, 0x32, 0x9d, 0xe, 0xf4, 0x9e, 0x30, 0x0,
    0x0, 0x0, 0xc8, 0xe, 0xcf, 0xd2, 0x0, 0x0,
    0x0, 0x2, 0xf3, 0xe, 0x5e, 0x70, 0x0, 0x0,
    0x0, 0xa, 0xc0, 0xe, 0x55, 0xf2, 0x0, 0x0,
    0x0, 0x4f, 0x30, 0xe, 0x50, 0xae, 0x20, 0x0,
    0x2, 0xe9, 0x0, 0xe, 0x50, 0xc, 0xf5, 0x0,
    0x4f, 0xc0, 0x0, 0xe, 0x50, 0x0, 0xaf, 0xb0,
    0x7, 0x0, 0x0, 0xf, 0x50, 0x0, 0x5, 0x10,
    0x0, 0x0, 0x6, 0xcf, 0x30, 0x0, 0x0, 0x0,
    0x0, 0x0, 0x3, 0x83, 0x0, 0x0, 0x0, 0x0,

    /* U+6CA1 "没" */
    0x0, 0x62, 0x0, 0x0, 0x0, 0x0, 0x0, 0x0,
    0xb, 0xf5, 0x3, 0xff, 0xff, 0xf5, 0x0, 0x0,
    0x7, 0xf4, 0x3e, 0x0, 0xe, 0x40, 0x0, 0x10,
    0x3, 0x5, 0xd0, 0x0, 0xe4, 0x0, 0xe, 0x90,
    0x0, 0xa9, 0x0, 0xe, 0x71, 0x10, 0x2d, 0xc1,
    0x9e, 0x10, 0x0, 0x9f, 0xfa, 0x0, 0x17, 0x7,
    0x20, 0x0, 0x0, 0x0, 0x0, 0x0, 0x0, 0x2f,
    0xff, 0xff, 0xff, 0x30, 0x0, 0x7, 0x80, 0x2f,
    0x20, 0x8, 0xc0, 0x0, 0x0, 0xd7, 0x0, 0xaa,
    0x1, 0xf3, 0x0, 0x0, 0x5e, 0x0, 0x1, 0xe8,
    0xc9, 0x0, 0x0, 0xe, 0x70, 0x0, 0x5, 0xfe,
    0x10, 0x0, 0x8, 0xe0, 0x0, 0x4a, 0xf8, 0xbe,
    0x82, 0x0, 0xb8, 0x2, 0xff, 0xa2, 0x0, 0x5d,
    0xf8, 0x0, 0x0, 0x5, 0x10, 0x0, 0x0, 0x4,
    0x10,

    /* U+6CD5 "法" */
    0x0, 0x20, 0x0, 0x0, 0xf, 0x60, 0x0, 0x0,
    0x2f, 0x80, 0x0, 0x0, 0xe5, 0x0, 0x0, 0x0,
    0x6f, 0xb0, 0x0, 0xe, 0x50, 0x0, 0x0, 0x0,
    0x33, 0x6f, 0xff, 0xff, 0xff, 0xf2, 0x5, 0x0,
    0x0, 0x0, 0xe, 0x50, 0x0, 0x1, 0xfc, 0x20,
    0x0, 0x0, 0xe5, 0x0, 0x0, 0x2, 0xde, 0x12,
    0x11, 0x1e, 0x61, 0x12, 0x20, 0x0, 0x35, 0xee,
    0xef, 0xfe, 0xee, 0xec, 0x0, 0x0, 0x0, 0x0,
    0xbc, 0x0, 0x0, 0x0, 0x0, 0x6b, 0x0, 0x3f,
    0x20, 0x20, 0x0, 0x0, 0x2f, 0x50, 0xc, 0x70,
    0xd, 0x90, 0x0, 0xc, 0xa0, 0x7, 0xc0, 0x0,
    0x3f, 0x60, 0x9, 0xf1, 0x7, 0xf9, 0x89, 0xab,
    0xef, 0x32, 0xe6, 0x0, 0x8b, 0x97, 0x64, 0x32,
    0xab, 0x1, 0x0, 0x0, 0x0, 0x0, 0x0, 0x1,
    0x0,

    /* U+6CE8 "注" */
    0x0, 0x0, 0x0, 0x0, 0x0, 0x0, 0x0, 0x0,
    0x0, 0x50, 0x0, 0x0, 0xc6, 0x0, 0x0, 0x0,
    0x3, 0xfa, 0x0, 0x0, 0x4f, 0x60, 0x0, 0x0,
    0x0, 0x2e, 0x71, 0x22, 0x27, 0x42, 0x22, 0x0,
    0x0, 0x1, 0x9, 0xff, 0xff, 0xff, 0xff, 0x40,
    0x2, 0x0, 0x0, 0x0, 0xe, 0x50, 0x0, 0x0,
    0xc, 0xd4, 0x0, 0x0, 0xe, 0x50, 0x0, 0x0,
    0x0, 0x8d, 0x0, 0x0, 0xe, 0x50, 0x0, 0x0,
    0x0, 0x0, 0x2, 0xed, 0xdf, 0xed, 0xde, 0x0,
    0x0, 0x4, 0x10, 0x43, 0x3f, 0x73, 0x34, 0x0,
    0x0, 0xd, 0x80, 0x0, 0xe, 0x50, 0x0, 0x0,
    0x0, 0x6e, 0x10, 0x0, 0xe, 0x50, 0x0, 0x0,
    0x0, 0xe7, 0x0, 0x0, 0xe, 0x50, 0x0, 0x0,
    0x8, 0xe0, 0x2, 0x22, 0x2e, 0x62, 0x22, 0x20,
    0x2f, 0x80, 0x4f, 0xff, 0xff, 0xff, 0xff, 0xf0,
    0x3, 0x10, 0x0, 0x0, 0x0, 0x0, 0x0, 0x0,

    /* U+6D17 "洗" */
    0x0, 0x10, 0x0, 0x10, 0x5, 0xf0, 0x0, 0x0,
    0x2, 0xf7, 0x0, 0x9c, 0x5, 0xe0, 0x0, 0x0,
    0x0, 0x5f, 0x90, 0xd8, 0x5, 0xe0, 0x1, 0x0,
    0x0, 0x4, 0x41, 0xfe, 0xee, 0xfe, 0xee, 0x60,
    0x0, 0x0, 0x8, 0xe0, 0x5, 0xe0, 0x0, 0x0,
    0x1e, 0x80, 0x3, 0x40, 0x5, 0xe0, 0x0, 0x0,
    0x4, 0xdd, 0x15, 0x44, 0x48, 0xf4, 0x44, 0x50,
    0x0, 0x5, 0x1b, 0xac, 0xfa, 0xce, 0xaa, 0xb0,
    0x0, 0x1, 0x0, 0x7, 0xd0, 0x5c, 0x0, 0x0,
    0x0, 0x2f, 0x20, 0x9, 0xb0, 0x5c, 0x0, 0x0,
    0x0, 0x8e, 0x0, 0xd, 0x80, 0x5c, 0x0, 0x0,
    0x0, 0xe7, 0x0, 0x4f, 0x30, 0x5c, 0x0, 0x40,
    0x5, 0xf2, 0x2, 0xea, 0x0, 0x5d, 0x1, 0xf4,
    0xc, 0xb0, 0x4f, 0xb0, 0x0, 0x2e, 0xff, 0xc0,
    0x0, 0x20, 0x4, 0x0, 0x0, 0x0, 0x0, 0x0,

    /* U+6D3B "活" */
    0x0, 0x30, 0x0, 0x0, 0x0, 0x0, 0x12, 0x0,
    0x3f, 0x90, 0x13, 0x46, 0x8a, 0xdf, 0xc0, 0x0,
    0x3e, 0xb3, 0xfc, 0xaf, 0x72, 0x0, 0x0, 0x0,
    0x22, 0x0, 0x0, 0xe4, 0x0, 0x0, 0x5, 0x0,
    0x1, 0x0, 0xe, 0x40, 0x1, 0x11, 0xed, 0x34,
    0xff, 0xff, 0xff, 0xff, 0xfd, 0x1, 0x9f, 0x20,
    0x0, 0xe, 0x40, 0x0, 0x0, 0x0, 0x20, 0x0,
    0x0, 0xe4, 0x0, 0x0, 0x0, 0x9, 0x90, 0xbc,
    0xcf, 0xdc, 0xcc, 0x0, 0x1, 0xf4, 0xe, 0x63,
    0x33, 0x36, 0xf0, 0x0, 0x8c, 0x0, 0xe3, 0x0,
    0x0, 0x4e, 0x0, 0x1f, 0x40, 0xe, 0x30, 0x0,
    0x4, 0xe0, 0xb, 0xc0, 0x0, 0xef, 0xff, 0xff,
    0xfe, 0x1, 0xb4, 0x0, 0xf, 0x40, 0x0, 0x4,
    0xf0, 0x0, 0x0, 0x0, 0x0, 0x0, 0x0, 0x0,
    0x0,

    /* U+6D41 "流" */
    0x0, 0x0, 0x0, 0x0, 0x0, 0x0, 0x0, 0x0,
    0x0, 0x30, 0x0, 0x0, 0x6a, 0x0, 0x0, 0x0,
    0x3, 0xf9, 0x2, 0x21, 0x3f, 0x51, 0x12, 0x10,
    0x0, 0x3e, 0x6e, 0xfe, 0xfe, 0xee, 0xee, 0xb0,
    0x0, 0x1, 0x0, 0x3, 0xf2, 0x0, 0x0, 0x0,
    0x5, 0x10, 0x0, 0xd, 0x70, 0x1e, 0x30, 0x0,
    0xd, 0xe4, 0x0, 0xb9, 0x0, 0x8, 0xe2, 0x0,
    0x0, 0x8e, 0x1a, 0xff, 0xfe, 0xdc, 0xce, 0x10,
    0x0, 0x1, 0x1, 0x53, 0x14, 0x3, 0x27, 0x10,
    0x0, 0xb, 0x50, 0x8b, 0x4e, 0xb, 0x70, 0x0,
    0x0, 0x2f, 0x40, 0x89, 0x4e, 0xa, 0x70, 0x0,
    0x0, 0xab, 0x0, 0xa7, 0x4e, 0xa, 0x70, 0x0,
    0x3, 0xf4, 0x0, 0xf3, 0x4e, 0xa, 0x70, 0x40,
    0xc, 0xc0, 0xa, 0xd0, 0x4e, 0xa, 0x91, 0xf5,
    0x7, 0x30, 0xbe, 0x20, 0x5f, 0x6, 0xff, 0xc0,
    0x0, 0x0, 0x31, 0x0, 0x0, 0x0, 0x0, 0x0,

    /* U+6D4F "浏" */
    0x2, 0x60, 0x0, 0xa7, 0x0, 0x0, 0x3, 0xf0,
    0x4f, 0xa0, 0x9, 0xd0, 0x0, 0x30, 0x3e, 0x0,
    0x27, 0x0, 0x36, 0x0, 0x1f, 0x33, 0xe0, 0x0,
    0xc, 0xdd, 0xdd, 0xd1, 0xf3, 0x3e, 0x4, 0x0,
    0x44, 0x47, 0xd4, 0x1f, 0x33, 0xe1, 0xed, 0x30,
    0x40, 0x4b, 0x0, 0xf3, 0x3e, 0x0, 0xa3, 0x5f,
    0x56, 0xa0, 0xf, 0x33, 0xe0, 0x0, 0x0, 0x7f,
    0xb7, 0x0, 0xf3, 0x3e, 0x0, 0x75, 0x0, 0xbf,
    0x40, 0xf, 0x33, 0xe0, 0xd, 0x80, 0x6, 0xfa,
    0x1, 0xf3, 0x3e, 0x2, 0xf2, 0x1, 0xe9, 0xf6,
    0x1f, 0x43, 0xe0, 0x7c, 0x1, 0xcc, 0x9, 0xe0,
    0x10, 0x3e, 0xe, 0x71, 0xde, 0x20, 0x13, 0x0,
    0x3, 0xe3, 0xd2, 0x5, 0x30, 0x0, 0x0, 0xc,
    0xed, 0x0, 0x0, 0x0, 0x0, 0x0, 0x0, 0x67,
    0x20,

    /* U+6DCB "淋" */
    0x2, 0x40, 0x0, 0x3f, 0x0, 0xd, 0x40, 0x0,
    0x9, 0xf7, 0x0, 0x2e, 0x0, 0xc, 0x40, 0x0,
    0x0, 0x7e, 0x20, 0x2e, 0x0, 0xc, 0x40, 0x0,
    0x0, 0x0, 0x5f, 0xff, 0xf9, 0xff, 0xff, 0xb0,
    0xa, 0x60, 0x13, 0xbe, 0x32, 0x6f, 0x93, 0x30,
    0xa, 0xfc, 0x0, 0xee, 0x30, 0x7f, 0xa0, 0x0,
    0x0, 0x46, 0x2, 0xff, 0xe3, 0xbf, 0xe0, 0x0,
    0x0, 0x0, 0x7, 0xde, 0x66, 0xfd, 0xf4, 0x0,
    0x0, 0x27, 0xd, 0x9e, 0x6, 0xcc, 0xac, 0x0,
    0x0, 0x7d, 0x4f, 0x4e, 0xe, 0x7c, 0x5f, 0x70,
    0x0, 0xd7, 0xdb, 0x2e, 0x8f, 0x1c, 0x47, 0xf2,
    0x4, 0xf6, 0xf3, 0x2e, 0x27, 0xc, 0x40, 0x30,
    0xc, 0xd0, 0x30, 0x2e, 0x0, 0xc, 0x40, 0x0,
    0x1c, 0x80, 0x0, 0x2e, 0x0, 0xd, 0x40, 0x0,
    0x0, 0x10, 0x0, 0x3f, 0x0, 0xd, 0x40, 0x0,
    0x0, 0x0, 0x0, 0x0, 0x0, 0x0, 0x0, 0x0,

    /* U+6E05 "清" */
    0x0, 0x20, 0x0, 0x0, 0xf, 0x60, 0x0, 0x0,
    0x3f, 0x70, 0x8a, 0xaa, 0xfc, 0xaa, 0xa2, 0x0,
    0x3e, 0x64, 0x44, 0x4f, 0x84, 0x44, 0x10, 0x0,
    0x10, 0x4d, 0xcc, 0xfd, 0xcc, 0xd1, 0x8, 0x10,
    0x1, 0x32, 0x2e, 0x62, 0x23, 0x1, 0xbf, 0x74,
    0xcc, 0xcc, 0xfd, 0xcc, 0xcb, 0x0, 0x67, 0x13,
    0x22, 0x22, 0x22, 0x23, 0x30, 0x0, 0x0, 0xd,
    0xff, 0xff, 0xff, 0xe0, 0x0, 0x4, 0x10, 0xe5,
    0x0, 0x0, 0x5e, 0x0, 0x0, 0xd5, 0xe, 0xee,
    0xee, 0xee, 0xe0, 0x0, 0x4e, 0x0, 0xe5, 0x11,
    0x11, 0x6e, 0x0, 0xc, 0x70, 0xe, 0xff, 0xff,
    0xff, 0xe0, 0x6, 0xf0, 0x0, 0xe5, 0x0, 0x0,
    0x5e, 0x0, 0xe8, 0x0, 0xe, 0x50, 0x0, 0x4b,
    0xe0, 0x4, 0x10, 0x0, 0xe5, 0x0, 0x2, 0xe7,
    0x0, 0x0, 0x0, 0x0, 0x0, 0x0, 0x0, 0x0,

    /* U+6E38 "游" */
    0x3, 0x10, 0x4, 0x90, 0x0, 0x3c, 0x20, 0x0,
    0x9, 0xe4, 0x1, 0xf5, 0x0, 0x6d, 0x0, 0x0,
    0x0, 0x7a, 0x0, 0x41, 0x0, 0xbe, 0xbb, 0xb4,
    0x0, 0x1, 0xef, 0xee, 0xe4, 0xf5, 0x44, 0x41,
    0x4, 0x0, 0xd, 0x50, 0x9, 0xa0, 0x0, 0x0,
    0x1d, 0xd4, 0xd, 0x50, 0x1c, 0xce, 0xef, 0xc0,
    0x0, 0x79, 0xd, 0xff, 0xf0, 0x0, 0x1e, 0x70,
    0x0, 0x0, 0xe, 0x33, 0xe0, 0x0, 0xd9, 0x0,
    0x0, 0x20, 0xf, 0x23, 0xe1, 0x33, 0xf5, 0x31,
    0x0, 0xb8, 0xf, 0x13, 0xe4, 0xbb, 0xfc, 0xb5,
    0x0, 0xf3, 0x3e, 0x3, 0xe0, 0x0, 0xf3, 0x0,
    0x4, 0xe0, 0x7b, 0x3, 0xe0, 0x0, 0xf3, 0x0,
    0xa, 0x90, 0xe5, 0x3, 0xe0, 0x0, 0xf3, 0x0,
    0x2f, 0x5a, 0xe0, 0x8d, 0xb0, 0x48, 0xf2, 0x0,
    0x18, 0x14, 0x40, 0x34, 0x0, 0x5c, 0x60, 0x0,

    /* U+6E7F "湿" */
    0x0, 0x10, 0x0, 0x0, 0x0, 0x0, 0x0, 0x0,
    0x7, 0xe3, 0x4, 0xff, 0xff, 0xff, 0xff, 0x20,
    0x0, 0x5e, 0x53, 0xe1, 0x11, 0x11, 0x1f, 0x10,
    0x0, 0x1, 0x3, 0xff, 0xff, 0xff, 0xff, 0x10,
    0x7, 0x0, 0x3, 0xe1, 0x11, 0x11, 0x1f, 0x10,
    0x2e, 0xc2, 0x3, 0xe1, 0x11, 0x11, 0x1f, 0x10,
    0x0, 0xaa, 0x3, 0xff, 0xff, 0xff, 0xff, 0x20,
    0x0, 0x0, 0x0, 0x1, 0x80, 0x28, 0x0, 0x0,
    0x0, 0x36, 0x1d, 0x12, 0xf1, 0x4f, 0x0, 0xd2,
    0x0, 0x8b, 0xc, 0x82, 0xf0, 0x4f, 0x7, 0xd0,
    0x0, 0xd5, 0x6, 0xe2, 0xf0, 0x4e, 0x1f, 0x50,
    0x4, 0xe0, 0x0, 0xd4, 0xf0, 0x4e, 0x8b, 0x0,
    0xb, 0x90, 0x0, 0x2, 0xf0, 0x4e, 0x0, 0x0,
    0x1f, 0x30, 0x7f, 0xff, 0xff, 0xff, 0xff, 0xf2,
    0x1, 0x0, 0x0, 0x0, 0x0, 0x0, 0x0, 0x0,

    /* U+6E83 "溃" */
    0x0, 0x0, 0x0, 0x0, 0xe, 0x60, 0x0, 0x0,
    0x5e, 0x50, 0xd, 0xdd, 0xfe, 0xdd, 0xd0, 0x0,
    0x7f, 0x90, 0xf4, 0xd, 0x50, 0x4f, 0x0, 0x0,
    0x31, 0xf, 0xba, 0xfc, 0xab, 0xf0, 0x6, 0x0,
    0x0, 0x33, 0x3e, 0x73, 0x33, 0x4, 0xfd, 0x34,
    0xaa, 0xaa, 0xfc, 0xaa, 0xaa, 0x1, 0x9d, 0x25,
    0x44, 0x44, 0x44, 0x44, 0x40, 0x0, 0x10, 0xd,
    0xdd, 0xdd, 0xdd, 0xd0, 0x0, 0x4e, 0x0, 0xf5,
    0x3, 0x0, 0x4f, 0x0, 0xb, 0xa0, 0xf, 0x50,
    0xf7, 0x4, 0xf0, 0x4, 0xf2, 0x0, 0xf5, 0x4f,
    0x10, 0x4f, 0x1, 0xea, 0x0, 0x1, 0xc, 0xa1,
    0xa3, 0x0, 0x7f, 0x20, 0x0, 0x5d, 0xc0, 0x9,
    0xf6, 0x0, 0x40, 0x0, 0xdf, 0x80, 0x0, 0x5,
    0xf7, 0x0, 0x0, 0x3, 0x10, 0x0, 0x0, 0x2,
    0x10,

    /* U+6E90 "源" */
    0x0, 0x10, 0x0, 0x0, 0x0, 0x0, 0x0, 0x0,
    0x7, 0xe4, 0xe, 0xff, 0xff, 0xff, 0xff, 0xf0,
    0x0, 0x7f, 0x1e, 0x51, 0x14, 0x81, 0x11, 0x10,
    0x0, 0x1, 0xd, 0x51, 0x4b, 0xb4, 0x44, 0x0,
    0x1a, 0x20, 0xd, 0x54, 0xfb, 0xbb, 0xcf, 0x0,
    0x1a, 0xf8, 0xe, 0x54, 0xe0, 0x0, 0x4f, 0x0,
    0x0, 0x45, 0xe, 0x54, 0xff, 0xff, 0xff, 0x0,
    0x0, 0x0, 0xf, 0x44, 0xe0, 0x0, 0x4f, 0x0,
    0x0, 0x97, 0xf, 0x34, 0xff, 0xff, 0xff, 0x0,
    0x0, 0xd7, 0x2f, 0x10, 0x0, 0xe4, 0x0, 0x0,
    0x2, 0xf2, 0x5e, 0x4, 0x50, 0xe4, 0x45, 0x0,
    0x8, 0xc0, 0xba, 0xd, 0xb0, 0xe4, 0x6f, 0x40,
    0xe, 0x74, 0xf4, 0xad, 0x0, 0xe4, 0x9, 0xe1,
    0x3d, 0x2d, 0xb2, 0xd2, 0x8, 0xf3, 0x0, 0x60,
    0x0, 0x2, 0x10, 0x0, 0x8, 0x70, 0x0, 0x0,

    /* U+6EDA "滚" */
    0x0, 0x10, 0x0, 0x0, 0xc, 0x40, 0x0, 0x0,
    0x6, 0xe3, 0x2, 0x11, 0x1a, 0xa1, 0x11, 0x20,
    0x0, 0x8f, 0x4c, 0xcc, 0xcc, 0xcc, 0xcc, 0xd0,
    0x0, 0x5, 0x0, 0x1c, 0x20, 0x8, 0xb1, 0x0,
    0x3, 0x0, 0x2, 0xd9, 0x4b, 0x10, 0x9e, 0x50,
    0x1e, 0xb1, 0x2f, 0x61, 0xe7, 0x4, 0x5, 0xe1,
    0x2, 0xdc, 0x1, 0x1c, 0x70, 0xb, 0xb0, 0x0,
    0x0, 0x13, 0x2, 0xee, 0xab, 0xcd, 0xfb, 0x0,
    0x0, 0x0, 0x0, 0x86, 0xbb, 0x50, 0x7, 0x0,
    0x0, 0x1e, 0x10, 0x6, 0xe1, 0xd2, 0x9, 0x50,
    0x0, 0x7a, 0x1, 0x9f, 0x80, 0x6b, 0xcb, 0x10,
    0x0, 0xe3, 0x7f, 0xa9, 0x80, 0xd, 0xa0, 0x0,
    0x8, 0xc0, 0x24, 0x8, 0x98, 0x42, 0xe7, 0x0,
    0x1f, 0x50, 0x0, 0xc, 0xfb, 0x20, 0x2d, 0xe3,
    0x4, 0x0, 0x0, 0xa, 0x40, 0x0, 0x0, 0x40,

    /* U+6EE1 "满" */
    0x0, 0x20, 0x0, 0x6, 0xc0, 0xe, 0x50, 0x0,
    0x5, 0xf5, 0x3, 0x27, 0xc2, 0x2e, 0x62, 0x30,
    0x0, 0x8f, 0x5e, 0xde, 0xfd, 0xdf, 0xed, 0xe0,
    0x0, 0x3, 0x0, 0x6, 0xc0, 0xe, 0x50, 0x0,
    0x3, 0x0, 0x15, 0x45, 0x64, 0x46, 0x54, 0x50,
    0x1e, 0xc3, 0x2c, 0xbb, 0xfc, 0xcf, 0xbb, 0xc1,
    0x0, 0x83, 0x0, 0x0, 0xe2, 0x3e, 0x0, 0x0,
    0x0, 0x1, 0x1f, 0xff, 0xff, 0xff, 0xff, 0xe0,
    0x0, 0xd, 0x5f, 0x21, 0xf1, 0x5c, 0x4, 0xe0,
    0x0, 0x5e, 0x1f, 0x24, 0xf6, 0x7c, 0x4, 0xe0,
    0x0, 0xc7, 0x1f, 0x2b, 0xad, 0xcf, 0x84, 0xe0,
    0x5, 0xf0, 0x1f, 0x7f, 0x23, 0xf3, 0xf7, 0xe0,
    0x1e, 0x80, 0x1f, 0x36, 0x9, 0x90, 0x14, 0xe0,
    0x9, 0x20, 0x1f, 0x20, 0x0, 0x10, 0x5a, 0xe0,
    0x0, 0x0, 0x1f, 0x20, 0x0, 0x0, 0xce, 0x60,
    0x0, 0x0, 0x0, 0x0, 0x0, 0x0, 0x0, 0x0,

    /* U+6F14 "演" */
    0x1, 0x0, 0x0, 0x0, 0x7a, 0x0, 0x0, 0x0,
    0x8, 0xe5, 0x0, 0x0, 0x2f, 0x30, 0x0, 0x0,
    0x0, 0x5e, 0x5f, 0xee, 0xee, 0xee, 0xee, 0xf3,
    0x0, 0x0, 0x2f, 0x10, 0x0, 0x0, 0x0, 0xf3,
    0x3, 0x0, 0x19, 0x7e, 0xee, 0xee, 0xe0, 0xb2,
    0x1d, 0xc3, 0x0, 0x0, 0xd, 0x30, 0x0, 0x0,
    0x0, 0x88, 0x3, 0xee, 0xef, 0xee, 0xee, 0x20,
    0x0, 0x0, 0x3, 0xa0, 0xd, 0x30, 0xf, 0x20,
    0x0, 0x2, 0x3, 0xfd, 0xdf, 0xed, 0xdf, 0x20,
    0x0, 0xe, 0x33, 0xb1, 0x1d, 0x41, 0x1f, 0x20,
    0x0, 0x8d, 0x3, 0xea, 0xaf, 0xba, 0xaf, 0x20,
    0x2, 0xf4, 0x0, 0x38, 0x53, 0x3c, 0x93, 0x0,
    0xb, 0xa0, 0x0, 0x7f, 0x50, 0x6, 0xec, 0x20,
    0x1d, 0x20, 0x1d, 0xc2, 0x0, 0x0, 0x1b, 0xe1,
    0x0, 0x0, 0x5, 0x0, 0x0, 0x0, 0x0, 0x20,

    /* U+6FA1 "澡" */
    0x0, 0x0, 0x0, 0x0, 0x0, 0x0, 0x0, 0x0,
    0x1, 0xe7, 0x0, 0x8f, 0xee, 0xee, 0xf2, 0x0,
    0x0, 0x5e, 0xa0, 0x8a, 0x0, 0x0, 0xf1, 0x0,
    0x0, 0x2, 0x50, 0x8d, 0x99, 0x99, 0xf2, 0x0,
    0x3, 0x0, 0x0, 0x25, 0x55, 0x55, 0x50, 0x0,
    0x1f, 0xc2, 0xc, 0xcc, 0xc0, 0x3c, 0xcc, 0xb0,
    0x3, 0xdf, 0x2f, 0x22, 0xf0, 0x3d, 0x15, 0xd0,
    0x0, 0x6, 0xf, 0x11, 0xf0, 0x3d, 0x4, 0xd0,
    0x0, 0x0, 0xe, 0xee, 0xe0, 0x3e, 0xee, 0xc0,
    0x0, 0x54, 0x0, 0x0, 0xd, 0x80, 0x0, 0x0,
    0x0, 0xb7, 0x6f, 0xff, 0xff, 0xff, 0xff, 0xf5,
    0x1, 0xf2, 0x0, 0x4, 0xee, 0xbe, 0x10, 0x0,
    0x6, 0xe0, 0x0, 0x2e, 0x4d, 0x89, 0xd1, 0x0,
    0xc, 0xa0, 0x4, 0xe8, 0xd, 0x80, 0xbf, 0x71,
    0x2f, 0x60, 0x9f, 0x80, 0xd, 0x80, 0x8, 0xf3,
    0x2, 0x10, 0x15, 0x0, 0xe, 0x80, 0x0, 0x10,

    /* U+706B "火" */
    0x0, 0x0, 0x0, 0x0, 0x0, 0x0, 0x0, 0x0,
    0x0, 0x0, 0x0, 0xc, 0xa0, 0x0, 0x0, 0x0,
    0x0, 0x0, 0x0, 0xc, 0x80, 0x0, 0x0, 0x0,
    0x0, 0x1, 0x0, 0xc, 0x70, 0x0, 0x40, 0x0,
    0x0, 0xf, 0x60, 0xd, 0x70, 0x2, 0xf5, 0x0,
    0x0, 0x3f, 0x10, 0xe, 0x70, 0x8, 0xd0, 0x0,
    0x0, 0x8c, 0x0, 0x1f, 0x90, 0x1f, 0x70, 0x0,
    0x0, 0xd7, 0x0, 0x3f, 0xc0, 0x5f, 0x10, 0x0,
    0x0, 0x31, 0x0, 0x8e, 0xf1, 0x0, 0x0, 0x0,
    0x0, 0x0, 0x0, 0xd8, 0xb9, 0x0, 0x0, 0x0,
    0x0, 0x0, 0x5, 0xf2, 0x4f, 0x30, 0x0, 0x0,
    0x0, 0x0, 0x2e, 0x70, 0xa, 0xe3, 0x0, 0x0,
    0x0, 0x3, 0xec, 0x0, 0x0, 0xbf, 0x70, 0x0,
    0x0, 0x8f, 0xc1, 0x0, 0x0, 0x8, 0xfe, 0x81,
    0x1e, 0xf8, 0x0, 0x0, 0x0, 0x0, 0x4c, 0xb0,
    0x3, 0x30, 0x0, 0x0, 0x0, 0x0, 0x0, 0x0,

    /* U+70B9 "点" */
    0x0, 0x0, 0x0, 0x1f, 0x40, 0x0, 0x0, 0x0,
    0x0, 0x0, 0x0, 0x1f, 0x40, 0x0, 0x0, 0x0,
    0x0, 0x0, 0x0, 0x1f, 0xff, 0xff, 0xff, 0x50,
    0x0, 0x0, 0x0, 0x1f, 0x51, 0x11, 0x12, 0x0,
    0x0, 0x1, 0x11, 0x1f, 0x41, 0x11, 0x10, 0x0,
    0x0, 0xf, 0xff, 0xff, 0xff, 0xff, 0xf0, 0x0,
    0x0, 0xf, 0x50, 0x0, 0x0, 0x4, 0xf0, 0x0,
    0x0, 0xf, 0x50, 0x0, 0x0, 0x4, 0xf0, 0x0,
    0x0, 0xf, 0x50, 0x0, 0x0, 0x4, 0xf0, 0x0,
    0x0, 0xf, 0xff, 0xff, 0xff, 0xff, 0xf0, 0x0,
    0x0, 0x21, 0x11, 0x11, 0x11, 0x11, 0x10, 0x0,
    0x0, 0xe8, 0xa, 0x30, 0x3c, 0x0, 0x7b, 0x0,
    0x5, 0xf1, 0xb, 0xa0, 0x1e, 0x70, 0x3f, 0x50,
    0xd, 0x90, 0x5, 0xf1, 0x8, 0xe0, 0x9, 0xe0,
    0x4, 0x10, 0x0, 0x30, 0x1, 0x20, 0x1, 0x30,

    /* U+70E7 "烧" */
    0x0, 0x0, 0x0, 0x0, 0x10, 0x0, 0x0, 0x0,
    0x0, 0x1b, 0x10, 0x0, 0xf7, 0x0, 0x0, 0x0,
    0x0, 0x1f, 0x10, 0x0, 0xdb, 0x8a, 0xdd, 0x0,
    0x0, 0x1f, 0x12, 0xef, 0xed, 0x75, 0x73, 0x0,
    0x3, 0x1f, 0x13, 0x30, 0x4d, 0x5, 0xf8, 0x0,
    0xf, 0x3f, 0x9e, 0x10, 0xd, 0xcd, 0x40, 0x0,
    0xf, 0x1f, 0xb1, 0x3, 0xae, 0xf3, 0x2, 0x60,
    0x2f, 0x1f, 0x11, 0xed, 0x71, 0x7e, 0x7d, 0x90,
    0x3b, 0x2f, 0x0, 0x10, 0x0, 0x5, 0xb7, 0x0,
    0x0, 0x4e, 0x5, 0xff, 0xff, 0xff, 0xff, 0xc0,
    0x0, 0x7f, 0xb2, 0x33, 0xf4, 0x6e, 0x23, 0x20,
    0x0, 0xb8, 0xcb, 0x2, 0xf0, 0x4e, 0x0, 0x0,
    0x1, 0xf2, 0x1d, 0x26, 0xc0, 0x4e, 0x0, 0x71,
    0x9, 0xc0, 0x0, 0x2e, 0x60, 0x4f, 0x2, 0xf3,
    0x1e, 0x50, 0xa, 0xf8, 0x0, 0x1e, 0xff, 0xa0,
    0x1, 0x0, 0x4, 0x30, 0x0, 0x0, 0x0, 0x0,

    /* U+7184 "熄" */
    0x0, 0x1, 0x0, 0x0, 0x3, 0x10, 0x0, 0x0,
    0x0, 0xf, 0x40, 0x0, 0xf, 0x50, 0x0, 0x0,
    0x0, 0xf, 0x20, 0x2c, 0xcf, 0xcc, 0xcb, 0x0,
    0x0, 0xf, 0x20, 0x2f, 0x11, 0x11, 0x4f, 0x0,
    0x5, 0xf, 0x39, 0x3f, 0xdd, 0xdd, 0xee, 0x0,
    0xe, 0x2f, 0xea, 0x3f, 0x0, 0x0, 0x3e, 0x0,
    0xf, 0x1f, 0x80, 0x2f, 0xee, 0xee, 0xee, 0x0,
    0xf, 0xf, 0x20, 0x2f, 0x0, 0x0, 0x3f, 0x0,
    0x2d, 0xf, 0x10, 0x2f, 0xdd, 0xdd, 0xef, 0x0,
    0x0, 0x1f, 0x10, 0x0, 0x0, 0x21, 0x0, 0x0,
    0x0, 0x4f, 0xc0, 0x10, 0x52, 0xd8, 0x5, 0x40,
    0x0, 0x8a, 0xab, 0xb6, 0xd6, 0x5a, 0x7, 0xb0,
    0x0, 0xe4, 0x14, 0xf2, 0xc6, 0x0, 0x12, 0xf2,
    0x7, 0xd0, 0x5, 0xd0, 0xc7, 0x0, 0x9b, 0xb6,
    0x2f, 0x50, 0x5, 0x70, 0x9f, 0xff, 0xf5, 0x0,
    0x4, 0x0, 0x0, 0x0, 0x0, 0x0, 0x0, 0x0,

    /* U+719F "熟" */
    0x0, 0x0, 0x0, 0x0, 0x0, 0x0, 0x0, 0x0,
    0x0, 0x2, 0xf1, 0x0, 0x5, 0xc0, 0x0, 0x0,
    0x1b, 0xbb, 0xfc, 0xbb, 0x5, 0xc0, 0x0, 0x0,
    0x4, 0x44, 0x44, 0x45, 0x37, 0xd6, 0x64, 0x0,
    0x3, 0xfe, 0xee, 0xf2, 0xcc, 0xe9, 0xd9, 0x0,
    0x3, 0xd2, 0x22, 0xf1, 0x5, 0xb0, 0xa7, 0x0,
    0x2, 0xaa, 0xaa, 0xa3, 0xd9, 0xa0, 0xb6, 0x0,
    0x9, 0xcc, 0xcc, 0x80, 0x5e, 0xc0, 0xc5, 0x0,
    0x2, 0x22, 0xac, 0x0, 0xe, 0xdd, 0xb7, 0x20,
    0x2, 0x35, 0xfb, 0xc3, 0x6d, 0x5, 0x8c, 0xd6,
    0xd, 0xda, 0xf7, 0x32, 0xf4, 0x0, 0x2f, 0xf2,
    0x0, 0x5, 0xf2, 0xb, 0x90, 0x0, 0x3, 0x50,
    0x0, 0x5a, 0x71, 0x10, 0x14, 0x0, 0x77, 0x0,
    0x4, 0xf3, 0xc, 0x70, 0x1f, 0x20, 0x4f, 0x10,
    0x1e, 0x80, 0x7, 0xb0, 0xa, 0x90, 0xc, 0x80,
    0x18, 0x0, 0x2, 0x40, 0x1, 0x10, 0x3, 0x30,

    /* U+7231 "爱" */
    0x0, 0x0, 0x0, 0x0, 0x13, 0x58, 0xc3, 0x0,
    0x3d, 0xdd, 0xef, 0xed, 0xcb, 0xb8, 0x40, 0x0,
    0x4d, 0x41, 0x5c, 0x0, 0xb, 0xa0, 0x0, 0x0,
    0x7d, 0x0, 0xd7, 0x3, 0xe1, 0x0, 0x9, 0xaa,
    0xda, 0xac, 0xaa, 0xed, 0xbb, 0x30, 0xd8, 0x33,
    0x3a, 0x53, 0x33, 0x33, 0xf4, 0x9, 0x40, 0x0,
    0xf3, 0x0, 0x0, 0x8, 0x20, 0xa, 0xff, 0xff,
    0xff, 0xff, 0xff, 0x30, 0x0, 0x0, 0x2e, 0x30,
    0x0, 0x0, 0x0, 0x0, 0x0, 0xc, 0xec, 0xcc,
    0xcc, 0xc2, 0x0, 0x0, 0xb, 0x8b, 0x91, 0x12,
    0xe9, 0x0, 0x0, 0x2d, 0xa0, 0x1e, 0x50, 0xbc,
    0x0, 0x0, 0x3f, 0xa0, 0x0, 0x3f, 0xdd, 0x10,
    0x0, 0x0, 0x50, 0x3, 0x6a, 0xff, 0xea, 0x75,
    0x41, 0x0, 0x5f, 0xeb, 0x72, 0x4, 0x8c, 0xed,
    0x0, 0x0, 0x10, 0x0, 0x0, 0x0, 0x0, 0x0,

    /* U+7269 "物" */
    0x0, 0x0, 0x0, 0x0, 0x0, 0x0, 0x0, 0x0,
    0x0, 0x1, 0xf3, 0x0, 0x4f, 0x30, 0x0, 0x0,
    0x0, 0x0, 0xf3, 0x0, 0x9c, 0x0, 0x0, 0x0,
    0x6, 0xc0, 0xf3, 0x0, 0xea, 0x66, 0x66, 0x61,
    0x8, 0xb2, 0xf5, 0x17, 0xec, 0xeb, 0xfb, 0xf3,
    0xb, 0xed, 0xfe, 0xbf, 0x57, 0xa3, 0xf1, 0xf2,
    0xe, 0x30, 0xf3, 0x6c, 0xb, 0x75, 0xe1, 0xf1,
    0x4f, 0x0, 0xf3, 0x0, 0x1f, 0x27, 0xc2, 0xf0,
    0x1, 0x0, 0xf3, 0x20, 0x8c, 0xa, 0xa3, 0xf0,
    0x0, 0x3, 0xfe, 0xe3, 0xf4, 0xe, 0x64, 0xf0,
    0x2c, 0xfe, 0xf6, 0x3e, 0xa0, 0x4f, 0x15, 0xe0,
    0x9, 0x30, 0xf3, 0x7, 0x0, 0xc9, 0x5, 0xe0,
    0x0, 0x0, 0xf3, 0x0, 0x7, 0xe1, 0x6, 0xd0,
    0x0, 0x0, 0xf3, 0x0, 0x7f, 0x40, 0x8, 0xc0,
    0x0, 0x0, 0xf3, 0x1c, 0xf4, 0xa, 0xbf, 0x70,
    0x0, 0x1, 0xf3, 0x5, 0x20, 0x7, 0x84, 0x0,

    /* U+7279 "特" */
    0x0, 0x4, 0xf0, 0x0, 0x0, 0xe5, 0x0, 0x0,
    0x0, 0x3, 0xf0, 0x1, 0x22, 0xd6, 0x22, 0x10,
    0x7, 0xa3, 0xe0, 0x7, 0xee, 0xfe, 0xee, 0x80,
    0xa, 0x83, 0xe1, 0x0, 0x0, 0xd4, 0x0, 0x0,
    0xd, 0xef, 0xff, 0x80, 0x0, 0xd4, 0x0, 0x0,
    0x1f, 0x3, 0xe0, 0xf, 0xff, 0xff, 0xff, 0xf6,
    0x29, 0x3, 0xe0, 0x1, 0x0, 0x0, 0xe4, 0x10,
    0x0, 0x3, 0xf7, 0x60, 0x0, 0x0, 0xe3, 0x0,
    0x0, 0x5b, 0xfb, 0x3e, 0xff, 0xff, 0xff, 0xf4,
    0x1f, 0xea, 0xe0, 0x1, 0x11, 0x11, 0xe4, 0x10,
    0x4, 0x3, 0xe0, 0x0, 0xb3, 0x0, 0xe3, 0x0,
    0x0, 0x3, 0xe0, 0x0, 0xb9, 0x0, 0xe3, 0x0,
    0x0, 0x3, 0xe0, 0x0, 0x48, 0x0, 0xe3, 0x0,
    0x0, 0x3, 0xf0, 0x0, 0x0, 0x57, 0xf3, 0x0,
    0x0, 0x4, 0xf0, 0x0, 0x0, 0x7e, 0x90, 0x0,
    0x0, 0x0, 0x0, 0x0, 0x0, 0x0, 0x0, 0x0,

    /* U+72B6 "状" */
    0x0, 0x0, 0xe6, 0x0, 0x5, 0x80, 0x0, 0x0,
    0x0, 0x0, 0xd6, 0x0, 0x8, 0xe0, 0x80, 0x0,
    0x16, 0x0, 0xd6, 0x0, 0x8, 0xc0, 0xbc, 0x0,
    0x2e, 0x60, 0xd6, 0x0, 0x7, 0xc0, 0xb, 0x30,
    0x4, 0xf1, 0xd6, 0x11, 0x18, 0xc1, 0x11, 0x20,
    0x0, 0x30, 0xd6, 0xcf, 0xff, 0xff, 0xff, 0xe0,
    0x0, 0x0, 0xe6, 0x0, 0x9, 0xf0, 0x0, 0x0,
    0x0, 0x8, 0xf6, 0x0, 0xc, 0xf3, 0x0, 0x0,
    0x0, 0x6e, 0xe6, 0x0, 0xf, 0xd8, 0x0, 0x0,
    0x6, 0xf3, 0xd6, 0x0, 0x4e, 0x6d, 0x0, 0x0,
    0x2f, 0x60, 0xd6, 0x0, 0xb9, 0x1f, 0x40, 0x0,
    0x2, 0x0, 0xd6, 0x4, 0xf3, 0x9, 0xd0, 0x0,
    0x0, 0x0, 0xe6, 0x1d, 0xa0, 0x0, 0xec, 0x10,
    0x0, 0x0, 0xe8, 0xce, 0x10, 0x0, 0x4f, 0xd0,
    0x0, 0x0, 0xe9, 0xc3, 0x0, 0x0, 0x4, 0x30,

    /* U+72D7 "狗" */
    0x0, 0x0, 0x0, 0x0, 0x3, 0x0, 0x0, 0x0,
    0x1, 0x80, 0x9, 0xb0, 0x5f, 0x20, 0x0, 0x0,
    0x3, 0xf9, 0x7f, 0x50, 0xc9, 0x0, 0x0, 0x0,
    0x0, 0x3f, 0xe3, 0x6, 0xff, 0xff, 0xff, 0xf1,
    0x0, 0x9f, 0xe0, 0x2f, 0x91, 0x11, 0x14, 0xf1,
    0x1d, 0xd3, 0xf4, 0xed, 0x0, 0x0, 0x2, 0xf0,
    0x7, 0x0, 0xd6, 0x75, 0xcc, 0xcc, 0x3, 0xf0,
    0x0, 0x3, 0xf9, 0x3, 0xf4, 0x6f, 0x3, 0xf0,
    0x0, 0x1e, 0xfa, 0x3, 0xe0, 0x2f, 0x3, 0xf0,
    0x1, 0xdb, 0x7b, 0x3, 0xe0, 0x2f, 0x4, 0xe0,
    0xe, 0xb0, 0x7c, 0x3, 0xfd, 0xdf, 0x5, 0xe0,
    0x4, 0x0, 0x7b, 0x3, 0xf3, 0x5f, 0x5, 0xe0,
    0x0, 0x0, 0xa9, 0x2, 0x90, 0x4, 0x6, 0xd0,
    0x0, 0x39, 0xf4, 0x0, 0x0, 0x4, 0x5c, 0xb0,
    0x0, 0xee, 0x70, 0x0, 0x0, 0x6, 0xfe, 0x40,
    0x0, 0x20, 0x0, 0x0, 0x0, 0x0, 0x10, 0x0,

    /* U+73A9 "玩" */
    0x0, 0x0, 0x0, 0x0, 0x0, 0x0, 0x0, 0x0,
    0x1f, 0xff, 0xfe, 0xe, 0xff, 0xff, 0xff, 0x0,
    0x2, 0x4e, 0x22, 0x0, 0x0, 0x0, 0x0, 0x0,
    0x0, 0x3e, 0x0, 0x0, 0x0, 0x0, 0x0, 0x0,
    0x0, 0x3e, 0x0, 0x22, 0x11, 0x11, 0x12, 0x20,
    0x3, 0x6f, 0x32, 0xff, 0xff, 0xef, 0xef, 0xf0,
    0xc, 0xef, 0xe8, 0x0, 0xf3, 0x2f, 0x0, 0x0,
    0x0, 0x3e, 0x0, 0x0, 0xf3, 0x2f, 0x0, 0x0,
    0x0, 0x3e, 0x0, 0x0, 0xf1, 0x2f, 0x0, 0x0,
    0x0, 0x3e, 0x1, 0x3, 0xf0, 0x2f, 0x0, 0x0,
    0x0, 0x5f, 0xcc, 0x9, 0xb0, 0x2f, 0x0, 0x0,
    0x3f, 0xfa, 0x50, 0x2f, 0x50, 0x2f, 0x0, 0xb3,
    0x7, 0x10, 0x1, 0xdb, 0x0, 0x2f, 0x43, 0xf3,
    0x0, 0x0, 0x1e, 0xd1, 0x0, 0xc, 0xff, 0xb0,
    0x0, 0x0, 0x3, 0x10, 0x0, 0x0, 0x0, 0x0,

    /* U+73B0 "现" */
    0x5, 0x55, 0x55, 0x1e, 0xff, 0xff, 0xff, 0x30,
    0xb, 0xbf, 0xcc, 0x3e, 0x40, 0x0, 0xe, 0x30,
    0x0, 0xf, 0x30, 0xd, 0x40, 0x84, 0xe, 0x30,
    0x0, 0xf, 0x30, 0xd, 0x40, 0xe6, 0xe, 0x30,
    0x1, 0x1f, 0x31, 0xd, 0x40, 0xe4, 0xe, 0x30,
    0xe, 0xff, 0xff, 0x1d, 0x40, 0xe2, 0xe, 0x30,
    0x0, 0xf, 0x30, 0xe, 0x40, 0xf0, 0xe, 0x30,
    0x0, 0xf, 0x30, 0xe, 0x44, 0xfb, 0xe, 0x30,
    0x0, 0xf, 0x30, 0x4, 0x19, 0xaf, 0x3, 0x10,
    0x0, 0xf, 0x68, 0x30, 0x2f, 0x4f, 0x0, 0x0,
    0x2a, 0xdf, 0xb7, 0x10, 0xc7, 0x2f, 0x0, 0x50,
    0x9, 0x40, 0x0, 0x3d, 0xa0, 0x1f, 0x3, 0xf2,
    0x0, 0x0, 0x8, 0xe6, 0x0, 0xd, 0xbc, 0x80,
    0x0, 0x0, 0x0, 0x10, 0x0, 0x0, 0x0, 0x0,

    /* U+7403 "球" */
    0x0, 0x0, 0x0, 0x0, 0x0, 0x0, 0x0, 0x0,
    0x0, 0x0, 0x0, 0x0, 0x3, 0xf3, 0xc0, 0x0,
    0x0, 0x0, 0x0, 0x0, 0x3, 0xe0, 0xb7, 0x0,
    0x3e, 0xee, 0xec, 0x12, 0x24, 0xe2, 0x22, 0x10,
    0x2, 0x4f, 0x22, 0x6d, 0xdd, 0xfd, 0xdd, 0x90,
    0x0, 0x3f, 0x0, 0x0, 0x3, 0xe0, 0x0, 0x0,
    0x0, 0x3f, 0x0, 0x2a, 0x3, 0xe0, 0x6, 0x70,
    0xe, 0xef, 0xe8, 0xc, 0x93, 0xf3, 0x3f, 0x70,
    0x2, 0x5f, 0x21, 0x3, 0x39, 0xfc, 0xe6, 0x0,
    0x0, 0x3f, 0x0, 0x0, 0x4f, 0xec, 0x80, 0x0,
    0x0, 0x3f, 0x0, 0x1, 0xe8, 0xe3, 0xe2, 0x0,
    0x0, 0x3f, 0x4a, 0x1d, 0x83, 0xe0, 0x9d, 0x10,
    0x5, 0xbf, 0xa5, 0xcb, 0x3, 0xe0, 0xc, 0xd2,
    0xd, 0x71, 0x0, 0x21, 0x3, 0xe0, 0x1, 0x80,
    0x0, 0x0, 0x0, 0x0, 0x5f, 0xc0, 0x0, 0x0,
    0x0, 0x0, 0x0, 0x0, 0x5, 0x0, 0x0, 0x0,

    /* U+7406 "理" */
    0x2, 0x11, 0x12, 0x4f, 0xff, 0xff, 0xff, 0xd0,
    0x5f, 0xff, 0xff, 0x4e, 0x0, 0xf3, 0x5, 0xd0,
    0x0, 0x3e, 0x0, 0x4e, 0x0, 0xf3, 0x5, 0xd0,
    0x0, 0x3e, 0x0, 0x4f, 0xff, 0xff, 0xff, 0xd0,
    0x0, 0x3e, 0x0, 0x4e, 0x0, 0xf3, 0x5, 0xd0,
    0x2f, 0xff, 0xfa, 0x4e, 0x0, 0xf3, 0x5, 0xd0,
    0x0, 0x3e, 0x0, 0x4f, 0xee, 0xfe, 0xef, 0xd0,
    0x0, 0x3e, 0x0, 0x1, 0x11, 0xf4, 0x11, 0x10,
    0x0, 0x3e, 0x0, 0x0, 0x0, 0xf3, 0x0, 0x0,
    0x0, 0x3e, 0x29, 0x7f, 0xff, 0xff, 0xff, 0xd0,
    0x3, 0x9f, 0xd7, 0x11, 0x0, 0xf4, 0x0, 0x10,
    0x1f, 0x92, 0x0, 0x0, 0x0, 0xf3, 0x0, 0x0,
    0x0, 0x0, 0x4, 0xff, 0xff, 0xff, 0xff, 0xf7,
    0x0, 0x0, 0x0, 0x0, 0x0, 0x0, 0x0, 0x0,

    /* U+751F "生" */
    0x0, 0x0, 0x0, 0xf, 0x70, 0x0, 0x0, 0x0,
    0x5, 0xf3, 0x0, 0xe6, 0x0, 0x0, 0x0, 0x0,
    0x9d, 0x0, 0xe, 0x60, 0x0, 0x0, 0x0, 0xe,
    0x93, 0x33, 0xe8, 0x33, 0x34, 0x10, 0x5, 0xfe,
    0xee, 0xef, 0xee, 0xee, 0xe6, 0x0, 0xda, 0x0,
    0x0, 0xe6, 0x0, 0x0, 0x0, 0x6f, 0x20, 0x0,
    0xe, 0x60, 0x0, 0x0, 0x0, 0x10, 0x43, 0x33,
    0xe8, 0x33, 0x42, 0x0, 0x0, 0xe, 0xee, 0xef,
    0xee, 0xee, 0x70, 0x0, 0x0, 0x0, 0x0, 0xe6,
    0x0, 0x0, 0x0, 0x0, 0x0, 0x0, 0xe, 0x60,
    0x0, 0x0, 0x0, 0x0, 0x0, 0x0, 0xe6, 0x0,
    0x0, 0x0, 0x4, 0x33, 0x33, 0x3e, 0x83, 0x33,
    0x33, 0x20, 0xed, 0xdd, 0xdd, 0xdd, 0xdd, 0xdd,
    0xe6,

    /* U+7528 "用" */
    0x0, 0x5f, 0xff, 0xff, 0xff, 0xff, 0xff, 0x0,
    0x4e, 0x0, 0x5, 0xe0, 0x0, 0x5f, 0x0, 0x4e,
    0x0, 0x5, 0xe0, 0x0, 0x5e, 0x0, 0x4f, 0xee,
    0xee, 0xfe, 0xee, 0xee, 0x0, 0x4e, 0x0, 0x5,
    0xe0, 0x0, 0x5e, 0x0, 0x4e, 0x0, 0x5, 0xe0,
    0x0, 0x5e, 0x0, 0x4e, 0x0, 0x5, 0xe0, 0x0,
    0x5e, 0x0, 0x5f, 0xff, 0xff, 0xff, 0xff, 0xfe,
    0x0, 0x6d, 0x0, 0x5, 0xe0, 0x0, 0x5e, 0x0,
    0x8a, 0x0, 0x5, 0xe0, 0x0, 0x5e, 0x0, 0xd6,
    0x0, 0x5, 0xe0, 0x0, 0x5e, 0x3, 0xf1, 0x0,
    0x5, 0xf0, 0x3, 0x8d, 0xc, 0xa0, 0x0, 0x5,
    0xd0, 0xb, 0xf6, 0x1, 0x10, 0x0, 0x0, 0x0,
    0x1, 0x0,

    /* U+7531 "由" */
    0x0, 0x0, 0x0, 0xd6, 0x0, 0x0, 0x0, 0x0,
    0x0, 0x0, 0xc5, 0x0, 0x0, 0x0, 0x0, 0x0,
    0x0, 0xc5, 0x0, 0x0, 0x0, 0x14, 0x44, 0x44,
    0xd8, 0x44, 0x44, 0x40, 0x3f, 0xbb, 0xbb, 0xfd,
    0xbb, 0xbc, 0xf1, 0x3f, 0x0, 0x0, 0xc5, 0x0,
    0x3, 0xf1, 0x3f, 0x0, 0x0, 0xc5, 0x0, 0x3,
    0xf1, 0x3f, 0x0, 0x0, 0xc5, 0x0, 0x3, 0xf1,
    0x3f, 0xff, 0xff, 0xff, 0xff, 0xff, 0xf1, 0x3f,
    0x0, 0x0, 0xc5, 0x0, 0x3, 0xf1, 0x3f, 0x0,
    0x0, 0xc5, 0x0, 0x3, 0xf1, 0x3f, 0x0, 0x0,
    0xc5, 0x0, 0x3, 0xf1, 0x3f, 0xdd, 0xdd, 0xfe,
    0xdd, 0xdd, 0xf1, 0x3f, 0x22, 0x22, 0x22, 0x22,
    0x24, 0xf1, 0x1, 0x0, 0x0, 0x0, 0x0, 0x0,
    0x0,

    /* U+7535 "电" */
    0x0, 0x0, 0x5, 0xf0, 0x0, 0x0, 0x0, 0x0,
    0x0, 0x0, 0x5f, 0x0, 0x0, 0x0, 0x0, 0x2,
    0x22, 0x26, 0xf2, 0x22, 0x22, 0x0, 0x5, 0xfe,
    0xee, 0xef, 0xee, 0xee, 0xf0, 0x0, 0x5f, 0x10,
    0x5, 0xf0, 0x0, 0x4f, 0x0, 0x5, 0xf1, 0x0,
    0x5f, 0x0, 0x4, 0xf0, 0x0, 0x5f, 0xff, 0xff,
    0xff, 0xff, 0xff, 0x0, 0x5, 0xf1, 0x0, 0x5f,
    0x0, 0x4, 0xf0, 0x0, 0x5f, 0x10, 0x5, 0xf0,
    0x0, 0x4f, 0x0, 0x5, 0xf5, 0x44, 0x8f, 0x44,
    0x47, 0xf0, 0x0, 0x5f, 0xcc, 0xcd, 0xfc, 0xcc,
    0xcc, 0x0, 0x5, 0xf0, 0x0, 0x5f, 0x0, 0x0,
    0x0, 0x0, 0x0, 0x0, 0x5, 0xf0, 0x0, 0x0,
    0x1e, 0x30, 0x0, 0x0, 0x3f, 0x52, 0x22, 0x28,
    0xf1, 0x0, 0x0, 0x0, 0xbe, 0xff, 0xff, 0xe8,
    0x0,

    /* U+75AB "疫" */
    0x0, 0x0, 0x0, 0x0, 0x15, 0x0, 0x0, 0x0,
    0x0, 0x0, 0x0, 0x0, 0x4f, 0x30, 0x0, 0x0,
    0x0, 0x3, 0xaa, 0xaa, 0xbf, 0xca, 0xaa, 0xa6,
    0x1, 0x4, 0xe4, 0x44, 0x44, 0x44, 0x44, 0x52,
    0xe, 0x44, 0xc0, 0x6, 0xcc, 0xcc, 0xb0, 0x0,
    0x7, 0xf7, 0xc0, 0x8, 0xc2, 0x25, 0xe0, 0x0,
    0x0, 0x95, 0xc0, 0x9, 0xa0, 0x4, 0xe0, 0x0,
    0x0, 0x4, 0xc0, 0x1e, 0x60, 0x3, 0xf5, 0x50,
    0x0, 0x5c, 0xb1, 0xda, 0x0, 0x0, 0x7a, 0x70,
    0xd, 0xeb, 0xb0, 0x64, 0x44, 0x44, 0x44, 0x0,
    0x7, 0x17, 0x90, 0xad, 0xda, 0xaa, 0xeb, 0x0,
    0x0, 0xa, 0x60, 0x3, 0xf1, 0x3, 0xf2, 0x0,
    0x0, 0xf, 0x30, 0x0, 0xab, 0x4e, 0x70, 0x0,
    0x0, 0x7e, 0x0, 0x0, 0x2f, 0xfb, 0x0, 0x0,
    0x2, 0xf7, 0x17, 0x9c, 0xfa, 0x7e, 0xe9, 0x83,
    0x2, 0x90, 0x9, 0x96, 0x10, 0x0, 0x5a, 0xd1,

    /* U+75C5 "病" */
    0x0, 0x0, 0x0, 0x0, 0x0, 0x0, 0x0, 0x0,
    0x0, 0x0, 0x0, 0x0, 0xc8, 0x0, 0x0, 0x0,
    0x0, 0x3, 0x33, 0x33, 0xcc, 0x33, 0x33, 0x30,
    0x0, 0xf, 0xed, 0xdd, 0xdd, 0xdd, 0xdd, 0xb0,
    0x49, 0xf, 0x30, 0x0, 0x0, 0x0, 0x0, 0x0,
    0xd, 0x8f, 0xae, 0xdd, 0xdd, 0xdd, 0xdd, 0xe0,
    0x2, 0x1f, 0x53, 0x22, 0x2f, 0x72, 0x22, 0x30,
    0x0, 0xf, 0x30, 0x0, 0xf, 0x50, 0x0, 0x0,
    0x3, 0xaf, 0x3f, 0xff, 0xff, 0xff, 0xff, 0xd0,
    0x4f, 0x8f, 0x3f, 0x41, 0x4f, 0x61, 0x16, 0xd0,
    0x3, 0xf, 0x1f, 0x30, 0x8e, 0xf5, 0x5, 0xd0,
    0x0, 0x3f, 0xf, 0x32, 0xf6, 0x5f, 0x75, 0xd0,
    0x0, 0x8b, 0xf, 0x5e, 0xc0, 0x8, 0x75, 0xd0,
    0x0, 0xe6, 0xf, 0x36, 0x10, 0x0, 0x3a, 0xc0,
    0x6, 0xe0, 0xf, 0x30, 0x0, 0x0, 0xaf, 0x60,
    0x0, 0x20, 0x0, 0x0, 0x0, 0x0, 0x11, 0x0,

    /* U+75CA "痊" */
    0x0, 0x0, 0x0, 0x1, 0xd2, 0x0, 0x0, 0x0,
    0x0, 0x1, 0x11, 0x11, 0xf6, 0x11, 0x11, 0x20,
    0x0, 0xf, 0xee, 0xee, 0xee, 0xee, 0xee, 0xc0,
    0x36, 0xf, 0x40, 0x0, 0x3d, 0x40, 0x0, 0x0,
    0x3f, 0x4e, 0x40, 0x2, 0xeb, 0xe5, 0x0, 0x0,
    0x6, 0x6e, 0x30, 0x5e, 0x90, 0x2d, 0xc4, 0x0,
    0x0, 0xe, 0x7c, 0xf5, 0x0, 0x0, 0x7e, 0xa0,
    0x0, 0x5f, 0x47, 0xaf, 0xff, 0xff, 0xe0, 0x10,
    0x4f, 0xdf, 0x20, 0x0, 0xe, 0x40, 0x0, 0x0,
    0x6, 0x2f, 0x0, 0x21, 0x1e, 0x51, 0x21, 0x0,
    0x0, 0x6d, 0x0, 0xde, 0xef, 0xee, 0xe8, 0x0,
    0x0, 0xb9, 0x0, 0x0, 0xe, 0x40, 0x0, 0x0,
    0x3, 0xf3, 0x1, 0x0, 0xe, 0x40, 0x1, 0x10,
    0x1e, 0xb0, 0x6e, 0xee, 0xee, 0xee, 0xee, 0xe0,
    0x6, 0x20, 0x0, 0x0, 0x0, 0x0, 0x0, 0x0,

    /* U+767E "百" */
    0x0, 0x0, 0x0, 0x0, 0x0, 0x0, 0x0, 0xff,
    0xff, 0xff, 0xff, 0xff, 0xff, 0xfe, 0x0, 0x0,
    0x0, 0xf4, 0x0, 0x0, 0x0, 0x0, 0x0, 0x4,
    0xe0, 0x0, 0x0, 0x0, 0x2, 0xdd, 0xde, 0xfd,
    0xdd, 0xdd, 0x30, 0x2, 0xf3, 0x22, 0x22, 0x22,
    0x2f, 0x30, 0x2, 0xf1, 0x0, 0x0, 0x0, 0xf,
    0x30, 0x2, 0xf1, 0x0, 0x0, 0x0, 0xf, 0x30,
    0x2, 0xff, 0xff, 0xff, 0xff, 0xff, 0x30, 0x2,
    0xf2, 0x11, 0x11, 0x11, 0x1f, 0x30, 0x2, 0xf1,
    0x0, 0x0, 0x0, 0xf, 0x30, 0x2, 0xf1, 0x0,
    0x0, 0x0, 0xf, 0x30, 0x2, 0xff, 0xff, 0xff,
    0xff, 0xff, 0x30, 0x2, 0xf1, 0x11, 0x11, 0x11,
    0x1f, 0x30, 0x2, 0xf1, 0x0, 0x0, 0x0, 0x0,
    0x0,

    /* U+7684 "的" */
    0x0, 0x0, 0x0, 0x0, 0x0, 0x0, 0x0, 0x0,
    0x1c, 0x20, 0x0, 0x2c, 0x30, 0x0, 0x0, 0x4f,
    0x0, 0x0, 0x6f, 0x0, 0x0, 0x0, 0x6a, 0x0,
    0x0, 0xca, 0x33, 0x33, 0x4f, 0xff, 0xff, 0x42,
    0xfe, 0xee, 0xff, 0x4e, 0x11, 0x1e, 0x4a, 0xc0,
    0x0, 0x3f, 0x4e, 0x0, 0xe, 0x8f, 0x30, 0x0,
    0x3e, 0x4e, 0x0, 0xe, 0x55, 0x46, 0x0, 0x4e,
    0x4f, 0xee, 0xef, 0x40, 0x6f, 0x10, 0x4d, 0x4e,
    0x22, 0x2e, 0x40, 0xe, 0x70, 0x4d, 0x4e, 0x0,
    0xe, 0x40, 0x8, 0xd0, 0x5c, 0x4e, 0x0, 0xe,
    0x40, 0x1, 0x10, 0x6b, 0x4e, 0x11, 0x1e, 0x40,
    0x0, 0x0, 0x7a, 0x4f, 0xff, 0xff, 0x40, 0x0,
    0x0, 0xa8, 0x5e, 0x0, 0xd, 0x40, 0x4, 0xce,
    0xd2, 0x0, 0x0, 0x0, 0x0, 0x0, 0x63, 0x0,

    /* U+76F8 "相" */
    0x0, 0x5, 0xf0, 0x0, 0x0, 0x0, 0x0, 0x0,
    0x0, 0x5e, 0x0, 0x4f, 0xff, 0xff, 0xff, 0x0,
    0x5, 0xe0, 0x3, 0xf1, 0x11, 0x14, 0xf0, 0x67,
    0x9f, 0x67, 0x5f, 0x0, 0x0, 0x4e, 0x9, 0xbe,
    0xfb, 0xb6, 0xf0, 0x0, 0x4, 0xe0, 0x0, 0xce,
    0x0, 0x3f, 0xff, 0xff, 0xfe, 0x0, 0x1f, 0xe7,
    0x13, 0xf0, 0x0, 0x4, 0xe0, 0x8, 0xfe, 0xac,
    0x4f, 0x0, 0x0, 0x4e, 0x0, 0xe9, 0xe0, 0xb6,
    0xff, 0xff, 0xff, 0xe0, 0x9c, 0x5e, 0x0, 0x3f,
    0x11, 0x11, 0x5e, 0xa, 0x35, 0xe0, 0x3, 0xf0,
    0x0, 0x4, 0xe0, 0x0, 0x5e, 0x0, 0x3f, 0x0,
    0x0, 0x4e, 0x0, 0x5, 0xe0, 0x3, 0xff, 0xff,
    0xff, 0xf0, 0x0, 0x5f, 0x0, 0x4f, 0x11, 0x11,
    0x5f, 0x0, 0x0, 0x10, 0x0, 0x10, 0x0, 0x0,
    0x0,

    /* U+770B "看" */
    0x0, 0x0, 0x0, 0x0, 0x12, 0x46, 0x88, 0x0,
    0x1, 0xdd, 0xee, 0xff, 0xed, 0xcb, 0xa9, 0x10,
    0x0, 0x34, 0x32, 0x6e, 0x0, 0x0, 0x10, 0x0,
    0x0, 0x4e, 0xee, 0xff, 0xee, 0xee, 0xe9, 0x0,
    0x0, 0x0, 0x0, 0xe4, 0x0, 0x0, 0x0, 0x10,
    0x2f, 0xff, 0xff, 0xff, 0xff, 0xff, 0xff, 0xf4,
    0x0, 0x0, 0x1e, 0x60, 0x0, 0x0, 0x0, 0x0,
    0x0, 0x1, 0xdf, 0xff, 0xff, 0xff, 0xf7, 0x0,
    0x0, 0x2d, 0xfa, 0x0, 0x0, 0x0, 0xc7, 0x0,
    0x7, 0xfa, 0x9f, 0xff, 0xff, 0xff, 0xf7, 0x0,
    0x1d, 0x70, 0x9a, 0x0, 0x0, 0x0, 0xc7, 0x0,
    0x0, 0x0, 0x9f, 0xee, 0xee, 0xee, 0xf7, 0x0,
    0x0, 0x0, 0x9a, 0x0, 0x0, 0x0, 0xc7, 0x0,
    0x0, 0x0, 0x9f, 0xff, 0xff, 0xff, 0xf7, 0x0,
    0x0, 0x0, 0x9a, 0x0, 0x0, 0x0, 0xc7, 0x0,

    /* U+771F "真" */
    0x0, 0x0, 0x0, 0x0, 0x0, 0x0, 0x0, 0x0,
    0x0, 0x0, 0x0, 0xa, 0xb0, 0x0, 0x0, 0x0,
    0x5, 0xdc, 0xcc, 0xce, 0xec, 0xcc, 0xcd, 0x40,
    0x0, 0x11, 0x11, 0x1e, 0x61, 0x11, 0x11, 0x0,
    0x0, 0x5, 0xdd, 0xdf, 0xed, 0xdd, 0x80, 0x0,
    0x0, 0x5, 0xe1, 0x11, 0x11, 0x1b, 0x90, 0x0,
    0x0, 0x5, 0xff, 0xff, 0xff, 0xff, 0x90, 0x0,
    0x0, 0x5, 0xe2, 0x22, 0x22, 0x2b, 0x90, 0x0,
    0x0, 0x5, 0xff, 0xff, 0xff, 0xff, 0x90, 0x0,
    0x0, 0x5, 0xf6, 0x66, 0x66, 0x6c, 0x90, 0x0,
    0x0, 0x5, 0xf6, 0x66, 0x66, 0x6c, 0x90, 0x0,
    0xf, 0xee, 0xfe, 0xee, 0xee, 0xef, 0xfe, 0xe2,
    0x3, 0x22, 0x27, 0x42, 0x22, 0x84, 0x22, 0x30,
    0x0, 0x4, 0xcf, 0x70, 0x2, 0xaf, 0xc5, 0x0,
    0x2, 0xec, 0x60, 0x0, 0x0, 0x1, 0x9f, 0x30,
    0x0, 0x10, 0x0, 0x0, 0x0, 0x0, 0x1, 0x0,

    /* U+7720 "眠" */
    0x1f, 0xff, 0xf4, 0x6f, 0xff, 0xff, 0xff, 0x0,
    0xf, 0x10, 0xe3, 0x5d, 0x0, 0x0, 0x2f, 0x0,
    0xf, 0x10, 0xe2, 0x5d, 0x0, 0x0, 0x2f, 0x0,
    0xf, 0xbb, 0xf2, 0x5f, 0xdd, 0xfd, 0xdd, 0x0,
    0xf, 0x32, 0xe2, 0x5d, 0x0, 0xf2, 0x0, 0x0,
    0xf, 0x10, 0xe2, 0x5d, 0x0, 0xd4, 0x0, 0x0,
    0xf, 0xcc, 0xf2, 0x5f, 0xcc, 0xfd, 0xcc, 0xb0,
    0xf, 0x43, 0xe2, 0x5e, 0x33, 0xb9, 0x33, 0x40,
    0xf, 0x10, 0xe2, 0x5d, 0x0, 0x6b, 0x0, 0x0,
    0xf, 0x21, 0xe2, 0x5d, 0x0, 0x2f, 0x10, 0x0,
    0xf, 0xff, 0xf3, 0x5d, 0xa, 0x1c, 0x70, 0x10,
    0x1f, 0x10, 0xc4, 0x6e, 0xcd, 0x14, 0xf3, 0xe4,
    0x6, 0x0, 0x0, 0xdf, 0x90, 0x0, 0x9f, 0xf2,
    0x0, 0x0, 0x0, 0x46, 0x0, 0x0, 0x6, 0x40,

    /* U+773C "眼" */
    0xdf, 0xff, 0xc0, 0xff, 0xff, 0xff, 0x30, 0xe4,
    0x5, 0xd0, 0xf1, 0x0, 0xe, 0x30, 0xd5, 0x5,
    0xd0, 0xfc, 0xbb, 0xbf, 0x30, 0xdf, 0xff, 0xd0,
    0xf5, 0x44, 0x4f, 0x30, 0xd4, 0x5, 0xd0, 0xf1,
    0x0, 0xe, 0x30, 0xd4, 0x5, 0xd0, 0xff, 0xff,
    0xff, 0x30, 0xdf, 0xff, 0xd0, 0xf2, 0x98, 0x11,
    0x40, 0xd4, 0x5, 0xd0, 0xf1, 0x5c, 0x5, 0xf4,
    0xd4, 0x5, 0xd0, 0xf1, 0x1f, 0xae, 0x30, 0xdf,
    0xff, 0xd0, 0xf1, 0x9, 0xf2, 0x0, 0xd4, 0x4,
    0xc0, 0xf3, 0x61, 0xf9, 0x0, 0xb3, 0x0, 0x0,
    0xfe, 0xb0, 0x5f, 0xa0, 0x0, 0x0, 0x3, 0xf9,
    0x0, 0x4, 0xe7, 0x0, 0x0, 0x0, 0x50, 0x0,
    0x0, 0x10,

    /* U+7740 "着" */
    0x0, 0x0, 0x0, 0x0, 0x0, 0x0, 0x0, 0x0,
    0x0, 0x0, 0xd, 0x30, 0x2, 0xf4, 0x0, 0x0,
    0x0, 0x0, 0x8, 0x80, 0x6, 0xc0, 0x0, 0x0,
    0x8, 0xee, 0xee, 0xef, 0xee, 0xee, 0xee, 0x60,
    0x0, 0x0, 0x0, 0x4f, 0x0, 0x0, 0x0, 0x0,
    0x0, 0xbe, 0xee, 0xff, 0xee, 0xee, 0xe9, 0x0,
    0x1, 0x0, 0x1, 0xe6, 0x0, 0x0, 0x1, 0x10,
    0x1e, 0xee, 0xef, 0xfe, 0xee, 0xee, 0xee, 0xe3,
    0x0, 0x0, 0x3f, 0x72, 0x22, 0x22, 0x20, 0x0,
    0x0, 0x3, 0xfc, 0xbb, 0xbb, 0xbb, 0xf4, 0x0,
    0x0, 0x8f, 0xf9, 0x66, 0x66, 0x66, 0xf4, 0x0,
    0x1e, 0xd2, 0xf9, 0x66, 0x66, 0x66, 0xf4, 0x0,
    0x3, 0x0, 0xff, 0xff, 0xff, 0xff, 0xf4, 0x0,
    0x0, 0x0, 0xf5, 0x0, 0x0, 0x0, 0xf4, 0x0,
    0x0, 0x0, 0xfe, 0xee, 0xee, 0xee, 0xf4, 0x0,
    0x0, 0x0, 0xf5, 0x0, 0x0, 0x0, 0xf4, 0x0,
    0x0, 0x0, 0x10, 0x0, 0x0, 0x0, 0x0, 0x0,

    /* U+775B "睛" */
    0x0, 0x0, 0x0, 0x0, 0x4, 0xf1, 0x0, 0x0,
    0xd, 0xdd, 0xd3, 0x9e, 0xee, 0xfe, 0xee, 0xc0,
    0xf, 0x31, 0xe3, 0x11, 0x3, 0xf0, 0x1, 0x10,
    0xf, 0x20, 0xe3, 0x1d, 0xcd, 0xfc, 0xcd, 0x10,
    0xf, 0xba, 0xf3, 0x3, 0x25, 0xf2, 0x23, 0x0,
    0xf, 0x54, 0xf3, 0xed, 0xdd, 0xfd, 0xdd, 0xd5,
    0xf, 0x20, 0xe3, 0x32, 0x11, 0x11, 0x11, 0x20,
    0xf, 0x20, 0xe3, 0x9, 0x99, 0x99, 0x99, 0x0,
    0xf, 0xff, 0xf3, 0xf, 0x87, 0x77, 0x9f, 0x0,
    0xf, 0x20, 0xe3, 0xf, 0xba, 0xaa, 0xbf, 0x0,
    0xf, 0x42, 0xe3, 0xf, 0x52, 0x22, 0x6f, 0x0,
    0xf, 0xcc, 0xf3, 0xf, 0xee, 0xee, 0xef, 0x0,
    0xf, 0x20, 0xb3, 0xf, 0x30, 0x0, 0x5f, 0x0,
    0x8, 0x10, 0x0, 0xf, 0x30, 0x5, 0xfe, 0x0,
    0x0, 0x0, 0x0, 0xf, 0x30, 0x2, 0xf8, 0x0,
    0x0, 0x0, 0x0, 0x0, 0x0, 0x0, 0x0, 0x0,

    /* U+7761 "睡" */
    0x0, 0x0, 0x2, 0x23, 0x45, 0x69, 0xb0, 0xdd,
    0xdd, 0x18, 0xdc, 0xcf, 0x87, 0x62, 0xf5, 0x2f,
    0x10, 0x0, 0x3e, 0x0, 0x0, 0xf4, 0x1f, 0x38,
    0x77, 0x9f, 0x77, 0x86, 0xf7, 0x5f, 0x3a, 0xfb,
    0xbf, 0xaf, 0xc8, 0xfc, 0xbf, 0x10, 0xf3, 0x3e,
    0xd, 0x40, 0xf4, 0x1f, 0x10, 0xf3, 0x3e, 0xd,
    0x40, 0xf4, 0x1f, 0x8e, 0xfe, 0xef, 0xef, 0xfd,
    0xfe, 0xef, 0x21, 0xf4, 0x4e, 0x1d, 0x52, 0xf4,
    0x1f, 0x10, 0xf3, 0x3e, 0xd, 0x40, 0xf4, 0x1f,
    0x5a, 0xfb, 0xbf, 0xaf, 0xb8, 0xff, 0xff, 0x35,
    0x55, 0x7f, 0x55, 0x54, 0xf4, 0xe, 0x10, 0x0,
    0x3e, 0x0, 0x0, 0x71, 0x0, 0xb, 0xff, 0xff,
    0xff, 0xf8,

    /* U+7801 "码" */
    0x0, 0x0, 0x0, 0x0, 0x10, 0x0, 0x0, 0x0,
    0x1f, 0xff, 0xff, 0xd9, 0xff, 0xff, 0xfb, 0x0,
    0x0, 0xe, 0x40, 0x0, 0x33, 0x0, 0x89, 0x0,
    0x0, 0x1f, 0x0, 0x0, 0xa9, 0x0, 0xa7, 0x0,
    0x0, 0x6c, 0x0, 0x0, 0xb6, 0x0, 0xd5, 0x0,
    0x0, 0xbd, 0xaa, 0x50, 0xd4, 0x0, 0xf3, 0x0,
    0x2, 0xfb, 0x6b, 0x80, 0xf3, 0x1, 0xf1, 0x0,
    0x9, 0xf8, 0x9, 0x71, 0xff, 0xff, 0xff, 0xf0,
    0x3f, 0xb8, 0x9, 0x70, 0x0, 0x0, 0x5, 0xd0,
    0x17, 0x98, 0x9, 0x72, 0x22, 0x22, 0x37, 0xc0,
    0x0, 0x9a, 0x4b, 0x7d, 0xee, 0xee, 0xfc, 0xa0,
    0x0, 0x9d, 0xbe, 0x80, 0x0, 0x0, 0x9, 0x80,
    0x0, 0x98, 0x5, 0x50, 0x0, 0x0, 0xd, 0x50,
    0x0, 0x22, 0x0, 0x0, 0x0, 0xd, 0xfe, 0x0,
    0x0, 0x0, 0x0, 0x0, 0x0, 0x5, 0x51, 0x0,

    /* U+7834 "破" */
    0x0, 0x0, 0x0, 0x0, 0x0, 0x3f, 0x0, 0x0,
    0x4, 0x44, 0x44, 0x40, 0x0, 0x2e, 0x0, 0x0,
    0x8, 0x9d, 0xd9, 0xa1, 0xee, 0xef, 0xee, 0xd0,
    0x0, 0xc, 0x60, 0x0, 0xf3, 0x3e, 0x16, 0xc0,
    0x0, 0x1f, 0x10, 0x0, 0xf1, 0x2e, 0x6, 0x70,
    0x0, 0x7d, 0x55, 0x20, 0xf1, 0x2e, 0x0, 0x0,
    0x1, 0xed, 0x9e, 0x61, 0xff, 0xff, 0xff, 0x60,
    0xa, 0xfa, 0xb, 0x62, 0xf9, 0x90, 0xe, 0x40,
    0x3e, 0x8a, 0xb, 0x63, 0xf5, 0xc0, 0x2f, 0x10,
    0x1, 0x7a, 0xb, 0x65, 0xe1, 0xf1, 0x6c, 0x0,
    0x0, 0x7a, 0x1b, 0x67, 0xb0, 0xb8, 0xd6, 0x0,
    0x0, 0x7f, 0xef, 0x6c, 0x70, 0x3f, 0xd0, 0x0,
    0x0, 0x7a, 0x7, 0x8f, 0x20, 0x9d, 0xe5, 0x0,
    0x0, 0x45, 0x0, 0xda, 0x5d, 0xb0, 0x4e, 0xc3,
    0x0, 0x0, 0x0, 0x11, 0x17, 0x0, 0x1, 0x70,

    /* U+793A "示" */
    0x0, 0x0, 0x0, 0x0, 0x0, 0x0, 0x0, 0x0,
    0xff, 0xff, 0xff, 0xff, 0xff, 0x10, 0x0, 0x21,
    0x11, 0x11, 0x11, 0x12, 0x0, 0x0, 0x0, 0x0,
    0x0, 0x0, 0x0, 0x0, 0x0, 0x0, 0x0, 0x0,
    0x0, 0x0, 0x0, 0xad, 0xdd, 0xdd, 0xdd, 0xdd,
    0xdd, 0xdd, 0x33, 0x33, 0x33, 0x8c, 0x33, 0x33,
    0x34, 0x0, 0x3, 0x0, 0x7c, 0x0, 0x10, 0x0,
    0x0, 0x2f, 0x50, 0x7c, 0x6, 0xd1, 0x0, 0x0,
    0xbc, 0x0, 0x7c, 0x0, 0xcb, 0x0, 0x5, 0xf2,
    0x0, 0x7c, 0x0, 0x1e, 0x90, 0x2f, 0x70, 0x0,
    0x7c, 0x0, 0x4, 0xf5, 0x5c, 0x0, 0x0, 0x8b,
    0x0, 0x0, 0x74, 0x0, 0x0, 0x4f, 0xf8, 0x0,
    0x0, 0x0, 0x0, 0x0, 0x6, 0x20, 0x0, 0x0,
    0x0,

    /* U+793C "礼" */
    0x0, 0x0, 0x10, 0x0, 0x0, 0x0, 0x0, 0x0,
    0x0, 0x6, 0xe0, 0x0, 0x6, 0xf0, 0x0, 0x0,
    0x0, 0x1, 0xf6, 0x0, 0x5, 0xf0, 0x0, 0x0,
    0x2, 0x22, 0x62, 0x21, 0x5, 0xe0, 0x0, 0x0,
    0xc, 0xff, 0xff, 0xf8, 0x5, 0xe0, 0x0, 0x0,
    0x0, 0x0, 0x8, 0xe0, 0x5, 0xe0, 0x0, 0x0,
    0x0, 0x0, 0x3f, 0x50, 0x5, 0xe0, 0x0, 0x0,
    0x0, 0x2, 0xea, 0x0, 0x5, 0xe0, 0x0, 0x0,
    0x0, 0x3e, 0xf6, 0xe6, 0x5, 0xe0, 0x0, 0x0,
    0x7, 0xf9, 0xe5, 0x8f, 0x25, 0xe0, 0x0, 0x0,
    0x2e, 0x70, 0xe5, 0x9, 0x15, 0xe0, 0x0, 0x0,
    0x1, 0x0, 0xe5, 0x0, 0x5, 0xe0, 0x0, 0x0,
    0x0, 0x0, 0xe5, 0x0, 0x5, 0xe0, 0x1, 0xe3,
    0x0, 0x0, 0xe5, 0x0, 0x5, 0xf3, 0x17, 0xf2,
    0x0, 0x0, 0xf5, 0x0, 0x1, 0xef, 0xff, 0x90,
    0x0, 0x0, 0xf5, 0x0, 0x0, 0x0, 0x0, 0x0,

    /* U+795E "神" */
    0x0, 0xc, 0x20, 0x0, 0x0, 0xe4, 0x0, 0x0,
    0x0, 0x9d, 0x0, 0x0, 0xd, 0x40, 0x0, 0x0,
    0x1, 0x30, 0x1b, 0xbb, 0xfc, 0xbb, 0xa1, 0xff,
    0xff, 0xc2, 0xf3, 0x3e, 0x73, 0x7e, 0x1, 0x1,
    0xe6, 0x1f, 0x0, 0xd4, 0x5, 0xd0, 0x0, 0x6e,
    0x1, 0xf1, 0x1d, 0x51, 0x6d, 0x0, 0x2f, 0x70,
    0x1f, 0xff, 0xff, 0xff, 0xd0, 0x1d, 0xfc, 0x61,
    0xf0, 0xd, 0x40, 0x5d, 0x2d, 0xbe, 0x7f, 0x3f,
    0x0, 0xd4, 0x5, 0xd1, 0x80, 0xd4, 0x22, 0xff,
    0xff, 0xff, 0xfe, 0x0, 0xd, 0x40, 0x2f, 0x11,
    0xe5, 0x16, 0xe0, 0x0, 0xd4, 0x1, 0xa0, 0xd,
    0x40, 0x14, 0x0, 0xd, 0x40, 0x0, 0x0, 0xd4,
    0x0, 0x0, 0x0, 0xd4, 0x0, 0x0, 0xe, 0x40,
    0x0, 0x0, 0xc, 0x40, 0x0, 0x0, 0xe5, 0x0,
    0x0,

    /* U+79BB "离" */
    0x0, 0x0, 0x0, 0x32, 0x0, 0x0, 0x0, 0x0,
    0x0, 0x0, 0xc9, 0x0, 0x0, 0x0, 0xad, 0xdd,
    0xdd, 0xef, 0xdd, 0xdd, 0xdd, 0x11, 0x0, 0x63,
    0x0, 0x4b, 0x30, 0x11, 0x4, 0x91, 0x8c, 0xda,
    0xe6, 0x13, 0x80, 0x5, 0xc0, 0x49, 0xda, 0xfa,
    0x35, 0xc0, 0x5, 0xc1, 0xb6, 0x0, 0x18, 0x75,
    0xc0, 0x5, 0xfd, 0xdd, 0xdd, 0xdd, 0xde, 0xd0,
    0x0, 0x11, 0x11, 0xc4, 0x11, 0x11, 0x10, 0x1,
    0x11, 0x14, 0xf4, 0x11, 0x11, 0x10, 0x4f, 0xdd,
    0xdf, 0xed, 0xdd, 0xdd, 0xe9, 0x4d, 0x0, 0x5e,
    0x10, 0x19, 0x0, 0x89, 0x4d, 0x6, 0xf4, 0x13,
    0x5f, 0x90, 0x89, 0x4d, 0x9, 0xff, 0xdb, 0x98,
    0xf1, 0x89, 0x4d, 0x2, 0x30, 0x0, 0x0, 0x25,
    0xb9, 0x5d, 0x0, 0x0, 0x0, 0x0, 0xf, 0xe5,
    0x0, 0x0, 0x0, 0x0, 0x0, 0x0, 0x0,

    /* U+79D8 "秘" */
    0x0, 0x0, 0x4, 0x0, 0x0, 0x0, 0x32, 0x0,
    0x4, 0x69, 0xef, 0x40, 0x4b, 0x20, 0xc9, 0x0,
    0xb, 0xaf, 0x71, 0x0, 0x1b, 0xe2, 0xe5, 0x0,
    0x0, 0xd, 0x50, 0x0, 0x0, 0x50, 0xf2, 0x0,
    0x0, 0xd, 0x50, 0x0, 0x28, 0x3, 0xf0, 0x0,
    0x3f, 0xef, 0xfe, 0x60, 0x3e, 0x6, 0xc0, 0x0,
    0x2, 0x3f, 0x61, 0x3e, 0x4e, 0x9, 0x9d, 0x30,
    0x0, 0x6f, 0x94, 0x5d, 0x3e, 0xe, 0x4b, 0x80,
    0x0, 0xbf, 0xbe, 0x89, 0x3e, 0x4e, 0x6, 0xe0,
    0x2, 0xfe, 0x57, 0xb6, 0x3e, 0xc8, 0x1, 0xf3,
    0xb, 0x9d, 0x50, 0xc2, 0x3f, 0xe1, 0x0, 0x10,
    0x5f, 0x1d, 0x50, 0x0, 0x6f, 0x40, 0x1, 0x0,
    0x4, 0xd, 0x50, 0x19, 0xfe, 0x0, 0xe, 0x50,
    0x0, 0xd, 0x54, 0xfd, 0x6f, 0x32, 0x5f, 0x30,
    0x0, 0xe, 0x50, 0x50, 0xc, 0xff, 0xea, 0x0,
    0x0, 0xe, 0x60, 0x0, 0x0, 0x0, 0x0, 0x0,

    /* U+79F0 "称" */
    0x0, 0x0, 0x1, 0x20, 0xc, 0x50, 0x0, 0x0,
    0x2, 0x47, 0xaf, 0xd0, 0x2f, 0x40, 0x0, 0x0,
    0x7, 0xcb, 0xf3, 0x0, 0x7e, 0x22, 0x22, 0x20,
    0x0, 0x3, 0xe0, 0x0, 0xcf, 0xee, 0xef, 0xf1,
    0x1, 0x14, 0xe0, 0x12, 0xf2, 0x0, 0x8, 0xb0,
    0xd, 0xff, 0xff, 0xeb, 0xc0, 0x4d, 0xc, 0x70,
    0x0, 0xf, 0xe0, 0x12, 0x30, 0x4e, 0x0, 0x0,
    0x0, 0x4f, 0xe6, 0x0, 0x30, 0x4e, 0x0, 0x0,
    0x0, 0xab, 0xed, 0x71, 0xf5, 0x4e, 0x2e, 0x20,
    0x1, 0xf5, 0xe4, 0x86, 0xe0, 0x4e, 0xc, 0xa0,
    0x9, 0xa3, 0xe0, 0xc, 0x90, 0x4e, 0x4, 0xf2,
    0xe, 0x23, 0xe0, 0x3f, 0x30, 0x4e, 0x0, 0xda,
    0x1, 0x3, 0xe0, 0x6b, 0x0, 0x4e, 0x0, 0x42,
    0x0, 0x3, 0xe0, 0x0, 0x5, 0x9d, 0x0, 0x0,
    0x0, 0x4, 0xf0, 0x0, 0xc, 0xe6, 0x0, 0x0,
    0x0, 0x0, 0x0, 0x0, 0x0, 0x0, 0x0, 0x0,

    /* U+79FB "移" */
    0x0, 0x0, 0x0, 0x0, 0x1, 0x0, 0x0, 0x0,
    0x0, 0x25, 0x8c, 0xb0, 0xb, 0xe0, 0x0, 0x0,
    0xc, 0xff, 0xfb, 0x70, 0x2f, 0x70, 0x0, 0x0,
    0x4, 0x65, 0xf0, 0x0, 0xbf, 0xee, 0xef, 0x50,
    0x0, 0x2, 0xf0, 0x9, 0xf5, 0x20, 0x7d, 0x0,
    0x1d, 0xcc, 0xfc, 0xd4, 0x36, 0xe8, 0xf3, 0x0,
    0x2, 0x18, 0xf1, 0x20, 0x1, 0xce, 0x40, 0x0,
    0x0, 0xc, 0xf1, 0x5, 0x9f, 0xea, 0x10, 0x0,
    0x0, 0x4f, 0xfc, 0x6c, 0xe7, 0xbd, 0x0, 0x0,
    0x0, 0xcc, 0xf7, 0xf4, 0x6, 0xff, 0xff, 0xf1,
    0x7, 0xf4, 0xf0, 0x61, 0x8f, 0x50, 0x8, 0xa0,
    0x1e, 0x72, 0xf0, 0x4, 0xd3, 0xa6, 0x2f, 0x20,
    0x2, 0x2, 0xf0, 0x0, 0x0, 0x2e, 0xe6, 0x0,
    0x0, 0x2, 0xf0, 0x0, 0x14, 0x9f, 0x60, 0x0,
    0x0, 0x2, 0xf0, 0x2e, 0xfe, 0x81, 0x0, 0x0,
    0x0, 0x0, 0x0, 0x4, 0x20, 0x0, 0x0, 0x0,

    /* U+7A0B "程" */
    0x0, 0x0, 0x39, 0x20, 0x0, 0x0, 0x0, 0x0,
    0x7, 0xdf, 0xfb, 0x73, 0xff, 0xff, 0xff, 0xf0,
    0x2, 0x46, 0xd0, 0x2, 0xf1, 0x11, 0x16, 0xf0,
    0x0, 0x4, 0xd0, 0x2, 0xf0, 0x0, 0x6, 0xe0,
    0x4, 0x58, 0xe5, 0x53, 0xfb, 0xbb, 0xbc, 0xf0,
    0x8, 0xbd, 0xfb, 0xa1, 0x66, 0x66, 0x66, 0x60,
    0x0, 0xb, 0xd0, 0x1, 0x21, 0x11, 0x11, 0x20,
    0x0, 0x2f, 0xd7, 0x45, 0xee, 0xef, 0xee, 0xe3,
    0x0, 0xbd, 0xd7, 0xe0, 0x0, 0x4e, 0x0, 0x0,
    0x8, 0xe5, 0xd0, 0xa3, 0x44, 0x7f, 0x44, 0x40,
    0xe, 0x54, 0xd0, 0x2, 0xed, 0xdf, 0xdd, 0xb0,
    0x2, 0x4, 0xd0, 0x0, 0x0, 0x4e, 0x0, 0x0,
    0x0, 0x4, 0xd0, 0x2, 0x22, 0x5e, 0x22, 0x22,
    0x0, 0x4, 0xd0, 0x2f, 0xff, 0xff, 0xff, 0xfc,
    0x0, 0x5, 0xe0, 0x0, 0x0, 0x0, 0x0, 0x0,

    /* U+7A7A "空" */
    0x0, 0x0, 0x0, 0x1, 0x0, 0x0, 0x0, 0x0,
    0x0, 0x0, 0xa, 0xd0, 0x0, 0x0, 0x0, 0x0,
    0x0, 0x0, 0x4e, 0x20, 0x0, 0x0, 0x6, 0xff,
    0xff, 0xff, 0xff, 0xff, 0xff, 0x70, 0x6e, 0x22,
    0x32, 0x22, 0x22, 0x22, 0xe7, 0x6, 0xe0, 0x3e,
    0x60, 0x2, 0xa3, 0xc, 0x60, 0x0, 0x6f, 0xc2,
    0x0, 0x2b, 0xfb, 0x30, 0x4, 0xcf, 0x60, 0x0,
    0x0, 0x4, 0xdf, 0x80, 0x2a, 0x20, 0x0, 0x0,
    0x0, 0x0, 0x71, 0x0, 0xf, 0xff, 0xff, 0xff,
    0xff, 0xf4, 0x0, 0x0, 0x32, 0x11, 0x8e, 0x11,
    0x22, 0x10, 0x0, 0x0, 0x0, 0x7, 0xe0, 0x0,
    0x0, 0x0, 0x0, 0x0, 0x0, 0x7e, 0x0, 0x0,
    0x0, 0x2, 0x11, 0x11, 0x17, 0xe1, 0x11, 0x11,
    0x11, 0xef, 0xff, 0xff, 0xff, 0xff, 0xff, 0xff,
    0xa1, 0x0, 0x0, 0x0, 0x0, 0x0, 0x0, 0x1,

    /* U+7A97 "窗" */
    0x0, 0x0, 0x0, 0x0, 0x0, 0x0, 0x0, 0x0,
    0x0, 0x3, 0xd0, 0x0, 0x0, 0x0, 0x33, 0x33,
    0x34, 0xf6, 0x33, 0x33, 0x31, 0xfd, 0xcc, 0xcc,
    0xcc, 0xcc, 0xcc, 0xe7, 0xe5, 0x5, 0xc0, 0x0,
    0xca, 0x40, 0xa7, 0x8a, 0xdc, 0x66, 0x70, 0x28,
    0xde, 0x91, 0x3a, 0x30, 0xe, 0x50, 0x0, 0x4,
    0x60, 0xb, 0xff, 0xff, 0xff, 0xff, 0xff, 0x50,
    0xa, 0x80, 0x1b, 0x30, 0x0, 0xe, 0x40, 0xa,
    0x81, 0xcf, 0xee, 0xed, 0x1e, 0x40, 0xa, 0x8d,
    0x87, 0x20, 0xd8, 0xe, 0x40, 0xa, 0x81, 0x5,
    0xed, 0x90, 0xe, 0x40, 0xa, 0x84, 0xae, 0xef,
    0x70, 0xe, 0x40, 0xa, 0x95, 0xa6, 0x26, 0xa2,
    0x2e, 0x40, 0xb, 0xed, 0xdd, 0xdd, 0xdd, 0xdf,
    0x40, 0xb, 0x80, 0x0, 0x0, 0x0, 0xe, 0x40,

    /* U+7ACB "立" */
    0x0, 0x0, 0x0, 0x0, 0x0, 0x0, 0x0, 0x0,
    0x0, 0x0, 0x0, 0x7c, 0x0, 0x0, 0x0, 0x0,
    0x0, 0x0, 0x0, 0x2f, 0x60, 0x0, 0x0, 0x0,
    0x0, 0x0, 0x0, 0x7, 0x30, 0x0, 0x0, 0x0,
    0x1, 0xff, 0xff, 0xff, 0xff, 0xff, 0xff, 0x10,
    0x0, 0x21, 0x11, 0x11, 0x11, 0x11, 0x22, 0x0,
    0x0, 0x2, 0x30, 0x0, 0x0, 0xb, 0x50, 0x0,
    0x0, 0xa, 0xd0, 0x0, 0x0, 0x1f, 0x60, 0x0,
    0x0, 0x3, 0xf5, 0x0, 0x0, 0x5f, 0x0, 0x0,
    0x0, 0x0, 0xcc, 0x0, 0x0, 0xaa, 0x0, 0x0,
    0x0, 0x0, 0x5f, 0x30, 0x0, 0xf4, 0x0, 0x0,
    0x0, 0x0, 0xe, 0xa0, 0x5, 0xe0, 0x0, 0x0,
    0x0, 0x0, 0x8, 0xe0, 0xb, 0x90, 0x0, 0x0,
    0x4, 0x33, 0x35, 0x43, 0x4f, 0x63, 0x34, 0x40,
    0xf, 0xee, 0xee, 0xee, 0xee, 0xee, 0xee, 0xe1,

    /* U+7B11 "笑" */
    0x0, 0x7, 0x30, 0x0, 0x5, 0x50, 0x0, 0x0,
    0x1, 0xf5, 0x0, 0x10, 0xe8, 0x0, 0x0, 0x0,
    0xaf, 0xef, 0xef, 0x5f, 0xef, 0xff, 0x60, 0x5f,
    0x21, 0xf3, 0xd, 0x70, 0x7b, 0x0, 0xa, 0x50,
    0xb, 0x72, 0xc0, 0x2, 0xe1, 0x0, 0x0, 0x0,
    0x0, 0x1, 0x36, 0x92, 0x0, 0x0, 0xe, 0xff,
    0xff, 0xfe, 0xca, 0x50, 0x0, 0x0, 0x33, 0x21,
    0xd7, 0x0, 0x0, 0x0, 0x1, 0x21, 0x11, 0x1e,
    0x61, 0x11, 0x22, 0x0, 0x6e, 0xee, 0xee, 0xff,
    0xee, 0xee, 0xf0, 0x0, 0x0, 0x0, 0x7e, 0xe6,
    0x0, 0x0, 0x0, 0x0, 0x0, 0x2e, 0x64, 0xf6,
    0x0, 0x0, 0x0, 0x0, 0x6e, 0xa0, 0x4, 0xed,
    0x73, 0x0, 0x3a, 0xef, 0x70, 0x0, 0x1, 0x9f,
    0xf3, 0x0, 0x97, 0x10, 0x0, 0x0, 0x0, 0x4,
    0x0,

    /* U+7B2C "第" */
    0x0, 0x1, 0x10, 0x0, 0x0, 0x10, 0x0, 0x0,
    0x0, 0xa, 0xd1, 0x0, 0x2, 0xf5, 0x0, 0x0,
    0x0, 0x2f, 0xec, 0xcc, 0x79, 0xfd, 0xdd, 0xd6,
    0x0, 0xd9, 0x4f, 0x63, 0x5f, 0x54, 0xf5, 0x21,
    0xc, 0xc0, 0x7, 0x60, 0x88, 0x0, 0x87, 0x0,
    0x2, 0x6f, 0xff, 0xff, 0xff, 0xff, 0xfd, 0x0,
    0x0, 0x1, 0x10, 0x5, 0xe0, 0x0, 0x5e, 0x0,
    0x0, 0x0, 0x0, 0x5, 0xe0, 0x0, 0x5e, 0x0,
    0x0, 0x5f, 0xff, 0xff, 0xff, 0xff, 0xfe, 0x0,
    0x0, 0x6d, 0x0, 0x4, 0xe0, 0x0, 0x0, 0x0,
    0x0, 0x7d, 0x44, 0x47, 0xe4, 0x44, 0x44, 0x40,
    0x0, 0x6b, 0xbb, 0xdf, 0xfb, 0xbb, 0xbd, 0xd0,
    0x0, 0x0, 0x4, 0xeb, 0xe0, 0x0, 0x6, 0xc0,
    0x0, 0x3, 0xae, 0x54, 0xe0, 0x3, 0x4c, 0x90,
    0x6, 0xcf, 0x91, 0x4, 0xe0, 0xa, 0xfc, 0x20,
    0x3, 0x92, 0x0, 0x5, 0xf0, 0x1, 0x0, 0x0,

    /* U+7B49 "等" */
    0x0, 0x2, 0x0, 0x0, 0x0, 0x0, 0x0, 0x0,
    0x0, 0x6f, 0x20, 0x0, 0x5, 0xf3, 0x0, 0x0,
    0x0, 0xef, 0xee, 0xee, 0x3e, 0xfd, 0xdd, 0xd6,
    0xb, 0xd0, 0x6e, 0x1, 0xbc, 0x11, 0xe6, 0x10,
    0x7, 0x20, 0x16, 0x1c, 0x80, 0x0, 0x78, 0x0,
    0x0, 0x6d, 0xdd, 0xdf, 0xed, 0xdd, 0xd4, 0x0,
    0x0, 0x11, 0x11, 0x1c, 0x81, 0x11, 0x20, 0x0,
    0x0, 0x0, 0x0, 0xc, 0x70, 0x0, 0x0, 0x0,
    0x9f, 0xff, 0xff, 0xff, 0xff, 0xff, 0xff, 0xf7,
    0x0, 0x0, 0x0, 0x0, 0x0, 0x6e, 0x0, 0x0,
    0x0, 0x32, 0x22, 0x22, 0x22, 0x8e, 0x22, 0x10,
    0x1, 0xed, 0xdd, 0xdd, 0xdd, 0xef, 0xde, 0x70,
    0x0, 0x1, 0xc3, 0x0, 0x0, 0x6e, 0x0, 0x0,
    0x0, 0x0, 0x9d, 0x10, 0x0, 0x7e, 0x0, 0x0,
    0x0, 0x0, 0x7, 0x0, 0x59, 0xdc, 0x0, 0x0,
    0x0, 0x0, 0x0, 0x0, 0x3a, 0x71, 0x0, 0x0,

    /* U+7B54 "答" */
    0x0, 0x3, 0x0, 0x0, 0x0, 0x30, 0x0, 0x0,
    0x0, 0xf, 0x80, 0x0, 0x6, 0xf1, 0x0, 0x0,
    0x0, 0x8f, 0xcb, 0xbb, 0x2d, 0xeb, 0xbb, 0xc2,
    0x2, 0xf6, 0x9c, 0x33, 0x8e, 0x34, 0xf5, 0x40,
    0xd, 0xa0, 0x2f, 0x29, 0xa5, 0x0, 0xc9, 0x0,
    0x4, 0x10, 0x7, 0xaf, 0xb0, 0x0, 0x44, 0x0,
    0x0, 0x0, 0x7, 0xf4, 0xbc, 0x30, 0x0, 0x0,
    0x0, 0x0, 0x9f, 0x30, 0x8, 0xfa, 0x40, 0x0,
    0x2, 0x8e, 0xdd, 0xee, 0xef, 0xbb, 0xff, 0xb2,
    0x2f, 0xf9, 0x1, 0x11, 0x11, 0x10, 0x3a, 0xc0,
    0x7, 0x30, 0x22, 0x22, 0x22, 0x22, 0x0, 0x0,
    0x0, 0x6, 0xfd, 0xdd, 0xdd, 0xdf, 0x40, 0x0,
    0x0, 0x5, 0xe0, 0x0, 0x0, 0xe, 0x40, 0x0,
    0x0, 0x5, 0xfc, 0xcc, 0xcc, 0xcf, 0x40, 0x0,
    0x0, 0x5, 0xf4, 0x44, 0x44, 0x4f, 0x40, 0x0,
    0x0, 0x6, 0xe0, 0x0, 0x0, 0xe, 0x40, 0x0,

    /* U+7B7E "签" */
    0x0, 0x2, 0x30, 0x0, 0x0, 0x30, 0x0, 0x0,
    0x0, 0xb, 0xc0, 0x1, 0x6, 0xf1, 0x0, 0x0,
    0x0, 0x5f, 0xff, 0xfe, 0xe, 0xfd, 0xdd, 0xb0,
    0x4, 0xf7, 0x5d, 0x1, 0xbd, 0x29, 0xa2, 0x20,
    0x1e, 0x80, 0x19, 0x17, 0x92, 0x4, 0xb0, 0x0,
    0x0, 0x0, 0x0, 0x9f, 0xc1, 0x0, 0x0, 0x0,
    0x0, 0x0, 0x9, 0xf3, 0xbe, 0x60, 0x0, 0x0,
    0x0, 0x2, 0xcf, 0x40, 0x9, 0xfe, 0x83, 0x0,
    0x15, 0xbf, 0xf6, 0x22, 0x22, 0x8f, 0xff, 0xf1,
    0x2f, 0xb5, 0x9e, 0xee, 0xee, 0xe5, 0x49, 0xa0,
    0x0, 0x0, 0x0, 0x26, 0x0, 0x27, 0x10, 0x0,
    0x0, 0x6, 0xb0, 0x2f, 0x10, 0x9c, 0x0, 0x0,
    0x0, 0x0, 0xe3, 0xd, 0x50, 0xe4, 0x0, 0x0,
    0x1, 0x22, 0x52, 0x23, 0x28, 0xd2, 0x22, 0x0,
    0xa, 0xff, 0xff, 0xff, 0xff, 0xff, 0xff, 0x10,

    /* U+7B97 "算" */
    0x0, 0x3, 0x0, 0x0, 0x1, 0x10, 0x0, 0x0,
    0x0, 0x6f, 0x20, 0x0, 0xb, 0xd0, 0x0, 0x0,
    0x2, 0xff, 0xff, 0xfe, 0x4f, 0xff, 0xff, 0xd0,
    0x1d, 0xa0, 0xc9, 0x2, 0xe6, 0xa, 0x90, 0x0,
    0x6, 0x10, 0x55, 0x0, 0x60, 0x3, 0x30, 0x0,
    0x0, 0xe, 0xee, 0xee, 0xee, 0xee, 0xd0, 0x0,
    0x0, 0xe, 0xa6, 0x66, 0x66, 0x6a, 0xd0, 0x0,
    0x0, 0xd, 0xa6, 0x66, 0x66, 0x6a, 0xd0, 0x0,
    0x0, 0xd, 0xee, 0xee, 0xee, 0xee, 0xd0, 0x0,
    0x0, 0xe, 0x60, 0x0, 0x0, 0x6, 0xd0, 0x0,
    0x0, 0xc, 0xee, 0xfe, 0xee, 0xfe, 0xc0, 0x0,
    0x1, 0x0, 0x8, 0xb0, 0x0, 0xd6, 0x0, 0x10,
    0x4e, 0xee, 0xef, 0xfe, 0xee, 0xfe, 0xee, 0xe4,
    0x0, 0x0, 0x4f, 0x30, 0x0, 0xd6, 0x0, 0x0,
    0x0, 0x39, 0xf7, 0x0, 0x0, 0xe6, 0x0, 0x0,
    0x0, 0xdc, 0x40, 0x0, 0x0, 0xe7, 0x0, 0x0,
    0x0, 0x0, 0x0, 0x0, 0x0, 0x0, 0x0, 0x0,

    /* U+7BA1 "管" */
    0x0, 0x1, 0x30, 0x0, 0x0, 0x30, 0x0, 0x0,
    0x0, 0x8, 0xf2, 0x0, 0x2, 0xf5, 0x0, 0x0,
    0x0, 0x3f, 0xff, 0xff, 0x28, 0xff, 0xff, 0xf5,
    0x4, 0xfa, 0x2f, 0x21, 0x4f, 0x44, 0xf2, 0x10,
    0xd, 0xb0, 0xc, 0x4d, 0x67, 0x0, 0xd4, 0x0,
    0x3, 0x22, 0x22, 0x2b, 0xc2, 0x22, 0x22, 0x20,
    0xf, 0xed, 0xdd, 0xdd, 0xdd, 0xdd, 0xde, 0xf0,
    0xf, 0x50, 0x22, 0x22, 0x22, 0x22, 0x6, 0xf0,
    0x5, 0x15, 0xfc, 0xcc, 0xcc, 0xcf, 0x41, 0x40,
    0x0, 0x5, 0xf3, 0x33, 0x33, 0x3f, 0x40, 0x0,
    0x0, 0x5, 0xfb, 0xbb, 0xbb, 0xbb, 0x30, 0x0,
    0x0, 0x5, 0xf3, 0x33, 0x33, 0x33, 0x30, 0x0,
    0x0, 0x5, 0xfc, 0xcc, 0xcc, 0xcd, 0xf0, 0x0,
    0x0, 0x5, 0xe0, 0x0, 0x0, 0x4, 0xf0, 0x0,
    0x0, 0x5, 0xff, 0xff, 0xff, 0xff, 0xf0, 0x0,
    0x0, 0x5, 0xe0, 0x0, 0x0, 0x0, 0x0, 0x0,

    /* U+7BF7 "篷" */
    0x0, 0x1, 0x0, 0x0, 0x0, 0x0, 0x0, 0x0,
    0x0, 0xb, 0x90, 0x0, 0x7, 0xd0, 0x0, 0x0,
    0x0, 0x7f, 0xdd, 0xdd, 0x2f, 0xed, 0xdd, 0xb0,
    0x7, 0xf2, 0x1f, 0x52, 0xe7, 0x8, 0xd1, 0x0,
    0xa, 0x30, 0x4, 0x2c, 0x70, 0x0, 0x30, 0x0,
    0x0, 0xc6, 0x0, 0xbf, 0xcc, 0xcf, 0xe2, 0x0,
    0x0, 0x7c, 0xb, 0xc6, 0xd6, 0xca, 0x10, 0x0,
    0x0, 0x0, 0x6, 0x79, 0xec, 0xeb, 0x87, 0x70,
    0x6e, 0xef, 0x19, 0x96, 0x17, 0x24, 0x79, 0x70,
    0x0, 0x2f, 0x10, 0xdc, 0xcf, 0xcc, 0xd6, 0x0,
    0x0, 0x2f, 0x10, 0x66, 0x6f, 0x86, 0x62, 0x0,
    0x0, 0x2f, 0x10, 0x66, 0x6f, 0x86, 0x62, 0x0,
    0x0, 0x2f, 0x1a, 0xcb, 0xbf, 0xcb, 0xbc, 0x10,
    0x0, 0x8f, 0xa3, 0x11, 0x1e, 0x41, 0x11, 0x0,
    0x9, 0xe2, 0x8e, 0x95, 0x33, 0x33, 0x34, 0x71,
    0x7, 0x40, 0x1, 0x7b, 0xcd, 0xee, 0xff, 0xd0,

    /* U+7CBE "精" */
    0x0, 0xf, 0x30, 0x0, 0x0, 0xf2, 0x0, 0x0,
    0x0, 0xe, 0x30, 0x3, 0x22, 0xf4, 0x23, 0x10,
    0x2d, 0xe, 0x3d, 0x5c, 0xbb, 0xfc, 0xbc, 0x40,
    0xb, 0x8e, 0x8d, 0x3, 0x33, 0xf4, 0x33, 0x0,
    0x2, 0x3e, 0x74, 0x9, 0x99, 0xfa, 0x9a, 0x0,
    0x3f, 0xff, 0xff, 0x46, 0x66, 0xf7, 0x66, 0x60,
    0x1, 0x7f, 0x41, 0x47, 0x77, 0x77, 0x77, 0x80,
    0x0, 0xcf, 0x88, 0xc, 0xee, 0xee, 0xed, 0x0,
    0x4, 0xde, 0x5e, 0x4d, 0x30, 0x0, 0x3f, 0x0,
    0xd, 0x5e, 0x35, 0x6d, 0xee, 0xee, 0xee, 0x0,
    0x5b, 0xe, 0x30, 0xd, 0x30, 0x0, 0x3e, 0x0,
    0x0, 0xe, 0x30, 0xd, 0xee, 0xee, 0xee, 0x0,
    0x0, 0xe, 0x30, 0xd, 0x30, 0x0, 0x3e, 0x0,
    0x0, 0xf, 0x30, 0xd, 0x30, 0x4, 0xae, 0x0,
    0x0, 0xf, 0x30, 0xe, 0x30, 0x5, 0xf8, 0x0,
    0x0, 0x0, 0x0, 0x0, 0x0, 0x0, 0x0, 0x0,

    /* U+7D20 "素" */
    0x0, 0x0, 0x0, 0xe, 0x50, 0x0, 0x0, 0x0,
    0xd, 0xdd, 0xdd, 0xfe, 0xdd, 0xdd, 0x90, 0x0,
    0x32, 0x22, 0x2d, 0x72, 0x22, 0x22, 0x0, 0x2,
    0xdc, 0xcc, 0xfd, 0xcc, 0xcb, 0x0, 0x0, 0x2,
    0x11, 0x1d, 0x61, 0x11, 0x10, 0x2, 0xfe, 0xee,
    0xee, 0xff, 0xee, 0xee, 0xea, 0x1, 0x0, 0x19,
    0xe4, 0x1, 0xa5, 0x0, 0x0, 0x0, 0x8f, 0xfc,
    0xcd, 0xfa, 0x40, 0x0, 0x0, 0x2, 0x43, 0x7e,
    0xa2, 0x8, 0xb0, 0x0, 0x3, 0x7a, 0xef, 0xba,
    0xbc, 0xdf, 0xb0, 0x0, 0x6b, 0xa8, 0x6b, 0xb3,
    0x21, 0x2a, 0x0, 0x0, 0x5e, 0x60, 0x8a, 0x9,
    0xc5, 0x0, 0x7, 0xed, 0x60, 0x1a, 0xa0, 0x18,
    0xfd, 0x30, 0x56, 0x0, 0xd, 0xf6, 0x0, 0x1,
    0x80, 0x0, 0x0, 0x0, 0x10, 0x0, 0x0, 0x0,
    0x0,

    /* U+7D2F "累" */
    0xd, 0xee, 0xee, 0xfe, 0xee, 0xef, 0x40, 0xc,
    0x60, 0x0, 0xf3, 0x0, 0xe, 0x40, 0xc, 0xed,
    0xdd, 0xfe, 0xdd, 0xdf, 0x40, 0xc, 0x60, 0x0,
    0xf3, 0x0, 0xe, 0x40, 0xa, 0xdd, 0xef, 0xed,
    0xdd, 0xed, 0x40, 0x0, 0x17, 0xd7, 0x11, 0x6d,
    0xc0, 0x0, 0x4, 0xff, 0xdd, 0xff, 0xa6, 0x10,
    0x0, 0x0, 0x12, 0x9d, 0x81, 0x7, 0xe7, 0x0,
    0x3a, 0xdf, 0xfc, 0xde, 0xee, 0xdd, 0xd2, 0x29,
    0x78, 0x43, 0xe4, 0x1, 0x0, 0x60, 0x0, 0x7f,
    0x50, 0xe4, 0x1f, 0xb3, 0x0, 0x4d, 0xd4, 0x0,
    0xf4, 0x2, 0x9f, 0xc1, 0x78, 0x0, 0x2f, 0xf1,
    0x0, 0x3, 0x80, 0x0, 0x0, 0x4, 0x10, 0x0,
    0x0, 0x0,

    /* U+7E41 "繁" */
    0x0, 0x0, 0x0, 0x0, 0x0, 0x0, 0x0, 0x0,
    0xa, 0x92, 0x22, 0x21, 0xd, 0x60, 0x0, 0x3,
    0xfb, 0xbb, 0xbb, 0x74, 0xfc, 0xbb, 0xa0, 0xdb,
    0x88, 0x88, 0x80, 0xd7, 0x28, 0xc1, 0x2, 0xc6,
    0x8a, 0x4f, 0x6e, 0xa0, 0xb7, 0x1, 0xcf, 0xcc,
    0xdc, 0xfa, 0x1d, 0x7f, 0x10, 0x0, 0xe1, 0x95,
    0x1e, 0x0, 0x5f, 0x80, 0x0, 0xf, 0xcd, 0xcc,
    0xf7, 0x7f, 0xbe, 0x94, 0x0, 0x0, 0x2c, 0x75,
    0x1c, 0x80, 0x29, 0x60, 0x2, 0x8e, 0x93, 0x25,
    0xdd, 0x10, 0x0, 0x0, 0x3b, 0xa9, 0xdf, 0xc5,
    0xb, 0x70, 0x0, 0x3, 0x58, 0xdc, 0x74, 0x56,
    0x9e, 0xc1, 0x0, 0xef, 0xdc, 0xab, 0xd0, 0x0,
    0xa, 0x0, 0x0, 0x4d, 0x50, 0x5d, 0xa, 0xb5,
    0x0, 0x3, 0xcd, 0x60, 0x4a, 0xc0, 0x6, 0xde,
    0x0, 0x5, 0x0, 0x5, 0x82, 0x0, 0x0, 0x30,

    /* U+7EA7 "级" */
    0x0, 0x8, 0x40, 0x0, 0x0, 0x0, 0x0, 0x0,
    0x0, 0xf, 0x50, 0xaf, 0xff, 0xff, 0xf3, 0x0,
    0x0, 0x6c, 0x1, 0x12, 0xf0, 0x4, 0xf0, 0x0,
    0x1, 0xe3, 0xe, 0x51, 0xf0, 0x6, 0xc0, 0x0,
    0xb, 0x90, 0x6e, 0x1, 0xf0, 0x9, 0x80, 0x0,
    0x1f, 0xff, 0xf5, 0x1, 0xf0, 0xd, 0x73, 0x10,
    0x4, 0x17, 0xb0, 0x3, 0xf1, 0x1c, 0xcf, 0x40,
    0x0, 0x3e, 0x10, 0x4, 0xf8, 0x0, 0x2f, 0x0,
    0x2, 0xe7, 0x46, 0x7, 0xdf, 0x10, 0x7b, 0x0,
    0xd, 0xfe, 0xc8, 0xb, 0x79, 0xa0, 0xd6, 0x0,
    0x2, 0x20, 0x2, 0x2f, 0x11, 0xea, 0xe0, 0x0,
    0x3, 0x7a, 0xec, 0xaa, 0x0, 0x6f, 0x70, 0x0,
    0xd, 0xc7, 0x37, 0xe1, 0x3, 0xed, 0xe3, 0x0,
    0x0, 0x0, 0x6f, 0x42, 0x9f, 0x60, 0x8f, 0x91,
    0x0, 0x0, 0x2, 0xa, 0xa2, 0x0, 0x4, 0xa0,

    /* U+7EBF "线" */
    0x0, 0x8, 0x40, 0x0, 0x69, 0x0, 0x0, 0x0,
    0x0, 0x1f, 0x50, 0x0, 0x7e, 0xc, 0x70, 0x0,
    0x0, 0x9a, 0x0, 0x0, 0x6d, 0x3, 0xc0, 0x0,
    0x3, 0xe1, 0x2e, 0x30, 0x6d, 0x3, 0x7b, 0x30,
    0x1d, 0x60, 0xab, 0x47, 0xcf, 0xfc, 0x97, 0x10,
    0x4f, 0xff, 0xf1, 0x89, 0x8f, 0x0, 0x0, 0x10,
    0x3, 0xa, 0x60, 0x0, 0x2f, 0x47, 0xae, 0xf0,
    0x0, 0x5c, 0x0, 0x6b, 0xef, 0xd9, 0x63, 0x0,
    0x5, 0xf5, 0x34, 0x44, 0x1c, 0x50, 0x8b, 0x10,
    0xd, 0xfe, 0xc9, 0x0, 0x8, 0xa7, 0xf6, 0x0,
    0x2, 0x0, 0x0, 0x0, 0x3, 0xff, 0x50, 0x0,
    0x3, 0x58, 0xbe, 0x60, 0x1b, 0xfc, 0x0, 0x40,
    0x1f, 0xe9, 0x52, 0x6, 0xeb, 0x2e, 0x93, 0xf4,
    0x1, 0x0, 0x0, 0xcf, 0x60, 0x2, 0xef, 0xd0,
    0x0, 0x0, 0x0, 0x21, 0x0, 0x0, 0x16, 0x10,

    /* U+7EC6 "细" */
    0x0, 0x5, 0x50, 0x0, 0x0, 0x0, 0x0, 0x0,
    0x0, 0xd8, 0x0, 0x0, 0x0, 0x0, 0x0, 0x0,
    0x5e, 0x0, 0xe, 0xff, 0xff, 0xff, 0xf0, 0xd,
    0x50, 0xb3, 0xe4, 0xe, 0x30, 0x4e, 0x8, 0xc0,
    0x6f, 0x1e, 0x40, 0xe3, 0x4, 0xe0, 0xff, 0xff,
    0x70, 0xe4, 0xe, 0x30, 0x4e, 0x4, 0x17, 0xd0,
    0xe, 0x40, 0xe3, 0x4, 0xe0, 0x2, 0xf3, 0x0,
    0xee, 0xef, 0xee, 0xee, 0x1, 0xd8, 0x1, 0xe,
    0x40, 0xe3, 0x4, 0xe0, 0x9f, 0xff, 0xe1, 0xe4,
    0xe, 0x30, 0x4e, 0x1, 0x31, 0x0, 0xe, 0x40,
    0xe3, 0x4, 0xe0, 0x0, 0x3, 0x64, 0xe4, 0xe,
    0x40, 0x4e, 0xa, 0xdf, 0xeb, 0x4e, 0xff, 0xff,
    0xff, 0xe0, 0x75, 0x10, 0x0, 0xe4, 0x0, 0x0,
    0x4f, 0x0, 0x0, 0x0, 0x1, 0x0, 0x0, 0x0,
    0x0,

    /* U+7ECD "绍" */
    0x0, 0x7, 0x20, 0x0, 0x0, 0x0, 0x0, 0x0,
    0x2, 0xf5, 0x0, 0xbf, 0xff, 0xff, 0xf5, 0x0,
    0x8d, 0x0, 0x0, 0xa, 0x90, 0xe, 0x40, 0xe,
    0x50, 0xab, 0x0, 0xd6, 0x0, 0xf4, 0x8, 0xd1,
    0x4f, 0x40, 0x3f, 0x10, 0xf, 0x31, 0xff, 0xff,
    0xa0, 0x2e, 0x90, 0x37, 0xf2, 0x3, 0x5, 0xe0,
    0x3f, 0xa0, 0x5, 0xe9, 0x0, 0x3, 0xe3, 0x0,
    0x40, 0x0, 0x0, 0x0, 0x4, 0xfd, 0xbd, 0x44,
    0xff, 0xff, 0xff, 0x40, 0x8d, 0xa7, 0x40, 0x4f,
    0x11, 0x11, 0xe4, 0x0, 0x0, 0x0, 0x4, 0xf0,
    0x0, 0xe, 0x40, 0x14, 0x7a, 0xe7, 0x4f, 0x0,
    0x0, 0xe4, 0xb, 0xfb, 0x84, 0x4, 0xfd, 0xdd,
    0xdf, 0x40, 0x10, 0x0, 0x0, 0x4f, 0x22, 0x22,
    0xe4, 0x0, 0x0, 0x0, 0x4, 0xf0, 0x0, 0x0,
    0x0,

    /* U+7ECF "经" */
    0x0, 0x5, 0x40, 0x0, 0x0, 0x0, 0x0, 0x0,
    0x0, 0xd, 0x80, 0xe, 0xdd, 0xdd, 0xd5, 0x0,
    0x0, 0x5d, 0x0, 0x3, 0x22, 0x29, 0xd0, 0x0,
    0x0, 0xd4, 0x7, 0x90, 0x0, 0x5e, 0x20, 0x0,
    0x9, 0xa0, 0x1f, 0x60, 0x5, 0xfd, 0x20, 0x0,
    0x2f, 0xee, 0xfa, 0x0, 0x8e, 0x46, 0xf7, 0x0,
    0x3, 0x27, 0xd0, 0x6e, 0xc2, 0x0, 0x3e, 0xc0,
    0x0, 0x2e, 0x20, 0x47, 0x0, 0x0, 0x1, 0x40,
    0x2, 0xe6, 0x46, 0x3d, 0xee, 0xee, 0xef, 0x10,
    0xc, 0xff, 0xca, 0x21, 0x11, 0xe5, 0x12, 0x0,
    0x2, 0x20, 0x0, 0x0, 0x0, 0xe4, 0x0, 0x0,
    0x0, 0x3, 0x69, 0x50, 0x0, 0xe4, 0x0, 0x0,
    0x1e, 0xff, 0xc8, 0x51, 0x11, 0xe4, 0x11, 0x10,
    0x5, 0x30, 0x0, 0xef, 0xff, 0xff, 0xff, 0xf0,

    /* U+7ED1 "绑" */
    0x0, 0x3, 0x20, 0x4, 0x80, 0x0, 0x0, 0x0,
    0x0, 0xb, 0x90, 0x5, 0xc0, 0x6, 0x66, 0x60,
    0x0, 0x1e, 0x10, 0x26, 0xc2, 0x2f, 0x9b, 0xe0,
    0x0, 0x87, 0x10, 0xee, 0xfe, 0x7f, 0x8, 0x90,
    0x2, 0xd0, 0x9a, 0x5, 0xc0, 0x1f, 0xc, 0x40,
    0xd, 0xc9, 0xf3, 0x15, 0xc1, 0x1f, 0xf, 0x0,
    0x7, 0x6c, 0x90, 0xff, 0xff, 0x6f, 0x5c, 0x0,
    0x0, 0x2e, 0x10, 0x5, 0xb0, 0x1f, 0x1e, 0x30,
    0x0, 0xb7, 0x21, 0x6, 0xa0, 0x1f, 0x7, 0xb0,
    0x8, 0xff, 0xd6, 0xff, 0xff, 0x8f, 0x0, 0xf1,
    0x1, 0x40, 0x0, 0x1b, 0x81, 0x2f, 0x0, 0xf3,
    0x0, 0x3, 0x7a, 0xe, 0x40, 0x1f, 0x4c, 0xe0,
    0x9, 0xfe, 0x94, 0x5e, 0x0, 0x1f, 0x2a, 0x20,
    0x2, 0x30, 0x2, 0xe6, 0x0, 0x1f, 0x0, 0x0,
    0x0, 0x0, 0x6, 0xa0, 0x0, 0x1f, 0x0, 0x0,
    0x0, 0x0, 0x0, 0x0, 0x0, 0x0, 0x0, 0x0,

    /* U+7ED3 "结" */
    0x0, 0xa, 0x30, 0x0, 0x0, 0xe5, 0x0, 0x0,
    0x0, 0x3f, 0x40, 0x0, 0x0, 0xe5, 0x0, 0x0,
    0x0, 0xab, 0x0, 0x13, 0x33, 0xe7, 0x33, 0x41,
    0x2, 0xf2, 0x8, 0x6d, 0xcc, 0xfd, 0xcc, 0xd4,
    0xc, 0xa0, 0x6f, 0x30, 0x0, 0xd5, 0x0, 0x0,
    0x5f, 0xdd, 0xf5, 0x2, 0x22, 0xe6, 0x22, 0x10,
    0x16, 0x3b, 0x90, 0x9, 0xdd, 0xdd, 0xdd, 0x70,
    0x0, 0x4d, 0x0, 0x0, 0x0, 0x0, 0x0, 0x0,
    0x3, 0xe8, 0x7a, 0x24, 0xff, 0xff, 0xff, 0x40,
    0xf, 0xfd, 0xa8, 0x4, 0xe0, 0x0, 0xe, 0x40,
    0x2, 0x0, 0x0, 0x4, 0xe0, 0x0, 0xe, 0x40,
    0x0, 0x3, 0x58, 0x34, 0xe0, 0x0, 0xe, 0x40,
    0x4f, 0xff, 0xda, 0x24, 0xff, 0xff, 0xff, 0x40,
    0x5, 0x20, 0x0, 0x4, 0xe0, 0x0, 0xe, 0x40,
    0x0, 0x0, 0x0, 0x0, 0x10, 0x0, 0x0, 0x0,

    /* U+7EDC "络" */
    0x0, 0x3, 0x0, 0x0, 0x4b, 0x10, 0x0, 0x0,
    0x0, 0xe, 0x70, 0x0, 0xac, 0x0, 0x0, 0x0,
    0x0, 0x5e, 0x0, 0x1, 0xff, 0xff, 0xff, 0x50,
    0x0, 0xc5, 0xa, 0x1a, 0xf9, 0x0, 0x9c, 0x0,
    0x6, 0xc0, 0x7e, 0x7f, 0x4f, 0x44, 0xf2, 0x0,
    0x1f, 0xed, 0xf6, 0x44, 0x6, 0xef, 0x50, 0x0,
    0x6, 0x28, 0xd0, 0x0, 0x8, 0xff, 0x50, 0x0,
    0x0, 0x1f, 0x40, 0x17, 0xee, 0x48, 0xfd, 0x72,
    0x0, 0xab, 0x0, 0xcf, 0xa1, 0x0, 0x3c, 0xf8,
    0x7, 0xfc, 0xdd, 0x25, 0xff, 0xff, 0xff, 0x21,
    0x4, 0x96, 0x42, 0x3, 0xe0, 0x0, 0x3f, 0x0,
    0x0, 0x2, 0x59, 0x13, 0xe0, 0x0, 0x3e, 0x0,
    0x8, 0xff, 0xb6, 0x3, 0xfc, 0xcc, 0xde, 0x0,
    0x4, 0x92, 0x0, 0x3, 0xf3, 0x33, 0x6e, 0x0,
    0x0, 0x0, 0x0, 0x3, 0xe0, 0x0, 0x3f, 0x0,
    0x0, 0x0, 0x0, 0x0, 0x10, 0x0, 0x0, 0x0,

    /* U+7EDD "绝" */
    0x0, 0x6, 0x10, 0x0, 0x68, 0x0, 0x0, 0x0,
    0x0, 0x1f, 0x60, 0x0, 0xe9, 0x0, 0x0, 0x0,
    0x0, 0x8c, 0x0, 0x8, 0xff, 0xff, 0xf1, 0x0,
    0x1, 0xe2, 0x0, 0x3f, 0x50, 0xc, 0x70, 0x0,
    0xa, 0x70, 0x6e, 0x78, 0x0, 0x4e, 0x0, 0x0,
    0x1f, 0xff, 0xf7, 0xe, 0xff, 0xff, 0xff, 0x30,
    0x3, 0x8, 0xb0, 0xf, 0x31, 0xe3, 0x1e, 0x30,
    0x0, 0x3e, 0x10, 0xf, 0x30, 0xe2, 0xe, 0x30,
    0x2, 0xe4, 0x0, 0xf, 0x41, 0xe3, 0x1e, 0x30,
    0xc, 0xec, 0xee, 0xf, 0xdd, 0xdd, 0xdf, 0x30,
    0x3, 0x42, 0x10, 0xf, 0x30, 0x0, 0x5, 0x10,
    0x0, 0x24, 0x79, 0xf, 0x30, 0x0, 0x0, 0x30,
    0x3f, 0xfb, 0x85, 0xe, 0x60, 0x0, 0x7, 0xf2,
    0x3, 0x0, 0x0, 0x7, 0xff, 0xff, 0xff, 0x70,

    /* U+7EEA "绪" */
    0x0, 0x8, 0x40, 0x0, 0x9, 0x80, 0x0, 0x0,
    0x0, 0x3f, 0x60, 0x0, 0x9, 0x70, 0xc, 0x80,
    0x0, 0xac, 0x0, 0xe, 0xff, 0xfd, 0x5f, 0x40,
    0x2, 0xf3, 0xe, 0x60, 0x9, 0x72, 0xe7, 0x0,
    0xc, 0xa0, 0x6d, 0x22, 0x19, 0x8c, 0xb1, 0x21,
    0x3f, 0xff, 0xf3, 0xbd, 0xdd, 0xfe, 0xdd, 0xd9,
    0x3, 0x19, 0x90, 0x0, 0x4, 0xe1, 0x0, 0x0,
    0x0, 0x3d, 0x0, 0x0, 0xd, 0xdb, 0xbb, 0x20,
    0x2, 0xe9, 0x78, 0xa, 0xf3, 0x33, 0x3f, 0x30,
    0x8, 0xfe, 0xcb, 0xcf, 0xf0, 0x0, 0xe, 0x30,
    0x1, 0x10, 0x2, 0xa5, 0xff, 0xff, 0xff, 0x30,
    0x0, 0x24, 0x79, 0x14, 0xf1, 0x11, 0x1e, 0x30,
    0x3f, 0xfc, 0x85, 0x4, 0xfd, 0xdd, 0xdf, 0x30,
    0x4, 0x0, 0x0, 0x5, 0xe4, 0x44, 0x4f, 0x30,
    0x0, 0x0, 0x0, 0x5, 0xd0, 0x0, 0x0, 0x0,

    /* U+7EF4 "维" */
    0x0, 0x28, 0x10, 0x4, 0xb1, 0x38, 0x0, 0x0,
    0x0, 0x9d, 0x0, 0x9, 0xc0, 0x2f, 0x30, 0x0,
    0x0, 0xe5, 0x0, 0xe, 0x82, 0x27, 0x32, 0x20,
    0x4, 0xd0, 0x88, 0x4f, 0xdd, 0xef, 0xdd, 0xa0,
    0xc, 0x60, 0xe4, 0xbf, 0x20, 0x4d, 0x0, 0x0,
    0x5f, 0xcd, 0xb4, 0xef, 0x31, 0x5d, 0x12, 0x0,
    0x17, 0x4e, 0x29, 0x8f, 0xee, 0xef, 0xee, 0x40,
    0x0, 0x7a, 0x0, 0xf, 0x20, 0x4d, 0x0, 0x0,
    0x2, 0xe2, 0x22, 0xf, 0x20, 0x4d, 0x0, 0x0,
    0xd, 0xff, 0xf5, 0xf, 0xff, 0xff, 0xff, 0x50,
    0x4, 0x30, 0x0, 0xf, 0x20, 0x4d, 0x0, 0x0,
    0x0, 0x13, 0x69, 0x1f, 0x20, 0x4d, 0x0, 0x0,
    0x3f, 0xfe, 0xb8, 0xf, 0xff, 0xff, 0xff, 0xf5,
    0x9, 0x40, 0x0, 0xf, 0x20, 0x0, 0x0, 0x0,
    0x0, 0x0, 0x0, 0xf, 0x20, 0x0, 0x0, 0x0,

    /* U+7F16 "编" */
    0x0, 0x5, 0x10, 0x0, 0x1, 0xb2, 0x0, 0x0,
    0x0, 0xf, 0x60, 0x0, 0x0, 0xe7, 0x0, 0x0,
    0x0, 0x6d, 0x0, 0x3f, 0xdd, 0xdd, 0xde, 0xd0,
    0x0, 0xc4, 0x13, 0x2f, 0x0, 0x0, 0x4, 0xd0,
    0x4, 0xb0, 0x9d, 0x3f, 0xee, 0xee, 0xee, 0xd0,
    0xe, 0xff, 0xf3, 0x3e, 0x0, 0x0, 0x0, 0x0,
    0x5, 0x3a, 0x90, 0x5e, 0x22, 0x22, 0x22, 0x21,
    0x0, 0x2d, 0x0, 0x7f, 0xdc, 0xeb, 0xfb, 0xe6,
    0x0, 0xc4, 0x21, 0xbf, 0x63, 0xc0, 0xf0, 0xb6,
    0xa, 0xff, 0xe7, 0xfd, 0x75, 0xc2, 0xf3, 0xb6,
    0x4, 0x40, 0x8, 0xab, 0xdc, 0xeb, 0xfb, 0xe6,
    0x0, 0x2, 0x76, 0x2b, 0x63, 0xc0, 0xf1, 0xb6,
    0x1a, 0xdf, 0xb3, 0xb, 0x64, 0xc0, 0xf1, 0xb6,
    0xc, 0x61, 0x0, 0xc, 0x61, 0x50, 0x56, 0xd5,
    0x0, 0x0, 0x0, 0xd, 0x60, 0x0, 0x9, 0xd1,
    0x0, 0x0, 0x0, 0x0, 0x0, 0x0, 0x0, 0x0,

    /* U+7F51 "网" */
    0x6f, 0xff, 0xff, 0xff, 0xff, 0xff, 0xff, 0x5,
    0xe1, 0x11, 0x11, 0x11, 0x11, 0x15, 0xf0, 0x5e,
    0x1, 0x0, 0xb3, 0x0, 0x47, 0x5e, 0x5, 0xe6,
    0xe0, 0x3f, 0x34, 0x9, 0xc5, 0xe0, 0x5e, 0xd,
    0x77, 0xb7, 0xe1, 0xd5, 0x5e, 0x5, 0xe0, 0x3f,
    0xd5, 0xc, 0xbf, 0x5, 0xe0, 0x5e, 0x0, 0xaf,
    0x0, 0x4f, 0xa0, 0x5e, 0x5, 0xe0, 0xb, 0xf4,
    0x1, 0xfa, 0x5, 0xe0, 0x5e, 0x3, 0xfa, 0xd0,
    0xad, 0xf3, 0x5e, 0x5, 0xe0, 0xc8, 0x1b, 0x6f,
    0x2b, 0xb5, 0xe0, 0x5e, 0x7e, 0x0, 0x3f, 0x80,
    0x38, 0x5e, 0x5, 0xe3, 0x40, 0x1, 0x70, 0x0,
    0x5, 0xe0, 0x5e, 0x0, 0x0, 0x0, 0x0, 0x16,
    0xbe, 0x6, 0xe0, 0x0, 0x0, 0x0, 0x0, 0xdc,
    0x60,

    /* U+7F62 "罢" */
    0x0, 0xee, 0xee, 0xfe, 0xef, 0xee, 0xed, 0x0,
    0x0, 0xd4, 0x1, 0xe0, 0xe, 0x20, 0x4c, 0x0,
    0x0, 0xe4, 0x1, 0xe0, 0xe, 0x20, 0x4d, 0x0,
    0x0, 0xce, 0xee, 0xee, 0xee, 0xee, 0xeb, 0x0,
    0x0, 0x0, 0x0, 0x9, 0x80, 0x0, 0x0, 0x0,
    0x0, 0x4c, 0xcc, 0xce, 0xec, 0xcc, 0xc3, 0x0,
    0x0, 0x13, 0x22, 0x2a, 0x92, 0x22, 0x30, 0x0,
    0x0, 0x0, 0x0, 0x9, 0x80, 0x0, 0x0, 0x0,
    0x1f, 0xff, 0xff, 0xff, 0xff, 0xff, 0xff, 0xf3,
    0x0, 0x0, 0x0, 0xca, 0x0, 0x80, 0x0, 0x0,
    0x0, 0x0, 0x1b, 0xb1, 0x0, 0xcc, 0x0, 0x0,
    0x0, 0x4, 0xe8, 0x0, 0x12, 0x4f, 0xb0, 0x0,
    0x0, 0x6f, 0xff, 0xfe, 0xdc, 0xba, 0xeb, 0x0,
    0x0, 0x4, 0x20, 0x0, 0x0, 0x0, 0x35, 0x0,

    /* U+7F6E "置" */
    0xd, 0xed, 0xde, 0xdd, 0xfd, 0xde, 0xc0, 0x0,
    0xc6, 0x4, 0xa0, 0xd, 0x20, 0x7c, 0x0, 0xa,
    0xcc, 0xcc, 0xde, 0xcc, 0xcc, 0xa0, 0x3, 0x66,
    0x66, 0x6c, 0xd6, 0x66, 0x66, 0x0, 0x48, 0x77,
    0x77, 0xea, 0x77, 0x77, 0x80, 0x0, 0x6, 0xbb,
    0xbf, 0xcb, 0xbb, 0x40, 0x0, 0x0, 0x89, 0x22,
    0x22, 0x22, 0xb5, 0x0, 0x0, 0x7, 0xed, 0xdd,
    0xdd, 0xdf, 0x50, 0x0, 0x0, 0x78, 0x11, 0x11,
    0x11, 0xb5, 0x0, 0x0, 0x7, 0xff, 0xff, 0xff,
    0xff, 0x50, 0x0, 0x0, 0x7b, 0x77, 0x77, 0x77,
    0xd5, 0x0, 0x0, 0x7, 0xb5, 0x55, 0x55, 0x5c,
    0x50, 0x0, 0xed, 0xee, 0xdd, 0xdd, 0xdd, 0xed,
    0xde, 0x0,

    /* U+7FFB "翻" */
    0x0, 0x1, 0x37, 0xb0, 0x0, 0x0, 0x0, 0x0,
    0x6f, 0xff, 0xa6, 0x2e, 0xee, 0x3f, 0xff, 0x1,
    0xb0, 0xd2, 0xb1, 0x22, 0xd2, 0x1, 0xf0, 0xb,
    0x4d, 0x6a, 0x6, 0xd, 0x59, 0x1e, 0xb, 0xfe,
    0xfe, 0xe9, 0xf2, 0xd4, 0xf3, 0xe0, 0x11, 0xdf,
    0x45, 0xa, 0x7d, 0x2d, 0x6e, 0x0, 0x8a, 0xd6,
    0xf6, 0x68, 0xd2, 0x86, 0xe0, 0x8d, 0x17, 0x14,
    0xc0, 0xd, 0x20, 0x1e, 0x3d, 0xff, 0xff, 0xf4,
    0x1, 0xe2, 0x3b, 0xe0, 0xf, 0x1d, 0x2b, 0x47,
    0xef, 0xaf, 0x8e, 0x0, 0xff, 0xff, 0xf4, 0xd3,
    0xd3, 0x31, 0xe0, 0xf, 0x1d, 0x3b, 0x30, 0xd,
    0x20, 0x1e, 0x0, 0xf3, 0xd4, 0xc3, 0x0, 0xd2,
    0x1, 0xe0, 0xf, 0xdd, 0xdf, 0x42, 0x9e, 0x3,
    0x9c, 0x0, 0x10, 0x0, 0x0, 0x3, 0x0, 0x14,
    0x0,

    /* U+8001 "老" */
    0x0, 0x0, 0x0, 0xc7, 0x0, 0x0, 0x0, 0x0,
    0x0, 0x0, 0xb, 0x70, 0x0, 0xa, 0x40, 0x0,
    0x15, 0x44, 0xc9, 0x44, 0x45, 0xf5, 0x0, 0x3,
    0xcb, 0xbe, 0xdb, 0xca, 0xe7, 0x0, 0x0, 0x0,
    0x0, 0xb7, 0x0, 0xca, 0x0, 0x0, 0x21, 0x11,
    0x1c, 0x81, 0xad, 0x21, 0x22, 0xe, 0xee, 0xee,
    0xee, 0xff, 0xee, 0xee, 0xc0, 0x0, 0x0, 0x3,
    0xda, 0x0, 0x0, 0x0, 0x0, 0x0, 0x1e, 0xe5,
    0x0, 0x8e, 0x10, 0x0, 0x0, 0x7e, 0xf4, 0x28,
    0xec, 0x60, 0x0, 0x29, 0xfb, 0x2e, 0xed, 0x82,
    0x0, 0x0, 0x0, 0x93, 0x0, 0xe5, 0x0, 0x0,
    0x5, 0x20, 0x0, 0x0, 0xe, 0x70, 0x0, 0x2,
    0xe8, 0x0, 0x0, 0x0, 0x8f, 0xff, 0xff, 0xea,
    0x0, 0x0, 0x0, 0x0, 0x0, 0x11, 0x0, 0x0,
    0x0,

    /* U+8003 "考" */
    0x0, 0x0, 0x0, 0x3e, 0x0, 0x0, 0x0, 0x0,
    0x0, 0x1, 0x11, 0x4e, 0x11, 0x10, 0xa5, 0x0,
    0x0, 0x8, 0xdd, 0xdf, 0xdd, 0xb8, 0xe4, 0x0,
    0x0, 0x0, 0x0, 0x3e, 0x0, 0x8e, 0x20, 0x0,
    0x2, 0x22, 0x22, 0x5e, 0x29, 0xe4, 0x22, 0x30,
    0xc, 0xdd, 0xdd, 0xde, 0xfe, 0xdd, 0xdd, 0xe0,
    0x0, 0x0, 0x0, 0x4c, 0x50, 0x0, 0x0, 0x0,
    0x0, 0x0, 0x3b, 0xff, 0xff, 0xff, 0xf3, 0x0,
    0x1, 0x6c, 0xc3, 0x4e, 0x10, 0x0, 0x10, 0x0,
    0x1f, 0xd5, 0x0, 0xb9, 0x0, 0x0, 0x0, 0x0,
    0x2, 0x0, 0x5, 0xff, 0xff, 0xff, 0xd0, 0x0,
    0x0, 0x0, 0x0, 0x10, 0x0, 0x9, 0xa0, 0x0,
    0x0, 0x0, 0x0, 0x0, 0x0, 0xc, 0x70, 0x0,
    0x0, 0x0, 0x0, 0x3, 0x89, 0xbf, 0x20, 0x0,
    0x0, 0x0, 0x0, 0x2, 0xca, 0x83, 0x0, 0x0,

    /* U+8005 "者" */
    0x0, 0x0, 0x0, 0xf, 0x50, 0x0, 0x0, 0x0,
    0x0, 0x0, 0x0, 0xf, 0x50, 0x0, 0x2a, 0x0,
    0x0, 0xb, 0xff, 0xff, 0xff, 0xf3, 0xcc, 0x0,
    0x0, 0x1, 0x10, 0xe, 0x50, 0x1b, 0xc0, 0x0,
    0x0, 0x0, 0x0, 0xe, 0x50, 0xbc, 0x0, 0x0,
    0xa, 0xff, 0xff, 0xff, 0xff, 0xff, 0xff, 0xf4,
    0x1, 0x10, 0x0, 0x4, 0xf8, 0x0, 0x0, 0x10,
    0x0, 0x0, 0x0, 0x4e, 0x60, 0x0, 0x0, 0x0,
    0x0, 0x0, 0x5b, 0xef, 0xff, 0xff, 0xf2, 0x0,
    0x2, 0x7c, 0xee, 0x0, 0x0, 0x1, 0xf1, 0x0,
    0xa, 0xb4, 0x5f, 0xff, 0xff, 0xff, 0xf1, 0x0,
    0x0, 0x0, 0x5e, 0x0, 0x0, 0x2, 0xf1, 0x0,
    0x0, 0x0, 0x5e, 0x33, 0x33, 0x34, 0xf1, 0x0,
    0x0, 0x0, 0x5f, 0xcc, 0xcc, 0xcc, 0xf1, 0x0,
    0x0, 0x0, 0x6e, 0x0, 0x0, 0x1, 0xf2, 0x0,

    /* U+800C "而" */
    0x0, 0x0, 0x0, 0x0, 0x0, 0x0, 0x0, 0x0,
    0x2f, 0xff, 0xff, 0xff, 0xff, 0xff, 0xff, 0xf1,
    0x2, 0x21, 0x11, 0x1c, 0x91, 0x11, 0x11, 0x20,
    0x0, 0x0, 0x0, 0xe, 0x40, 0x0, 0x0, 0x0,
    0x0, 0xcc, 0xcc, 0xcf, 0xdc, 0xcc, 0xca, 0x0,
    0x0, 0xf7, 0x48, 0xe4, 0x4e, 0x84, 0x8d, 0x0,
    0x0, 0xf4, 0x5, 0xe0, 0xe, 0x50, 0x6d, 0x0,
    0x0, 0xf4, 0x5, 0xe0, 0xe, 0x50, 0x6d, 0x0,
    0x0, 0xf4, 0x5, 0xe0, 0xe, 0x50, 0x6d, 0x0,
    0x0, 0xf4, 0x5, 0xe0, 0xe, 0x50, 0x6d, 0x0,
    0x0, 0xf4, 0x5, 0xe0, 0xe, 0x50, 0x6d, 0x0,
    0x0, 0xf4, 0x5, 0xe0, 0xe, 0x50, 0x6d, 0x0,
    0x0, 0xf4, 0x2, 0x80, 0x6, 0x23, 0xac, 0x0,
    0x0, 0xf4, 0x0, 0x0, 0x0, 0xc, 0xf8, 0x0,
    0x0, 0x0, 0x0, 0x0, 0x0, 0x2, 0x20, 0x0,

    /* U+800D "耍" */
    0x0, 0x0, 0x0, 0x0, 0x0, 0x0, 0x0, 0x0,
    0x7, 0xff, 0xff, 0xff, 0xff, 0xff, 0xff, 0x80,
    0x0, 0x11, 0x11, 0x1c, 0x81, 0x11, 0x11, 0x0,
    0x0, 0x9f, 0xff, 0xff, 0xff, 0xff, 0xfa, 0x0,
    0x0, 0x9b, 0x5, 0xd0, 0x2f, 0x0, 0xaa, 0x0,
    0x0, 0x9b, 0x5, 0xd0, 0x2f, 0x0, 0xa9, 0x0,
    0x0, 0x9b, 0x4, 0xb0, 0x1d, 0x7, 0xe6, 0x0,
    0x0, 0x45, 0x0, 0x68, 0x0, 0x3, 0x20, 0x0,
    0x3, 0x32, 0x22, 0xea, 0x22, 0x22, 0x22, 0x30,
    0x2f, 0xee, 0xef, 0xfe, 0xee, 0xff, 0xee, 0xe3,
    0x0, 0x0, 0x2f, 0x40, 0x1, 0xe8, 0x0, 0x0,
    0x0, 0x0, 0x8f, 0xc8, 0x5c, 0xb0, 0x0, 0x0,
    0x0, 0x0, 0x0, 0x5e, 0xff, 0xb5, 0x0, 0x0,
    0x3, 0x68, 0xbe, 0xfb, 0x42, 0x8e, 0xfa, 0x20,
    0x4, 0xda, 0x74, 0x0, 0x0, 0x0, 0x5a, 0x0,

    /* U+804A "聊" */
    0x0, 0x0, 0x0, 0x0, 0x37, 0x80, 0x0, 0x0,
    0x4f, 0xff, 0xff, 0xff, 0xe9, 0x54, 0xff, 0xf2,
    0x3, 0xe0, 0x2e, 0xe, 0x21, 0x34, 0xc0, 0xe2,
    0x3, 0xe0, 0x2e, 0xe, 0x23, 0xf6, 0xc0, 0xe2,
    0x3, 0xff, 0xfe, 0xe, 0x22, 0xf4, 0xc0, 0xe2,
    0x3, 0xe0, 0x2e, 0xe, 0x22, 0xf3, 0xc0, 0xe2,
    0x3, 0xe0, 0x2e, 0xe, 0x22, 0xf3, 0xc0, 0xe2,
    0x3, 0xfe, 0xee, 0xe, 0x27, 0xf3, 0xc0, 0xe2,
    0x3, 0xe1, 0x3e, 0xe, 0xff, 0xe3, 0xc0, 0xe2,
    0x3, 0xe0, 0x2e, 0x3c, 0x87, 0xd3, 0xc2, 0xf2,
    0x3, 0xf5, 0x9f, 0xf1, 0xa, 0xa3, 0xce, 0xe0,
    0x4f, 0xfd, 0xae, 0x0, 0x1f, 0x43, 0xc3, 0x10,
    0x19, 0x30, 0x2e, 0x0, 0xac, 0x4, 0xc0, 0x0,
    0x0, 0x0, 0x2f, 0xa, 0xe2, 0x4, 0xc0, 0x0,
    0x0, 0x0, 0x3f, 0xb, 0x10, 0x4, 0xc0, 0x0,

    /* U+80B2 "育" */
    0x0, 0x0, 0x0, 0x86, 0x0, 0x0, 0x0, 0x1,
    0x0, 0x0, 0x8e, 0x0, 0x0, 0x11, 0x7e, 0xee,
    0xfe, 0xee, 0xee, 0xee, 0xed, 0x0, 0x1, 0xd9,
    0x0, 0x6, 0x40, 0x0, 0x0, 0x2c, 0xa0, 0x1,
    0x2a, 0xf8, 0x0, 0x0, 0x8f, 0xed, 0xcb, 0xa9,
    0x8d, 0x80, 0x0, 0x4, 0x33, 0x33, 0x33, 0x34,
    0x0, 0x0, 0x1f, 0xcc, 0xcc, 0xcc, 0xdf, 0x0,
    0x0, 0x1f, 0x0, 0x0, 0x0, 0x4e, 0x0, 0x0,
    0x1f, 0xff, 0xff, 0xff, 0xfe, 0x0, 0x0, 0x1f,
    0x10, 0x0, 0x0, 0x4e, 0x0, 0x0, 0x1f, 0xff,
    0xff, 0xff, 0xfe, 0x0, 0x0, 0x1f, 0x0, 0x0,
    0x0, 0x5e, 0x0, 0x0, 0x2f, 0x0, 0x0, 0x9,
    0xfa, 0x0, 0x0, 0x0, 0x0, 0x0, 0x1, 0x10,
    0x0,

    /* U+80C3 "胃" */
    0xef, 0xff, 0xff, 0xff, 0xff, 0xff, 0xe, 0x50,
    0x0, 0xd5, 0x0, 0x3, 0xf0, 0xef, 0xff, 0xff,
    0xff, 0xff, 0xff, 0xe, 0x50, 0x0, 0xd5, 0x0,
    0x3, 0xf0, 0xee, 0xdd, 0xdf, 0xed, 0xdd, 0xdf,
    0x2, 0x22, 0x22, 0x22, 0x22, 0x22, 0x20, 0x1f,
    0xff, 0xff, 0xff, 0xff, 0xf3, 0x1, 0xf1, 0x0,
    0x0, 0x0, 0x1f, 0x30, 0x1f, 0xff, 0xff, 0xff,
    0xff, 0xf3, 0x1, 0xf1, 0x0, 0x0, 0x0, 0x1f,
    0x30, 0x1f, 0xee, 0xee, 0xee, 0xee, 0xf3, 0x1,
    0xf1, 0x0, 0x0, 0x0, 0x2f, 0x20, 0x1f, 0x10,
    0x0, 0x0, 0xdf, 0xb0, 0x0, 0x0, 0x0, 0x0,
    0x1, 0x0, 0x0,

    /* U+80FD "能" */
    0x0, 0x0, 0x0, 0x0, 0x0, 0x0, 0x0, 0x0,
    0x7, 0xc0, 0x0, 0xf, 0x30, 0x1, 0x0, 0x1,
    0xe7, 0x2, 0x0, 0xe3, 0x19, 0xf1, 0x0, 0xbb,
    0x6, 0xe1, 0xe, 0xbe, 0xa3, 0x0, 0x9f, 0x44,
    0x5e, 0xd0, 0xe8, 0x10, 0x11, 0x9, 0xca, 0x97,
    0x7d, 0x3e, 0x40, 0x7, 0xd0, 0x1, 0x11, 0x11,
    0x0, 0xbe, 0xcc, 0xf6, 0x1, 0xff, 0xff, 0xf6,
    0x0, 0x22, 0x21, 0x0, 0x1f, 0x11, 0x1c, 0x50,
    0xe3, 0x0, 0x20, 0x1, 0xfe, 0xee, 0xf5, 0xe,
    0x31, 0xaf, 0x20, 0x1f, 0x21, 0x1c, 0x50, 0xec,
    0xfc, 0x30, 0x1, 0xf3, 0x22, 0xd5, 0xe, 0xb4,
    0x0, 0x0, 0x1f, 0xdd, 0xdf, 0x50, 0xe3, 0x0,
    0x0, 0x1, 0xf1, 0x0, 0xc5, 0xe, 0x40, 0x6,
    0xe0, 0x1f, 0x10, 0xbf, 0x40, 0xaf, 0xff, 0xf7,
    0x1, 0xf1, 0xb, 0xb0, 0x0, 0x0, 0x0, 0x0,
    0x0, 0x0, 0x0, 0x0, 0x0, 0x0, 0x0, 0x0,

    /* U+8150 "腐" */
    0x0, 0x0, 0x0, 0x0, 0x0, 0x0, 0x0, 0x0,
    0x0, 0x0, 0x0, 0x4f, 0x10, 0x0, 0x0, 0x0,
    0xdf, 0xff, 0xff, 0xff, 0xff, 0xff, 0xa0, 0xe,
    0x40, 0x65, 0x0, 0x0, 0x24, 0x11, 0x0, 0xd4,
    0x1f, 0xb2, 0x22, 0x27, 0xd2, 0x10, 0xd, 0x4b,
    0xf4, 0x9c, 0xbb, 0xdf, 0xc6, 0x0, 0xeb, 0xbf,
    0x40, 0xa5, 0x5, 0xc0, 0x0, 0xe, 0x42, 0xf4,
    0x4, 0x63, 0xab, 0x0, 0x0, 0xf2, 0x19, 0x20,
    0x67, 0x2a, 0x30, 0x0, 0xf, 0x2d, 0xff, 0xff,
    0xff, 0xff, 0xc0, 0x2, 0xf0, 0xd4, 0x6, 0xed,
    0x50, 0x4c, 0x0, 0x5c, 0xd, 0x5c, 0xd7, 0x7d,
    0x94, 0xc0, 0xa, 0x90, 0xd4, 0x43, 0xea, 0x11,
    0x4c, 0x2, 0xf4, 0xd, 0x44, 0xe7, 0x9e, 0x35,
    0xc0, 0x8, 0x0, 0xe4, 0xb6, 0x0, 0x44, 0xf7,
    0x0, 0x0, 0x0, 0x0, 0x0, 0x0, 0x1, 0x0,

    /* U+81EA "自" */
    0x0, 0x0, 0x20, 0x0, 0x0, 0x0, 0x0, 0x0,
    0xbb, 0x0, 0x0, 0x0, 0x0, 0x0, 0xd6, 0x0,
    0x0, 0x0, 0x3c, 0xcc, 0xfd, 0xcc, 0xcc, 0xc3,
    0x4f, 0x44, 0x44, 0x44, 0x44, 0xf4, 0x4e, 0x0,
    0x0, 0x0, 0x0, 0xe4, 0x4f, 0x33, 0x33, 0x33,
    0x33, 0xf4, 0x4f, 0xcc, 0xcc, 0xcc, 0xcc, 0xf4,
    0x4e, 0x0, 0x0, 0x0, 0x0, 0xe4, 0x4f, 0x33,
    0x33, 0x33, 0x33, 0xf4, 0x4f, 0xcc, 0xcc, 0xcc,
    0xcc, 0xf4, 0x4e, 0x0, 0x0, 0x0, 0x0, 0xe4,
    0x4e, 0x0, 0x0, 0x0, 0x0, 0xe4, 0x4f, 0xff,
    0xff, 0xff, 0xff, 0xf4, 0x5e, 0x0, 0x0, 0x0,
    0x0, 0xe5,

    /* U+821E "舞" */
    0x0, 0xb, 0x50, 0x0, 0x0, 0x0, 0x0, 0x0,
    0xa, 0xd1, 0x0, 0x0, 0x0, 0x1, 0x0, 0x9,
    0xef, 0xdf, 0xed, 0xfd, 0xfe, 0xd2, 0x6, 0xc3,
    0xe0, 0xb4, 0xf, 0x9, 0x70, 0x0, 0x1, 0xef,
    0xdf, 0xdd, 0xfd, 0xee, 0xd2, 0x0, 0x2, 0xe0,
    0xb4, 0xf, 0x9, 0x70, 0x0, 0x22, 0x4e, 0x2c,
    0x62, 0xf2, 0xa9, 0x22, 0xa, 0xbb, 0xdb, 0xbb,
    0xbb, 0xbb, 0xbb, 0xc3, 0x0, 0x6e, 0x0, 0x0,
    0x0, 0xd2, 0x0, 0x0, 0x4f, 0xee, 0xf6, 0xbe,
    0xef, 0xee, 0x50, 0x3f, 0xb8, 0x3f, 0x29, 0x70,
    0xe2, 0x0, 0x0, 0x21, 0xaf, 0xc0, 0xcc, 0xaf,
    0xba, 0x70, 0x0, 0x1a, 0xf3, 0x3, 0x33, 0xf5,
    0x33, 0x4, 0xaf, 0xf5, 0x0, 0x0, 0xf, 0x20,
    0x0, 0x3d, 0x81, 0x0, 0x0, 0x0, 0xf3, 0x0,
    0x0,

    /* U+8282 "节" */
    0x0, 0x0, 0x1f, 0x30, 0x8, 0xd0, 0x0, 0x0,
    0x0, 0x0, 0x1f, 0x30, 0x8, 0xd0, 0x0, 0x0,
    0x2f, 0xff, 0xff, 0xff, 0xff, 0xff, 0xff, 0xf1,
    0x3, 0x21, 0x2f, 0x41, 0x19, 0xd1, 0x12, 0x20,
    0x0, 0x0, 0x1f, 0x30, 0x8, 0xd0, 0x0, 0x0,
    0x1, 0x21, 0x25, 0x21, 0x13, 0x41, 0x11, 0x0,
    0x9, 0xff, 0xff, 0xff, 0xff, 0xff, 0xff, 0x20,
    0x0, 0x0, 0x0, 0xf5, 0x0, 0x0, 0x4f, 0x10,
    0x0, 0x0, 0x0, 0xf5, 0x0, 0x0, 0x5f, 0x0,
    0x0, 0x0, 0x0, 0xf5, 0x0, 0x0, 0x5f, 0x0,
    0x0, 0x0, 0x0, 0xf5, 0x0, 0x0, 0x7e, 0x0,
    0x0, 0x0, 0x0, 0xf5, 0x0, 0x9b, 0xfa, 0x0,
    0x0, 0x0, 0x0, 0xf5, 0x0, 0x9c, 0x81, 0x0,
    0x0, 0x0, 0x0, 0xf5, 0x0, 0x0, 0x0, 0x0,
    0x0, 0x0, 0x0, 0xf5, 0x0, 0x0, 0x0, 0x0,

    /* U+82B1 "花" */
    0x0, 0x0, 0x0, 0x0, 0x1, 0x10, 0x0, 0x0,
    0x0, 0x0, 0x2f, 0x30, 0x9, 0xa0, 0x0, 0x0,
    0x1, 0x11, 0x2f, 0x31, 0x19, 0xa1, 0x11, 0x10,
    0xf, 0xff, 0xff, 0xff, 0xff, 0xff, 0xff, 0xf0,
    0x0, 0x0, 0x2f, 0x20, 0x9, 0xa0, 0x0, 0x0,
    0x0, 0x0, 0x19, 0x10, 0x6, 0x40, 0x0, 0x0,
    0x0, 0x0, 0x8f, 0x40, 0x4f, 0x0, 0x22, 0x0,
    0x0, 0x7, 0xf4, 0x0, 0x4e, 0x1, 0xdd, 0x0,
    0x0, 0x8f, 0xf0, 0x0, 0x4e, 0x1d, 0xc1, 0x0,
    0xb, 0xe6, 0xf0, 0x0, 0x4f, 0xe9, 0x0, 0x0,
    0x8, 0x13, 0xf0, 0x3, 0xcf, 0x50, 0x0, 0x0,
    0x0, 0x3, 0xf2, 0xcf, 0xbe, 0x0, 0x0, 0x0,
    0x0, 0x3, 0xf0, 0x62, 0x4e, 0x0, 0x1, 0x50,
    0x0, 0x3, 0xf0, 0x0, 0x4f, 0x10, 0x7, 0xf0,
    0x0, 0x3, 0xf0, 0x0, 0x1e, 0xff, 0xff, 0x70,

    /* U+8349 "草" */
    0x0, 0x0, 0x1f, 0x20, 0x4, 0xf0, 0x0, 0x0,
    0x2, 0x22, 0x3f, 0x32, 0x26, 0xf2, 0x22, 0x20,
    0xc, 0xee, 0xef, 0xee, 0xee, 0xfe, 0xee, 0xd0,
    0x0, 0x0, 0x1f, 0x10, 0x4, 0xf0, 0x0, 0x0,
    0x0, 0x2e, 0xef, 0xee, 0xef, 0xfe, 0xe1, 0x0,
    0x0, 0x2f, 0x21, 0x11, 0x11, 0x13, 0xf1, 0x0,
    0x0, 0x2f, 0x43, 0x33, 0x33, 0x35, 0xf1, 0x0,
    0x0, 0x2f, 0xcc, 0xcc, 0xcc, 0xcc, 0xf1, 0x0,
    0x0, 0x2f, 0x10, 0x0, 0x0, 0x2, 0xf1, 0x0,
    0x0, 0x2f, 0xff, 0xff, 0xff, 0xff, 0xf1, 0x0,
    0x0, 0x0, 0x0, 0xc, 0x50, 0x0, 0x0, 0x0,
    0x7f, 0xff, 0xff, 0xff, 0xff, 0xff, 0xff, 0xf2,
    0x12, 0x11, 0x11, 0x1c, 0x61, 0x11, 0x12, 0x20,
    0x0, 0x0, 0x0, 0xc, 0x50, 0x0, 0x0, 0x0,
    0x0, 0x0, 0x0, 0xd, 0x60, 0x0, 0x0, 0x0,

    /* U+836F "药" */
    0x0, 0x0, 0xc, 0x70, 0x6, 0xc0, 0x0, 0x0,
    0x13, 0x22, 0x2c, 0x82, 0x27, 0xc2, 0x22, 0x30,
    0x5e, 0xee, 0xef, 0xee, 0xee, 0xfe, 0xee, 0xe4,
    0x0, 0x0, 0xc, 0x60, 0x5, 0xc0, 0x0, 0x0,
    0x0, 0x5, 0xb4, 0x10, 0x9, 0x80, 0x0, 0x0,
    0x0, 0x1e, 0x61, 0x20, 0x2f, 0xa6, 0x66, 0x20,
    0x0, 0xb9, 0xa, 0xc1, 0xbd, 0xaa, 0xae, 0x50,
    0x9, 0xfd, 0xde, 0x17, 0xf2, 0x0, 0xd, 0x40,
    0x2, 0x32, 0xe3, 0x9, 0x64, 0x30, 0xd, 0x30,
    0x0, 0x1d, 0x84, 0x50, 0x9, 0xc0, 0xe, 0x30,
    0x1, 0xff, 0xdb, 0x90, 0x0, 0xe5, 0xe, 0x30,
    0x0, 0x30, 0x0, 0x11, 0x0, 0x30, 0xf, 0x20,
    0x2, 0x68, 0xbe, 0xf5, 0x0, 0x1, 0x4f, 0x10,
    0x3, 0xea, 0x63, 0x0, 0x0, 0xe, 0xf9, 0x0,
    0x0, 0x0, 0x0, 0x0, 0x0, 0x2, 0x0, 0x0,

    /* U+83B7 "获" */
    0x0, 0x0, 0x0, 0x0, 0x0, 0x0, 0x0, 0x0,
    0x0, 0x0, 0xd6, 0x0, 0x6d, 0x0, 0x0, 0x1,
    0x21, 0x1d, 0x71, 0x17, 0xd1, 0x12, 0x10, 0x8e,
    0xee, 0xfe, 0xee, 0xef, 0xee, 0xe9, 0x0, 0x0,
    0xd, 0x60, 0x6, 0xd0, 0x0, 0x0, 0x5, 0x10,
    0x81, 0x0, 0x36, 0x3, 0x0, 0x0, 0x8e, 0xcb,
    0x10, 0x7, 0xc1, 0xe6, 0x0, 0x5, 0xef, 0x10,
    0x0, 0x6c, 0x3, 0xa0, 0xa, 0xc3, 0xa8, 0x6f,
    0xff, 0xff, 0xff, 0xa0, 0x10, 0x2e, 0xd0, 0x10,
    0xaf, 0x10, 0x11, 0x0, 0x4e, 0x6f, 0x0, 0xe,
    0xe5, 0x0, 0x0, 0x9e, 0x31, 0xf0, 0x7, 0xd5,
    0xd0, 0x0, 0x5, 0x10, 0x4e, 0x2, 0xf4, 0xc,
    0xb0, 0x0, 0x0, 0x2c, 0x82, 0xe9, 0x0, 0x1e,
    0xc1, 0x0, 0xbf, 0xa2, 0xfb, 0x0, 0x0, 0x2d,
    0x80, 0x3, 0x10, 0x3, 0x0, 0x0, 0x0, 0x0,

    /* U+843D "落" */
    0x0, 0x0, 0x2f, 0x10, 0xc, 0x70, 0x0, 0x0,
    0x1f, 0xee, 0xef, 0xee, 0xef, 0xfe, 0xee, 0xf0,
    0x2, 0x10, 0x2f, 0x11, 0xc, 0x70, 0x0, 0x10,
    0x0, 0x92, 0x17, 0xa, 0xa1, 0x10, 0x0, 0x0,
    0x0, 0x9f, 0x40, 0x3f, 0xff, 0xff, 0xf5, 0x0,
    0x0, 0x4, 0x11, 0xdf, 0x20, 0xa, 0xc0, 0x0,
    0xa, 0x60, 0xc, 0xb6, 0xe3, 0x9e, 0x10, 0x0,
    0x7, 0xfa, 0x6, 0x10, 0x8f, 0xf4, 0x0, 0x0,
    0x0, 0x33, 0x3, 0x6b, 0xf9, 0xaf, 0xdb, 0xa1,
    0x0, 0xc, 0x6f, 0xc7, 0x10, 0x0, 0x58, 0x90,
    0x0, 0x7c, 0x1, 0x8f, 0xff, 0xff, 0xf4, 0x0,
    0x1, 0xf3, 0x0, 0x8b, 0x0, 0x0, 0xe4, 0x0,
    0xb, 0xb0, 0x0, 0x8b, 0x11, 0x11, 0xe4, 0x0,
    0x1b, 0x30, 0x0, 0x8f, 0xdd, 0xdd, 0xf4, 0x0,
    0x0, 0x0, 0x0, 0x0, 0x0, 0x0, 0x0, 0x0,

    /* U+85CF "藏" */
    0x0, 0x0, 0x0, 0x0, 0x0, 0x0, 0x0, 0x0,
    0x0, 0x0, 0xf, 0x20, 0xc, 0x30, 0x0, 0x0,
    0xe, 0xee, 0xef, 0xee, 0xef, 0xee, 0xee, 0xb0,
    0x1, 0x0, 0xf, 0x20, 0x9, 0x30, 0x67, 0x10,
    0x3, 0x10, 0x0, 0x0, 0x0, 0xd5, 0x3a, 0x0,
    0xb, 0x4a, 0xdd, 0xdd, 0xdd, 0xfe, 0xdd, 0x80,
    0xb, 0x3b, 0x72, 0x22, 0x22, 0xb7, 0x22, 0x10,
    0xb, 0xce, 0x6c, 0xff, 0xfb, 0x87, 0x9, 0x20,
    0x2, 0x3c, 0x6c, 0x43, 0xc0, 0x69, 0x1f, 0x20,
    0x28, 0x8d, 0x6b, 0xee, 0xed, 0x4c, 0x5d, 0x0,
    0x3c, 0xce, 0x6b, 0x40, 0xd, 0x1f, 0xa7, 0x0,
    0x8, 0x6d, 0x5b, 0xee, 0xfc, 0xc, 0xf1, 0x0,
    0xc, 0x4e, 0x3c, 0x43, 0xc0, 0xd, 0xd0, 0x10,
    0x2e, 0x2f, 0xb, 0xff, 0xfe, 0xbb, 0xe6, 0xe2,
    0x26, 0x6c, 0x0, 0x0, 0x1d, 0xd1, 0x6f, 0xf0,
    0x0, 0xa6, 0x0, 0x0, 0xb, 0x10, 0x9, 0xa0,
    0x0, 0x0, 0x0, 0x0, 0x0, 0x0, 0x0, 0x0,

    /* U+86CB "蛋" */
    0x0, 0x0, 0x0, 0x0, 0x0, 0x0, 0x0, 0x0,
    0x4, 0xff, 0xff, 0xff, 0xff, 0xff, 0xff, 0x50,
    0x0, 0x0, 0x52, 0x5, 0xd0, 0x0, 0x49, 0x0,
    0x0, 0x1, 0xf4, 0x5, 0xff, 0xff, 0xf7, 0x0,
    0x0, 0xa, 0xf9, 0x5, 0xd0, 0x0, 0x0, 0x0,
    0x0, 0x8e, 0x2b, 0xfd, 0xe3, 0x33, 0x34, 0x61,
    0xb, 0xe2, 0x0, 0x38, 0xcc, 0xdd, 0xde, 0xd0,
    0x4, 0x10, 0x0, 0x6, 0xd0, 0x0, 0x0, 0x0,
    0x0, 0x3f, 0xdd, 0xde, 0xfd, 0xdd, 0xf4, 0x0,
    0x0, 0x3e, 0x0, 0x5, 0xd0, 0x0, 0xd4, 0x0,
    0x0, 0x3f, 0xff, 0xff, 0xff, 0xff, 0xf4, 0x0,
    0x0, 0x3c, 0x0, 0x5, 0xd0, 0x4, 0x50, 0x0,
    0x0, 0x0, 0x0, 0x16, 0xd4, 0x4b, 0xf6, 0x0,
    0x5, 0xff, 0xff, 0xdc, 0xcb, 0xa9, 0x8f, 0x50,
    0x0, 0x21, 0x0, 0x0, 0x0, 0x0, 0x4, 0x0,

    /* U+8868 "表" */
    0x0, 0x0, 0x0, 0xe, 0x70, 0x0, 0x0, 0x0,
    0x0, 0x11, 0x0, 0xe, 0x60, 0x0, 0x1, 0x0,
    0x2, 0xff, 0xff, 0xff, 0xff, 0xff, 0xff, 0x10,
    0x0, 0x0, 0x0, 0xd, 0x60, 0x0, 0x0, 0x0,
    0x0, 0x6f, 0xff, 0xff, 0xff, 0xff, 0xf6, 0x0,
    0x0, 0x0, 0x0, 0xd, 0x60, 0x0, 0x0, 0x0,
    0x5d, 0xdd, 0xdd, 0xdf, 0xed, 0xdd, 0xdd, 0xd0,
    0x13, 0x22, 0x26, 0xf5, 0x72, 0x22, 0x33, 0x30,
    0x0, 0x0, 0x5f, 0x71, 0xf1, 0x3, 0xe4, 0x0,
    0x0, 0x19, 0xff, 0x40, 0xab, 0x3e, 0x90, 0x0,
    0x7, 0xed, 0x3e, 0x40, 0x2e, 0xf7, 0x0, 0x0,
    0xb, 0x70, 0xe, 0x47, 0xc3, 0xfa, 0x30, 0x0,
    0x0, 0x0, 0xf, 0xee, 0x60, 0x2c, 0xfe, 0xa0,
    0x0, 0x0, 0x1f, 0x90, 0x0, 0x0, 0x39, 0x70,
    0x0, 0x0, 0x1, 0x0, 0x0, 0x0, 0x0, 0x0,

    /* U+88AB "被" */
    0x0, 0x0, 0x0, 0x0, 0x0, 0x0, 0x0, 0x0,
    0x0, 0x1e, 0x20, 0x0, 0x0, 0xe4, 0x0, 0x0,
    0x0, 0xa, 0xa0, 0x0, 0x0, 0xd4, 0x0, 0x0,
    0x0, 0x2, 0x10, 0x8, 0x99, 0xfb, 0x99, 0x80,
    0xf, 0xff, 0xf9, 0xe, 0x64, 0xe7, 0x4c, 0x90,
    0x0, 0x2, 0xf1, 0xe, 0x30, 0xd4, 0x8, 0x30,
    0x0, 0xc, 0x74, 0xe, 0x30, 0xd4, 0x0, 0x0,
    0x0, 0x9f, 0x4e, 0x5e, 0xdd, 0xfe, 0xd9, 0x0,
    0x9, 0xff, 0xf7, 0xe, 0x9a, 0x11, 0xc6, 0x0,
    0x3e, 0x4f, 0x9d, 0x1f, 0x4d, 0x0, 0xf1, 0x0,
    0x1, 0x2f, 0x9, 0x2f, 0xd, 0x36, 0xc0, 0x0,
    0x0, 0x2f, 0x0, 0x5c, 0x7, 0xbe, 0x40, 0x0,
    0x0, 0x2f, 0x0, 0xa8, 0x1, 0xfc, 0x0, 0x0,
    0x0, 0x2f, 0x2, 0xf2, 0xa, 0xee, 0x81, 0x0,
    0x0, 0x2f, 0xd, 0xa3, 0xcd, 0x12, 0xdf, 0xa0,
    0x0, 0x2f, 0x8, 0x15, 0xa1, 0x0, 0x6, 0x60,

    /* U+88B1 "袱" */
    0x0, 0x0, 0x0, 0x0, 0x0, 0x0, 0x0, 0x0,
    0x0, 0x3e, 0x20, 0x1, 0xa1, 0x1c, 0x20, 0x0,
    0x0, 0xb, 0xb0, 0x5, 0xf1, 0x1f, 0x4c, 0x0,
    0x0, 0x2, 0x30, 0xb, 0x90, 0x1f, 0x1d, 0x90,
    0x7, 0x77, 0x71, 0x2f, 0x40, 0x1f, 0x14, 0x50,
    0x19, 0x9c, 0xe0, 0xaf, 0x32, 0x3f, 0x22, 0x20,
    0x0, 0xd, 0x64, 0xff, 0x4e, 0xef, 0xff, 0xf0,
    0x0, 0x8e, 0x7b, 0x8f, 0x30, 0x3f, 0x60, 0x0,
    0x5, 0xff, 0xf3, 0xf, 0x30, 0x5f, 0x80, 0x0,
    0x4f, 0x9f, 0xf4, 0xf, 0x30, 0x7e, 0xc0, 0x0,
    0x7, 0x3f, 0x6e, 0x1f, 0x30, 0xb8, 0xf1, 0x0,
    0x0, 0x3f, 0x5, 0xf, 0x30, 0xf3, 0xc6, 0x0,
    0x0, 0x3f, 0x0, 0xf, 0x37, 0xe0, 0x6d, 0x0,
    0x0, 0x3f, 0x0, 0xf, 0x4e, 0x80, 0xe, 0x80,
    0x0, 0x3f, 0x0, 0xf, 0xef, 0x10, 0x5, 0xf2,
    0x0, 0x3f, 0x0, 0xf, 0x55, 0x0, 0x0, 0x30,
    0x0, 0x0, 0x0, 0x0, 0x0, 0x0, 0x0, 0x0,

    /* U+88C5 "装" */
    0x0, 0x0, 0x45, 0x0, 0xd, 0x50, 0x0, 0x5,
    0x10, 0x89, 0x0, 0xd, 0x50, 0x0, 0xb, 0xd2,
    0x79, 0x8e, 0xdf, 0xed, 0xd6, 0x0, 0x81, 0x79,
    0x11, 0x1d, 0x51, 0x10, 0x0, 0x18, 0xe9, 0x0,
    0xd, 0x50, 0x0, 0x3a, 0xe8, 0x99, 0xe, 0xff,
    0xff, 0xd0, 0x28, 0x10, 0x89, 0x72, 0x0, 0x0,
    0x0, 0x0, 0x0, 0x0, 0x8a, 0x0, 0x0, 0x0,
    0x6f, 0xff, 0xff, 0xff, 0xff, 0xff, 0xfe, 0x0,
    0x0, 0x1c, 0xae, 0x10, 0x4, 0x0, 0x0, 0x5,
    0xe8, 0x7, 0xc0, 0x6f, 0x50, 0x16, 0xdb, 0xe4,
    0x0, 0xae, 0xc2, 0x0, 0x5c, 0x40, 0xda, 0xe5,
    0xa, 0xd7, 0x31, 0x0, 0x1, 0xfb, 0x30, 0x0,
    0x4a, 0xf9, 0x0, 0x0, 0x10, 0x0, 0x0, 0x0,
    0x0,

    /* U+897F "西" */
    0xaf, 0xff, 0xff, 0xff, 0xff, 0xff, 0xff, 0x30,
    0x0, 0x0, 0xd3, 0xd, 0x30, 0x0, 0x0, 0x0,
    0x0, 0xd, 0x30, 0xd3, 0x0, 0x0, 0x0, 0x2,
    0x22, 0xd5, 0x2e, 0x52, 0x22, 0x0, 0x5, 0xfd,
    0xdf, 0xed, 0xfe, 0xdd, 0xf0, 0x0, 0x4d, 0x0,
    0xe2, 0xd, 0x30, 0x2e, 0x0, 0x4, 0xd0, 0x1f,
    0x0, 0xd3, 0x2, 0xe0, 0x0, 0x4d, 0x7, 0xb0,
    0xd, 0x30, 0x2e, 0x0, 0x4, 0xd2, 0xf4, 0x0,
    0xce, 0xd8, 0xe0, 0x0, 0x4d, 0x68, 0x0, 0x2,
    0x66, 0x4e, 0x0, 0x4, 0xd0, 0x0, 0x0, 0x0,
    0x2, 0xe0, 0x0, 0x4f, 0xff, 0xff, 0xff, 0xff,
    0xfe, 0x0, 0x5, 0xd0, 0x0, 0x0, 0x0, 0x2,
    0xf0, 0x0, 0x0, 0x0, 0x0, 0x0, 0x0, 0x0,
    0x0,

    /* U+8981 "要" */
    0x0, 0x0, 0x0, 0x0, 0x0, 0x0, 0x0, 0x0,
    0xf, 0xff, 0xff, 0xff, 0xff, 0xff, 0xff, 0xd0,
    0x0, 0x0, 0x5, 0xe0, 0xe, 0x40, 0x0, 0x0,
    0x0, 0xbf, 0xff, 0xff, 0xff, 0xff, 0xfb, 0x0,
    0x0, 0xb8, 0x5, 0xe0, 0xe, 0x40, 0x8b, 0x0,
    0x0, 0xb8, 0x5, 0xe0, 0xe, 0x40, 0x8b, 0x0,
    0x0, 0xbf, 0xff, 0xff, 0xff, 0xff, 0xfb, 0x0,
    0x0, 0x0, 0x0, 0x8b, 0x0, 0x0, 0x0, 0x0,
    0xad, 0xdd, 0xdd, 0xfe, 0xdd, 0xdd, 0xdd, 0xe2,
    0x22, 0x22, 0x5f, 0x62, 0x25, 0xf4, 0x22, 0x30,
    0x0, 0x2, 0xee, 0x72, 0x1e, 0x70, 0x0, 0x0,
    0x0, 0x0, 0x36, 0xae, 0xfe, 0x40, 0x0, 0x0,
    0x0, 0x0, 0x25, 0xbe, 0x78, 0xdf, 0xb6, 0x10,
    0xa, 0xff, 0xfb, 0x60, 0x0, 0x2, 0x8e, 0x90,
    0x2, 0x42, 0x0, 0x0, 0x0, 0x0, 0x0, 0x0,

    /* U+89C8 "览" */
    0x0, 0x0, 0x0, 0x0, 0x1, 0x0, 0x0, 0x0,
    0x0, 0x0, 0xe, 0x50, 0x4f, 0x30, 0x0, 0x0,
    0x0, 0xf4, 0xe, 0x40, 0x8d, 0x0, 0x0, 0x10,
    0x0, 0xf3, 0xe, 0x40, 0xdf, 0xff, 0xff, 0xf0,
    0x0, 0xf3, 0xe, 0x43, 0xe0, 0x32, 0x0, 0x0,
    0x0, 0xf3, 0xe, 0x4b, 0x80, 0x8e, 0x40, 0x0,
    0x0, 0xf4, 0xa, 0x33, 0x10, 0x4, 0xd2, 0x0,
    0x0, 0x13, 0x33, 0x33, 0x33, 0x33, 0x10, 0x0,
    0x0, 0xb, 0xec, 0xcc, 0xcc, 0xcf, 0x40, 0x0,
    0x0, 0xb, 0x80, 0x13, 0x0, 0xe, 0x30, 0x0,
    0x0, 0xb, 0x80, 0x5c, 0x10, 0xe, 0x30, 0x0,
    0x0, 0xb, 0x80, 0xc5, 0xe5, 0xe, 0x30, 0x0,
    0x0, 0x9, 0x67, 0xd0, 0xd4, 0x7, 0x20, 0x20,
    0x0, 0x4, 0xbd, 0x10, 0xd6, 0x0, 0x3, 0xf4,
    0xc, 0xfe, 0x80, 0x0, 0x8f, 0xff, 0xff, 0xa0,
    0x3, 0x30, 0x0, 0x0, 0x0, 0x0, 0x0, 0x0,

    /* U+89C9 "觉" */
    0x0, 0x0, 0x0, 0x34, 0x0, 0x5, 0x10, 0x0,
    0x8, 0x90, 0x8, 0xc0, 0x1, 0xf6, 0x0, 0x0,
    0x2f, 0x40, 0x3f, 0x10, 0x8b, 0x0, 0x0, 0x33,
    0x84, 0x33, 0x43, 0x4f, 0x63, 0x31, 0xf, 0xcb,
    0xbb, 0xbb, 0xbb, 0xbb, 0xbf, 0x40, 0xe3, 0x0,
    0x0, 0x0, 0x0, 0x0, 0xe4, 0x9, 0x2e, 0xff,
    0xff, 0xff, 0xff, 0x10, 0x0, 0x0, 0xe3, 0x0,
    0x0, 0x0, 0xf1, 0x0, 0x0, 0xe, 0x30, 0x4e,
    0x10, 0xf, 0x10, 0x0, 0x0, 0xe3, 0x7, 0xc0,
    0x0, 0xf1, 0x0, 0x0, 0xf, 0x30, 0xc7, 0xf3,
    0xe, 0x10, 0x0, 0x0, 0x0, 0x8e, 0x1e, 0x30,
    0x0, 0x85, 0x0, 0x4, 0xbe, 0x30, 0xe6, 0x0,
    0x1e, 0x80, 0xbf, 0xe8, 0x10, 0x9, 0xff, 0xff,
    0xc1, 0x2, 0x20, 0x0, 0x0, 0x0, 0x0, 0x0,
    0x0,

    /* U+89E3 "解" */
    0x0, 0x9, 0x70, 0x0, 0x0, 0x0, 0x0, 0x0,
    0x0, 0x2f, 0x83, 0x30, 0x9f, 0xff, 0xff, 0xd0,
    0x0, 0xbd, 0xbd, 0xd0, 0x1, 0xf0, 0x6, 0xc0,
    0x9, 0xc0, 0xd, 0x40, 0x6, 0xb0, 0x7, 0xb0,
    0x3e, 0xef, 0xff, 0xff, 0x2e, 0x53, 0xae, 0x80,
    0x0, 0xd5, 0x4c, 0x2f, 0x3b, 0x1, 0xa6, 0x0,
    0x0, 0xd8, 0x8d, 0x6f, 0x3, 0xb, 0x50, 0x0,
    0x0, 0xdb, 0xbe, 0xaf, 0xc, 0x8d, 0x62, 0x20,
    0x0, 0xd4, 0x4c, 0x2f, 0x2f, 0xcf, 0xdd, 0xc0,
    0x0, 0xed, 0xdf, 0xcf, 0x35, 0xc, 0x40, 0x0,
    0x0, 0xf1, 0x4c, 0x2f, 0x8c, 0xcf, 0xdc, 0xd2,
    0x2, 0xf0, 0x4c, 0x2f, 0x12, 0x2d, 0x62, 0x30,
    0x7, 0xc0, 0x4c, 0x4f, 0x0, 0xc, 0x40, 0x0,
    0xe, 0x70, 0x2, 0xdd, 0x0, 0xc, 0x40, 0x0,
    0x3, 0x10, 0x0, 0x31, 0x0, 0xd, 0x50, 0x0,

    /* U+8BA1 "计" */
    0x0, 0x82, 0x0, 0x0, 0x4, 0xf0, 0x0, 0x0,
    0x0, 0xae, 0x20, 0x0, 0x4, 0xe0, 0x0, 0x0,
    0x0, 0xb, 0xe1, 0x0, 0x4, 0xe0, 0x0, 0x0,
    0x0, 0x0, 0x70, 0x0, 0x4, 0xe0, 0x0, 0x0,
    0x1, 0x11, 0x0, 0x0, 0x4, 0xe0, 0x0, 0x0,
    0x6f, 0xff, 0x49, 0xff, 0xff, 0xff, 0xff, 0xf1,
    0x0, 0xe, 0x41, 0x21, 0x15, 0xe1, 0x11, 0x20,
    0x0, 0xe, 0x40, 0x0, 0x4, 0xe0, 0x0, 0x0,
    0x0, 0xe, 0x40, 0x0, 0x4, 0xe0, 0x0, 0x0,
    0x0, 0xe, 0x44, 0x30, 0x4, 0xe0, 0x0, 0x0,
    0x0, 0xe, 0x7e, 0x70, 0x4, 0xe0, 0x0, 0x0,
    0x0, 0xf, 0xf8, 0x0, 0x4, 0xe0, 0x0, 0x0,
    0x0, 0x2f, 0x80, 0x0, 0x4, 0xe0, 0x0, 0x0,
    0x0, 0x3, 0x0, 0x0, 0x4, 0xf0, 0x0, 0x0,

    /* U+8BA4 "认" */
    0x0, 0x0, 0x0, 0x0, 0x0, 0x0, 0x0, 0x0,
    0x0, 0x2b, 0x10, 0x0, 0xd, 0xa0, 0x0, 0x0,
    0x0, 0x1d, 0xc0, 0x0, 0xd, 0x80, 0x0, 0x0,
    0x0, 0x1, 0xe7, 0x0, 0xc, 0x80, 0x0, 0x0,
    0x0, 0x0, 0x20, 0x0, 0xd, 0x80, 0x0, 0x0,
    0x0, 0x0, 0x0, 0x0, 0xd, 0x90, 0x0, 0x0,
    0x3f, 0xff, 0x30, 0x0, 0xe, 0xb0, 0x0, 0x0,
    0x1, 0x2f, 0x30, 0x0, 0x1f, 0xe0, 0x0, 0x0,
    0x0, 0x1f, 0x30, 0x0, 0x4e, 0xf2, 0x0, 0x0,
    0x0, 0x1f, 0x30, 0x0, 0xaa, 0xb8, 0x0, 0x0,
    0x0, 0x1f, 0x39, 0x91, 0xf4, 0x6e, 0x0, 0x0,
    0x0, 0x1f, 0xbe, 0x3a, 0xd0, 0xe, 0x70, 0x0,
    0x0, 0x1f, 0xf3, 0x5f, 0x40, 0x7, 0xf3, 0x0,
    0x0, 0x4f, 0x44, 0xf8, 0x0, 0x0, 0xce, 0x20,
    0x0, 0x2, 0x3f, 0xa0, 0x0, 0x0, 0x1d, 0xd1,
    0x0, 0x0, 0x4, 0x0, 0x0, 0x0, 0x1, 0x20,

    /* U+8BB0 "记" */
    0x0, 0x74, 0x0, 0x0, 0x0, 0x0, 0x0, 0x0,
    0x0, 0x7f, 0x60, 0x7f, 0xff, 0xff, 0xfe, 0x0,
    0x0, 0x6, 0xf3, 0x12, 0x11, 0x11, 0x5e, 0x0,
    0x0, 0x0, 0x30, 0x0, 0x0, 0x0, 0x4e, 0x0,
    0x14, 0x44, 0x10, 0x0, 0x0, 0x0, 0x4e, 0x0,
    0x4d, 0xcf, 0x40, 0x0, 0x0, 0x0, 0x4e, 0x0,
    0x0, 0xe, 0x40, 0xd, 0xff, 0xff, 0xff, 0x0,
    0x0, 0xe, 0x40, 0xe, 0x51, 0x11, 0x5f, 0x0,
    0x0, 0xe, 0x40, 0xd, 0x40, 0x0, 0x0, 0x0,
    0x0, 0xe, 0x40, 0xd, 0x40, 0x0, 0x0, 0x0,
    0x0, 0xe, 0x4b, 0x7d, 0x40, 0x0, 0x0, 0x0,
    0x0, 0xf, 0xed, 0x2d, 0x40, 0x0, 0x3, 0xc2,
    0x0, 0x6f, 0xb0, 0xd, 0x91, 0x11, 0x19, 0xf0,
    0x0, 0x29, 0x0, 0x6, 0xff, 0xff, 0xff, 0x70,

    /* U+8BB2 "讲" */
    0x0, 0x62, 0x0, 0x1, 0x91, 0x9, 0x40, 0x0,
    0x0, 0xad, 0x10, 0x1, 0xf1, 0xd, 0x50, 0x0,
    0x0, 0xc, 0xc0, 0x1, 0xf0, 0xd, 0x50, 0x0,
    0x0, 0x2, 0x70, 0x22, 0xf2, 0x2e, 0x62, 0x20,
    0x1, 0x11, 0x4, 0xff, 0xff, 0xff, 0xff, 0xc0,
    0x2f, 0xff, 0x0, 0x1, 0xf0, 0xd, 0x50, 0x0,
    0x0, 0x3f, 0x0, 0x1, 0xf0, 0xd, 0x50, 0x0,
    0x0, 0x3f, 0x0, 0x1, 0xf0, 0xd, 0x50, 0x0,
    0x0, 0x3f, 0xb, 0xff, 0xff, 0xff, 0xff, 0xf3,
    0x0, 0x3f, 0x1, 0x14, 0xe1, 0x1d, 0x51, 0x10,
    0x0, 0x3f, 0x3, 0x6, 0xc0, 0xd, 0x50, 0x0,
    0x0, 0x3f, 0x8e, 0xb, 0x80, 0xd, 0x50, 0x0,
    0x0, 0x5f, 0xe3, 0x2f, 0x30, 0xd, 0x50, 0x0,
    0x0, 0x7d, 0x21, 0xda, 0x0, 0xd, 0x50, 0x0,
    0x0, 0x1, 0x3, 0xd1, 0x0, 0xe, 0x50, 0x0,
    0x0, 0x0, 0x0, 0x0, 0x0, 0x0, 0x0, 0x0,

    /* U+8BB8 "许" */
    0x0, 0x49, 0x0, 0x2, 0xc2, 0x0, 0x0, 0x0,
    0x0, 0x4f, 0x30, 0x7, 0xd0, 0x0, 0x0, 0x0,
    0x0, 0xb, 0xa0, 0xd, 0x94, 0x44, 0x44, 0x30,
    0x0, 0x2, 0x0, 0x4f, 0xbb, 0xfc, 0xbb, 0x80,
    0x25, 0x55, 0x0, 0xc8, 0x0, 0xd5, 0x0, 0x0,
    0x5c, 0xcf, 0x25, 0xe1, 0x0, 0xd5, 0x0, 0x0,
    0x0, 0x1f, 0x20, 0x10, 0x0, 0xd5, 0x0, 0x0,
    0x0, 0x1f, 0x20, 0x32, 0x22, 0xe7, 0x22, 0x31,
    0x0, 0x1f, 0x20, 0xee, 0xee, 0xfe, 0xee, 0xe4,
    0x0, 0x1f, 0x20, 0x0, 0x0, 0xd5, 0x0, 0x0,
    0x0, 0x1f, 0x2c, 0x0, 0x0, 0xd5, 0x0, 0x0,
    0x0, 0x1f, 0xcd, 0x10, 0x0, 0xd5, 0x0, 0x0,
    0x0, 0x2f, 0xd1, 0x0, 0x0, 0xd5, 0x0, 0x0,
    0x0, 0x8e, 0x10, 0x0, 0x0, 0xd5, 0x0, 0x0,
    0x0, 0x3, 0x0, 0x0, 0x0, 0xe5, 0x0, 0x0,

    /* U+8BBE "设" */
    0x0, 0x50, 0x0, 0x0, 0x0, 0x0, 0x0, 0x0,
    0x0, 0xdb, 0x0, 0xf, 0xff, 0xff, 0x30, 0x0,
    0x0, 0x1e, 0x90, 0xf, 0x20, 0x1f, 0x30, 0x0,
    0x0, 0x3, 0x50, 0x2f, 0x10, 0x1f, 0x30, 0x0,
    0x0, 0x0, 0x0, 0x8c, 0x0, 0x1f, 0x30, 0x0,
    0x4d, 0xdd, 0x15, 0xf4, 0x0, 0xf, 0xed, 0xd0,
    0x13, 0x5f, 0x14, 0x60, 0x0, 0x2, 0x54, 0x40,
    0x0, 0x2f, 0x14, 0xff, 0xff, 0xff, 0xf5, 0x0,
    0x0, 0x2f, 0x10, 0x1f, 0x10, 0x7, 0xe0, 0x0,
    0x0, 0x2f, 0x10, 0xb, 0x80, 0xe, 0x70, 0x0,
    0x0, 0x2f, 0x39, 0x2, 0xf3, 0x9d, 0x0, 0x0,
    0x0, 0x2f, 0xec, 0x0, 0x7f, 0xf3, 0x0, 0x0,
    0x0, 0x4f, 0xb0, 0x1, 0xaf, 0xf8, 0x10, 0x0,
    0x0, 0x4d, 0x14, 0xaf, 0x91, 0x3b, 0xfc, 0x91,
    0x0, 0x0, 0x1b, 0x71, 0x0, 0x0, 0x26, 0x90,

    /* U+8BBF "访" */
    0x0, 0x0, 0x0, 0x0, 0x0, 0x0, 0x0, 0x0,
    0x1, 0x90, 0x0, 0x0, 0x3e, 0x20, 0x0, 0x0,
    0x0, 0xda, 0x0, 0x0, 0xc, 0xc0, 0x0, 0x0,
    0x0, 0x3f, 0x51, 0x11, 0x14, 0x91, 0x11, 0x10,
    0x0, 0x5, 0x1b, 0xff, 0xff, 0xff, 0xff, 0xf3,
    0x1, 0x11, 0x0, 0x0, 0xf3, 0x0, 0x0, 0x0,
    0x2f, 0xff, 0x0, 0x0, 0xf3, 0x0, 0x0, 0x0,
    0x0, 0x4f, 0x0, 0x0, 0xff, 0xff, 0xff, 0x10,
    0x0, 0x4f, 0x0, 0x1, 0xf3, 0x11, 0x3f, 0x0,
    0x0, 0x4f, 0x0, 0x2, 0xf0, 0x0, 0x3f, 0x0,
    0x0, 0x4f, 0x3, 0x5, 0xd0, 0x0, 0x4e, 0x0,
    0x0, 0x4f, 0x5e, 0x2b, 0x90, 0x0, 0x5d, 0x0,
    0x0, 0x4f, 0xe3, 0x4f, 0x20, 0x0, 0x6c, 0x0,
    0x0, 0xad, 0x12, 0xe7, 0x0, 0x46, 0xd9, 0x0,
    0x0, 0x11, 0x7, 0xa0, 0x0, 0x8e, 0xb1, 0x0,
    0x0, 0x0, 0x0, 0x0, 0x0, 0x0, 0x0, 0x0,

    /* U+8BC6 "识" */
    0x0, 0x69, 0x0, 0x0, 0x0, 0x0, 0x0, 0x0,
    0x0, 0x4f, 0x70, 0x6f, 0xff, 0xff, 0xff, 0x0,
    0x0, 0x8, 0xd0, 0x6e, 0x33, 0x33, 0x8f, 0x0,
    0x0, 0x0, 0x10, 0x6e, 0x0, 0x0, 0x6e, 0x0,
    0x12, 0x22, 0x0, 0x6e, 0x0, 0x0, 0x6e, 0x0,
    0x5e, 0xef, 0x10, 0x6e, 0x0, 0x0, 0x6e, 0x0,
    0x0, 0x3f, 0x10, 0x6e, 0x0, 0x0, 0x6e, 0x0,
    0x0, 0x3f, 0x10, 0x6f, 0xee, 0xee, 0xff, 0x0,
    0x0, 0x3f, 0x10, 0x12, 0x22, 0x22, 0x22, 0x0,
    0x0, 0x3f, 0x18, 0x0, 0x70, 0x3, 0x50, 0x0,
    0x0, 0x3f, 0xce, 0x8, 0xf2, 0x9, 0xf3, 0x0,
    0x0, 0x3f, 0xe2, 0x4f, 0x50, 0x0, 0xce, 0x20,
    0x0, 0xaf, 0x32, 0xe8, 0x0, 0x0, 0x1e, 0xd0,
    0x0, 0x14, 0xc, 0xb0, 0x0, 0x0, 0x4, 0xd1,
    0x0, 0x0, 0x1, 0x0, 0x0, 0x0, 0x0, 0x0,

    /* U+8BD5 "试" */
    0x0, 0x0, 0x0, 0x0, 0x0, 0x20, 0x0, 0x0,
    0x0, 0x60, 0x0, 0x0, 0x0, 0xf5, 0x8a, 0x0,
    0x1, 0xe9, 0x0, 0x0, 0x0, 0xf4, 0x2e, 0x80,
    0x0, 0x2e, 0x30, 0x0, 0x0, 0xf4, 0x4, 0x20,
    0x0, 0x1, 0x1d, 0xcc, 0xcc, 0xfd, 0xcc, 0xb0,
    0x2, 0x22, 0x4, 0x33, 0x33, 0xd8, 0x33, 0x30,
    0xf, 0xff, 0x0, 0x0, 0x0, 0xb7, 0x0, 0x0,
    0x0, 0x3e, 0x4, 0xdc, 0xc6, 0x99, 0x0, 0x0,
    0x0, 0x3e, 0x1, 0x4f, 0x72, 0x7b, 0x0, 0x0,
    0x0, 0x3e, 0x0, 0xe, 0x30, 0x4f, 0x0, 0x0,
    0x0, 0x3e, 0x0, 0xe, 0x30, 0x1f, 0x30, 0x0,
    0x0, 0x3e, 0x5c, 0xe, 0x31, 0xc, 0x70, 0x10,
    0x0, 0x3f, 0xf5, 0x4f, 0xde, 0x7, 0xd0, 0xe4,
    0x0, 0x8f, 0x39, 0xfa, 0x51, 0x0, 0xea, 0xf4,
    0x0, 0x23, 0x0, 0x0, 0x0, 0x0, 0x5f, 0xe0,
    0x0, 0x0, 0x0, 0x0, 0x0, 0x0, 0x2, 0x10,

    /* U+8BDD "话" */
    0x0, 0x56, 0x0, 0x0, 0x0, 0x1, 0x45, 0x0,
    0x0, 0x5f, 0x40, 0x58, 0xac, 0xef, 0xeb, 0x0,
    0x0, 0x9, 0xc0, 0x69, 0x78, 0xe0, 0x0, 0x0,
    0x0, 0x0, 0x0, 0x0, 0x4, 0xe0, 0x0, 0x0,
    0x0, 0x0, 0x3, 0x44, 0x47, 0xf4, 0x44, 0x41,
    0x4f, 0xff, 0x8, 0xcc, 0xcd, 0xfc, 0xcc, 0xc4,
    0x2, 0x5f, 0x0, 0x0, 0x4, 0xe0, 0x0, 0x0,
    0x0, 0x4f, 0x0, 0x0, 0x4, 0xe0, 0x0, 0x0,
    0x0, 0x4f, 0x0, 0x3c, 0xcd, 0xfc, 0xcc, 0x0,
    0x0, 0x4f, 0x3, 0x4e, 0x22, 0x22, 0x6e, 0x0,
    0x0, 0x4f, 0x3f, 0x7e, 0x0, 0x0, 0x4e, 0x0,
    0x0, 0x4f, 0xf6, 0x4e, 0x0, 0x0, 0x4e, 0x0,
    0x0, 0x7f, 0x60, 0x4f, 0xff, 0xff, 0xfe, 0x0,
    0x0, 0x5, 0x0, 0x4e, 0x0, 0x0, 0x4f, 0x0,

    /* U+8BE5 "该" */
    0x0, 0x0, 0x0, 0x0, 0x3, 0x0, 0x0, 0x0,
    0x0, 0xa2, 0x0, 0x0, 0x1f, 0x70, 0x0, 0x0,
    0x0, 0x9d, 0x0, 0x0, 0x6, 0xa0, 0x0, 0x0,
    0x0, 0xe, 0x78, 0xcc, 0xcc, 0xcc, 0xcc, 0xd0,
    0x0, 0x2, 0x2, 0x22, 0xb8, 0x22, 0x22, 0x30,
    0x0, 0x0, 0x0, 0x1, 0xf6, 0x3, 0x30, 0x0,
    0x3e, 0xdd, 0x0, 0xa, 0x90, 0xb, 0xc0, 0x0,
    0x15, 0x6f, 0x0, 0x7d, 0x22, 0x5f, 0x20, 0x0,
    0x0, 0x3f, 0x0, 0xbf, 0xdc, 0xf7, 0x7, 0x0,
    0x0, 0x3f, 0x0, 0x0, 0x8, 0xb0, 0x6e, 0x20,
    0x0, 0x3f, 0x0, 0x0, 0x9c, 0x12, 0xe5, 0x0,
    0x0, 0x3f, 0x1, 0x6e, 0xa0, 0xd, 0xa0, 0x0,
    0x0, 0x3f, 0x8b, 0x35, 0x1, 0xcf, 0xb1, 0x0,
    0x0, 0x5f, 0xc2, 0x0, 0x6e, 0xb2, 0xbd, 0x20,
    0x0, 0x7b, 0x2, 0x8e, 0xe5, 0x0, 0xb, 0xe2,
    0x0, 0x0, 0x1, 0xb5, 0x0, 0x0, 0x0, 0x70,

    /* U+8BED "语" */
    0x0, 0x10, 0x0, 0x0, 0x0, 0x0, 0x0, 0x0,
    0x0, 0xd6, 0x7, 0xee, 0xef, 0xee, 0xee, 0x80,
    0x0, 0x2d, 0x20, 0x0, 0x3f, 0x0, 0x0, 0x0,
    0x0, 0x0, 0x0, 0xff, 0xff, 0xff, 0xfa, 0x0,
    0x13, 0x33, 0x0, 0x0, 0xb8, 0x0, 0xa9, 0x0,
    0x7f, 0xff, 0x10, 0x0, 0xe5, 0x0, 0xd8, 0x0,
    0x0, 0x2f, 0x14, 0x45, 0xf6, 0x44, 0xf9, 0x51,
    0x0, 0x2f, 0x1a, 0xaa, 0xaa, 0xaa, 0xaa, 0xa3,
    0x0, 0x2f, 0x10, 0x1, 0x11, 0x11, 0x11, 0x0,
    0x0, 0x2f, 0x11, 0x5f, 0xff, 0xff, 0xfd, 0x0,
    0x0, 0x2f, 0xa9, 0x4e, 0x0, 0x0, 0x5d, 0x0,
    0x0, 0x2f, 0xf3, 0x4e, 0x0, 0x0, 0x5d, 0x0,
    0x0, 0x5f, 0x60, 0x4e, 0x22, 0x22, 0x7d, 0x0,
    0x0, 0xab, 0x0, 0x4f, 0xdd, 0xdd, 0xed, 0x0,
    0x0, 0x1, 0x0, 0x5e, 0x0, 0x0, 0x5d, 0x0,
    0x0, 0x0, 0x0, 0x0, 0x0, 0x0, 0x0, 0x0,

    /* U+8BEF "误" */
    0x0, 0x50, 0x0, 0x0, 0x0, 0x0, 0x0, 0x0,
    0x0, 0xdb, 0x0, 0xdf, 0xff, 0xff, 0xf8, 0x0,
    0x0, 0xc, 0x80, 0xd4, 0x0, 0x0, 0x98, 0x0,
    0x0, 0x1, 0x10, 0xd4, 0x0, 0x0, 0x98, 0x0,
    0x1, 0x11, 0x0, 0xce, 0xee, 0xee, 0xe7, 0x0,
    0xc, 0xdf, 0x0, 0x0, 0x0, 0x0, 0x0, 0x0,
    0x0, 0x4e, 0x7, 0xff, 0xff, 0xff, 0xff, 0x70,
    0x0, 0x4e, 0x0, 0x0, 0xe, 0x50, 0x0, 0x0,
    0x0, 0x4e, 0x2, 0x21, 0x1f, 0x51, 0x12, 0x20,
    0x0, 0x4e, 0xd, 0xee, 0xef, 0xfe, 0xee, 0xf4,
    0x0, 0x4e, 0x51, 0x0, 0x9d, 0xe1, 0x0, 0x0,
    0x0, 0x4f, 0xf4, 0x5, 0xf3, 0xbb, 0x0, 0x0,
    0x0, 0x8f, 0x40, 0x6f, 0x70, 0x1d, 0xc4, 0x0,
    0x0, 0x26, 0x4d, 0xf6, 0x0, 0x1, 0xaf, 0xd1,
    0x0, 0x0, 0x8, 0x10, 0x0, 0x0, 0x2, 0x40,

    /* U+8BF4 "说" */
    0x0, 0x40, 0x0, 0x44, 0x0, 0x1, 0xa2, 0x0,
    0x1, 0xea, 0x0, 0x4e, 0x10, 0x6, 0xf1, 0x0,
    0x0, 0x2e, 0x90, 0xb, 0xa0, 0xc, 0x80, 0x0,
    0x0, 0x2, 0x30, 0x36, 0x63, 0x5f, 0x53, 0x0,
    0x2, 0x11, 0x0, 0xed, 0xcc, 0xcc, 0xdf, 0x0,
    0x2f, 0xff, 0x0, 0xd5, 0x0, 0x0, 0x3e, 0x0,
    0x0, 0x3f, 0x0, 0xd5, 0x0, 0x0, 0x3e, 0x0,
    0x0, 0x3f, 0x0, 0xed, 0xcc, 0xcc, 0xdf, 0x0,
    0x0, 0x3f, 0x0, 0x34, 0xf6, 0x6f, 0x33, 0x0,
    0x0, 0x3f, 0x4, 0x2, 0xf1, 0x3e, 0x0, 0x0,
    0x0, 0x3f, 0x7e, 0x17, 0xe0, 0x3e, 0x0, 0x0,
    0x0, 0x3f, 0xe3, 0xd, 0x80, 0x3e, 0x0, 0x72,
    0x0, 0x5f, 0x30, 0xae, 0x10, 0x3f, 0x23, 0xf6,
    0x0, 0x1, 0x3d, 0xd2, 0x0, 0x1e, 0xff, 0xc0,
    0x0, 0x0, 0x6, 0x0, 0x0, 0x0, 0x0, 0x0,

    /* U+8BF7 "请" */
    0x0, 0x41, 0x0, 0x0, 0x3, 0xf0, 0x0, 0x0,
    0x0, 0xad, 0x10, 0xbb, 0xbc, 0xfb, 0xbb, 0xa0,
    0x0, 0xb, 0xc0, 0x33, 0x35, 0xf3, 0x33, 0x30,
    0x0, 0x1, 0x30, 0x8d, 0xdd, 0xfd, 0xdd, 0x70,
    0x0, 0x0, 0x0, 0x0, 0x3, 0xf0, 0x0, 0x0,
    0x2e, 0xdd, 0x6, 0xdc, 0xcd, 0xfc, 0xcc, 0xd6,
    0x3, 0x6e, 0x1, 0x22, 0x22, 0x22, 0x22, 0x21,
    0x0, 0x3e, 0x0, 0x3f, 0xff, 0xff, 0xff, 0x0,
    0x0, 0x3e, 0x0, 0x2f, 0x0, 0x0, 0x3f, 0x0,
    0x0, 0x3e, 0x0, 0x2f, 0xee, 0xee, 0xef, 0x0,
    0x0, 0x3e, 0x1a, 0x2f, 0x0, 0x0, 0x3f, 0x0,
    0x0, 0x4f, 0xe7, 0x2f, 0xee, 0xee, 0xef, 0x0,
    0x0, 0x9e, 0x30, 0x2f, 0x0, 0x0, 0x3f, 0x0,
    0x0, 0x12, 0x0, 0x3f, 0x0, 0x1, 0xec, 0x0,
    0x0, 0x0, 0x0, 0x0, 0x0, 0x0, 0x0, 0x0,

    /* U+8BFB "读" */
    0x0, 0x60, 0x0, 0x0, 0x5, 0xd0, 0x0, 0x0,
    0x1, 0xe9, 0x0, 0x11, 0x5, 0xd0, 0x1, 0x0,
    0x0, 0x3f, 0x20, 0xde, 0xee, 0xfe, 0xee, 0x80,
    0x0, 0x3, 0x0, 0x0, 0x5, 0xd0, 0x0, 0x0,
    0x2, 0x11, 0x6, 0xdd, 0xde, 0xfd, 0xdd, 0xa0,
    0x2e, 0xef, 0x1, 0x28, 0x11, 0x43, 0x1c, 0x70,
    0x0, 0x3f, 0x0, 0x1c, 0xd3, 0xa8, 0xe, 0x10,
    0x0, 0x3f, 0x1, 0x91, 0x85, 0xb6, 0x0, 0x0,
    0x0, 0x3f, 0x2, 0xbf, 0x40, 0xc4, 0x0, 0x0,
    0x0, 0x3f, 0x1, 0x28, 0x31, 0xe4, 0x11, 0x20,
    0x0, 0x3f, 0x48, 0xee, 0xee, 0xfe, 0xee, 0xf1,
    0x0, 0x3f, 0xe4, 0x0, 0xa, 0x93, 0x0, 0x0,
    0x0, 0x6f, 0x60, 0x0, 0x9d, 0x1b, 0xd3, 0x0,
    0x0, 0x78, 0x2, 0x7e, 0xb1, 0x0, 0x7f, 0x70,
    0x0, 0x0, 0x1, 0xa4, 0x0, 0x0, 0x4, 0x40,

    /* U+8BFE "课" */
    0x0, 0xa5, 0x0, 0xff, 0xff, 0xff, 0xff, 0x0,
    0x0, 0x9e, 0x0, 0xf3, 0xd, 0x40, 0x4e, 0x0,
    0x0, 0x1f, 0x60, 0xf4, 0xd, 0x40, 0x4e, 0x0,
    0x0, 0x3, 0x0, 0xff, 0xff, 0xff, 0xfe, 0x0,
    0x13, 0x33, 0x0, 0xf3, 0xd, 0x40, 0x4e, 0x0,
    0x5b, 0xcf, 0x0, 0xfe, 0xdf, 0xed, 0xef, 0x0,
    0x0, 0x3f, 0x0, 0x33, 0x3e, 0x63, 0x33, 0x0,
    0x0, 0x3e, 0x3, 0x22, 0x2e, 0x52, 0x22, 0x20,
    0x0, 0x3e, 0xe, 0xdd, 0xef, 0xfd, 0xde, 0xe2,
    0x0, 0x3e, 0x0, 0x0, 0xdf, 0xf5, 0x0, 0x0,
    0x0, 0x3e, 0xa3, 0x8, 0xee, 0xaf, 0x50, 0x0,
    0x0, 0x3f, 0xf2, 0x5f, 0x3d, 0x48, 0xf9, 0x10,
    0x0, 0x5f, 0x79, 0xf5, 0xd, 0x40, 0x6f, 0xf6,
    0x0, 0x6b, 0xb, 0x40, 0xe, 0x40, 0x1, 0x82,
    0x0, 0x0, 0x0, 0x0, 0xe, 0x40, 0x0, 0x0,

    /* U+8C03 "调" */
    0x0, 0x1, 0x0, 0x0, 0x0, 0x0, 0x0, 0x0,
    0x8, 0xd1, 0x4, 0xff, 0xff, 0xff, 0xff, 0x0,
    0xd, 0xb0, 0x3e, 0x0, 0xb2, 0x3, 0xe0, 0x0,
    0x22, 0x3, 0xe2, 0x3e, 0x53, 0x3e, 0x1, 0x11,
    0x0, 0x3e, 0x7c, 0xfc, 0xa3, 0xe3, 0xff, 0xf1,
    0x3, 0xe0, 0xe, 0x30, 0x3e, 0x0, 0x1f, 0x10,
    0x3e, 0x7b, 0xfc, 0xc4, 0xe0, 0x1, 0xf1, 0x3,
    0xe2, 0x33, 0x33, 0x3e, 0x0, 0x1f, 0x10, 0x4e,
    0x5c, 0xcc, 0x93, 0xe0, 0x1, 0xf4, 0xd6, 0xc6,
    0xb1, 0x6c, 0x3e, 0x0, 0x1f, 0xf8, 0x9a, 0x6b,
    0x5, 0xc3, 0xe0, 0x3, 0xf9, 0xe, 0x76, 0xee,
    0xeb, 0x3e, 0x0, 0x29, 0x6, 0xf1, 0x0, 0x0,
    0x5, 0xe0, 0x0, 0x2, 0xf8, 0x0, 0x0, 0x1e,
    0xfb, 0x0, 0x0, 0x4, 0x0, 0x0, 0x0, 0x75,
    0x0,

    /* U+8D25 "败" */
    0x0, 0x0, 0x0, 0x0, 0x0, 0x0, 0x0, 0x0,
    0x0, 0x0, 0x0, 0x0, 0x0, 0xb7, 0x0, 0x0,
    0x3, 0xcc, 0xcc, 0xcb, 0x0, 0xf4, 0x0, 0x0,
    0x3, 0xe3, 0x33, 0x4f, 0x3, 0xe0, 0x0, 0x0,
    0x3, 0xe0, 0x72, 0x2e, 0x8, 0xff, 0xff, 0xf6,
    0x3, 0xe0, 0xe4, 0x2e, 0xe, 0x40, 0x2e, 0x0,
    0x3, 0xe0, 0xe3, 0x2e, 0x5f, 0x50, 0x4c, 0x0,
    0x3, 0xe0, 0xe2, 0x2e, 0xac, 0x70, 0x5a, 0x0,
    0x3, 0xe0, 0xe2, 0x2e, 0x4, 0xb0, 0x88, 0x0,
    0x3, 0xe0, 0xf0, 0x2f, 0x0, 0xe0, 0xb5, 0x0,
    0x3, 0xe2, 0xe0, 0x2f, 0x0, 0xb7, 0xf1, 0x0,
    0x0, 0x7, 0x96, 0x20, 0x0, 0x4f, 0xa0, 0x0,
    0x0, 0x2e, 0x39, 0xe2, 0x0, 0x5f, 0x80, 0x0,
    0x2, 0xe8, 0x0, 0x9e, 0x7, 0xe6, 0xe8, 0x0,
    0xd, 0x90, 0x0, 0x6, 0xdd, 0x20, 0x2d, 0xd3,
    0x1, 0x0, 0x0, 0x1, 0x70, 0x0, 0x0, 0x60,

    /* U+8D2D "购" */
    0x0, 0x0, 0x0, 0x0, 0x9, 0x10, 0x0, 0x0,
    0xab, 0xbb, 0xb9, 0x4, 0xe0, 0x0, 0x0, 0xe,
    0x74, 0x47, 0xd0, 0x9a, 0x33, 0x33, 0x10, 0xd4,
    0x62, 0x4c, 0xe, 0xdd, 0xdd, 0xf6, 0xd, 0x4e,
    0x64, 0xc6, 0xb0, 0x0, 0xd, 0x50, 0xd4, 0xe4,
    0x4c, 0xc3, 0x82, 0x0, 0xd5, 0xd, 0x4d, 0x34,
    0xc0, 0xf, 0x10, 0xd, 0x50, 0xd4, 0xe2, 0x4c,
    0x5, 0xa3, 0x60, 0xe5, 0xe, 0x4f, 0x14, 0xd0,
    0xc3, 0x3e, 0xe, 0x40, 0xe6, 0xf0, 0x4d, 0x5f,
    0xab, 0xf3, 0xe4, 0x5, 0x8b, 0x20, 0x2, 0x95,
    0x3b, 0x6e, 0x40, 0xd, 0x6d, 0xb0, 0x0, 0x0,
    0x0, 0xf3, 0x9, 0xd0, 0x2e, 0xa0, 0x0, 0x0,
    0x2f, 0x25, 0xf2, 0x0, 0x2d, 0x10, 0x0, 0xdf,
    0xc0, 0x2, 0x0, 0x0, 0x0, 0x0, 0x3, 0x30,
    0x0,

    /* U+8D70 "走" */
    0x0, 0x0, 0x0, 0xe, 0x60, 0x0, 0x0, 0x0,
    0x0, 0x0, 0x0, 0xd, 0x50, 0x0, 0x0, 0x0,
    0x0, 0x5f, 0xee, 0xef, 0xfe, 0xee, 0xf4, 0x0,
    0x0, 0x13, 0x22, 0x2d, 0x72, 0x22, 0x30, 0x0,
    0x0, 0x0, 0x0, 0xd, 0x50, 0x0, 0x0, 0x0,
    0x3, 0x32, 0x22, 0x2d, 0x72, 0x22, 0x33, 0x10,
    0x3e, 0xee, 0xee, 0xef, 0xee, 0xee, 0xee, 0x50,
    0x0, 0x0, 0x0, 0xd, 0x50, 0x0, 0x0, 0x0,
    0x0, 0x7, 0xe0, 0xd, 0x72, 0x23, 0x30, 0x0,
    0x0, 0x8, 0xa0, 0xd, 0xee, 0xee, 0xe3, 0x0,
    0x0, 0xb, 0xc0, 0xd, 0x50, 0x0, 0x0, 0x0,
    0x0, 0x1f, 0xdb, 0x1d, 0x50, 0x0, 0x0, 0x0,
    0x0, 0xaa, 0xa, 0xff, 0x84, 0x33, 0x45, 0x50,
    0xb, 0xd1, 0x0, 0x39, 0xdf, 0xff, 0xff, 0x80,
    0x4, 0x10, 0x0, 0x0, 0x0, 0x0, 0x0, 0x0,

    /* U+8D76 "赶" */
    0x0, 0x0, 0x5f, 0x0, 0x0, 0x0, 0x0, 0x0,
    0x0, 0x0, 0x4e, 0x0, 0x3f, 0xee, 0xef, 0x90,
    0x0, 0xdf, 0xff, 0xff, 0x0, 0xd, 0x70, 0x0,
    0x0, 0x22, 0x5e, 0x12, 0x0, 0xd, 0x70, 0x0,
    0x0, 0x0, 0x4e, 0x0, 0x0, 0xd, 0x70, 0x0,
    0x2, 0x76, 0x9f, 0x67, 0x0, 0xd, 0x70, 0x0,
    0x4, 0xba, 0xaf, 0xcb, 0xaf, 0xff, 0xff, 0xf3,
    0x0, 0x0, 0xe, 0x40, 0x12, 0x2d, 0x81, 0x20,
    0x0, 0xe9, 0xe, 0x63, 0x10, 0xd, 0x70, 0x0,
    0x0, 0xf6, 0xe, 0xff, 0x60, 0xd, 0x70, 0x0,
    0x3, 0xfb, 0xe, 0x40, 0x0, 0xd, 0x70, 0x0,
    0x7, 0xec, 0xcf, 0x40, 0x0, 0xd, 0x70, 0x0,
    0xd, 0x81, 0xaf, 0xb7, 0x54, 0x35, 0x43, 0x42,
    0x1c, 0x20, 0x2, 0x7b, 0xdf, 0xff, 0xff, 0xf1,
    0x0, 0x0, 0x0, 0x0, 0x0, 0x0, 0x0, 0x0,

    /* U+8D77 "起" */
    0x0, 0x0, 0xf3, 0x0, 0x0, 0x0, 0x0, 0x0,
    0x0, 0x0, 0xf3, 0x0, 0x8a, 0xaa, 0xa9, 0x0,
    0x6, 0xed, 0xfe, 0xe6, 0x34, 0x44, 0x7f, 0x0,
    0x1, 0x22, 0xe5, 0x21, 0x0, 0x0, 0x3f, 0x0,
    0x0, 0x0, 0xe3, 0x0, 0x0, 0x0, 0x3f, 0x0,
    0x2, 0x22, 0xe5, 0x23, 0x14, 0x44, 0x7f, 0x0,
    0xd, 0xdd, 0xfe, 0xde, 0x4f, 0xcc, 0xcc, 0x0,
    0x0, 0x0, 0xa7, 0x0, 0x3f, 0x0, 0x0, 0x0,
    0x0, 0x82, 0xa8, 0x22, 0x3f, 0x0, 0x0, 0x0,
    0x1, 0xf2, 0xae, 0xdc, 0x3f, 0x0, 0x9, 0x80,
    0x5, 0xf4, 0xa7, 0x0, 0x3f, 0x31, 0x2d, 0x90,
    0xa, 0xcd, 0xc7, 0x0, 0xc, 0xff, 0xfd, 0x20,
    0x2f, 0x23, 0xed, 0x86, 0x44, 0x33, 0x34, 0x51,
    0x29, 0x0, 0x5, 0xac, 0xef, 0xff, 0xff, 0xf1,
    0x0, 0x0, 0x0, 0x0, 0x0, 0x0, 0x0, 0x0,

    /* U+8D85 "超" */
    0x0, 0x0, 0xf3, 0x0, 0x0, 0x0, 0x0, 0x0,
    0x0, 0x0, 0xf3, 0x1, 0xff, 0xff, 0xff, 0x60,
    0x7, 0xff, 0xff, 0xf5, 0x5, 0xf0, 0xe, 0x50,
    0x1, 0x22, 0xf4, 0x20, 0x9, 0xc0, 0xf, 0x40,
    0x0, 0x0, 0xf3, 0x0, 0x3f, 0x50, 0x1f, 0x30,
    0xc, 0xff, 0xff, 0xfd, 0xfa, 0x8, 0xfd, 0x0,
    0x1, 0x10, 0xa8, 0x11, 0x53, 0x35, 0x73, 0x10,
    0x1, 0x92, 0xa8, 0x0, 0x3f, 0xdd, 0xdf, 0x40,
    0x2, 0xf2, 0xae, 0xd7, 0x3f, 0x0, 0xd, 0x40,
    0x4, 0xf0, 0xa9, 0x42, 0x3f, 0x0, 0xd, 0x40,
    0x7, 0xf3, 0xa8, 0x0, 0x3f, 0x11, 0x1d, 0x40,
    0xb, 0xde, 0xc8, 0x0, 0x3f, 0xff, 0xff, 0x40,
    0x2f, 0x53, 0xdd, 0x97, 0x55, 0x55, 0x55, 0x60,
    0x2a, 0x0, 0x5, 0x9c, 0xef, 0xff, 0xff, 0xb0,

    /* U+8DB3 "足" */
    0x0, 0xe, 0xff, 0xff, 0xff, 0xff, 0x50, 0x0,
    0x0, 0xd6, 0x0, 0x0, 0x0, 0xe5, 0x0, 0x0,
    0xd, 0x60, 0x0, 0x0, 0xe, 0x50, 0x0, 0x0,
    0xe7, 0x22, 0x22, 0x22, 0xe5, 0x0, 0x0, 0xb,
    0xcc, 0xcf, 0xdc, 0xcc, 0x40, 0x0, 0x0, 0x0,
    0x0, 0xe5, 0x0, 0x0, 0x0, 0x0, 0xb, 0x50,
    0xe, 0x50, 0x0, 0x0, 0x0, 0x0, 0xf5, 0x0,
    0xee, 0xee, 0xef, 0x60, 0x0, 0x1f, 0x20, 0xe,
    0x61, 0x11, 0x21, 0x0, 0x5, 0xf7, 0x0, 0xe5,
    0x0, 0x0, 0x0, 0x0, 0xbb, 0xe7, 0xe, 0x50,
    0x0, 0x0, 0x0, 0x3f, 0x22, 0xdd, 0xf8, 0x32,
    0x23, 0x43, 0xe, 0x90, 0x0, 0x59, 0xde, 0xff,
    0xff, 0x60, 0x40, 0x0, 0x0, 0x0, 0x0, 0x0,
    0x0,

    /* U+8DDD "距" */
    0x0, 0x0, 0x0, 0x0, 0x0, 0x0, 0x0, 0x0,
    0x0, 0xff, 0xff, 0xc1, 0xff, 0xff, 0xff, 0xf3,
    0x0, 0xf1, 0x5, 0xb0, 0xf1, 0x0, 0x0, 0x0,
    0x0, 0xf1, 0x5, 0xb0, 0xf1, 0x0, 0x0, 0x0,
    0x0, 0xf6, 0x59, 0xb0, 0xf2, 0x11, 0x11, 0x0,
    0x0, 0x99, 0xfa, 0x70, 0xfe, 0xee, 0xef, 0x40,
    0x0, 0x0, 0xe2, 0x0, 0xf1, 0x0, 0xe, 0x40,
    0x2, 0x90, 0xe5, 0x42, 0xf1, 0x0, 0xe, 0x40,
    0x3, 0xe0, 0xec, 0xc4, 0xf3, 0x11, 0x1e, 0x40,
    0x3, 0xe0, 0xe2, 0x0, 0xff, 0xff, 0xff, 0x40,
    0x3, 0xe0, 0xe2, 0x0, 0xf1, 0x0, 0x0, 0x0,
    0x3, 0xe0, 0xe7, 0x84, 0xf1, 0x0, 0x0, 0x0,
    0xa, 0xfe, 0xeb, 0x82, 0xf3, 0x22, 0x22, 0x21,
    0xa, 0x72, 0x0, 0x1, 0xff, 0xff, 0xff, 0xf8,

    /* U+8DDF "跟" */
    0x3, 0xff, 0xff, 0xe8, 0xff, 0xff, 0xff, 0x10,
    0x2, 0xe0, 0x3, 0xe7, 0xa0, 0x0, 0x1f, 0x0,
    0x2, 0xe0, 0x3, 0xe7, 0xff, 0xff, 0xff, 0x0,
    0x2, 0xf8, 0x89, 0xe7, 0xa0, 0x0, 0x1f, 0x0,
    0x1, 0x88, 0xfa, 0x77, 0xa0, 0x0, 0x2f, 0x0,
    0x0, 0x0, 0xe4, 0x7, 0xff, 0xff, 0xff, 0x10,
    0x3, 0xe0, 0xe6, 0x37, 0xa0, 0xd3, 0x2, 0x0,
    0x2, 0xe0, 0xec, 0x97, 0xa0, 0xb6, 0x1d, 0x90,
    0x2, 0xe0, 0xe4, 0x7, 0xa0, 0x7b, 0xca, 0x0,
    0x2, 0xe0, 0xe4, 0x7, 0xa0, 0x1f, 0xa0, 0x0,
    0x2, 0xe0, 0xe7, 0x77, 0xa0, 0x1a, 0xc1, 0x0,
    0x6, 0xfb, 0xfb, 0x57, 0xbc, 0x91, 0xdd, 0x30,
    0xd, 0x94, 0x0, 0x9, 0xf9, 0x0, 0x1b, 0xf5,
    0x0, 0x0, 0x0, 0x4, 0x50, 0x0, 0x0, 0x50,

    /* U+8DF3 "跳" */
    0x0, 0x0, 0x0, 0x0, 0x3b, 0x2f, 0x0, 0x0,
    0xc, 0xff, 0xf9, 0x0, 0x3f, 0x1f, 0x0, 0x0,
    0xb, 0x50, 0x89, 0x53, 0x3f, 0x1f, 0xa, 0x60,
    0xb, 0x50, 0x89, 0xba, 0x3e, 0x1f, 0x1f, 0x40,
    0xc, 0x61, 0x89, 0x5f, 0x3e, 0x1f, 0x8c, 0x0,
    0xb, 0xef, 0xe8, 0x2d, 0x5e, 0x1f, 0xd5, 0x0,
    0x0, 0xd, 0x40, 0x0, 0x3e, 0x1f, 0x0, 0x0,
    0x9, 0x4d, 0x62, 0x0, 0x9d, 0x1f, 0x80, 0x0,
    0xc, 0x5d, 0xe8, 0x3d, 0xeb, 0x1f, 0xdb, 0x0,
    0xc, 0x5d, 0x43, 0xf7, 0x78, 0x1f, 0x1c, 0x40,
    0xc, 0x5d, 0x40, 0x20, 0xc4, 0x1f, 0x0, 0x0,
    0xc, 0x5d, 0x98, 0x5, 0xe0, 0x1f, 0x2, 0x60,
    0x4e, 0xfe, 0x93, 0x4f, 0x50, 0x1f, 0x27, 0xf0,
    0x4b, 0x40, 0x6, 0xf8, 0x0, 0xd, 0xff, 0x80,
    0x0, 0x0, 0x1, 0x50, 0x0, 0x0, 0x0, 0x0,

    /* U+8F6C "转" */
    0x0, 0x0, 0x0, 0x0, 0x0, 0x10, 0x0, 0x0,
    0x0, 0xa, 0xa0, 0x0, 0x0, 0xe7, 0x0, 0x0,
    0x0, 0xe, 0x40, 0x0, 0x0, 0xf2, 0x0, 0x0,
    0x1e, 0xdf, 0xdd, 0x96, 0xbc, 0xfb, 0xbb, 0x90,
    0x3, 0x9a, 0x22, 0x22, 0x38, 0xc3, 0x33, 0x30,
    0x0, 0xd4, 0x51, 0x0, 0x9, 0x80, 0x0, 0x0,
    0x3, 0xd0, 0xd4, 0xd, 0xdf, 0xed, 0xdd, 0xe4,
    0xd, 0xa4, 0xe7, 0x43, 0x3f, 0x32, 0x22, 0x30,
    0xe, 0xed, 0xfe, 0xc0, 0x5d, 0x0, 0x0, 0x0,
    0x0, 0x0, 0xd4, 0x0, 0x9f, 0xee, 0xee, 0x60,
    0x0, 0x0, 0xd8, 0x70, 0x0, 0x0, 0xbc, 0x20,
    0x2d, 0xff, 0xfb, 0x80, 0x40, 0x9, 0xc0, 0x0,
    0x4, 0x20, 0xd4, 0x0, 0xae, 0xae, 0x10, 0x0,
    0x0, 0x0, 0xd4, 0x0, 0x3, 0xcd, 0x40, 0x0,
    0x0, 0x0, 0xe5, 0x0, 0x0, 0x6, 0xf2, 0x0,
    0x0, 0x0, 0x0, 0x0, 0x0, 0x0, 0x10, 0x0,

    /* U+8F6E "轮" */
    0x0, 0x0, 0x0, 0x0, 0x0, 0x30, 0x0, 0x0,
    0x0, 0x5, 0xe0, 0x0, 0x3, 0xf5, 0x0, 0x0,
    0x0, 0x9, 0x90, 0x0, 0x9, 0xf9, 0x0, 0x0,
    0x1e, 0xdf, 0xed, 0xd9, 0x1f, 0x6d, 0x50, 0x0,
    0x3, 0x6e, 0x22, 0x32, 0xcb, 0x3, 0xf5, 0x0,
    0x0, 0xa9, 0x34, 0xa, 0xe1, 0x0, 0x5f, 0xa1,
    0x1, 0xf2, 0x8a, 0x5f, 0x85, 0x0, 0x4, 0xe5,
    0xb, 0xb1, 0x8a, 0x12, 0x89, 0x0, 0x2, 0x10,
    0xd, 0xfe, 0xff, 0xe5, 0x89, 0x2, 0xce, 0x0,
    0x1, 0x0, 0x7a, 0x0, 0x8a, 0x8f, 0x91, 0x0,
    0x0, 0x0, 0x7a, 0x11, 0x8f, 0x92, 0x0, 0x0,
    0x9, 0xbc, 0xef, 0xd7, 0x89, 0x0, 0x0, 0x0,
    0x7, 0x63, 0x8a, 0x0, 0x89, 0x0, 0x3, 0x40,
    0x0, 0x0, 0x7a, 0x0, 0x8b, 0x0, 0x9, 0xe0,
    0x0, 0x0, 0x8a, 0x0, 0x4f, 0xff, 0xff, 0x50,
    0x0, 0x0, 0x8b, 0x0, 0x0, 0x0, 0x0, 0x0,

    /* U+8F89 "辉" */
    0x0, 0x9, 0x10, 0x0, 0x0, 0x0, 0x0, 0x0,
    0x0, 0xc, 0x10, 0xb, 0xee, 0xee, 0xee, 0xa0,
    0xe, 0x2c, 0x1e, 0x4c, 0x40, 0x20, 0x6, 0xb0,
    0xb, 0x8c, 0x5e, 0x8, 0x20, 0xf5, 0x3, 0x60,
    0x5, 0xbc, 0x99, 0x5, 0x58, 0xe4, 0x45, 0x30,
    0x3, 0x2c, 0x43, 0x1b, 0xbf, 0xcb, 0xbb, 0x70,
    0xd, 0xed, 0xfd, 0x60, 0x6b, 0x36, 0x0, 0x0,
    0x0, 0xb5, 0xd3, 0x3, 0xe1, 0x5b, 0x0, 0x0,
    0x0, 0xd4, 0xd3, 0xb, 0xff, 0xff, 0xff, 0x60,
    0x0, 0xe2, 0xd3, 0x11, 0x0, 0x5b, 0x0, 0x0,
    0x1, 0xf0, 0xdc, 0xc0, 0x0, 0x5b, 0x0, 0x0,
    0x6, 0xc0, 0xee, 0x3f, 0xff, 0xff, 0xff, 0xf2,
    0xc, 0x70, 0xd3, 0x0, 0x0, 0x5b, 0x0, 0x0,
    0x4f, 0x10, 0x0, 0x0, 0x0, 0x6b, 0x0, 0x0,
    0x5, 0x0, 0x0, 0x0, 0x0, 0x6c, 0x0, 0x0,

    /* U+8F91 "辑" */
    0x0, 0x6, 0x90, 0x0, 0x0, 0x0, 0x0, 0x0,
    0x0, 0xb, 0x70, 0x0, 0xfe, 0xee, 0xef, 0x20,
    0x1f, 0xff, 0xff, 0xf6, 0xf1, 0x0, 0xf, 0x10,
    0x0, 0x4c, 0x0, 0x0, 0xfc, 0xcc, 0xcf, 0x20,
    0x0, 0x97, 0x30, 0x0, 0x33, 0x33, 0x33, 0x0,
    0x0, 0xe1, 0xe2, 0x5f, 0xff, 0xff, 0xff, 0xf3,
    0x9, 0xd3, 0xe5, 0x30, 0xf1, 0x0, 0x2e, 0x0,
    0xb, 0xcc, 0xfd, 0xc0, 0xfb, 0xbb, 0xce, 0x0,
    0x0, 0x0, 0xe2, 0x0, 0xf3, 0x22, 0x4e, 0x0,
    0x0, 0x0, 0xe2, 0x11, 0xf2, 0x11, 0x3e, 0x0,
    0x0, 0x15, 0xfd, 0xe3, 0xfc, 0xcc, 0xce, 0x0,
    0xd, 0xfc, 0xf5, 0x0, 0xf1, 0x0, 0x3f, 0x53,
    0x4, 0x10, 0xe2, 0x29, 0xfc, 0xdf, 0xff, 0x93,
    0x0, 0x0, 0xe3, 0xa, 0x75, 0x20, 0x2f, 0x0,
    0x0, 0x0, 0xe3, 0x0, 0x0, 0x0, 0x3f, 0x0,

    /* U+8F93 "输" */
    0x0, 0x0, 0x0, 0x0, 0x0, 0x0, 0x0, 0x0,
    0x0, 0x38, 0x0, 0x0, 0xc, 0x70, 0x0, 0x0,
    0x0, 0x7d, 0x0, 0x0, 0x5e, 0xe3, 0x0, 0x0,
    0x6, 0xbb, 0x54, 0x1, 0xe4, 0x4e, 0x20, 0x0,
    0xb, 0xfc, 0xb9, 0xc, 0xa2, 0x29, 0xf6, 0x0,
    0x0, 0xf1, 0x0, 0xba, 0xcd, 0xdd, 0x8f, 0xd1,
    0x5, 0xb5, 0x2a, 0xc4, 0x33, 0x0, 0x4, 0x70,
    0xc, 0x5c, 0x82, 0x9a, 0x5e, 0x3b, 0x5e, 0x30,
    0x3f, 0xff, 0xc3, 0x99, 0x3e, 0x3b, 0x5d, 0x30,
    0x2, 0xb, 0x50, 0x9d, 0xbf, 0x3b, 0x5d, 0x30,
    0x0, 0xb, 0x62, 0x97, 0xd, 0x3b, 0x5d, 0x30,
    0x16, 0x9e, 0xf7, 0x9f, 0xef, 0x3b, 0x5d, 0x30,
    0xd, 0x9d, 0x50, 0x98, 0x1d, 0x3c, 0x5d, 0x30,
    0x0, 0xb, 0x50, 0x97, 0xe, 0x36, 0x3e, 0x30,
    0x0, 0xc, 0x50, 0xa7, 0xaf, 0x10, 0xdf, 0x30,
    0x0, 0xc, 0x60, 0x0, 0x11, 0x0, 0xab, 0x0,
    0x0, 0x0, 0x0, 0x0, 0x0, 0x0, 0x0, 0x0,

    /* U+8FB9 "边" */
    0x0, 0x0, 0x0, 0x0, 0x0, 0x0, 0x0, 0x0,
    0x1, 0x91, 0x0, 0x0, 0x5f, 0x10, 0x0, 0x0,
    0x0, 0xe8, 0x0, 0x0, 0x5f, 0x0, 0x0, 0x0,
    0x0, 0x8e, 0x0, 0x0, 0x5f, 0x0, 0x0, 0x0,
    0x0, 0x17, 0x4, 0xff, 0xff, 0xff, 0xff, 0x40,
    0x0, 0x0, 0x1, 0x43, 0x9d, 0x22, 0x3f, 0x20,
    0x24, 0x33, 0x0, 0x0, 0xaa, 0x0, 0x1f, 0x10,
    0x6e, 0xef, 0x0, 0x0, 0xe6, 0x0, 0x2f, 0x0,
    0x0, 0x4f, 0x0, 0x5, 0xf1, 0x0, 0x3f, 0x0,
    0x0, 0x4f, 0x0, 0xd, 0xa0, 0x0, 0x4e, 0x0,
    0x0, 0x4f, 0x0, 0xaf, 0x20, 0x0, 0x8d, 0x0,
    0x0, 0x4f, 0x6, 0xf5, 0x0, 0x8f, 0xf8, 0x0,
    0x0, 0x9f, 0xa1, 0x30, 0x0, 0x37, 0x30, 0x0,
    0xa, 0xc1, 0x6e, 0xb8, 0x65, 0x44, 0x44, 0x52,
    0x1c, 0x20, 0x1, 0x6a, 0xde, 0xff, 0xff, 0xf0,
    0x0, 0x0, 0x0, 0x0, 0x0, 0x0, 0x0, 0x0,

    /* U+8FC7 "过" */
    0x0, 0x40, 0x0, 0x0, 0x0, 0xf, 0x60, 0x0,
    0x1, 0xf8, 0x0, 0x0, 0x0, 0xe, 0x60, 0x0,
    0x0, 0x7f, 0x30, 0x0, 0x0, 0xd, 0x60, 0x0,
    0x0, 0xc, 0x56, 0xff, 0xff, 0xff, 0xff, 0xc0,
    0x0, 0x0, 0x0, 0x11, 0x11, 0x1d, 0x61, 0x10,
    0x2, 0x11, 0x0, 0x26, 0x0, 0xd, 0x60, 0x0,
    0x1f, 0xff, 0x50, 0x7f, 0x20, 0xd, 0x60, 0x0,
    0x0, 0xe, 0x50, 0xf, 0x90, 0xd, 0x60, 0x0,
    0x0, 0xe, 0x50, 0x8, 0x90, 0xd, 0x60, 0x0,
    0x0, 0xe, 0x50, 0x0, 0x0, 0xd, 0x60, 0x0,
    0x0, 0xe, 0x50, 0x0, 0x1, 0x2f, 0x50, 0x0,
    0x0, 0x4f, 0x80, 0x0, 0xd, 0xfe, 0x10, 0x0,
    0x9, 0xe4, 0x9e, 0xa7, 0x57, 0x74, 0x45, 0x51,
    0x2d, 0x30, 0x2, 0x9d, 0xef, 0xff, 0xff, 0xd0,
    0x0, 0x0, 0x0, 0x0, 0x0, 0x0, 0x0, 0x0,

    /* U+8FCE "迎" */
    0x2, 0xa0, 0x0, 0x5, 0xc1, 0x0, 0x0, 0x0,
    0x2, 0xf4, 0x4, 0xfb, 0x75, 0xff, 0xff, 0x50,
    0x0, 0xc9, 0x4, 0xe0, 0x2, 0xf1, 0x1e, 0x40,
    0x0, 0x33, 0x4, 0xe0, 0x2, 0xf0, 0xe, 0x40,
    0x0, 0x0, 0x4, 0xe0, 0x2, 0xf0, 0xe, 0x40,
    0x1f, 0xfe, 0x4, 0xe0, 0x2, 0xf0, 0xe, 0x40,
    0x2, 0x6f, 0x4, 0xe0, 0x2, 0xf0, 0xe, 0x40,
    0x0, 0x5e, 0x4, 0xe0, 0x2, 0xf0, 0xe, 0x40,
    0x0, 0x5e, 0x4, 0xe7, 0xe3, 0xf1, 0x6f, 0x30,
    0x0, 0x5e, 0x9, 0xfd, 0x42, 0xf0, 0xed, 0x0,
    0x0, 0x5e, 0x3, 0x70, 0x2, 0xf0, 0x10, 0x0,
    0x0, 0x5f, 0x10, 0x0, 0x2, 0xf1, 0x0, 0x0,
    0x3, 0xc7, 0xcc, 0x97, 0x55, 0x84, 0x44, 0x51,
    0xd, 0x40, 0x3, 0x7a, 0xde, 0xff, 0xff, 0xe0,
    0x0, 0x0, 0x0, 0x0, 0x0, 0x0, 0x0, 0x0,

    /* U+8FD4 "返" */
    0x0, 0x53, 0x0, 0x0, 0x0, 0x1, 0x45, 0x0,
    0x0, 0xba, 0x0, 0x5b, 0xbd, 0xff, 0xff, 0x30,
    0x0, 0x5f, 0x10, 0x7d, 0x54, 0x32, 0x10, 0x0,
    0x0, 0x9, 0x10, 0x6c, 0x0, 0x0, 0x0, 0x0,
    0x0, 0x0, 0x0, 0x6e, 0xaa, 0xaa, 0xa8, 0x0,
    0x3, 0x33, 0x0, 0x6d, 0x55, 0x55, 0xca, 0x0,
    0xc, 0xdf, 0x10, 0x7b, 0x6, 0x0, 0xd6, 0x0,
    0x0, 0x3f, 0x10, 0x9a, 0x3e, 0xc4, 0xf1, 0x0,
    0x0, 0x3f, 0x10, 0xd7, 0x1, 0xbf, 0xb0, 0x0,
    0x0, 0x3f, 0x13, 0xf2, 0x0, 0x8f, 0xf6, 0x0,
    0x0, 0x3f, 0x1d, 0xb0, 0x3b, 0xe3, 0x7f, 0x60,
    0x0, 0x4f, 0x58, 0x21, 0xd9, 0x10, 0x6, 0x10,
    0x5, 0xfa, 0xcc, 0x85, 0x43, 0x33, 0x45, 0x63,
    0xc, 0x70, 0x3, 0x8b, 0xdf, 0xff, 0xff, 0xf2,
    0x0, 0x0, 0x0, 0x0, 0x0, 0x0, 0x0, 0x0,

    /* U+8FD8 "还" */
    0x0, 0x60, 0x0, 0x0, 0x0, 0x0, 0x0, 0x0,
    0x1, 0xe8, 0xe, 0xff, 0xff, 0xff, 0xff, 0x40,
    0x0, 0x5f, 0x32, 0x11, 0x2f, 0x71, 0x12, 0x0,
    0x0, 0x9, 0x30, 0x0, 0x7e, 0x0, 0x0, 0x0,
    0x0, 0x0, 0x0, 0x1, 0xfc, 0x0, 0x0, 0x0,
    0x16, 0x55, 0x0, 0xb, 0xfc, 0xd, 0x50, 0x0,
    0x2c, 0xcf, 0x0, 0x9e, 0x8c, 0x7, 0xf3, 0x0,
    0x0, 0x4f, 0x9, 0xe2, 0x6c, 0x0, 0x9e, 0x20,
    0x0, 0x4f, 0x8d, 0x10, 0x6c, 0x0, 0xc, 0x80,
    0x0, 0x4f, 0x0, 0x0, 0x6c, 0x0, 0x0, 0x0,
    0x0, 0x4f, 0x0, 0x0, 0x6c, 0x0, 0x0, 0x0,
    0x0, 0x7f, 0x50, 0x0, 0x6b, 0x0, 0x0, 0x0,
    0x6, 0xf9, 0xdd, 0x95, 0x43, 0x33, 0x44, 0x60,
    0x1e, 0x50, 0x5, 0xac, 0xef, 0xff, 0xff, 0xd0,
    0x1, 0x0, 0x0, 0x0, 0x0, 0x0, 0x0, 0x0,

    /* U+8FD9 "这" */
    0x0, 0x0, 0x0, 0x0, 0x0, 0x0, 0x0, 0x0,
    0x14, 0x0, 0x0, 0x1e, 0x30, 0x0, 0x0, 0x7,
    0xf3, 0x0, 0x0, 0x6f, 0x20, 0x0, 0x0, 0xa,
    0xd0, 0x0, 0x0, 0x61, 0x0, 0x0, 0x0, 0x1b,
    0x2b, 0xff, 0xff, 0xff, 0xff, 0x10, 0x0, 0x0,
    0x12, 0x10, 0x1, 0xf5, 0x10, 0x0, 0x0, 0x0,
    0xbc, 0x10, 0x4f, 0x0, 0x0, 0xff, 0xf4, 0x2,
    0xdd, 0x2b, 0xa0, 0x0, 0x0, 0xe, 0x40, 0x0,
    0xbe, 0xf3, 0x0, 0x0, 0x0, 0xe4, 0x0, 0x2,
    0xff, 0x40, 0x0, 0x0, 0xe, 0x40, 0x3, 0xea,
    0x9f, 0x50, 0x0, 0x0, 0xe4, 0x3a, 0xf7, 0x0,
    0x8f, 0x50, 0x0, 0x3f, 0x94, 0xb2, 0x0, 0x0,
    0x94, 0x1, 0xad, 0x5a, 0xe9, 0x54, 0x44, 0x45,
    0x64, 0xa, 0x10, 0x3, 0x9c, 0xef, 0xff, 0xff,
    0x50,

    /* U+8FDB "进" */
    0x0, 0x61, 0x0, 0x4, 0xe0, 0xf, 0x40, 0x0,
    0x0, 0xd9, 0x0, 0x3, 0xf0, 0xf, 0x30, 0x0,
    0x0, 0x6f, 0x2, 0x35, 0xf2, 0x2f, 0x53, 0x20,
    0x0, 0x9, 0x1b, 0xfe, 0xfe, 0xef, 0xee, 0xc0,
    0x0, 0x0, 0x0, 0x4, 0xe0, 0xf, 0x30, 0x0,
    0xb, 0xaa, 0x0, 0x5, 0xd0, 0xf, 0x30, 0x0,
    0x8, 0x9f, 0x4, 0x38, 0xc3, 0x3f, 0x63, 0x40,
    0x0, 0x4e, 0xe, 0xde, 0xfd, 0xdf, 0xed, 0xe1,
    0x0, 0x4e, 0x0, 0xa, 0x80, 0xf, 0x30, 0x0,
    0x0, 0x4e, 0x0, 0xe, 0x40, 0xf, 0x30, 0x0,
    0x0, 0x4e, 0x0, 0x6e, 0x0, 0xf, 0x30, 0x0,
    0x0, 0x5f, 0x24, 0xf6, 0x0, 0xf, 0x40, 0x0,
    0x19, 0xd8, 0xcd, 0xe5, 0x43, 0x3c, 0x63, 0x41,
    0x9, 0x0, 0x3, 0x7b, 0xdf, 0xff, 0xff, 0xf2,
    0x0, 0x0, 0x0, 0x0, 0x0, 0x0, 0x0, 0x0,

    /* U+8FDE "连" */
    0x0, 0x20, 0x0, 0x0, 0x5b, 0x0, 0x0, 0x0,
    0x6, 0xe1, 0x0, 0x0, 0xb9, 0x0, 0x0, 0x0,
    0x0, 0xcb, 0xe, 0xee, 0xfe, 0xee, 0xee, 0xa0,
    0x0, 0x2f, 0x32, 0x2c, 0x93, 0x62, 0x22, 0x20,
    0x0, 0x1, 0x0, 0x3f, 0x13, 0xf0, 0x0, 0x0,
    0x2, 0x11, 0x1, 0xd8, 0x14, 0xe1, 0x11, 0x0,
    0xf, 0xff, 0x4, 0xfe, 0xee, 0xfe, 0xef, 0x30,
    0x0, 0x4f, 0x0, 0x0, 0x3, 0xe0, 0x0, 0x0,
    0x0, 0x4f, 0x1, 0x10, 0x3, 0xe0, 0x0, 0x10,
    0x0, 0x4f, 0xf, 0xff, 0xff, 0xff, 0xff, 0xf0,
    0x0, 0x4f, 0x0, 0x0, 0x3, 0xe0, 0x0, 0x0,
    0x0, 0x4f, 0x0, 0x0, 0x3, 0xf0, 0x0, 0x0,
    0x5, 0xc7, 0xba, 0x64, 0x37, 0xf2, 0x22, 0x10,
    0xb, 0x30, 0x4, 0x8b, 0xde, 0xff, 0xff, 0xf4,

    /* U+8FF0 "述" */
    0x0, 0x63, 0x0, 0x0, 0xe, 0x61, 0x80, 0x0,
    0x0, 0xcb, 0x0, 0x0, 0xe, 0x60, 0xcb, 0x0,
    0x0, 0x6f, 0x20, 0x0, 0xd, 0x60, 0x23, 0x0,
    0x0, 0x14, 0xb, 0xff, 0xff, 0xff, 0xff, 0xe0,
    0x0, 0x0, 0x1, 0x21, 0x7f, 0x71, 0x12, 0x20,
    0x4, 0x33, 0x0, 0x0, 0xcf, 0x61, 0x0, 0x0,
    0xe, 0xef, 0x0, 0x5, 0xff, 0x6c, 0x90, 0x0,
    0x0, 0x4e, 0x0, 0x1e, 0x9d, 0x64, 0xf7, 0x0,
    0x0, 0x4e, 0x0, 0xcd, 0xd, 0x60, 0x7f, 0x40,
    0x0, 0x4e, 0xc, 0xe2, 0xd, 0x60, 0xb, 0x90,
    0x0, 0x4e, 0x19, 0x30, 0xe, 0x60, 0x0, 0x0,
    0x0, 0x6f, 0x60, 0x0, 0xe, 0x60, 0x0, 0x0,
    0x8, 0xfa, 0xee, 0x96, 0x44, 0x45, 0x56, 0x84,
    0xc, 0x50, 0x6, 0xac, 0xef, 0xff, 0xff, 0xf2,
    0x0, 0x0, 0x0, 0x0, 0x0, 0x0, 0x0, 0x0,

    /* U+8FF7 "迷" */
    0x0, 0x0, 0x0, 0x0, 0xd, 0x50, 0x0, 0x0,
    0x0, 0xc6, 0x2, 0xa0, 0xd, 0x50, 0x88, 0x0,
    0x0, 0x9d, 0x1, 0xe8, 0xd, 0x51, 0xf5, 0x0,
    0x0, 0x2e, 0x20, 0x5e, 0xd, 0x58, 0xd0, 0x0,
    0x0, 0x0, 0x0, 0x1, 0xd, 0x50, 0x20, 0x0,
    0x0, 0x0, 0x1d, 0xcc, 0xcf, 0xdc, 0xcc, 0xb0,
    0xf, 0xff, 0x15, 0x55, 0xdf, 0x85, 0x55, 0x50,
    0x2, 0x4f, 0x0, 0x4, 0xed, 0x8e, 0x20, 0x0,
    0x0, 0x3f, 0x0, 0x2e, 0x6d, 0x5a, 0xe2, 0x0,
    0x0, 0x3f, 0x3, 0xea, 0xd, 0x50, 0xbe, 0x10,
    0x0, 0x3f, 0x2f, 0xc0, 0xd, 0x50, 0xb, 0x20,
    0x0, 0x4f, 0x35, 0x0, 0xd, 0x50, 0x0, 0x0,
    0x5, 0xd7, 0xcd, 0x96, 0x5e, 0x84, 0x44, 0x40,
    0xb, 0x30, 0x4, 0x8b, 0xde, 0xff, 0xff, 0xc0,
    0x0, 0x0, 0x0, 0x0, 0x0, 0x0, 0x0, 0x0,

    /* U+8FFD "追" */
    0x0, 0x10, 0x0, 0x0, 0x59, 0x0, 0x0, 0x0,
    0x4, 0xe1, 0x0, 0x0, 0x98, 0x0, 0x0, 0x0,
    0x0, 0xbc, 0x2, 0xee, 0xfe, 0xee, 0xe4, 0x0,
    0x0, 0x1d, 0x22, 0xf0, 0x0, 0x0, 0xe4, 0x0,
    0x0, 0x0, 0x1, 0xf0, 0x0, 0x0, 0xe4, 0x0,
    0x2, 0x11, 0x1, 0xff, 0xff, 0xff, 0xf4, 0x0,
    0x2c, 0xcf, 0x41, 0xf0, 0x0, 0x0, 0x0, 0x0,
    0x0, 0xe, 0x41, 0xfe, 0xee, 0xee, 0xea, 0x0,
    0x0, 0xe, 0x41, 0xf0, 0x0, 0x0, 0x7b, 0x0,
    0x0, 0xe, 0x41, 0xf0, 0x0, 0x0, 0x7b, 0x0,
    0x0, 0xe, 0x42, 0xfe, 0xee, 0xee, 0xeb, 0x0,
    0x0, 0x2f, 0x81, 0xc0, 0x0, 0x0, 0x59, 0x0,
    0x8, 0xd4, 0x9d, 0x85, 0x32, 0x22, 0x23, 0x40,
    0x4d, 0x10, 0x2, 0x8c, 0xdf, 0xff, 0xff, 0xb0,
    0x0, 0x0, 0x0, 0x0, 0x0, 0x0, 0x0, 0x0,

    /* U+9000 "退" */
    0x0, 0xb7, 0x0, 0xff, 0xff, 0xff, 0xfe, 0x0,
    0x0, 0x9c, 0x0, 0xe6, 0x11, 0x11, 0x5e, 0x0,
    0x0, 0x4f, 0x20, 0xe6, 0x11, 0x11, 0x5e, 0x0,
    0x0, 0xb, 0x20, 0xef, 0xff, 0xff, 0xfe, 0x0,
    0x0, 0x0, 0x0, 0xe5, 0x0, 0x0, 0x4e, 0x0,
    0x5, 0x44, 0x0, 0xec, 0xaa, 0xaa, 0xce, 0x0,
    0xe, 0xef, 0x0, 0xea, 0x77, 0x77, 0x78, 0x0,
    0x0, 0x4e, 0x0, 0xe5, 0x4a, 0x20, 0x3f, 0x60,
    0x0, 0x4e, 0x0, 0xe5, 0x1b, 0xf8, 0xe6, 0x0,
    0x0, 0x4e, 0x0, 0xe5, 0x25, 0x5e, 0xd3, 0x0,
    0x0, 0x4e, 0x1, 0xfd, 0xfa, 0x1, 0xbf, 0x80,
    0x0, 0x6f, 0x62, 0xf9, 0x20, 0x0, 0x7, 0x50,
    0x9, 0xfb, 0xde, 0xa6, 0x54, 0x45, 0x57, 0x86,
    0x1d, 0x40, 0x4, 0x9c, 0xdf, 0xff, 0xfe, 0xd5,
    0x0, 0x0, 0x0, 0x0, 0x0, 0x0, 0x0, 0x0,

    /* U+9009 "选" */
    0x0, 0x0, 0x0, 0x45, 0xb, 0xd0, 0x0, 0x0,
    0x0, 0xc9, 0x0, 0xb9, 0xb, 0xc0, 0x0, 0x0,
    0x0, 0x5f, 0x0, 0xfd, 0xce, 0xfc, 0xd9, 0x0,
    0x0, 0xc, 0x27, 0xd2, 0x2b, 0xd2, 0x22, 0x0,
    0x0, 0x0, 0x5, 0x60, 0xb, 0xc0, 0x0, 0x0,
    0x2, 0x11, 0x6, 0x66, 0x6c, 0xd6, 0x66, 0x50,
    0xf, 0xef, 0x28, 0xaa, 0xfb, 0xbf, 0xaa, 0x80,
    0x0, 0x1f, 0x20, 0x0, 0xf2, 0x4e, 0x0, 0x0,
    0x0, 0x1f, 0x20, 0x2, 0xf0, 0x4e, 0x0, 0x0,
    0x0, 0x1f, 0x20, 0x8, 0xa0, 0x4e, 0x4, 0x50,
    0x0, 0x1f, 0x20, 0x4f, 0x20, 0x4f, 0x4b, 0xf0,
    0x0, 0x1f, 0x32, 0xf5, 0x0, 0x1c, 0xff, 0x80,
    0x3, 0xd9, 0xbb, 0x85, 0x33, 0x22, 0x23, 0x42,
    0xa, 0x70, 0x2, 0x7a, 0xce, 0xef, 0xff, 0xe1,
    0x0, 0x0, 0x0, 0x0, 0x0, 0x0, 0x0, 0x0,

    /* U+901A "通" */
    0x0, 0x0, 0x0, 0x0, 0x0, 0x0, 0x0, 0x0,
    0x4, 0xa0, 0xd, 0xff, 0xff, 0xff, 0xf6, 0x0,
    0x2, 0xf7, 0x0, 0x3, 0x80, 0x4e, 0x40, 0x0,
    0x0, 0x57, 0x0, 0x1, 0xbe, 0xd2, 0x0, 0x0,
    0x0, 0x0, 0xe, 0xff, 0xff, 0xff, 0xff, 0x0,
    0x38, 0x82, 0xe, 0x30, 0xf, 0x10, 0x1f, 0x0,
    0x27, 0xd5, 0xe, 0xff, 0xff, 0xff, 0xff, 0x0,
    0x0, 0xc4, 0xd, 0x30, 0x1f, 0x20, 0x2f, 0x0,
    0x0, 0xc4, 0xd, 0x41, 0x1f, 0x21, 0x2f, 0x0,
    0x0, 0xc4, 0xe, 0xee, 0xef, 0xee, 0xef, 0x0,
    0x0, 0xc4, 0xe, 0x30, 0xf, 0x12, 0x7f, 0x0,
    0x0, 0xc9, 0xe, 0x30, 0xf, 0x14, 0xfc, 0x0,
    0x9, 0xcb, 0xef, 0x85, 0x4a, 0x44, 0x95, 0x50,
    0x6d, 0x0, 0x16, 0xac, 0xde, 0xef, 0xff, 0xc0,
    0x1, 0x0, 0x0, 0x0, 0x0, 0x0, 0x0, 0x0,

    /* U+901F "速" */
    0x0, 0x10, 0x0, 0x0, 0x4, 0xd0, 0x0, 0x0,
    0x0, 0xf5, 0x5, 0x44, 0x47, 0xd4, 0x44, 0x40,
    0x0, 0xac, 0xb, 0xbb, 0xbc, 0xfb, 0xbb, 0xa0,
    0x0, 0x5e, 0x10, 0x11, 0x15, 0xd1, 0x11, 0x0,
    0x0, 0x0, 0x3, 0xfe, 0xee, 0xfe, 0xef, 0x40,
    0x0, 0x0, 0x3, 0xe0, 0x4, 0xd0, 0xe, 0x40,
    0x1f, 0xfe, 0x3, 0xf3, 0x36, 0xd3, 0x3f, 0x40,
    0x2, 0x5e, 0x2, 0xbb, 0xdf, 0xfb, 0xbb, 0x30,
    0x0, 0x4e, 0x0, 0x0, 0xdd, 0xd8, 0x30, 0x0,
    0x0, 0x4e, 0x0, 0xa, 0xc4, 0xd7, 0xf4, 0x0,
    0x0, 0x4e, 0x1, 0xcd, 0x14, 0xd0, 0x6f, 0x60,
    0x0, 0x4e, 0xb, 0xc1, 0x4, 0xd0, 0x6, 0x50,
    0x3, 0xba, 0xca, 0x75, 0x57, 0xd4, 0x44, 0x42,
    0xc, 0x40, 0x4, 0x9c, 0xde, 0xef, 0xff, 0xf3,
    0x0, 0x0, 0x0, 0x0, 0x0, 0x0, 0x0, 0x0,

    /* U+9053 "道" */
    0x0, 0x0, 0x0, 0x2, 0x0, 0x2, 0x10, 0x0,
    0x0, 0x52, 0x0, 0xe, 0x60, 0xa, 0xc0, 0x0,
    0x0, 0xd9, 0x0, 0x4, 0x90, 0xf, 0x30, 0x0,
    0x0, 0x9d, 0xe, 0xff, 0xff, 0xff, 0xff, 0xf7,
    0x0, 0x46, 0x1, 0x10, 0xb, 0xa0, 0x0, 0x10,
    0x0, 0x0, 0x0, 0x34, 0x4e, 0x94, 0x44, 0x0,
    0x0, 0x0, 0x0, 0xbe, 0xbb, 0xbb, 0xcf, 0x0,
    0x1d, 0xcc, 0x0, 0xb9, 0x11, 0x11, 0x4f, 0x0,
    0x4, 0x6f, 0x0, 0xae, 0xdd, 0xdd, 0xef, 0x0,
    0x0, 0x4e, 0x0, 0xa9, 0x0, 0x0, 0x3f, 0x0,
    0x0, 0x4e, 0x0, 0xbf, 0xff, 0xff, 0xff, 0x0,
    0x0, 0x4e, 0x0, 0xb9, 0x0, 0x0, 0x3f, 0x0,
    0x0, 0x5f, 0x10, 0xcf, 0xff, 0xff, 0xff, 0x0,
    0x6, 0xd6, 0xbb, 0x75, 0x44, 0x44, 0x45, 0x62,
    0x1b, 0x30, 0x4, 0x9c, 0xee, 0xff, 0xff, 0xe1,

    /* U+90C1 "郁" */
    0x0, 0x0, 0x0, 0x0, 0x0, 0x0, 0x0, 0x0,
    0x0, 0x0, 0xaa, 0x0, 0x0, 0x0, 0x0, 0x0,
    0x0, 0x0, 0xe5, 0x0, 0x4, 0xee, 0xee, 0x90,
    0xd, 0xee, 0xfe, 0xee, 0xb5, 0xd0, 0xc, 0x60,
    0x0, 0xa, 0xa0, 0x0, 0x4, 0xd0, 0xf, 0x20,
    0x0, 0x3f, 0x62, 0x22, 0x4, 0xd0, 0x3e, 0x0,
    0x1, 0xdf, 0xdc, 0xcf, 0x4, 0xd0, 0x7a, 0x0,
    0x1c, 0xcf, 0x30, 0x1f, 0x4, 0xd0, 0x99, 0x0,
    0x2c, 0x1f, 0xee, 0xef, 0x4, 0xd0, 0x2f, 0x30,
    0x0, 0xf, 0x30, 0x1f, 0x4, 0xd0, 0x7, 0xc0,
    0x0, 0xf, 0x52, 0x3f, 0x4, 0xd0, 0x1, 0xf2,
    0x0, 0xf, 0xcb, 0xbf, 0x4, 0xd0, 0x1, 0xf3,
    0x0, 0xf, 0x30, 0x1f, 0x4, 0xd0, 0x8d, 0xa0,
    0x0, 0xf, 0x30, 0x5f, 0x5, 0xd0, 0x54, 0x0,
    0x0, 0xf, 0x33, 0xe7, 0x5, 0xd0, 0x0, 0x0,
    0x0, 0x0, 0x0, 0x0, 0x0, 0x10, 0x0, 0x0,

    /* U+90E8 "部" */
    0x0, 0x0, 0x0, 0x0, 0x0, 0x0, 0x0, 0x0,
    0x0, 0xe5, 0x0, 0x0, 0x0, 0x0, 0x0, 0x0,
    0x7, 0xd0, 0x0, 0x3d, 0xdd, 0xda, 0x9, 0xff,
    0xff, 0xff, 0xc4, 0xf4, 0x4e, 0x80, 0x15, 0x71,
    0x17, 0xc1, 0x3f, 0x1, 0xf3, 0x0, 0x6f, 0x20,
    0xb9, 0x3, 0xf0, 0x5e, 0x0, 0x0, 0xd5, 0x2f,
    0x20, 0x3f, 0xa, 0x80, 0xf, 0xff, 0xff, 0xff,
    0xf6, 0xf0, 0xe7, 0x0, 0x11, 0x11, 0x11, 0x11,
    0x3f, 0x5, 0xf4, 0x0, 0x23, 0x33, 0x33, 0x3,
    0xf0, 0x9, 0xe0, 0xc, 0xec, 0xcd, 0xf0, 0x3f,
    0x0, 0x1f, 0x40, 0xc7, 0x0, 0x3f, 0x3, 0xf0,
    0x3, 0xf4, 0xc, 0x70, 0x3, 0xf0, 0x3f, 0x2d,
    0xfc, 0x0, 0xcf, 0xff, 0xff, 0x3, 0xf0, 0x64,
    0x0, 0xc, 0x70, 0x3, 0xf0, 0x3f, 0x0, 0x0,
    0x0, 0xb6, 0x0, 0x2e, 0x3, 0xf0, 0x0, 0x0,

    /* U+914D "配" */
    0x0, 0x0, 0x0, 0x0, 0x1, 0x11, 0x11, 0x0,
    0x5f, 0xff, 0xff, 0xff, 0x6f, 0xff, 0xff, 0x40,
    0x1, 0x1e, 0x1f, 0x21, 0x0, 0x0, 0xe, 0x40,
    0xb, 0xcf, 0xcf, 0xcc, 0x10, 0x0, 0xe, 0x40,
    0xe, 0x5e, 0x3f, 0x2f, 0x10, 0x0, 0xe, 0x40,
    0xe, 0x3f, 0xf, 0xf, 0x10, 0x0, 0xe, 0x40,
    0xe, 0x4f, 0xf, 0xf, 0xe, 0xff, 0xff, 0x40,
    0xe, 0x9c, 0xe, 0x9f, 0xd, 0x40, 0x0, 0x0,
    0xe, 0xb6, 0x2, 0x4f, 0xd, 0x40, 0x0, 0x0,
    0xe, 0x30, 0x0, 0xf, 0xd, 0x40, 0x0, 0x0,
    0xe, 0xee, 0xee, 0xef, 0xd, 0x40, 0x0, 0x0,
    0xe, 0x30, 0x0, 0xf, 0x1d, 0x40, 0x0, 0x71,
    0xe, 0xff, 0xff, 0xff, 0x1d, 0x60, 0x4, 0xf1,
    0xe, 0x30, 0x0, 0x1f, 0x19, 0xff, 0xff, 0xa0,
    0x0, 0x0, 0x0, 0x0, 0x0, 0x1, 0x10, 0x0,

    /* U+9192 "醒" */
    0x0, 0x0, 0x0, 0x0, 0x3f, 0xff, 0xff, 0xf0,
    0x5f, 0xff, 0xff, 0xf8, 0x2e, 0x0, 0x2, 0xe0,
    0x0, 0x2e, 0x3c, 0x0, 0x2e, 0x22, 0x24, 0xe0,
    0x3, 0x5e, 0x6d, 0x31, 0x2f, 0xdd, 0xdd, 0xe0,
    0xf, 0x9f, 0xae, 0xc5, 0x2e, 0x0, 0x2, 0xe0,
    0xf, 0x3e, 0x4c, 0x95, 0x2e, 0xef, 0xee, 0xd0,
    0xf, 0x4d, 0x4c, 0x94, 0x27, 0xe, 0x30, 0x0,
    0xf, 0x7b, 0x4d, 0x94, 0x8e, 0x2e, 0x42, 0x20,
    0xf, 0xd7, 0x1e, 0xf4, 0xdd, 0xdf, 0xdd, 0xa0,
    0xf, 0x11, 0x0, 0x9a, 0xf0, 0xe, 0x30, 0x0,
    0xf, 0xee, 0xee, 0xf6, 0x6b, 0xbf, 0xcb, 0xa0,
    0xf, 0x10, 0x0, 0x94, 0x4, 0x4f, 0x64, 0x40,
    0xf, 0xbb, 0xbb, 0xe5, 0x0, 0xe, 0x30, 0x0,
    0xf, 0x43, 0x33, 0xa8, 0xff, 0xff, 0xff, 0xf4,
    0xf, 0x10, 0x0, 0x95, 0x0, 0x0, 0x0, 0x0,
    0x2, 0x0, 0x0, 0x0, 0x0, 0x0, 0x0, 0x0,

    /* U+91CC "里" */
    0x0, 0x4f, 0xff, 0xff, 0xff, 0xff, 0xf4, 0x0,
    0x4, 0xf1, 0x11, 0xe5, 0x11, 0x1f, 0x40, 0x0,
    0x3f, 0x0, 0xe, 0x50, 0x0, 0xf4, 0x0, 0x3,
    0xff, 0xff, 0xff, 0xff, 0xff, 0x40, 0x0, 0x3f,
    0x0, 0xe, 0x40, 0x0, 0xf4, 0x0, 0x4, 0xf1,
    0x11, 0xe5, 0x11, 0x1f, 0x40, 0x0, 0x4f, 0xff,
    0xff, 0xff, 0xff, 0xf4, 0x0, 0x0, 0x0, 0x0,
    0xe4, 0x0, 0x0, 0x0, 0x0, 0x45, 0x44, 0x4e,
    0x74, 0x44, 0x52, 0x0, 0xa, 0xcc, 0xcc, 0xfd,
    0xcc, 0xcc, 0x40, 0x0, 0x0, 0x0, 0xe, 0x40,
    0x0, 0x0, 0x0, 0x43, 0x33, 0x33, 0xe7, 0x33,
    0x33, 0x33, 0x2f, 0xee, 0xee, 0xee, 0xee, 0xee,
    0xee, 0xb0, 0x0, 0x0, 0x0, 0x0, 0x0, 0x0,
    0x0,

    /* U+91CD "重" */
    0x0, 0x0, 0x0, 0x0, 0x2, 0x47, 0x60, 0x0,
    0x9, 0xbc, 0xde, 0xff, 0xdc, 0xb9, 0x0, 0x0,
    0x23, 0x21, 0xe, 0x50, 0x0, 0x0, 0x3, 0xdc,
    0xcc, 0xcc, 0xfd, 0xcc, 0xcc, 0xca, 0x2, 0x22,
    0x22, 0x2e, 0x62, 0x22, 0x22, 0x20, 0x0, 0xcd,
    0xdd, 0xfe, 0xdd, 0xdd, 0x0, 0x0, 0xe, 0x62,
    0x2e, 0x62, 0x26, 0xe0, 0x0, 0x0, 0xde, 0xee,
    0xfe, 0xee, 0xee, 0x0, 0x0, 0xe, 0x72, 0x2e,
    0x72, 0x27, 0xe0, 0x0, 0x0, 0xef, 0xff, 0xff,
    0xff, 0xff, 0x0, 0x0, 0x0, 0x0, 0xe, 0x50,
    0x0, 0x0, 0x0, 0xd, 0xee, 0xee, 0xfe, 0xee,
    0xef, 0x80, 0x0, 0x0, 0x0, 0xe, 0x50, 0x0,
    0x0, 0x1, 0xff, 0xff, 0xff, 0xff, 0xff, 0xff,
    0xfb,

    /* U+91CF "量" */
    0x0, 0xf, 0xcc, 0xcc, 0xcc, 0xcc, 0xf0, 0x0,
    0x0, 0xfd, 0xdd, 0xdd, 0xdd, 0xdf, 0x0, 0x0,
    0xf, 0x64, 0x44, 0x44, 0x46, 0xf0, 0x0, 0x0,
    0x66, 0x66, 0x66, 0x66, 0x66, 0x0, 0x2f, 0xed,
    0xdd, 0xdd, 0xdd, 0xdd, 0xde, 0xf0, 0x0, 0x66,
    0x66, 0x66, 0x66, 0x66, 0x0, 0x0, 0x1f, 0x87,
    0x7c, 0xc7, 0x78, 0xf1, 0x0, 0x1, 0xfd, 0xdd,
    0xee, 0xdd, 0xdf, 0x10, 0x0, 0x1f, 0x65, 0x5b,
    0xb5, 0x56, 0xf1, 0x0, 0x0, 0x77, 0x77, 0xcc,
    0x77, 0x77, 0x0, 0x0, 0x7c, 0xcc, 0xce, 0xec,
    0xcc, 0xd5, 0x0, 0x1, 0x10, 0x0, 0x99, 0x0,
    0x1, 0x0, 0xb, 0xdd, 0xdd, 0xde, 0xed, 0xdd,
    0xdd, 0xb0,

    /* U+91D1 "金" */
    0x0, 0x0, 0x0, 0xb, 0x30, 0x0, 0x0, 0x0,
    0x0, 0x0, 0x0, 0x9f, 0x90, 0x0, 0x0, 0x0,
    0x0, 0x0, 0x6, 0xf3, 0xd8, 0x0, 0x0, 0x0,
    0x0, 0x0, 0x5f, 0x40, 0x1d, 0xa0, 0x0, 0x0,
    0x0, 0x7, 0xf4, 0x0, 0x1, 0xce, 0x60, 0x0,
    0x3, 0xcf, 0x95, 0x55, 0x55, 0x6d, 0xfe, 0x90,
    0x3f, 0xa3, 0xcb, 0xbf, 0xcb, 0xb9, 0x17, 0x80,
    0x2, 0x0, 0x0, 0xe, 0x40, 0x0, 0x0, 0x0,
    0x0, 0x25, 0x55, 0x5f, 0x85, 0x55, 0x60, 0x0,
    0x0, 0x5b, 0xbb, 0xbf, 0xcb, 0xbb, 0xc1, 0x0,
    0x0, 0x5, 0x90, 0xe, 0x40, 0x2d, 0x20, 0x0,
    0x0, 0x2, 0xf6, 0xe, 0x40, 0xab, 0x0, 0x0,
    0x1, 0x22, 0x8b, 0x2e, 0x55, 0xf3, 0x22, 0x10,
    0x7, 0xff, 0xff, 0xff, 0xff, 0xff, 0xff, 0x70,

    /* U+949F "钟" */
    0x0, 0x1d, 0x40, 0x0, 0x0, 0xf4, 0x0, 0x0,
    0x6, 0xf3, 0x0, 0x0, 0xf, 0x40, 0x0, 0x0,
    0xdd, 0x34, 0x0, 0x0, 0xf4, 0x0, 0x0, 0x9f,
    0xcc, 0xd3, 0x77, 0x7f, 0x97, 0x72, 0x5f, 0x60,
    0x0, 0x1f, 0x76, 0xf8, 0x6f, 0x42, 0x6d, 0xff,
    0xd0, 0xf2, 0xf, 0x40, 0xe4, 0x0, 0xe, 0x40,
    0xf, 0x20, 0xf4, 0xe, 0x40, 0x0, 0xe4, 0x0,
    0xf2, 0xf, 0x40, 0xe4, 0xb, 0xff, 0xff, 0x4f,
    0x53, 0xf6, 0x3f, 0x40, 0x22, 0xe6, 0x31, 0xfc,
    0xcf, 0xdc, 0xf4, 0x0, 0xe, 0x41, 0x1b, 0x10,
    0xf4, 0xa, 0x30, 0x0, 0xe7, 0xe1, 0x0, 0xf,
    0x40, 0x0, 0x0, 0x1f, 0xf9, 0x0, 0x0, 0xf4,
    0x0, 0x0, 0x5, 0xf8, 0x0, 0x0, 0xf, 0x40,
    0x0, 0x0, 0x5, 0x0, 0x0, 0x0, 0xf5, 0x0,
    0x0,

    /* U+9501 "锁" */
    0x0, 0xc, 0x40, 0x0, 0x0, 0xf3, 0x1, 0x0,
    0x0, 0x4e, 0x10, 0x1d, 0x10, 0xe3, 0x3f, 0x20,
    0x0, 0xce, 0xcc, 0x5b, 0xc0, 0xe3, 0xcc, 0x0,
    0x5, 0xf4, 0x34, 0x12, 0x70, 0xe3, 0x63, 0x0,
    0x1e, 0x70, 0x0, 0x5, 0x66, 0xf8, 0x66, 0x10,
    0x3b, 0xff, 0xff, 0x2d, 0xca, 0xaa, 0xaf, 0x30,
    0x0, 0xe, 0x30, 0xd, 0x40, 0x42, 0xf, 0x30,
    0x0, 0xe, 0x30, 0xd, 0x40, 0xd7, 0xf, 0x30,
    0xd, 0xff, 0xff, 0x5d, 0x40, 0xd6, 0xf, 0x30,
    0x1, 0x1e, 0x41, 0xd, 0x40, 0xe4, 0xf, 0x30,
    0x0, 0xe, 0x32, 0xb, 0x32, 0xf1, 0xb, 0x30,
    0x0, 0xe, 0x7e, 0x30, 0x9, 0xa1, 0x40, 0x0,
    0x0, 0x2f, 0xf4, 0x0, 0x8e, 0x15, 0xfa, 0x10,
    0x0, 0x4e, 0x30, 0x6e, 0xd2, 0x0, 0x2d, 0xd0,
    0x0, 0x0, 0x0, 0x16, 0x0, 0x0, 0x0, 0x30,

    /* U+9519 "错" */
    0x0, 0xa, 0x30, 0x0, 0x94, 0x3, 0x90, 0x0,
    0x0, 0x4f, 0x40, 0x0, 0xd5, 0x4, 0xf0, 0x0,
    0x0, 0xdc, 0x33, 0x17, 0xe9, 0x69, 0xf7, 0x50,
    0x8, 0xfc, 0xca, 0x29, 0xeb, 0x9b, 0xf9, 0x70,
    0x4f, 0x51, 0x10, 0x0, 0xd5, 0x4, 0xf0, 0x0,
    0x3, 0xef, 0xe8, 0x7c, 0xfd, 0xcd, 0xfc, 0xc4,
    0x0, 0x1f, 0x20, 0x12, 0x22, 0x22, 0x22, 0x21,
    0x1, 0x1f, 0x21, 0x0, 0x0, 0x0, 0x0, 0x0,
    0xd, 0xef, 0xee, 0x3e, 0xee, 0xee, 0xef, 0x0,
    0x0, 0x1f, 0x20, 0xd, 0x40, 0x0, 0x3f, 0x0,
    0x0, 0x1f, 0x27, 0xd, 0xff, 0xff, 0xff, 0x0,
    0x0, 0x1f, 0x9e, 0x1d, 0x40, 0x0, 0x3f, 0x0,
    0x0, 0x3f, 0xc1, 0xd, 0x62, 0x22, 0x5f, 0x0,
    0x0, 0x4a, 0x0, 0xe, 0xdc, 0xcc, 0xdf, 0x0,
    0x0, 0x0, 0x0, 0xe, 0x40, 0x0, 0x0, 0x0,

    /* U+952E "键" */
    0x0, 0x87, 0x0, 0x0, 0x0, 0xb5, 0x0, 0x0,
    0x0, 0xe7, 0x5, 0x43, 0x26, 0xc8, 0x55, 0x0,
    0x6, 0xf8, 0x8c, 0xe9, 0x3a, 0xeb, 0xaf, 0x0,
    0x1e, 0x98, 0x70, 0xc4, 0x22, 0xc6, 0x3f, 0x20,
    0x89, 0x0, 0x1, 0xe1, 0xcc, 0xfd, 0xcf, 0xd0,
    0x6, 0xcc, 0xa7, 0x90, 0x1, 0xc5, 0x2f, 0x0,
    0x0, 0xb4, 0xf, 0xfe, 0x4e, 0xfe, 0xed, 0x0,
    0x0, 0xb5, 0x12, 0x3d, 0x0, 0xc5, 0x0, 0x0,
    0x1f, 0xfe, 0xb6, 0x4c, 0x8f, 0xff, 0xfe, 0x0,
    0x0, 0xb4, 0xe, 0x99, 0x0, 0xc5, 0x0, 0x0,
    0x0, 0xb4, 0x59, 0xf6, 0xde, 0xfe, 0xee, 0x10,
    0x0, 0xbe, 0xb2, 0xf5, 0x10, 0xc5, 0x1, 0x0,
    0x1, 0xfa, 0xa, 0xad, 0xb6, 0xd6, 0x22, 0x30,
    0x0, 0x50, 0x5c, 0x0, 0x59, 0xcd, 0xef, 0xc0,
    0x0, 0x0, 0x0, 0x0, 0x0, 0x0, 0x0, 0x0,

    /* U+957F "长" */
    0x0, 0x0, 0xe7, 0x0, 0x0, 0x96, 0x0, 0x0,
    0x0, 0xd, 0x60, 0x0, 0x5f, 0x80, 0x0, 0x0,
    0x0, 0xd6, 0x0, 0x4f, 0x80, 0x0, 0x0, 0x0,
    0xd, 0x60, 0x4f, 0x80, 0x0, 0x0, 0x0, 0x0,
    0xd6, 0x4f, 0x80, 0x0, 0x0, 0x0, 0x0, 0xd,
    0x60, 0x70, 0x0, 0x0, 0x0, 0x4f, 0xff, 0xff,
    0xff, 0xff, 0xff, 0xff, 0xb0, 0x22, 0x2d, 0x72,
    0x4f, 0x32, 0x22, 0x22, 0x0, 0x0, 0xd6, 0x0,
    0xd9, 0x0, 0x0, 0x0, 0x0, 0xd, 0x60, 0x4,
    0xf3, 0x0, 0x0, 0x0, 0x0, 0xd6, 0x5, 0xa,
    0xe3, 0x0, 0x0, 0x0, 0xd, 0x7a, 0xf7, 0xc,
    0xf6, 0x0, 0x0, 0x0, 0xff, 0xe4, 0x0, 0x9,
    0xfd, 0x30, 0x0, 0x2f, 0xa0, 0x0, 0x0, 0x4,
    0x90, 0x0, 0x0, 0x20, 0x0, 0x0, 0x0, 0x0,
    0x0,

    /* U+95E8 "门" */
    0x0, 0x0, 0x0, 0x0, 0x0, 0x0, 0x0, 0x2,
    0xe4, 0x0, 0x0, 0x0, 0x0, 0x0, 0x0, 0xbe,
    0x4, 0xff, 0xff, 0xff, 0xf7, 0x0, 0x18, 0x10,
    0x21, 0x11, 0x11, 0xe6, 0x5c, 0x0, 0x0, 0x0,
    0x0, 0x0, 0xe6, 0x6e, 0x0, 0x0, 0x0, 0x0,
    0x0, 0xe6, 0x6e, 0x0, 0x0, 0x0, 0x0, 0x0,
    0xe6, 0x6e, 0x0, 0x0, 0x0, 0x0, 0x0, 0xe6,
    0x6e, 0x0, 0x0, 0x0, 0x0, 0x0, 0xe6, 0x6e,
    0x0, 0x0, 0x0, 0x0, 0x0, 0xe6, 0x6e, 0x0,
    0x0, 0x0, 0x0, 0x0, 0xe6, 0x6e, 0x0, 0x0,
    0x0, 0x0, 0x0, 0xe6, 0x6e, 0x0, 0x0, 0x0,
    0x0, 0x0, 0xe6, 0x6e, 0x0, 0x0, 0x0, 0x0,
    0x58, 0xf5, 0x7e, 0x0, 0x0, 0x0, 0x0, 0x8e,
    0xb0, 0x0, 0x0, 0x0, 0x0, 0x0, 0x0, 0x0,

    /* U+95F4 "间" */
    0x0, 0x0, 0x0, 0x0, 0x0, 0x0, 0x0, 0x0,
    0xc6, 0x0, 0x0, 0x0, 0x0, 0x0, 0x0, 0x5f,
    0x36, 0xff, 0xff, 0xff, 0xf6, 0x25, 0x6, 0x30,
    0x11, 0x11, 0x11, 0xd6, 0x6f, 0x0, 0x0, 0x0,
    0x0, 0x0, 0xd6, 0x5e, 0x0, 0xff, 0xff, 0xff,
    0x40, 0xd6, 0x5e, 0x0, 0xf4, 0x0, 0xf, 0x30,
    0xd6, 0x5e, 0x0, 0xf3, 0x0, 0xf, 0x30, 0xd6,
    0x5e, 0x0, 0xff, 0xff, 0xff, 0x30, 0xd6, 0x5e,
    0x0, 0xf4, 0x0, 0xf, 0x30, 0xd6, 0x5e, 0x0,
    0xf3, 0x0, 0xf, 0x30, 0xd6, 0x5e, 0x0, 0xfd,
    0xcc, 0xcf, 0x40, 0xd6, 0x5e, 0x0, 0x33, 0x33,
    0x33, 0x10, 0xd6, 0x6f, 0x0, 0x0, 0x0, 0x0,
    0x14, 0xf5, 0x6f, 0x0, 0x0, 0x0, 0x0, 0x4f,
    0xd1, 0x0, 0x0, 0x0, 0x0, 0x0, 0x1, 0x0,

    /* U+9605 "阅" */
    0x0, 0x0, 0x0, 0x0, 0x0, 0x0, 0x0, 0x0,
    0xc6, 0x0, 0x0, 0x0, 0x0, 0x0, 0x0, 0x3e,
    0x17, 0xff, 0xff, 0xff, 0xf6, 0x15, 0x1, 0x53,
    0x0, 0x73, 0x0, 0xc6, 0x4e, 0x0, 0x5c, 0x1,
    0xf2, 0x0, 0xc5, 0x4e, 0x0, 0x6, 0x8, 0x80,
    0x0, 0xc5, 0x4e, 0x3, 0xfe, 0xee, 0xef, 0x10,
    0xc5, 0x4e, 0x2, 0xe0, 0x0, 0xf, 0x10, 0xc5,
    0x4e, 0x3, 0xfb, 0xbb, 0xbf, 0x10, 0xc5, 0x4e,
    0x0, 0x3f, 0x4d, 0x73, 0x0, 0xc5, 0x4e, 0x0,
    0x1f, 0xc, 0x50, 0x0, 0xc5, 0x4e, 0x0, 0x6c,
    0xc, 0x51, 0xa0, 0xc5, 0x4e, 0x1, 0xe6, 0xb,
    0xab, 0xd0, 0xc5, 0x4e, 0xd, 0xa0, 0x3, 0x76,
    0x34, 0xf4, 0x5e, 0x2, 0x0, 0x0, 0x0, 0x8f,
    0xc0, 0x0, 0x0, 0x0, 0x0, 0x0, 0x10, 0x0,

    /* U+9634 "阴" */
    0xef, 0xff, 0xfb, 0xf, 0xff, 0xff, 0xf3, 0xe5,
    0x0, 0xe5, 0xf, 0x52, 0x22, 0xf3, 0xd5, 0x4,
    0xf0, 0xf, 0x40, 0x0, 0xf3, 0xd5, 0x9, 0x90,
    0xf, 0x74, 0x45, 0xf3, 0xd5, 0xe, 0x30, 0xf,
    0xed, 0xdd, 0xf3, 0xd5, 0x1f, 0x30, 0xf, 0x30,
    0x0, 0xf3, 0xd5, 0x7, 0xc0, 0xf, 0x30, 0x0,
    0xf3, 0xd5, 0x0, 0xf2, 0x2f, 0xff, 0xff, 0xf3,
    0xd5, 0x0, 0xe5, 0x4f, 0x33, 0x33, 0xf3, 0xd5,
    0x48, 0xf4, 0x8b, 0x0, 0x0, 0xf3, 0xd5, 0x6f,
    0x91, 0xe6, 0x0, 0x0, 0xf3, 0xe5, 0x0, 0xa,
    0xe0, 0x0, 0x0, 0xf3, 0xe5, 0x0, 0x8f, 0x60,
    0x0, 0x57, 0xf2, 0x0, 0x0, 0x2a, 0x0, 0x0,
    0x9e, 0x90,

    /* U+9635 "阵" */
    0x0, 0x0, 0x0, 0x1, 0xc4, 0x0, 0x0, 0xe,
    0xff, 0xf7, 0x0, 0x5f, 0x10, 0x0, 0x0, 0xe5,
    0x2f, 0x2e, 0xde, 0xfd, 0xdd, 0xd9, 0xd, 0x56,
    0xb0, 0x45, 0xf4, 0x33, 0x33, 0x20, 0xd5, 0xb5,
    0x0, 0x7b, 0x3, 0x0, 0x0, 0xd, 0x5f, 0x10,
    0xe, 0x31, 0xf3, 0x0, 0x0, 0xd5, 0x8a, 0xa,
    0xd1, 0x2f, 0x41, 0x20, 0xd, 0x50, 0xf3, 0xdf,
    0xff, 0xfe, 0xee, 0x40, 0xd5, 0xa, 0x91, 0x10,
    0xf, 0x30, 0x0, 0xd, 0x56, 0xe8, 0x0, 0x0,
    0xf3, 0x0, 0x0, 0xd5, 0xc9, 0x5f, 0xee, 0xef,
    0xee, 0xef, 0x1e, 0x50, 0x1, 0x32, 0x23, 0xf5,
    0x22, 0x30, 0xe5, 0x0, 0x0, 0x0, 0xf, 0x30,
    0x0, 0xe, 0x50, 0x0, 0x0, 0x0, 0xf3, 0x0,
    0x0, 0x0, 0x0, 0x0, 0x0, 0x1f, 0x40, 0x0,
    0x0,

    /* U+9636 "阶" */
    0x0, 0x0, 0x0, 0x0, 0x0, 0x0, 0x0, 0x0,
    0x0, 0x0, 0x0, 0xb, 0x70, 0x0, 0x0, 0xef,
    0xff, 0xc0, 0x3, 0xfb, 0x0, 0x0, 0xe, 0x52,
    0xc7, 0x0, 0xbb, 0xd7, 0x0, 0x0, 0xd4, 0xf,
    0x20, 0x5f, 0x23, 0xf7, 0x0, 0xd, 0x44, 0xc0,
    0x2f, 0x60, 0x5, 0xfb, 0x20, 0xd4, 0xa8, 0x3e,
    0xa1, 0x0, 0x24, 0xef, 0x1d, 0x46, 0xd3, 0x93,
    0xf1, 0xf, 0x50, 0x30, 0xd4, 0xd, 0x60, 0x3e,
    0x0, 0xe4, 0x0, 0xd, 0x40, 0x7b, 0x4, 0xd0,
    0xe, 0x40, 0x0, 0xd4, 0x9, 0xb0, 0x6a, 0x0,
    0xe4, 0x0, 0xd, 0x4e, 0xf7, 0xa, 0x80, 0xe,
    0x40, 0x0, 0xd4, 0x54, 0x1, 0xf3, 0x0, 0xe4,
    0x0, 0xe, 0x40, 0x0, 0xbc, 0x0, 0xe, 0x40,
    0x0, 0xe4, 0x0, 0x6e, 0x20, 0x0, 0xf4, 0x0,
    0x0, 0x0, 0x0, 0x0, 0x0, 0x0, 0x0, 0x0,

    /* U+9650 "限" */
    0x4f, 0xff, 0xf6, 0x5f, 0xff, 0xff, 0xf0, 0x3,
    0xe0, 0x2f, 0x15, 0xd0, 0x0, 0x3e, 0x0, 0x3e,
    0x7, 0xb0, 0x4f, 0xff, 0xff, 0xe0, 0x3, 0xe0,
    0xd6, 0x4, 0xd0, 0x0, 0x3e, 0x0, 0x3e, 0x3f,
    0x10, 0x4d, 0x0, 0x3, 0xe0, 0x3, 0xe0, 0xb8,
    0x4, 0xff, 0xff, 0xfe, 0x0, 0x3e, 0x1, 0xf2,
    0x4d, 0xa, 0x50, 0x20, 0x3, 0xe0, 0xc, 0x64,
    0xd0, 0x78, 0x3e, 0x60, 0x3e, 0x1, 0xe5, 0x4d,
    0x3, 0xec, 0x30, 0x3, 0xe4, 0xfa, 0x4, 0xd0,
    0xc, 0x70, 0x0, 0x3e, 0x4, 0x0, 0x4d, 0x16,
    0x3f, 0x60, 0x3, 0xe0, 0x0, 0x7, 0xff, 0x90,
    0x5f, 0xb2, 0x4e, 0x0, 0x0, 0x8c, 0x30, 0x0,
    0x39, 0x0, 0x0, 0x0, 0x0, 0x0, 0x0, 0x0,
    0x0,

    /* U+9664 "除" */
    0x0, 0x0, 0x0, 0x0, 0x0, 0x0, 0x0, 0x0,
    0x0, 0x0, 0x0, 0x9, 0xb0, 0x0, 0x0, 0xdf,
    0xff, 0xe0, 0x2, 0xfe, 0x10, 0x0, 0xd, 0x50,
    0xb9, 0x0, 0xba, 0x7c, 0x0, 0x0, 0xc5, 0xf,
    0x20, 0x8e, 0x10, 0xbc, 0x10, 0xc, 0x56, 0xc0,
    0x7f, 0x51, 0x12, 0xcf, 0x81, 0xc5, 0xd6, 0x6f,
    0xaf, 0xff, 0xfd, 0x8e, 0x1c, 0x57, 0xc0, 0x30,
    0x4, 0xd0, 0x0, 0x0, 0xc5, 0xd, 0x51, 0x21,
    0x5d, 0x11, 0x20, 0xc, 0x50, 0x89, 0x9e, 0xee,
    0xfe, 0xee, 0x40, 0xc5, 0xa, 0xa0, 0x0, 0x4d,
    0x0, 0x0, 0xc, 0x6e, 0xf4, 0x9, 0x64, 0xd1,
    0xb1, 0x0, 0xc5, 0x52, 0x5, 0xf3, 0x4d, 0xc,
    0xb0, 0xc, 0x50, 0x3, 0xf7, 0x4, 0xd0, 0x1e,
    0xa0, 0xc5, 0x0, 0x5a, 0x5, 0xbc, 0x0, 0x48,
    0xd, 0x50, 0x0, 0x0, 0x8e, 0x50, 0x0, 0x0,
    0x0, 0x0, 0x0, 0x0, 0x0, 0x0, 0x0, 0x0,

    /* U+9669 "险" */
    0x0, 0x0, 0x0, 0x2, 0xc4, 0x0, 0x0, 0xe,
    0xff, 0xf6, 0x0, 0x9f, 0xb0, 0x0, 0x0, 0xd4,
    0x1f, 0x10, 0x3f, 0x3d, 0x60, 0x0, 0xd, 0x45,
    0xb0, 0xd, 0x70, 0x3f, 0x60, 0x0, 0xd4, 0xa6,
    0xb, 0xc0, 0x0, 0x5f, 0xa1, 0xd, 0x4e, 0x2b,
    0xef, 0xff, 0xff, 0x7e, 0xe0, 0xd5, 0xe6, 0x92,
    0x11, 0x11, 0x10, 0x13, 0xd, 0x45, 0xe0, 0x0,
    0x26, 0x1, 0x82, 0x0, 0xd4, 0xf, 0x3c, 0x53,
    0xe0, 0x3f, 0x20, 0xd, 0x40, 0xe5, 0x89, 0xf,
    0x27, 0xc0, 0x0, 0xd6, 0xcf, 0x23, 0xd0, 0xd5,
    0xb7, 0x0, 0xd, 0x46, 0x20, 0xd, 0x1, 0x1f,
    0x20, 0x0, 0xd4, 0x0, 0x11, 0x11, 0x14, 0xd1,
    0x11, 0xe, 0x40, 0xf, 0xff, 0xff, 0xff, 0xff,
    0xa0, 0xe4, 0x0, 0x0, 0x0, 0x0, 0x0, 0x0,
    0x0,

    /* U+966A "陪" */
    0x0, 0x0, 0x0, 0x0, 0x4a, 0x0, 0x0, 0xd,
    0xff, 0xfb, 0x0, 0x1, 0xe1, 0x0, 0x0, 0xd5,
    0xb, 0x66, 0xff, 0xff, 0xff, 0xf7, 0xc, 0x50,
    0xf1, 0x0, 0x40, 0x0, 0x93, 0x0, 0xc5, 0x4c,
    0x0, 0x1f, 0x40, 0x1f, 0x40, 0xc, 0x5a, 0x70,
    0x0, 0x99, 0x6, 0xc0, 0x0, 0xc5, 0x5e, 0x1c,
    0xcc, 0xcc, 0xee, 0xcc, 0x2c, 0x50, 0xba, 0x32,
    0x22, 0x22, 0x22, 0x30, 0xc5, 0x4, 0xf1, 0x23,
    0x33, 0x33, 0x20, 0xc, 0x50, 0x1f, 0x29, 0xec,
    0xcc, 0xeb, 0x0, 0xc5, 0x6a, 0xe0, 0x89, 0x0,
    0x8, 0xa0, 0xc, 0x55, 0x71, 0x8, 0x90, 0x0,
    0x8a, 0x0, 0xc5, 0x0, 0x0, 0x8f, 0xff, 0xff,
    0xa0, 0xd, 0x50, 0x0, 0x9, 0x90, 0x0, 0x8b,
    0x0, 0xd5, 0x0, 0x0, 0x88, 0x0, 0x0, 0x0,
    0x0,

    /* U+968F "随" */
    0x0, 0x0, 0x0, 0x0, 0x7, 0xa0, 0x0, 0xf,
    0xee, 0xf8, 0x10, 0x1, 0xd7, 0x0, 0x0, 0xf3,
    0x3f, 0x2e, 0x5a, 0xff, 0xff, 0xff, 0xf, 0x37,
    0xc0, 0x9a, 0xc, 0x70, 0x0, 0x0, 0xf3, 0xc6,
    0x5, 0xb3, 0xe3, 0x22, 0x20, 0xf, 0x5f, 0x10,
    0x0, 0xcf, 0xcb, 0xbf, 0x40, 0xf4, 0xe5, 0x4e,
    0xc1, 0xe3, 0x0, 0xe4, 0xf, 0x35, 0xe1, 0x5e,
    0xe, 0xee, 0xef, 0x40, 0xf3, 0xe, 0x43, 0xe0,
    0xe3, 0x0, 0xe4, 0xf, 0x31, 0xe6, 0x3e, 0xe,
    0xee, 0xef, 0x40, 0xf4, 0xfe, 0x13, 0xe0, 0xe3,
    0x1, 0xf4, 0xf, 0x35, 0x10, 0x3e, 0xf, 0x30,
    0xcf, 0x20, 0xf3, 0x0, 0x1a, 0xeb, 0x95, 0x34,
    0x33, 0xf, 0x30, 0xc, 0x80, 0x28, 0xbd, 0xef,
    0xf0, 0xf3, 0x0, 0x0, 0x0, 0x0, 0x0, 0x0,
    0x0,

    /* U+96C5 "雅" */
    0x0, 0x0, 0x0, 0x0, 0x4a, 0xa, 0x30, 0x0,
    0x5, 0xba, 0xaa, 0xb2, 0xa9, 0x8, 0xd0, 0x0,
    0x1, 0x33, 0x4f, 0x32, 0xf2, 0x1, 0x40, 0x10,
    0x0, 0x85, 0x1e, 0xa, 0xfe, 0xef, 0xee, 0xd0,
    0x0, 0xc4, 0x1e, 0x6f, 0xf0, 0xf, 0x10, 0x0,
    0x1, 0xf0, 0x1e, 0x56, 0xf1, 0xf, 0x21, 0x0,
    0x5, 0xff, 0xff, 0xa1, 0xfe, 0xef, 0xee, 0x70,
    0x0, 0x24, 0xee, 0x1, 0xf0, 0xf, 0x10, 0x0,
    0x0, 0x9, 0x9e, 0x1, 0xf0, 0xf, 0x10, 0x0,
    0x0, 0x1f, 0x3e, 0x1, 0xff, 0xff, 0xff, 0x80,
    0x0, 0x8a, 0x1e, 0x1, 0xf0, 0xf, 0x10, 0x0,
    0x2, 0xf2, 0x1e, 0x1, 0xf0, 0xf, 0x10, 0x0,
    0xc, 0x80, 0x2e, 0x1, 0xff, 0xff, 0xff, 0xf0,
    0x2, 0x8, 0xfd, 0x1, 0xf0, 0x0, 0x0, 0x0,
    0x0, 0x3, 0xa4, 0x2, 0xf0, 0x0, 0x0, 0x0,

    /* U+96E8 "雨" */
    0x0, 0x0, 0x0, 0x0, 0x0, 0x0, 0x0, 0xc,
    0xff, 0xff, 0xff, 0xff, 0xff, 0xff, 0xf2, 0x22,
    0x22, 0x22, 0x6e, 0x22, 0x22, 0x22, 0x0, 0x11,
    0x11, 0x16, 0xe1, 0x11, 0x11, 0x0, 0x1f, 0xff,
    0xff, 0xff, 0xff, 0xff, 0xf5, 0x0, 0xf4, 0x0,
    0x5, 0xe0, 0x0, 0xe, 0x50, 0xf, 0x46, 0xd2,
    0x5e, 0x1e, 0x50, 0xe5, 0x0, 0xf4, 0x9, 0xa5,
    0xe0, 0x5d, 0xe, 0x50, 0xf, 0x40, 0x0, 0x5e,
    0x0, 0x0, 0xe5, 0x0, 0xf4, 0x87, 0x5, 0xe0,
    0x91, 0xe, 0x50, 0xf, 0x43, 0xe7, 0x5e, 0xa,
    0xd0, 0xe5, 0x0, 0xf4, 0x2, 0x5, 0xe0, 0x2,
    0xe, 0x50, 0xf, 0x40, 0x0, 0x5e, 0x0, 0x26,
    0xf4, 0x1, 0xe3, 0x0, 0x4, 0xd0, 0x2, 0xfc,
    0x10,

    /* U+96EA "雪" */
    0x0, 0x0, 0x0, 0x0, 0x0, 0x0, 0x0, 0xe,
    0xee, 0xee, 0xfe, 0xee, 0xee, 0x60, 0x22, 0x22,
    0x22, 0xe6, 0x22, 0x22, 0x22, 0xdd, 0xbb, 0xbb,
    0xfc, 0xbb, 0xbb, 0xce, 0xc5, 0x34, 0x41, 0xe5,
    0x34, 0x40, 0x3e, 0x62, 0x57, 0x71, 0xe5, 0x67,
    0x71, 0x16, 0x0, 0xbc, 0xc5, 0xe5, 0xac, 0xc7,
    0x0, 0x0, 0x11, 0x10, 0x10, 0x11, 0x10, 0x0,
    0x4, 0x33, 0x33, 0x33, 0x33, 0x33, 0x20, 0xa,
    0xaa, 0xaa, 0xaa, 0xaa, 0xaf, 0x90, 0x0, 0x10,
    0x0, 0x0, 0x0, 0x1f, 0x90, 0x1, 0xed, 0xdd,
    0xdd, 0xdd, 0xdf, 0x90, 0x0, 0x0, 0x0, 0x0,
    0x0, 0xf, 0x90, 0xc, 0xee, 0xee, 0xee, 0xee,
    0xef, 0x90, 0x0, 0x0, 0x0, 0x0, 0x0, 0xf,
    0x90,

    /* U+96F6 "零" */
    0x0, 0x8e, 0xee, 0xee, 0xee, 0xee, 0xf0, 0x0,
    0x0, 0x10, 0x0, 0xe3, 0x0, 0x1, 0x0, 0xb,
    0xdd, 0xdd, 0xdf, 0xdd, 0xdd, 0xdd, 0x40, 0xe7,
    0x44, 0x44, 0xf6, 0x44, 0x44, 0xe4, 0xc, 0x6e,
    0xed, 0xe, 0x3c, 0xee, 0x59, 0x40, 0x0, 0x22,
    0x20, 0xe3, 0x22, 0x20, 0x0, 0x0, 0x2b, 0xba,
    0x6f, 0x3a, 0xbb, 0x40, 0x0, 0x0, 0x0, 0x7f,
    0xbd, 0x40, 0x0, 0x0, 0x0, 0x5, 0xdd, 0x77,
    0x5e, 0xc5, 0x10, 0x1, 0xae, 0xe7, 0x2, 0xc0,
    0x7, 0xef, 0xd7, 0x8, 0x5a, 0xff, 0xff, 0xff,
    0xd1, 0x38, 0x30, 0x0, 0x1, 0x20, 0x6, 0xe2,
    0x0, 0x0, 0x0, 0x0, 0xd, 0xea, 0xf3, 0x0,
    0x0, 0x0, 0x0, 0x0, 0x4, 0xaf, 0xd4, 0x0,
    0x0, 0x0, 0x0, 0x0, 0x0, 0x18, 0x20, 0x0,
    0x0,

    /* U+96F7 "雷" */
    0x0, 0x0, 0x0, 0x0, 0x0, 0x0, 0x0, 0x0,
    0xe, 0xee, 0xee, 0xfe, 0xee, 0xee, 0x80, 0xc,
    0xcc, 0xcc, 0xcf, 0xdc, 0xcc, 0xcc, 0xa0, 0xf6,
    0x23, 0x32, 0xd7, 0x23, 0x32, 0x8c, 0xf, 0x5a,
    0xdd, 0x1d, 0x62, 0xdd, 0xb7, 0xc0, 0x0, 0x0,
    0x0, 0xd6, 0x0, 0x0, 0x0, 0x0, 0xb, 0xee,
    0x1d, 0x71, 0xee, 0xc0, 0x0, 0x0, 0x11, 0x11,
    0x32, 0x11, 0x11, 0x0, 0x0, 0x7f, 0xee, 0xef,
    0xfe, 0xee, 0xf5, 0x0, 0x7, 0xc0, 0x0, 0xd6,
    0x0, 0xb, 0x40, 0x0, 0x7f, 0xff, 0xff, 0xff,
    0xff, 0xf4, 0x0, 0x7, 0xc0, 0x0, 0xd6, 0x0,
    0xb, 0x40, 0x0, 0x7c, 0x11, 0x1d, 0x71, 0x11,
    0xb4, 0x0, 0x7, 0xfd, 0xdd, 0xdd, 0xdd, 0xdf,
    0x40, 0x0, 0x7c, 0x0, 0x0, 0x0, 0x0, 0xb5,
    0x0, 0x0, 0x0, 0x0, 0x0, 0x0, 0x0, 0x0,

    /* U+96FE "雾" */
    0x0, 0xbb, 0xbb, 0xbb, 0xbb, 0xbb, 0xb4, 0x0,
    0x4, 0x44, 0x44, 0xd6, 0x44, 0x44, 0x10, 0xc,
    0xee, 0xee, 0xef, 0xee, 0xee, 0xee, 0x40, 0xc4,
    0x67, 0x70, 0xd3, 0x47, 0x72, 0xb4, 0x7, 0x25,
    0x66, 0xd, 0x34, 0x66, 0x27, 0x30, 0x3, 0xcc,
    0xd3, 0xd3, 0x8c, 0xcb, 0x0, 0x0, 0x0, 0x9d,
    0x2, 0x0, 0x0, 0x0, 0x0, 0x1, 0xbf, 0xfd,
    0xdd, 0xdf, 0xd1, 0x0, 0x0, 0xd7, 0x1a, 0xa2,
    0x5d, 0xa1, 0x0, 0x0, 0x11, 0x13, 0x6d, 0xff,
    0xc5, 0x32, 0x21, 0xb, 0xcb, 0x86, 0x65, 0x26,
    0xac, 0xde, 0x30, 0x7, 0xdd, 0xdf, 0xed, 0xdd,
    0xe9, 0x0, 0x0, 0x0, 0x8, 0xe1, 0x0, 0xb,
    0x70, 0x0, 0x29, 0xce, 0xa1, 0x0, 0x9e, 0xf3,
    0x0, 0x0, 0x64, 0x0, 0x0, 0x3, 0x51, 0x0,
    0x0,

    /* U+9700 "需" */
    0x6, 0xee, 0xee, 0xee, 0xee, 0xee, 0xd0, 0x0,
    0x10, 0x0, 0x8a, 0x0, 0x0, 0x10, 0xde, 0xee,
    0xee, 0xff, 0xee, 0xee, 0xed, 0xe5, 0x0, 0x0,
    0x8a, 0x0, 0x0, 0x4e, 0xe5, 0x9e, 0xe3, 0x8a,
    0x7f, 0xf7, 0x4e, 0x20, 0x1, 0x10, 0x8a, 0x2,
    0x21, 0x2, 0x0, 0xce, 0xe2, 0x8a, 0x5c, 0xc6,
    0x0, 0x11, 0x0, 0x0, 0x0, 0x0, 0x0, 0x1,
    0xbe, 0xee, 0xee, 0xff, 0xee, 0xee, 0xed, 0x0,
    0x0, 0x0, 0xe4, 0x0, 0x0, 0x0, 0xd, 0xff,
    0xff, 0xff, 0xff, 0xff, 0xf0, 0xc, 0x60, 0x4e,
    0x0, 0xe4, 0x4, 0xe0, 0xc, 0x60, 0x4e, 0x0,
    0xe4, 0x4, 0xe0, 0xd, 0x60, 0x4e, 0x0, 0xe4,
    0x3b, 0x90, 0x0, 0x0, 0x1, 0x0, 0x10, 0x0,
    0x0,

    /* U+975E "非" */
    0x0, 0x0, 0xc, 0x60, 0x4f, 0x0, 0x0, 0x0,
    0x0, 0x0, 0xd6, 0x4, 0xe0, 0x0, 0x0, 0x2,
    0x11, 0x1d, 0x60, 0x4e, 0x11, 0x12, 0x12, 0xff,
    0xff, 0xf6, 0x4, 0xff, 0xff, 0xf8, 0x0, 0x0,
    0xd, 0x60, 0x4e, 0x0, 0x0, 0x0, 0x0, 0x0,
    0xd6, 0x4, 0xe0, 0x0, 0x0, 0x9, 0xee, 0xef,
    0x60, 0x4f, 0xee, 0xef, 0x0, 0x11, 0x11, 0xd6,
    0x4, 0xe1, 0x11, 0x10, 0x0, 0x0, 0xd, 0x60,
    0x4e, 0x0, 0x0, 0x0, 0x0, 0x0, 0xd6, 0x4,
    0xe0, 0x0, 0x0, 0x5f, 0xff, 0xff, 0x60, 0x4f,
    0xff, 0xff, 0xb1, 0x21, 0x11, 0xd6, 0x4, 0xe1,
    0x11, 0x12, 0x0, 0x0, 0xd, 0x60, 0x4e, 0x0,
    0x0, 0x0, 0x0, 0x0, 0xe7, 0x4, 0xe0, 0x0,
    0x0, 0x0, 0x0, 0x0, 0x0, 0x4f, 0x0, 0x0,
    0x0,

    /* U+9762 "面" */
    0x0, 0x0, 0x0, 0x0, 0x0, 0x0, 0x0, 0xff,
    0xff, 0xff, 0xff, 0xff, 0xff, 0xfe, 0x11, 0x11,
    0x14, 0xf1, 0x11, 0x11, 0x11, 0x0, 0x0, 0x9,
    0x90, 0x0, 0x0, 0x0, 0xd, 0xff, 0xff, 0xff,
    0xff, 0xff, 0xc0, 0xd, 0x60, 0x89, 0x0, 0xa7,
    0x7, 0xc0, 0xd, 0x60, 0x89, 0x0, 0xa7, 0x7,
    0xc0, 0xd, 0x60, 0x8f, 0xff, 0xf7, 0x7, 0xc0,
    0xd, 0x60, 0x89, 0x0, 0xa7, 0x7, 0xc0, 0xd,
    0x60, 0x8e, 0xcc, 0xe7, 0x7, 0xc0, 0xd, 0x60,
    0x8a, 0x22, 0xa7, 0x7, 0xc0, 0xd, 0x60, 0x89,
    0x0, 0xa7, 0x7, 0xc0, 0xd, 0xdc, 0xee, 0xcc,
    0xee, 0xce, 0xc0, 0xd, 0x83, 0x33, 0x33, 0x33,
    0x38, 0xc0,

    /* U+97F3 "音" */
    0x0, 0x0, 0x1, 0xd4, 0x0, 0x0, 0x0, 0x2,
    0x11, 0x11, 0xd9, 0x11, 0x11, 0x20, 0x3e, 0xdd,
    0xdd, 0xdd, 0xdd, 0xdd, 0xd0, 0x0, 0x7, 0x70,
    0x0, 0x9, 0x50, 0x0, 0x0, 0x5, 0xf2, 0x0,
    0x1f, 0x40, 0x0, 0x43, 0x33, 0xe6, 0x33, 0x9d,
    0x33, 0x34, 0xbb, 0xbb, 0xbb, 0xbb, 0xbb, 0xbb,
    0xbc, 0x0, 0x0, 0x0, 0x0, 0x0, 0x0, 0x0,
    0x0, 0xbf, 0xff, 0xff, 0xff, 0xfb, 0x0, 0x0,
    0xb9, 0x0, 0x0, 0x0, 0xab, 0x0, 0x0, 0xbf,
    0xff, 0xff, 0xff, 0xfb, 0x0, 0x0, 0xb9, 0x0,
    0x0, 0x0, 0xab, 0x0, 0x0, 0xb9, 0x11, 0x11,
    0x11, 0xab, 0x0, 0x0, 0xbe, 0xdd, 0xdd, 0xdd,
    0xfb, 0x0, 0x0, 0xb9, 0x0, 0x0, 0x0, 0xab,
    0x0, 0x0, 0x0, 0x0, 0x0, 0x0, 0x0, 0x0,

    /* U+9875 "页" */
    0x0, 0x0, 0x0, 0x0, 0x0, 0x0, 0x0, 0x8f,
    0xff, 0xff, 0xff, 0xff, 0xff, 0xfe, 0x12, 0x22,
    0x22, 0xaa, 0x22, 0x22, 0x22, 0x0, 0x0, 0x0,
    0xb7, 0x0, 0x0, 0x0, 0x0, 0xbf, 0xff, 0xff,
    0xff, 0xff, 0x20, 0x0, 0xb9, 0x0, 0x0, 0x0,
    0x3f, 0x20, 0x0, 0xb9, 0x0, 0x97, 0x0, 0x3f,
    0x20, 0x0, 0xb9, 0x0, 0xd8, 0x0, 0x3f, 0x20,
    0x0, 0xb9, 0x0, 0xf5, 0x0, 0x3f, 0x20, 0x0,
    0xb9, 0x2, 0xf1, 0x0, 0x3f, 0x20, 0x0, 0x97,
    0x9, 0xc0, 0x41, 0x18, 0x10, 0x0, 0x0, 0x7f,
    0x30, 0xcf, 0x70, 0x0, 0x0, 0x5c, 0xf4, 0x0,
    0x5, 0xed, 0x40, 0x7f, 0xf9, 0x10, 0x0, 0x0,
    0x9, 0xf3, 0x5, 0x0, 0x0, 0x0, 0x0, 0x0,
    0x30,

    /* U+9898 "题" */
    0x0, 0x0, 0x0, 0x0, 0x0, 0x0, 0x0, 0x0,
    0x4, 0xff, 0xff, 0xe1, 0xff, 0xff, 0xff, 0xe0,
    0x3, 0xe0, 0x5, 0xd0, 0x0, 0x7a, 0x0, 0x0,
    0x3, 0xff, 0xff, 0xd0, 0x35, 0xbb, 0x55, 0x10,
    0x3, 0xe0, 0x4, 0xd0, 0x9b, 0x88, 0x8f, 0x30,
    0x4, 0xff, 0xff, 0xe0, 0x97, 0x17, 0xe, 0x30,
    0x0, 0x0, 0x0, 0x0, 0x97, 0x2f, 0xe, 0x20,
    0x1f, 0xff, 0xff, 0xf8, 0x97, 0x2e, 0xe, 0x30,
    0x1, 0x0, 0xe2, 0x0, 0x97, 0x4c, 0xe, 0x30,
    0x5, 0xc0, 0xe4, 0x30, 0xa7, 0xa8, 0x7, 0x20,
    0x7, 0xb0, 0xed, 0xd1, 0x5, 0xe2, 0xc3, 0x0,
    0xa, 0xe5, 0xe2, 0x0, 0x8f, 0x40, 0x7f, 0x30,
    0xf, 0x68, 0xfa, 0x63, 0x85, 0x22, 0x36, 0x62,
    0x4e, 0x0, 0x16, 0x9c, 0xde, 0xff, 0xff, 0xf3,
    0x1, 0x0, 0x0, 0x0, 0x0, 0x0, 0x0, 0x0,

    /* U+98CE "风" */
    0x0, 0x3f, 0xff, 0xff, 0xff, 0xff, 0xe0, 0x0,
    0x0, 0x3e, 0x22, 0x22, 0x22, 0x26, 0xd0, 0x0,
    0x0, 0x3e, 0x0, 0x0, 0x2, 0x5, 0xd0, 0x0,
    0x0, 0x3e, 0xb, 0x20, 0xc, 0x85, 0xd0, 0x0,
    0x0, 0x3e, 0x8, 0xd0, 0x2f, 0x15, 0xd0, 0x0,
    0x0, 0x3e, 0x0, 0xba, 0x89, 0x4, 0xd0, 0x0,
    0x0, 0x4d, 0x0, 0x1e, 0xf2, 0x4, 0xd0, 0x0,
    0x0, 0x5c, 0x0, 0xa, 0xf1, 0x4, 0xe0, 0x0,
    0x0, 0x7a, 0x0, 0x5e, 0xba, 0x3, 0xf0, 0x0,
    0x0, 0xa8, 0x4, 0xf4, 0x2f, 0x31, 0xf1, 0x0,
    0x0, 0xe4, 0x6f, 0x50, 0x9, 0xc0, 0xe5, 0x30,
    0x4, 0xf0, 0x35, 0x0, 0x1, 0x60, 0xaa, 0xc8,
    0xc, 0x90, 0x0, 0x0, 0x0, 0x0, 0x4f, 0xf4,
    0xb, 0x10, 0x0, 0x0, 0x0, 0x0, 0x8, 0x90,
    0x0, 0x0, 0x0, 0x0, 0x0, 0x0, 0x0, 0x0,

    /* U+98DE "飞" */
    0x0, 0x0, 0x0, 0x0, 0x0, 0x0, 0x0, 0xb,
    0xff, 0xff, 0xff, 0xfd, 0x0, 0x0, 0x0, 0x23,
    0x22, 0x22, 0x27, 0xd0, 0xc, 0x30, 0x0, 0x0,
    0x0, 0x0, 0x6d, 0x8, 0xf5, 0x0, 0x0, 0x0,
    0x0, 0x6, 0xd5, 0xf4, 0x0, 0x0, 0x0, 0x0,
    0x0, 0x6f, 0xf5, 0x0, 0x0, 0x0, 0x0, 0x0,
    0x5, 0xff, 0x90, 0x0, 0x0, 0x0, 0x0, 0x0,
    0x4f, 0x4e, 0xe4, 0x0, 0x0, 0x0, 0x0, 0x2,
    0xf2, 0x1c, 0xd0, 0x0, 0x0, 0x0, 0x0, 0xe,
    0x50, 0x2, 0x0, 0x0, 0x0, 0x0, 0x0, 0xac,
    0x0, 0x0, 0x0, 0x0, 0x0, 0x0, 0x3, 0xf6,
    0x5, 0xc0, 0x0, 0x0, 0x0, 0x0, 0x9, 0xf8,
    0xcd, 0x0, 0x0, 0x0, 0x0, 0x0, 0x8, 0xff,
    0x50, 0x0, 0x0, 0x0, 0x0, 0x0, 0x1, 0x20,
    0x0,

    /* U+98DF "食" */
    0x0, 0x0, 0x0, 0x0, 0x0, 0x0, 0x0, 0x0,
    0x0, 0x0, 0x0, 0x1e, 0x60, 0x0, 0x0, 0x0,
    0x0, 0x0, 0x0, 0xbd, 0xe3, 0x0, 0x0, 0x0,
    0x0, 0x0, 0x9, 0xd1, 0x6f, 0x40, 0x0, 0x0,
    0x0, 0x0, 0x9e, 0x2d, 0x66, 0xf8, 0x0, 0x0,
    0x0, 0x2c, 0xd2, 0x7, 0x40, 0x5f, 0xe6, 0x10,
    0x19, 0xfb, 0xff, 0xff, 0xff, 0xff, 0x8f, 0xf1,
    0xb, 0x53, 0xf0, 0x0, 0x0, 0x4e, 0x0, 0x30,
    0x0, 0x3, 0xff, 0xff, 0xff, 0xfe, 0x0, 0x0,
    0x0, 0x3, 0xf0, 0x0, 0x0, 0x4e, 0x0, 0x0,
    0x0, 0x3, 0xff, 0xff, 0xff, 0xff, 0x0, 0x0,
    0x0, 0x3, 0xf0, 0x3, 0x20, 0x2, 0xd4, 0x0,
    0x0, 0x3, 0xf0, 0x8, 0xfa, 0x5e, 0xa0, 0x0,
    0x0, 0x4, 0xf3, 0x96, 0x19, 0xfe, 0x40, 0x0,
    0x0, 0x8, 0xff, 0xa3, 0x0, 0x1a, 0xf8, 0x0,
    0x0, 0x2, 0x60, 0x0, 0x0, 0x0, 0x31, 0x0,

    /* U+996D "饭" */
    0x0, 0x0, 0x0, 0x0, 0x0, 0x0, 0x0, 0x0,
    0x0, 0x3d, 0x20, 0x0, 0x0, 0x1, 0x48, 0x0,
    0x0, 0x8d, 0x0, 0x5, 0xde, 0xff, 0xec, 0x50,
    0x0, 0xd7, 0x11, 0x15, 0xd2, 0x10, 0x0, 0x0,
    0x4, 0xff, 0xff, 0xc5, 0xc0, 0x0, 0x0, 0x0,
    0xd, 0x80, 0xb, 0x85, 0xc1, 0x11, 0x11, 0x0,
    0x5f, 0x10, 0xf, 0x35, 0xff, 0xed, 0xdf, 0x50,
    0x4, 0x1f, 0x11, 0x5, 0xbb, 0x70, 0x3f, 0x10,
    0x0, 0x1f, 0x10, 0x7, 0xb8, 0xa0, 0x6d, 0x0,
    0x0, 0x1f, 0x10, 0x8, 0xa5, 0xe0, 0xb9, 0x0,
    0x0, 0x1f, 0x15, 0xc, 0x70, 0xf6, 0xf3, 0x0,
    0x0, 0x1f, 0x6f, 0x3f, 0x40, 0xaf, 0xc0, 0x0,
    0x0, 0x1f, 0xf5, 0x6e, 0x0, 0x7f, 0x90, 0x0,
    0x0, 0x5f, 0x60, 0xd8, 0x6, 0xf9, 0xf9, 0x0,
    0x0, 0x17, 0xa, 0xe3, 0xaf, 0x50, 0x5f, 0xe1,
    0x0, 0x0, 0x2, 0x31, 0xa2, 0x0, 0x2, 0x70,

    /* U+9971 "饱" */
    0x0, 0x68, 0x0, 0x0, 0x76, 0x0, 0x0, 0x0,
    0x0, 0xb8, 0x0, 0x0, 0xe5, 0x0, 0x0, 0x0,
    0x1, 0xf5, 0x33, 0x5, 0xf7, 0x77, 0x77, 0x20,
    0x9, 0xeb, 0xce, 0x1e, 0x97, 0x77, 0x7e, 0x50,
    0x2f, 0x30, 0x97, 0xab, 0x0, 0x0, 0xe, 0x40,
    0x58, 0x10, 0x74, 0xde, 0xff, 0xf4, 0xe, 0x30,
    0x0, 0xe5, 0x0, 0xe, 0x20, 0xd4, 0xe, 0x30,
    0x0, 0xd4, 0x0, 0xe, 0x20, 0xd4, 0xf, 0x20,
    0x0, 0xd4, 0x0, 0xe, 0x53, 0xd4, 0xf, 0x10,
    0x0, 0xd4, 0x0, 0xe, 0xcb, 0xb7, 0x8f, 0x0,
    0x0, 0xd4, 0xa7, 0xe, 0x20, 0x5, 0xd6, 0x0,
    0x0, 0xdc, 0xc1, 0xe, 0x20, 0x0, 0x2, 0x30,
    0x1, 0xfc, 0x0, 0xe, 0x40, 0x0, 0x7, 0xe0,
    0x0, 0x91, 0x0, 0x7, 0xff, 0xff, 0xff, 0x60,

    /* U+9996 "首" */
    0x0, 0x0, 0x0, 0x0, 0x0, 0x0, 0x0, 0x0,
    0xc, 0x50, 0x0, 0xc, 0x60, 0x0, 0x0, 0x6,
    0xf1, 0x0, 0x2f, 0x30, 0x0, 0x22, 0x11, 0xb3,
    0x11, 0xaa, 0x11, 0x12, 0xfe, 0xee, 0xee, 0xfe,
    0xee, 0xee, 0xef, 0x0, 0x0, 0x2, 0xf2, 0x0,
    0x0, 0x0, 0x0, 0x7c, 0xcd, 0xfc, 0xcc, 0xc6,
    0x0, 0x0, 0x9b, 0x44, 0x44, 0x44, 0xc8, 0x0,
    0x0, 0x9a, 0x11, 0x11, 0x11, 0xb8, 0x0, 0x0,
    0x9f, 0xff, 0xff, 0xff, 0xf8, 0x0, 0x0, 0x9a,
    0x0, 0x0, 0x0, 0xb8, 0x0, 0x0, 0x9f, 0xff,
    0xff, 0xff, 0xf8, 0x0, 0x0, 0x9a, 0x0, 0x0,
    0x0, 0xb8, 0x0, 0x0, 0x9b, 0x33, 0x33, 0x33,
    0xc8, 0x0, 0x0, 0x9e, 0xcc, 0xcc, 0xcc, 0xe8,
    0x0, 0x0, 0x9a, 0x0, 0x0, 0x0, 0x0, 0x0,

    /* U+9999 "香" */
    0x0, 0x0, 0x0, 0x0, 0x0, 0x3, 0x0, 0x0,
    0x2, 0x33, 0x46, 0x7a, 0xcf, 0xf5, 0x0, 0x0,
    0x9e, 0xdb, 0xaf, 0x74, 0x21, 0x0, 0x0, 0x0,
    0x0, 0x0, 0xe2, 0x0, 0x0, 0x0, 0xd, 0xcc,
    0xcc, 0xcf, 0xcc, 0xcc, 0xcd, 0x50, 0x21, 0x11,
    0xcb, 0xe9, 0xe3, 0x11, 0x20, 0x0, 0x1, 0xcb,
    0xe, 0x2a, 0xd1, 0x0, 0x0, 0x17, 0xf8, 0x0,
    0xe2, 0xb, 0xe5, 0x0, 0x1e, 0xd5, 0x22, 0x2e,
    0x42, 0x2c, 0xfd, 0x50, 0x20, 0xcd, 0xcc, 0xcc,
    0xcc, 0xf5, 0xb2, 0x0, 0xb, 0x50, 0x0, 0x0,
    0x1f, 0x0, 0x0, 0x0, 0xbe, 0xee, 0xee, 0xee,
    0xf0, 0x0, 0x0, 0xb, 0x50, 0x0, 0x0, 0x1f,
    0x0, 0x0, 0x0, 0xb7, 0x33, 0x33, 0x34, 0xf0,
    0x0, 0x0, 0xb, 0xdb, 0xbb, 0xbb, 0xbf, 0x10,
    0x0, 0x0, 0x0, 0x0, 0x0, 0x0, 0x0, 0x0,

    /* U+9A8C "验" */
    0x0, 0x0, 0x0, 0x0, 0x0, 0x0, 0x0, 0x0,
    0x0, 0x0, 0x0, 0x0, 0x9, 0xf2, 0x0, 0x0,
    0x1f, 0xff, 0xfb, 0x0, 0xe, 0xc8, 0x0, 0x0,
    0x1, 0x0, 0x8a, 0x0, 0x7c, 0x1e, 0x30, 0x0,
    0x2, 0x30, 0x98, 0x2, 0xf4, 0x6, 0xe3, 0x0,
    0x7, 0xb0, 0xa7, 0x1d, 0xa1, 0x11, 0x8f, 0x91,
    0x7, 0x90, 0xb6, 0xbe, 0xcf, 0xff, 0xf5, 0xe2,
    0x7, 0x90, 0xc4, 0x2, 0x0, 0x0, 0x0, 0x0,
    0x8, 0x91, 0xd4, 0x0, 0x12, 0x60, 0x16, 0x0,
    0x8, 0xff, 0xff, 0x68, 0x93, 0xe0, 0x6d, 0x0,
    0x0, 0x0, 0xe, 0x53, 0xd0, 0xf0, 0x98, 0x0,
    0x14, 0x68, 0x4f, 0x40, 0xe1, 0xd3, 0xd3, 0x0,
    0x3f, 0xb8, 0x2f, 0x20, 0xa4, 0x22, 0xe0, 0x0,
    0x0, 0x0, 0x1f, 0x11, 0x0, 0x7, 0xa0, 0x10,
    0x0, 0x1b, 0xdf, 0x1f, 0xff, 0xff, 0xff, 0xb0,
    0x0, 0x9, 0x73, 0x0, 0x0, 0x0, 0x0, 0x0,

    /* U+9AD8 "高" */
    0x0, 0x0, 0x0, 0x11, 0x0, 0x0, 0x0, 0x0,
    0x0, 0x0, 0xf8, 0x0, 0x0, 0x0, 0xaa, 0xaa,
    0xaa, 0xee, 0xaa, 0xaa, 0xaa, 0x55, 0x55, 0x55,
    0x55, 0x55, 0x55, 0x55, 0x0, 0x5b, 0xbb, 0xbb,
    0xbb, 0xb3, 0x0, 0x0, 0x7c, 0x33, 0x33, 0x33,
    0xe4, 0x0, 0x0, 0x7c, 0x33, 0x33, 0x33, 0xe4,
    0x0, 0x0, 0x5b, 0xbb, 0xbb, 0xbb, 0xb3, 0x0,
    0x36, 0x66, 0x66, 0x66, 0x66, 0x66, 0x64, 0x7d,
    0x66, 0x66, 0x66, 0x66, 0x66, 0xc9, 0x7c, 0x1,
    0xbb, 0xbb, 0xbb, 0x20, 0xa9, 0x7c, 0x0, 0xf2,
    0x22, 0x2f, 0x30, 0xa9, 0x7c, 0x0, 0xf2, 0x22,
    0x2f, 0x30, 0xa9, 0x7c, 0x1, 0xbb, 0xbb, 0xbb,
    0x20, 0xa8, 0x7c, 0x0, 0x0, 0x0, 0x0, 0xb,
    0xe4, 0x0, 0x0, 0x0, 0x0, 0x0, 0x0, 0x0,

    /* U+9B54 "魔" */
    0x0, 0x0, 0x0, 0x0, 0x0, 0x0, 0x0, 0x0,
    0x0, 0x0, 0x0, 0x0, 0xe3, 0x0, 0x0, 0x0,
    0x0, 0xad, 0xdd, 0xdd, 0xed, 0xdd, 0xdd, 0xa0,
    0x0, 0xb4, 0x0, 0x93, 0x0, 0x28, 0x0, 0x0,
    0x0, 0xb4, 0xec, 0xfd, 0xbd, 0xdf, 0xcd, 0x10,
    0x0, 0xb4, 0xb, 0xfb, 0x31, 0xdf, 0xa0, 0x0,
    0x0, 0xb4, 0x7b, 0xb6, 0x8c, 0x7b, 0x7c, 0x30,
    0x0, 0xb5, 0x91, 0x66, 0x93, 0x16, 0x5, 0x10,
    0x0, 0xc4, 0x3e, 0xcc, 0xed, 0xcc, 0xe2, 0x0,
    0x0, 0xd3, 0x3f, 0x88, 0xda, 0x88, 0xf2, 0x0,
    0x0, 0xe2, 0x3e, 0x33, 0xe4, 0x33, 0xf2, 0x0,
    0x2, 0xf0, 0x2c, 0xcd, 0xff, 0xce, 0xc2, 0x0,
    0x8, 0xb0, 0x0, 0xb, 0x6f, 0x4b, 0x68, 0x0,
    0x1e, 0x50, 0x2, 0xca, 0xf, 0x7a, 0x69, 0xa3,
    0x2c, 0x3, 0xcf, 0x70, 0xc, 0xdc, 0xcc, 0xd0,
    0x0, 0x0, 0x50, 0x0, 0x0, 0x0, 0x0, 0x0,

    /* U+9C7C "鱼" */
    0x0, 0x0, 0x0, 0x0, 0x0, 0x0, 0x0, 0x0,
    0x0, 0x0, 0xb, 0x80, 0x0, 0x0, 0x0, 0x0,
    0x0, 0x0, 0x5f, 0x30, 0x0, 0x0, 0x0, 0x0,
    0x0, 0x2, 0xef, 0xff, 0xff, 0xe0, 0x0, 0x0,
    0x0, 0x1d, 0x90, 0x0, 0x1f, 0x60, 0x0, 0x0,
    0x1, 0xcb, 0x0, 0x0, 0x9c, 0x0, 0x0, 0x0,
    0xb, 0xcf, 0xff, 0xff, 0xff, 0xff, 0xf1, 0x0,
    0x1, 0xf, 0x50, 0xa, 0xa0, 0x3, 0xf1, 0x0,
    0x0, 0xf, 0x50, 0xa, 0xa0, 0x3, 0xf1, 0x0,
    0x0, 0xf, 0xff, 0xff, 0xff, 0xff, 0xf1, 0x0,
    0x0, 0xf, 0x50, 0xa, 0xa0, 0x3, 0xf1, 0x0,
    0x0, 0xf, 0x61, 0x1a, 0xa1, 0x14, 0xf1, 0x0,
    0x0, 0xd, 0xdd, 0xdd, 0xdd, 0xdd, 0xd1, 0x0,
    0x0, 0x0, 0x0, 0x0, 0x0, 0x0, 0x0, 0x0,
    0xe, 0xff, 0xff, 0xff, 0xff, 0xff, 0xff, 0xf2,

    /* U+9E1F "鸟" */
    0x0, 0x0, 0x0, 0xd, 0x40, 0x0, 0x0, 0x0,
    0x0, 0x0, 0x11, 0x5f, 0x21, 0x11, 0x10, 0x0,
    0x0, 0x8, 0xfd, 0xdd, 0xdd, 0xdd, 0xf4, 0x0,
    0x0, 0x7, 0xb0, 0x3, 0x0, 0x0, 0xf2, 0x0,
    0x0, 0x7, 0xb0, 0x3f, 0x50, 0x1, 0xf0, 0x0,
    0x0, 0x7, 0xb0, 0x7, 0xe0, 0x48, 0xd0, 0x0,
    0x0, 0x7, 0xb0, 0x0, 0x10, 0x9d, 0x60, 0x0,
    0x0, 0x7, 0xb0, 0x0, 0x0, 0x0, 0x0, 0x0,
    0x0, 0x8, 0xff, 0xff, 0xff, 0xff, 0xff, 0xf1,
    0x0, 0x0, 0x0, 0x0, 0x0, 0x0, 0x2, 0xf0,
    0x0, 0x0, 0x0, 0x0, 0x0, 0x0, 0x3, 0xf0,
    0x1f, 0xff, 0xff, 0xff, 0xff, 0xfa, 0x4, 0xe0,
    0x0, 0x0, 0x0, 0x0, 0x0, 0x0, 0x4, 0xe0,
    0x0, 0x0, 0x0, 0x0, 0x0, 0x6, 0x8d, 0xc0,
    0x0, 0x0, 0x0, 0x0, 0x0, 0x5, 0xb8, 0x20,

    /* U+9EA6 "麦" */
    0x0, 0x0, 0x0, 0xf, 0x50, 0x0, 0x0, 0x0,
    0x6, 0xcb, 0xbb, 0xbf, 0xcb, 0xbb, 0xbc, 0x10,
    0x2, 0x32, 0x22, 0x2e, 0x62, 0x22, 0x34, 0x0,
    0x0, 0x0, 0x0, 0xe, 0x40, 0x0, 0x0, 0x0,
    0x0, 0xae, 0xee, 0xef, 0xee, 0xee, 0xe8, 0x0,
    0x0, 0x0, 0x0, 0xe, 0x40, 0x0, 0x0, 0x0,
    0x6c, 0xcc, 0xcc, 0xcf, 0xdc, 0xcc, 0xcc, 0xc2,
    0x1, 0x0, 0x3, 0xf6, 0x0, 0x0, 0x0, 0x10,
    0x0, 0x0, 0x2e, 0xff, 0xff, 0xfd, 0x10, 0x0,
    0x0, 0x7, 0xff, 0x70, 0x2, 0xf5, 0x0, 0x0,
    0x1, 0xee, 0x53, 0xf5, 0x1d, 0x90, 0x0, 0x0,
    0x0, 0x30, 0x0, 0x5f, 0xea, 0x0, 0x0, 0x0,
    0x0, 0x0, 0x27, 0xed, 0xce, 0x84, 0x21, 0x10,
    0x5, 0xdf, 0xe9, 0x40, 0x5, 0xbf, 0xff, 0xb0,
    0x1, 0x62, 0x0, 0x0, 0x0, 0x0, 0x13, 0x20,

    /* U+9F84 "龄" */
    0x0, 0x0, 0x0, 0x0, 0x0, 0x10, 0x0, 0x0,
    0x0, 0x0, 0xf2, 0x0, 0x1, 0xf4, 0x0, 0x0,
    0x1, 0x20, 0xe1, 0x0, 0x4, 0xf6, 0x0, 0x0,
    0x6, 0x90, 0xee, 0xf2, 0xa, 0x9d, 0x10, 0x0,
    0x6, 0x90, 0xe1, 0x0, 0x1f, 0x17, 0xb0, 0x0,
    0x7, 0x90, 0xe1, 0x0, 0xaa, 0x0, 0xba, 0x0,
    0x4e, 0xee, 0xee, 0xe7, 0xe1, 0xa2, 0xc, 0xc0,
    0x3, 0x12, 0x80, 0x19, 0x40, 0x9b, 0x0, 0x30,
    0xd, 0x35, 0xb0, 0xf2, 0x33, 0x34, 0x33, 0x0,
    0xd, 0x29, 0xc0, 0xe1, 0xbb, 0xbb, 0xec, 0x0,
    0xd, 0x3e, 0xb6, 0xe1, 0x0, 0x2, 0xf3, 0x0,
    0xd, 0xaa, 0x3c, 0xe1, 0x48, 0xb, 0x90, 0x0,
    0xd, 0x73, 0x0, 0xe1, 0x1c, 0xce, 0x10, 0x0,
    0xd, 0x99, 0xbc, 0xf1, 0x0, 0xbc, 0x0, 0x0,
    0x6, 0x53, 0x21, 0xe2, 0x0, 0xb, 0x90, 0x0,
    0x0, 0x0, 0x0, 0x0, 0x0, 0x0, 0x0, 0x0,

    /* U+FF01 "！" */
    0x7, 0x50, 0xfb, 0xf, 0xa0, 0xf9, 0xe, 0x80,
    0xd7, 0xc, 0x60, 0xb5, 0x0, 0x0, 0x0, 0x1e,
    0x91, 0xfb,

    /* U+FF08 "（" */
    0x0, 0x0, 0x70, 0x0, 0xb, 0xb0, 0x0, 0x9a,
    0x0, 0x4, 0xd0, 0x0, 0xb, 0x60, 0x0, 0xf,
    0x0, 0x0, 0x2e, 0x0, 0x0, 0x1e, 0x0, 0x0,
    0xf, 0x0, 0x0, 0xb, 0x60, 0x0, 0x4, 0xd0,
    0x0, 0x0, 0xaa, 0x0, 0x0, 0xc, 0xb0, 0x0,
    0x0, 0x60,

    /* U+FF09 "）" */
    0x7, 0x0, 0x0, 0xa, 0xc0, 0x0, 0x0, 0xaa,
    0x0, 0x0, 0xd, 0x40, 0x0, 0x5, 0xc0, 0x0,
    0x0, 0xf0, 0x0, 0x0, 0xd3, 0x0, 0x0, 0xd2,
    0x0, 0x0, 0xf1, 0x0, 0x5, 0xc0, 0x0, 0xd,
    0x50, 0x0, 0xab, 0x0, 0xa, 0xc1, 0x0, 0x6,
    0x0, 0x0,

    /* U+FF0C "，" */
    0x6, 0x61, 0xf, 0xf3, 0xf, 0xf3, 0x0, 0xe2,
    0x8, 0xa0, 0x3, 0x0,

    /* U+FF1A "：" */
    0x11, 0xf, 0xf1, 0xff, 0x10, 0x0, 0x11, 0xf,
    0xf1, 0xff, 0x10,

    /* U+FF1F "？" */
    0x1, 0x67, 0x10, 0x2, 0xfc, 0xce, 0x10, 0x9a,
    0x0, 0xc8, 0x6, 0x50, 0xa, 0x80, 0x0, 0x1,
    0xf4, 0x0, 0x0, 0xda, 0x0, 0x0, 0x8c, 0x0,
    0x0, 0xe, 0x40, 0x0, 0x0, 0xe1, 0x0, 0x0,
    0x0, 0x0, 0x0, 0x4, 0xd5, 0x0, 0x0, 0x5f,
    0x60, 0x0,

    /* U+FF5E "～" */
    0x0, 0x1, 0x42, 0x0, 0x0, 0x0, 0x0, 0x0,
    0x2, 0xce, 0xcd, 0xd6, 0x0, 0x0, 0x0, 0xa0,
    0xd, 0x60, 0x0, 0x3b, 0xe6, 0x21, 0x4c, 0x70,
    0x3, 0x0, 0x0, 0x0, 0x3a, 0xde, 0xc5, 0x0
};


/*---------------------
 *  GLYPH DESCRIPTION
 *--------------------*/

static const lv_font_fmt_txt_glyph_dsc_t glyph_dsc[] = {
    {.bitmap_index = 0, .adv_w = 0, .box_w = 0, .box_h = 0, .ofs_x = 0, .ofs_y = 0} /* id = 0 reserved */,
    {.bitmap_index = 0, .adv_w = 128, .box_w = 0, .box_h = 0, .ofs_x = 0, .ofs_y = 0},
    {.bitmap_index = 0, .adv_w = 128, .box_w = 2, .box_h = 12, .ofs_x = 3, .ofs_y = 0},
    {.bitmap_index = 12, .adv_w = 128, .box_w = 4, .box_h = 4, .ofs_x = 2, .ofs_y = 8},
    {.bitmap_index = 20, .adv_w = 128, .box_w = 8, .box_h = 12, .ofs_x = 0, .ofs_y = 0},
    {.bitmap_index = 68, .adv_w = 128, .box_w = 7, .box_h = 15, .ofs_x = 0, .ofs_y = -2},
    {.bitmap_index = 121, .adv_w = 128, .box_w = 8, .box_h = 12, .ofs_x = 0, .ofs_y = 0},
    {.bitmap_index = 169, .adv_w = 128, .box_w = 8, .box_h = 12, .ofs_x = 0, .ofs_y = 0},
    {.bitmap_index = 217, .adv_w = 128, .box_w = 3, .box_h = 4, .ofs_x = 2, .ofs_y = 8},
    {.bitmap_index = 223, .adv_w = 128, .box_w = 5, .box_h = 16, .ofs_x = 3, .ofs_y = -2},
    {.bitmap_index = 263, .adv_w = 128, .box_w = 5, .box_h = 16, .ofs_x = 0, .ofs_y = -2},
    {.bitmap_index = 303, .adv_w = 128, .box_w = 8, .box_h = 9, .ofs_x = 0, .ofs_y = 3},
    {.bitmap_index = 339, .adv_w = 128, .box_w = 8, .box_h = 8, .ofs_x = 0, .ofs_y = 2},
    {.bitmap_index = 371, .adv_w = 128, .box_w = 2, .box_h = 4, .ofs_x = 1, .ofs_y = -2},
    {.bitmap_index = 375, .adv_w = 128, .box_w = 8, .box_h = 2, .ofs_x = 0, .ofs_y = 5},
    {.bitmap_index = 383, .adv_w = 128, .box_w = 2, .box_h = 2, .ofs_x = 1, .ofs_y = 0},
    {.bitmap_index = 385, .adv_w = 128, .box_w = 8, .box_h = 14, .ofs_x = 0, .ofs_y = -1},
    {.bitmap_index = 441, .adv_w = 128, .box_w = 8, .box_h = 13, .ofs_x = 0, .ofs_y = -1},
    {.bitmap_index = 493, .adv_w = 128, .box_w = 4, .box_h = 12, .ofs_x = 1, .ofs_y = 0},
    {.bitmap_index = 517, .adv_w = 128, .box_w = 8, .box_h = 13, .ofs_x = 0, .ofs_y = 0},
    {.bitmap_index = 569, .adv_w = 128, .box_w = 8, .box_h = 12, .ofs_x = 0, .ofs_y = 0},
    {.bitmap_index = 617, .adv_w = 128, .box_w = 8, .box_h = 12, .ofs_x = 0, .ofs_y = 0},
    {.bitmap_index = 665, .adv_w = 128, .box_w = 8, .box_h = 12, .ofs_x = 0, .ofs_y = 0},
    {.bitmap_index = 713, .adv_w = 128, .box_w = 8, .box_h = 12, .ofs_x = 0, .ofs_y = 0},
    {.bitmap_index = 761, .adv_w = 128, .box_w = 8, .box_h = 12, .ofs_x = 0, .ofs_y = 0},
    {.bitmap_index = 809, .adv_w = 128, .box_w = 8, .box_h = 12, .ofs_x = 0, .ofs_y = 0},
    {.bitmap_index = 857, .adv_w = 128, .box_w = 8, .box_h = 12, .ofs_x = 0, .ofs_y = 0},
    {.bitmap_index = 905, .adv_w = 128, .box_w = 2, .box_h = 8, .ofs_x = 3, .ofs_y = 0},
    {.bitmap_index = 913, .adv_w = 128, .box_w = 2, .box_h = 10, .ofs_x = 3, .ofs_y = -2},
    {.bitmap_index = 923, .adv_w = 128, .box_w = 8, .box_h = 14, .ofs_x = 0, .ofs_y = -1},
    {.bitmap_index = 979, .adv_w = 128, .box_w = 8, .box_h = 6, .ofs_x = 0, .ofs_y = 3},
    {.bitmap_index = 1003, .adv_w = 128, .box_w = 8, .box_h = 14, .ofs_x = 0, .ofs_y = -1},
    {.bitmap_index = 1059, .adv_w = 128, .box_w = 7, .box_h = 12, .ofs_x = 0, .ofs_y = 0},
    {.bitmap_index = 1101, .adv_w = 128, .box_w = 8, .box_h = 12, .ofs_x = 0, .ofs_y = 0},
    {.bitmap_index = 1149, .adv_w = 128, .box_w = 8, .box_h = 12, .ofs_x = 0, .ofs_y = 0},
    {.bitmap_index = 1197, .adv_w = 128, .box_w = 8, .box_h = 12, .ofs_x = 0, .ofs_y = 0},
    {.bitmap_index = 1245, .adv_w = 128, .box_w = 8, .box_h = 12, .ofs_x = 0, .ofs_y = 0},
    {.bitmap_index = 1293, .adv_w = 128, .box_w = 8, .box_h = 12, .ofs_x = 0, .ofs_y = 0},
    {.bitmap_index = 1341, .adv_w = 128, .box_w = 8, .box_h = 12, .ofs_x = 0, .ofs_y = 0},
    {.bitmap_index = 1389, .adv_w = 128, .box_w = 8, .box_h = 12, .ofs_x = 0, .ofs_y = 0},
    {.bitmap_index = 1437, .adv_w = 128, .box_w = 8, .box_h = 12, .ofs_x = 0, .ofs_y = 0},
    {.bitmap_index = 1485, .adv_w = 128, .box_w = 8, .box_h = 12, .ofs_x = 0, .ofs_y = 0},
    {.bitmap_index = 1533, .adv_w = 128, .box_w = 2, .box_h = 12, .ofs_x = 3, .ofs_y = 0},
    {.bitmap_index = 1545, .adv_w = 128, .box_w = 7, .box_h = 12, .ofs_x = 0, .ofs_y = 0},
    {.bitmap_index = 1587, .adv_w = 128, .box_w = 8, .box_h = 12, .ofs_x = 0, .ofs_y = 0},
    {.bitmap_index = 1635, .adv_w = 128, .box_w = 8, .box_h = 12, .ofs_x = 0, .ofs_y = 0},
    {.bitmap_index = 1683, .adv_w = 128, .box_w = 8, .box_h = 12, .ofs_x = 0, .ofs_y = 0},
    {.bitmap_index = 1731, .adv_w = 128, .box_w = 8, .box_h = 12, .ofs_x = 0, .ofs_y = 0},
    {.bitmap_index = 1779, .adv_w = 128, .box_w = 8, .box_h = 12, .ofs_x = 0, .ofs_y = 0},
    {.bitmap_index = 1827, .adv_w = 128, .box_w = 8, .box_h = 12, .ofs_x = 0, .ofs_y = 0},
    {.bitmap_index = 1875, .adv_w = 128, .box_w = 8, .box_h = 13, .ofs_x = 0, .ofs_y = -1},
    {.bitmap_index = 1927, .adv_w = 128, .box_w = 8, .box_h = 12, .ofs_x = 0, .ofs_y = 0},
    {.bitmap_index = 1975, .adv_w = 128, .box_w = 8, .box_h = 12, .ofs_x = 0, .ofs_y = 0},
    {.bitmap_index = 2023, .adv_w = 128, .box_w = 8, .box_h = 12, .ofs_x = 0, .ofs_y = 0},
    {.bitmap_index = 2071, .adv_w = 128, .box_w = 8, .box_h = 12, .ofs_x = 0, .ofs_y = 0},
    {.bitmap_index = 2119, .adv_w = 128, .box_w = 8, .box_h = 12, .ofs_x = 0, .ofs_y = 0},
    {.bitmap_index = 2167, .adv_w = 128, .box_w = 8, .box_h = 12, .ofs_x = 0, .ofs_y = 0},
    {.bitmap_index = 2215, .adv_w = 128, .box_w = 8, .box_h = 12, .ofs_x = 0, .ofs_y = 0},
    {.bitmap_index = 2263, .adv_w = 128, .box_w = 8, .box_h = 12, .ofs_x = 0, .ofs_y = 0},
    {.bitmap_index = 2311, .adv_w = 128, .box_w = 8, .box_h = 12, .ofs_x = 0, .ofs_y = 0},
    {.bitmap_index = 2359, .adv_w = 128, .box_w = 5, .box_h = 16, .ofs_x = 3, .ofs_y = -2},
    {.bitmap_index = 2399, .adv_w = 128, .box_w = 8, .box_h = 14, .ofs_x = 0, .ofs_y = -2},
    {.bitmap_index = 2455, .adv_w = 128, .box_w = 5, .box_h = 16, .ofs_x = 0, .ofs_y = -2},
    {.bitmap_index = 2495, .adv_w = 128, .box_w = 7, .box_h = 3, .ofs_x = 0, .ofs_y = 11},
    {.bitmap_index = 2506, .adv_w = 128, .box_w = 8, .box_h = 1, .ofs_x = 0, .ofs_y = -2},
    {.bitmap_index = 2510, .adv_w = 128, .box_w = 4, .box_h = 3, .ofs_x = 2, .ofs_y = 11},
    {.bitmap_index = 2516, .adv_w = 128, .box_w = 8, .box_h = 8, .ofs_x = 0, .ofs_y = 0},
    {.bitmap_index = 2548, .adv_w = 128, .box_w = 8, .box_h = 12, .ofs_x = 0, .ofs_y = 0},
    {.bitmap_index = 2596, .adv_w = 128, .box_w = 8, .box_h = 8, .ofs_x = 0, .ofs_y = 0},
    {.bitmap_index = 2628, .adv_w = 128, .box_w = 7, .box_h = 12, .ofs_x = 0, .ofs_y = 0},
    {.bitmap_index = 2670, .adv_w = 128, .box_w = 8, .box_h = 8, .ofs_x = 0, .ofs_y = 0},
    {.bitmap_index = 2702, .adv_w = 128, .box_w = 8, .box_h = 12, .ofs_x = 0, .ofs_y = 0},
    {.bitmap_index = 2750, .adv_w = 128, .box_w = 8, .box_h = 11, .ofs_x = 0, .ofs_y = -2},
    {.bitmap_index = 2794, .adv_w = 128, .box_w = 7, .box_h = 12, .ofs_x = 0, .ofs_y = 0},
    {.bitmap_index = 2836, .adv_w = 128, .box_w = 2, .box_h = 12, .ofs_x = 3, .ofs_y = 0},
    {.bitmap_index = 2848, .adv_w = 128, .box_w = 5, .box_h = 14, .ofs_x = 1, .ofs_y = -2},
    {.bitmap_index = 2883, .adv_w = 128, .box_w = 8, .box_h = 12, .ofs_x = 0, .ofs_y = 0},
    {.bitmap_index = 2931, .adv_w = 128, .box_w = 2, .box_h = 12, .ofs_x = 3, .ofs_y = 0},
    {.bitmap_index = 2943, .adv_w = 128, .box_w = 8, .box_h = 8, .ofs_x = 0, .ofs_y = 0},
    {.bitmap_index = 2975, .adv_w = 128, .box_w = 7, .box_h = 8, .ofs_x = 0, .ofs_y = 0},
    {.bitmap_index = 3003, .adv_w = 128, .box_w = 8, .box_h = 8, .ofs_x = 0, .ofs_y = 0},
    {.bitmap_index = 3035, .adv_w = 128, .box_w = 8, .box_h = 10, .ofs_x = 0, .ofs_y = -2},
    {.bitmap_index = 3075, .adv_w = 128, .box_w = 7, .box_h = 10, .ofs_x = 0, .ofs_y = -2},
    {.bitmap_index = 3110, .adv_w = 128, .box_w = 6, .box_h = 8, .ofs_x = 1, .ofs_y = 0},
    {.bitmap_index = 3134, .adv_w = 128, .box_w = 6, .box_h = 8, .ofs_x = 1, .ofs_y = 0},
    {.bitmap_index = 3158, .adv_w = 128, .box_w = 7, .box_h = 11, .ofs_x = 0, .ofs_y = 0},
    {.bitmap_index = 3197, .adv_w = 128, .box_w = 7, .box_h = 8, .ofs_x = 0, .ofs_y = 0},
    {.bitmap_index = 3225, .adv_w = 128, .box_w = 8, .box_h = 8, .ofs_x = 0, .ofs_y = 0},
    {.bitmap_index = 3257, .adv_w = 128, .box_w = 8, .box_h = 8, .ofs_x = 0, .ofs_y = 0},
    {.bitmap_index = 3289, .adv_w = 128, .box_w = 8, .box_h = 8, .ofs_x = 0, .ofs_y = 0},
    {.bitmap_index = 3321, .adv_w = 128, .box_w = 8, .box_h = 10, .ofs_x = 0, .ofs_y = -2},
    {.bitmap_index = 3361, .adv_w = 128, .box_w = 7, .box_h = 8, .ofs_x = 0, .ofs_y = 0},
    {.bitmap_index = 3389, .adv_w = 128, .box_w = 4, .box_h = 15, .ofs_x = 3, .ofs_y = -2},
    {.bitmap_index = 3419, .adv_w = 128, .box_w = 2, .box_h = 17, .ofs_x = 3, .ofs_y = -2},
    {.bitmap_index = 3436, .adv_w = 128, .box_w = 5, .box_h = 15, .ofs_x = 0, .ofs_y = -2},
    {.bitmap_index = 3474, .adv_w = 128, .box_w = 8, .box_h = 5, .ofs_x = 0, .ofs_y = 11},
    {.bitmap_index = 3494, .adv_w = 256, .box_w = 4, .box_h = 5, .ofs_x = 2, .ofs_y = 8},
    {.bitmap_index = 3504, .adv_w = 256, .box_w = 4, .box_h = 3, .ofs_x = 6, .ofs_y = 5},
    {.bitmap_index = 3510, .adv_w = 256, .box_w = 16, .box_h = 1, .ofs_x = 0, .ofs_y = 6},
    {.bitmap_index = 3518, .adv_w = 256, .box_w = 14, .box_h = 3, .ofs_x = 1, .ofs_y = 5},
    {.bitmap_index = 3539, .adv_w = 256, .box_w = 13, .box_h = 10, .ofs_x = 1, .ofs_y = 1},
    {.bitmap_index = 3604, .adv_w = 256, .box_w = 6, .box_h = 14, .ofs_x = 7, .ofs_y = -1},
    {.bitmap_index = 3646, .adv_w = 256, .box_w = 6, .box_h = 14, .ofs_x = 2, .ofs_y = -2},
    {.bitmap_index = 3688, .adv_w = 256, .box_w = 16, .box_h = 2, .ofs_x = 0, .ofs_y = 5},
    {.bitmap_index = 3704, .adv_w = 256, .box_w = 14, .box_h = 14, .ofs_x = 1, .ofs_y = -2},
    {.bitmap_index = 3802, .adv_w = 256, .box_w = 16, .box_h = 14, .ofs_x = 0, .ofs_y = -1},
    {.bitmap_index = 3914, .adv_w = 256, .box_w = 14, .box_h = 14, .ofs_x = 1, .ofs_y = -1},
    {.bitmap_index = 4012, .adv_w = 256, .box_w = 15, .box_h = 14, .ofs_x = 0, .ofs_y = -1},
    {.bitmap_index = 4117, .adv_w = 256, .box_w = 16, .box_h = 14, .ofs_x = 0, .ofs_y = -1},
    {.bitmap_index = 4229, .adv_w = 256, .box_w = 14, .box_h = 15, .ofs_x = 1, .ofs_y = -2},
    {.bitmap_index = 4334, .adv_w = 256, .box_w = 15, .box_h = 15, .ofs_x = 1, .ofs_y = -2},
    {.bitmap_index = 4447, .adv_w = 256, .box_w = 16, .box_h = 15, .ofs_x = 0, .ofs_y = -2},
    {.bitmap_index = 4567, .adv_w = 256, .box_w = 13, .box_h = 15, .ofs_x = 1, .ofs_y = -2},
    {.bitmap_index = 4665, .adv_w = 256, .box_w = 12, .box_h = 14, .ofs_x = 2, .ofs_y = -1},
    {.bitmap_index = 4749, .adv_w = 256, .box_w = 15, .box_h = 15, .ofs_x = 0, .ofs_y = -1},
    {.bitmap_index = 4862, .adv_w = 256, .box_w = 14, .box_h = 15, .ofs_x = 1, .ofs_y = -2},
    {.bitmap_index = 4967, .adv_w = 256, .box_w = 12, .box_h = 15, .ofs_x = 2, .ofs_y = -2},
    {.bitmap_index = 5057, .adv_w = 256, .box_w = 14, .box_h = 14, .ofs_x = 1, .ofs_y = -1},
    {.bitmap_index = 5155, .adv_w = 256, .box_w = 14, .box_h = 14, .ofs_x = 1, .ofs_y = -2},
    {.bitmap_index = 5253, .adv_w = 256, .box_w = 12, .box_h = 15, .ofs_x = 2, .ofs_y = -2},
    {.bitmap_index = 5343, .adv_w = 256, .box_w = 16, .box_h = 15, .ofs_x = 0, .ofs_y = -2},
    {.bitmap_index = 5463, .adv_w = 256, .box_w = 14, .box_h = 15, .ofs_x = 1, .ofs_y = -2},
    {.bitmap_index = 5568, .adv_w = 256, .box_w = 16, .box_h = 14, .ofs_x = 0, .ofs_y = -1},
    {.bitmap_index = 5680, .adv_w = 256, .box_w = 16, .box_h = 16, .ofs_x = 0, .ofs_y = -2},
    {.bitmap_index = 5808, .adv_w = 256, .box_w = 15, .box_h = 16, .ofs_x = 1, .ofs_y = -2},
    {.bitmap_index = 5928, .adv_w = 256, .box_w = 15, .box_h = 15, .ofs_x = 1, .ofs_y = -2},
    {.bitmap_index = 6041, .adv_w = 256, .box_w = 16, .box_h = 15, .ofs_x = 0, .ofs_y = -2},
    {.bitmap_index = 6161, .adv_w = 256, .box_w = 15, .box_h = 15, .ofs_x = 0, .ofs_y = -2},
    {.bitmap_index = 6274, .adv_w = 256, .box_w = 16, .box_h = 16, .ofs_x = 0, .ofs_y = -2},
    {.bitmap_index = 6402, .adv_w = 256, .box_w = 16, .box_h = 16, .ofs_x = 0, .ofs_y = -3},
    {.bitmap_index = 6530, .adv_w = 256, .box_w = 15, .box_h = 16, .ofs_x = 0, .ofs_y = -2},
    {.bitmap_index = 6650, .adv_w = 256, .box_w = 16, .box_h = 16, .ofs_x = 0, .ofs_y = -3},
    {.bitmap_index = 6778, .adv_w = 256, .box_w = 16, .box_h = 16, .ofs_x = 0, .ofs_y = -2},
    {.bitmap_index = 6906, .adv_w = 256, .box_w = 16, .box_h = 15, .ofs_x = 0, .ofs_y = -2},
    {.bitmap_index = 7026, .adv_w = 256, .box_w = 16, .box_h = 16, .ofs_x = 0, .ofs_y = -2},
    {.bitmap_index = 7154, .adv_w = 256, .box_w = 16, .box_h = 15, .ofs_x = 0, .ofs_y = -2},
    {.bitmap_index = 7274, .adv_w = 256, .box_w = 16, .box_h = 16, .ofs_x = 0, .ofs_y = -2},
    {.bitmap_index = 7402, .adv_w = 256, .box_w = 15, .box_h = 15, .ofs_x = 0, .ofs_y = -2},
    {.bitmap_index = 7515, .adv_w = 256, .box_w = 16, .box_h = 16, .ofs_x = 0, .ofs_y = -2},
    {.bitmap_index = 7643, .adv_w = 256, .box_w = 16, .box_h = 15, .ofs_x = 0, .ofs_y = -2},
    {.bitmap_index = 7763, .adv_w = 256, .box_w = 16, .box_h = 16, .ofs_x = 0, .ofs_y = -2},
    {.bitmap_index = 7891, .adv_w = 256, .box_w = 16, .box_h = 14, .ofs_x = 0, .ofs_y = -1},
    {.bitmap_index = 8003, .adv_w = 256, .box_w = 16, .box_h = 16, .ofs_x = 0, .ofs_y = -2},
    {.bitmap_index = 8131, .adv_w = 256, .box_w = 16, .box_h = 15, .ofs_x = 0, .ofs_y = -2},
    {.bitmap_index = 8251, .adv_w = 256, .box_w = 15, .box_h = 14, .ofs_x = 0, .ofs_y = -1},
    {.bitmap_index = 8356, .adv_w = 256, .box_w = 16, .box_h = 16, .ofs_x = 0, .ofs_y = -3},
    {.bitmap_index = 8484, .adv_w = 256, .box_w = 16, .box_h = 14, .ofs_x = 0, .ofs_y = -1},
    {.bitmap_index = 8596, .adv_w = 256, .box_w = 16, .box_h = 15, .ofs_x = 0, .ofs_y = -2},
    {.bitmap_index = 8716, .adv_w = 256, .box_w = 16, .box_h = 16, .ofs_x = 0, .ofs_y = -2},
    {.bitmap_index = 8844, .adv_w = 256, .box_w = 16, .box_h = 15, .ofs_x = 0, .ofs_y = -2},
    {.bitmap_index = 8964, .adv_w = 256, .box_w = 16, .box_h = 15, .ofs_x = 0, .ofs_y = -2},
    {.bitmap_index = 9084, .adv_w = 256, .box_w = 16, .box_h = 15, .ofs_x = 0, .ofs_y = -2},
    {.bitmap_index = 9204, .adv_w = 256, .box_w = 14, .box_h = 15, .ofs_x = 1, .ofs_y = -2},
    {.bitmap_index = 9309, .adv_w = 256, .box_w = 16, .box_h = 15, .ofs_x = 0, .ofs_y = -2},
    {.bitmap_index = 9429, .adv_w = 256, .box_w = 16, .box_h = 15, .ofs_x = 0, .ofs_y = -2},
    {.bitmap_index = 9549, .adv_w = 256, .box_w = 16, .box_h = 15, .ofs_x = 0, .ofs_y = -2},
    {.bitmap_index = 9669, .adv_w = 256, .box_w = 14, .box_h = 16, .ofs_x = 1, .ofs_y = -2},
    {.bitmap_index = 9781, .adv_w = 256, .box_w = 14, .box_h = 16, .ofs_x = 1, .ofs_y = -2},
    {.bitmap_index = 9893, .adv_w = 256, .box_w = 16, .box_h = 14, .ofs_x = 0, .ofs_y = -2},
    {.bitmap_index = 10005, .adv_w = 256, .box_w = 16, .box_h = 16, .ofs_x = 0, .ofs_y = -3},
    {.bitmap_index = 10133, .adv_w = 256, .box_w = 14, .box_h = 14, .ofs_x = 1, .ofs_y = -2},
    {.bitmap_index = 10231, .adv_w = 256, .box_w = 15, .box_h = 14, .ofs_x = 0, .ofs_y = -1},
    {.bitmap_index = 10336, .adv_w = 256, .box_w = 16, .box_h = 16, .ofs_x = 0, .ofs_y = -2},
    {.bitmap_index = 10464, .adv_w = 256, .box_w = 16, .box_h = 16, .ofs_x = 0, .ofs_y = -2},
    {.bitmap_index = 10592, .adv_w = 256, .box_w = 16, .box_h = 15, .ofs_x = 0, .ofs_y = -2},
    {.bitmap_index = 10712, .adv_w = 256, .box_w = 13, .box_h = 15, .ofs_x = 1, .ofs_y = -2},
    {.bitmap_index = 10810, .adv_w = 256, .box_w = 15, .box_h = 16, .ofs_x = 1, .ofs_y = -2},
    {.bitmap_index = 10930, .adv_w = 256, .box_w = 15, .box_h = 14, .ofs_x = 0, .ofs_y = -2},
    {.bitmap_index = 11035, .adv_w = 256, .box_w = 15, .box_h = 15, .ofs_x = 0, .ofs_y = -2},
    {.bitmap_index = 11148, .adv_w = 256, .box_w = 16, .box_h = 14, .ofs_x = 0, .ofs_y = -2},
    {.bitmap_index = 11260, .adv_w = 256, .box_w = 14, .box_h = 15, .ofs_x = 1, .ofs_y = -2},
    {.bitmap_index = 11365, .adv_w = 256, .box_w = 15, .box_h = 16, .ofs_x = 0, .ofs_y = -2},
    {.bitmap_index = 11485, .adv_w = 256, .box_w = 15, .box_h = 15, .ofs_x = 0, .ofs_y = -2},
    {.bitmap_index = 11598, .adv_w = 256, .box_w = 15, .box_h = 15, .ofs_x = 0, .ofs_y = -2},
    {.bitmap_index = 11711, .adv_w = 256, .box_w = 15, .box_h = 14, .ofs_x = 0, .ofs_y = -1},
    {.bitmap_index = 11816, .adv_w = 256, .box_w = 16, .box_h = 16, .ofs_x = 0, .ofs_y = -2},
    {.bitmap_index = 11944, .adv_w = 256, .box_w = 16, .box_h = 16, .ofs_x = 0, .ofs_y = -2},
    {.bitmap_index = 12072, .adv_w = 256, .box_w = 14, .box_h = 15, .ofs_x = 1, .ofs_y = -2},
    {.bitmap_index = 12177, .adv_w = 256, .box_w = 16, .box_h = 15, .ofs_x = 0, .ofs_y = -2},
    {.bitmap_index = 12297, .adv_w = 256, .box_w = 16, .box_h = 15, .ofs_x = 0, .ofs_y = -2},
    {.bitmap_index = 12417, .adv_w = 256, .box_w = 16, .box_h = 15, .ofs_x = 0, .ofs_y = -2},
    {.bitmap_index = 12537, .adv_w = 256, .box_w = 15, .box_h = 16, .ofs_x = 1, .ofs_y = -3},
    {.bitmap_index = 12657, .adv_w = 256, .box_w = 16, .box_h = 16, .ofs_x = 0, .ofs_y = -2},
    {.bitmap_index = 12785, .adv_w = 256, .box_w = 15, .box_h = 14, .ofs_x = 0, .ofs_y = -1},
    {.bitmap_index = 12890, .adv_w = 256, .box_w = 16, .box_h = 14, .ofs_x = 0, .ofs_y = -1},
    {.bitmap_index = 13002, .adv_w = 256, .box_w = 15, .box_h = 15, .ofs_x = 0, .ofs_y = -2},
    {.bitmap_index = 13115, .adv_w = 256, .box_w = 16, .box_h = 15, .ofs_x = 0, .ofs_y = -1},
    {.bitmap_index = 13235, .adv_w = 256, .box_w = 15, .box_h = 14, .ofs_x = 1, .ofs_y = -1},
    {.bitmap_index = 13340, .adv_w = 256, .box_w = 15, .box_h = 14, .ofs_x = 0, .ofs_y = -1},
    {.bitmap_index = 13445, .adv_w = 256, .box_w = 16, .box_h = 15, .ofs_x = 0, .ofs_y = -2},
    {.bitmap_index = 13565, .adv_w = 256, .box_w = 15, .box_h = 16, .ofs_x = 0, .ofs_y = -2},
    {.bitmap_index = 13685, .adv_w = 256, .box_w = 15, .box_h = 15, .ofs_x = 0, .ofs_y = -2},
    {.bitmap_index = 13798, .adv_w = 256, .box_w = 15, .box_h = 15, .ofs_x = 0, .ofs_y = -2},
    {.bitmap_index = 13911, .adv_w = 256, .box_w = 16, .box_h = 15, .ofs_x = 0, .ofs_y = -2},
    {.bitmap_index = 14031, .adv_w = 256, .box_w = 15, .box_h = 15, .ofs_x = 0, .ofs_y = -2},
    {.bitmap_index = 14144, .adv_w = 256, .box_w = 16, .box_h = 15, .ofs_x = 0, .ofs_y = -2},
    {.bitmap_index = 14264, .adv_w = 256, .box_w = 12, .box_h = 12, .ofs_x = 2, .ofs_y = -1},
    {.bitmap_index = 14336, .adv_w = 256, .box_w = 15, .box_h = 14, .ofs_x = 0, .ofs_y = -2},
    {.bitmap_index = 14441, .adv_w = 256, .box_w = 15, .box_h = 15, .ofs_x = 0, .ofs_y = -2},
    {.bitmap_index = 14554, .adv_w = 256, .box_w = 16, .box_h = 15, .ofs_x = 0, .ofs_y = -3},
    {.bitmap_index = 14674, .adv_w = 256, .box_w = 14, .box_h = 14, .ofs_x = 1, .ofs_y = -1},
    {.bitmap_index = 14772, .adv_w = 256, .box_w = 14, .box_h = 17, .ofs_x = 0, .ofs_y = -3},
    {.bitmap_index = 14891, .adv_w = 256, .box_w = 15, .box_h = 15, .ofs_x = 0, .ofs_y = -2},
    {.bitmap_index = 15004, .adv_w = 256, .box_w = 14, .box_h = 14, .ofs_x = 1, .ofs_y = -1},
    {.bitmap_index = 15102, .adv_w = 256, .box_w = 16, .box_h = 15, .ofs_x = 0, .ofs_y = -2},
    {.bitmap_index = 15222, .adv_w = 256, .box_w = 14, .box_h = 16, .ofs_x = 1, .ofs_y = -3},
    {.bitmap_index = 15334, .adv_w = 256, .box_w = 14, .box_h = 16, .ofs_x = 0, .ofs_y = -2},
    {.bitmap_index = 15446, .adv_w = 256, .box_w = 15, .box_h = 15, .ofs_x = 1, .ofs_y = -2},
    {.bitmap_index = 15559, .adv_w = 256, .box_w = 16, .box_h = 16, .ofs_x = 0, .ofs_y = -2},
    {.bitmap_index = 15687, .adv_w = 256, .box_w = 14, .box_h = 13, .ofs_x = 1, .ofs_y = -1},
    {.bitmap_index = 15778, .adv_w = 256, .box_w = 15, .box_h = 14, .ofs_x = 1, .ofs_y = -2},
    {.bitmap_index = 15883, .adv_w = 256, .box_w = 14, .box_h = 15, .ofs_x = 1, .ofs_y = -1},
    {.bitmap_index = 15988, .adv_w = 256, .box_w = 15, .box_h = 15, .ofs_x = 1, .ofs_y = -2},
    {.bitmap_index = 16101, .adv_w = 256, .box_w = 15, .box_h = 16, .ofs_x = 1, .ofs_y = -2},
    {.bitmap_index = 16221, .adv_w = 256, .box_w = 14, .box_h = 14, .ofs_x = 1, .ofs_y = -2},
    {.bitmap_index = 16319, .adv_w = 256, .box_w = 14, .box_h = 16, .ofs_x = 1, .ofs_y = -3},
    {.bitmap_index = 16431, .adv_w = 256, .box_w = 16, .box_h = 15, .ofs_x = 0, .ofs_y = -2},
    {.bitmap_index = 16551, .adv_w = 256, .box_w = 15, .box_h = 14, .ofs_x = 1, .ofs_y = -2},
    {.bitmap_index = 16656, .adv_w = 256, .box_w = 16, .box_h = 14, .ofs_x = 0, .ofs_y = -2},
    {.bitmap_index = 16768, .adv_w = 256, .box_w = 15, .box_h = 14, .ofs_x = 0, .ofs_y = -1},
    {.bitmap_index = 16873, .adv_w = 256, .box_w = 14, .box_h = 14, .ofs_x = 1, .ofs_y = -2},
    {.bitmap_index = 16971, .adv_w = 256, .box_w = 16, .box_h = 15, .ofs_x = 0, .ofs_y = -2},
    {.bitmap_index = 17091, .adv_w = 256, .box_w = 16, .box_h = 14, .ofs_x = 0, .ofs_y = -1},
    {.bitmap_index = 17203, .adv_w = 256, .box_w = 15, .box_h = 15, .ofs_x = 0, .ofs_y = -2},
    {.bitmap_index = 17316, .adv_w = 256, .box_w = 16, .box_h = 14, .ofs_x = 0, .ofs_y = -1},
    {.bitmap_index = 17428, .adv_w = 256, .box_w = 15, .box_h = 14, .ofs_x = 1, .ofs_y = -1},
    {.bitmap_index = 17533, .adv_w = 256, .box_w = 16, .box_h = 15, .ofs_x = 0, .ofs_y = -2},
    {.bitmap_index = 17653, .adv_w = 256, .box_w = 15, .box_h = 15, .ofs_x = 1, .ofs_y = -2},
    {.bitmap_index = 17766, .adv_w = 256, .box_w = 15, .box_h = 16, .ofs_x = 0, .ofs_y = -2},
    {.bitmap_index = 17886, .adv_w = 256, .box_w = 16, .box_h = 15, .ofs_x = 0, .ofs_y = -2},
    {.bitmap_index = 18006, .adv_w = 256, .box_w = 16, .box_h = 14, .ofs_x = 0, .ofs_y = -1},
    {.bitmap_index = 18118, .adv_w = 256, .box_w = 14, .box_h = 15, .ofs_x = 1, .ofs_y = -2},
    {.bitmap_index = 18223, .adv_w = 256, .box_w = 16, .box_h = 17, .ofs_x = 0, .ofs_y = -3},
    {.bitmap_index = 18359, .adv_w = 256, .box_w = 15, .box_h = 16, .ofs_x = 0, .ofs_y = -2},
    {.bitmap_index = 18479, .adv_w = 256, .box_w = 16, .box_h = 15, .ofs_x = 0, .ofs_y = -2},
    {.bitmap_index = 18599, .adv_w = 256, .box_w = 16, .box_h = 15, .ofs_x = 0, .ofs_y = -2},
    {.bitmap_index = 18719, .adv_w = 256, .box_w = 16, .box_h = 15, .ofs_x = 0, .ofs_y = -2},
    {.bitmap_index = 18839, .adv_w = 256, .box_w = 16, .box_h = 15, .ofs_x = 0, .ofs_y = -2},
    {.bitmap_index = 18959, .adv_w = 256, .box_w = 16, .box_h = 15, .ofs_x = 0, .ofs_y = -2},
    {.bitmap_index = 19079, .adv_w = 256, .box_w = 16, .box_h = 17, .ofs_x = 0, .ofs_y = -3},
    {.bitmap_index = 19215, .adv_w = 256, .box_w = 16, .box_h = 15, .ofs_x = 0, .ofs_y = -2},
    {.bitmap_index = 19335, .adv_w = 256, .box_w = 14, .box_h = 15, .ofs_x = 1, .ofs_y = -2},
    {.bitmap_index = 19440, .adv_w = 256, .box_w = 15, .box_h = 16, .ofs_x = 1, .ofs_y = -2},
    {.bitmap_index = 19560, .adv_w = 256, .box_w = 16, .box_h = 16, .ofs_x = 0, .ofs_y = -2},
    {.bitmap_index = 19688, .adv_w = 256, .box_w = 14, .box_h = 16, .ofs_x = 1, .ofs_y = -2},
    {.bitmap_index = 19800, .adv_w = 256, .box_w = 16, .box_h = 16, .ofs_x = 0, .ofs_y = -3},
    {.bitmap_index = 19928, .adv_w = 256, .box_w = 14, .box_h = 15, .ofs_x = 1, .ofs_y = -1},
    {.bitmap_index = 20033, .adv_w = 256, .box_w = 14, .box_h = 16, .ofs_x = 1, .ofs_y = -2},
    {.bitmap_index = 20145, .adv_w = 256, .box_w = 16, .box_h = 16, .ofs_x = 0, .ofs_y = -2},
    {.bitmap_index = 20273, .adv_w = 256, .box_w = 16, .box_h = 16, .ofs_x = 0, .ofs_y = -2},
    {.bitmap_index = 20401, .adv_w = 256, .box_w = 16, .box_h = 15, .ofs_x = 0, .ofs_y = -1},
    {.bitmap_index = 20521, .adv_w = 256, .box_w = 14, .box_h = 16, .ofs_x = 1, .ofs_y = -2},
    {.bitmap_index = 20633, .adv_w = 256, .box_w = 16, .box_h = 17, .ofs_x = 0, .ofs_y = -3},
    {.bitmap_index = 20769, .adv_w = 256, .box_w = 16, .box_h = 15, .ofs_x = 0, .ofs_y = -2},
    {.bitmap_index = 20889, .adv_w = 256, .box_w = 16, .box_h = 15, .ofs_x = 0, .ofs_y = -2},
    {.bitmap_index = 21009, .adv_w = 256, .box_w = 16, .box_h = 15, .ofs_x = 0, .ofs_y = -2},
    {.bitmap_index = 21129, .adv_w = 256, .box_w = 14, .box_h = 15, .ofs_x = 1, .ofs_y = -2},
    {.bitmap_index = 21234, .adv_w = 256, .box_w = 15, .box_h = 15, .ofs_x = 0, .ofs_y = -2},
    {.bitmap_index = 21347, .adv_w = 256, .box_w = 14, .box_h = 15, .ofs_x = 1, .ofs_y = -2},
    {.bitmap_index = 21452, .adv_w = 256, .box_w = 16, .box_h = 14, .ofs_x = 0, .ofs_y = -2},
    {.bitmap_index = 21564, .adv_w = 256, .box_w = 16, .box_h = 14, .ofs_x = 0, .ofs_y = -2},
    {.bitmap_index = 21676, .adv_w = 256, .box_w = 16, .box_h = 14, .ofs_x = 0, .ofs_y = -2},
    {.bitmap_index = 21788, .adv_w = 256, .box_w = 13, .box_h = 14, .ofs_x = 1, .ofs_y = -1},
    {.bitmap_index = 21879, .adv_w = 256, .box_w = 15, .box_h = 15, .ofs_x = 0, .ofs_y = -2},
    {.bitmap_index = 21992, .adv_w = 256, .box_w = 16, .box_h = 15, .ofs_x = 0, .ofs_y = -1},
    {.bitmap_index = 22112, .adv_w = 256, .box_w = 14, .box_h = 15, .ofs_x = 1, .ofs_y = -2},
    {.bitmap_index = 22217, .adv_w = 256, .box_w = 14, .box_h = 14, .ofs_x = 1, .ofs_y = -1},
    {.bitmap_index = 22315, .adv_w = 256, .box_w = 14, .box_h = 15, .ofs_x = 1, .ofs_y = -2},
    {.bitmap_index = 22420, .adv_w = 256, .box_w = 16, .box_h = 16, .ofs_x = 0, .ofs_y = -2},
    {.bitmap_index = 22548, .adv_w = 256, .box_w = 14, .box_h = 15, .ofs_x = 1, .ofs_y = -2},
    {.bitmap_index = 22653, .adv_w = 256, .box_w = 15, .box_h = 15, .ofs_x = 0, .ofs_y = -2},
    {.bitmap_index = 22766, .adv_w = 256, .box_w = 16, .box_h = 16, .ofs_x = 0, .ofs_y = -2},
    {.bitmap_index = 22894, .adv_w = 256, .box_w = 16, .box_h = 16, .ofs_x = 0, .ofs_y = -2},
    {.bitmap_index = 23022, .adv_w = 256, .box_w = 16, .box_h = 15, .ofs_x = 0, .ofs_y = -2},
    {.bitmap_index = 23142, .adv_w = 256, .box_w = 15, .box_h = 16, .ofs_x = 0, .ofs_y = -2},
    {.bitmap_index = 23262, .adv_w = 256, .box_w = 15, .box_h = 14, .ofs_x = 0, .ofs_y = -1},
    {.bitmap_index = 23367, .adv_w = 256, .box_w = 16, .box_h = 16, .ofs_x = 0, .ofs_y = -2},
    {.bitmap_index = 23495, .adv_w = 256, .box_w = 14, .box_h = 16, .ofs_x = 1, .ofs_y = -2},
    {.bitmap_index = 23607, .adv_w = 256, .box_w = 16, .box_h = 15, .ofs_x = 0, .ofs_y = -2},
    {.bitmap_index = 23727, .adv_w = 256, .box_w = 16, .box_h = 16, .ofs_x = 0, .ofs_y = -2},
    {.bitmap_index = 23855, .adv_w = 256, .box_w = 16, .box_h = 14, .ofs_x = 0, .ofs_y = -1},
    {.bitmap_index = 23967, .adv_w = 256, .box_w = 16, .box_h = 14, .ofs_x = 0, .ofs_y = -2},
    {.bitmap_index = 24079, .adv_w = 256, .box_w = 16, .box_h = 16, .ofs_x = 0, .ofs_y = -2},
    {.bitmap_index = 24207, .adv_w = 256, .box_w = 16, .box_h = 16, .ofs_x = 0, .ofs_y = -2},
    {.bitmap_index = 24335, .adv_w = 256, .box_w = 16, .box_h = 15, .ofs_x = 0, .ofs_y = -2},
    {.bitmap_index = 24455, .adv_w = 256, .box_w = 16, .box_h = 15, .ofs_x = 0, .ofs_y = -2},
    {.bitmap_index = 24575, .adv_w = 256, .box_w = 16, .box_h = 15, .ofs_x = 0, .ofs_y = -2},
    {.bitmap_index = 24695, .adv_w = 256, .box_w = 16, .box_h = 15, .ofs_x = 0, .ofs_y = -2},
    {.bitmap_index = 24815, .adv_w = 256, .box_w = 16, .box_h = 16, .ofs_x = 0, .ofs_y = -2},
    {.bitmap_index = 24943, .adv_w = 256, .box_w = 16, .box_h = 15, .ofs_x = 0, .ofs_y = -2},
    {.bitmap_index = 25063, .adv_w = 256, .box_w = 16, .box_h = 16, .ofs_x = 0, .ofs_y = -2},
    {.bitmap_index = 25191, .adv_w = 256, .box_w = 16, .box_h = 15, .ofs_x = 0, .ofs_y = -1},
    {.bitmap_index = 25311, .adv_w = 256, .box_w = 15, .box_h = 16, .ofs_x = 0, .ofs_y = -2},
    {.bitmap_index = 25431, .adv_w = 256, .box_w = 16, .box_h = 13, .ofs_x = 0, .ofs_y = -1},
    {.bitmap_index = 25535, .adv_w = 256, .box_w = 16, .box_h = 16, .ofs_x = 0, .ofs_y = -2},
    {.bitmap_index = 25663, .adv_w = 256, .box_w = 16, .box_h = 14, .ofs_x = 0, .ofs_y = -1},
    {.bitmap_index = 25775, .adv_w = 256, .box_w = 16, .box_h = 15, .ofs_x = 0, .ofs_y = -2},
    {.bitmap_index = 25895, .adv_w = 256, .box_w = 16, .box_h = 16, .ofs_x = 0, .ofs_y = -2},
    {.bitmap_index = 26023, .adv_w = 256, .box_w = 16, .box_h = 14, .ofs_x = 0, .ofs_y = -1},
    {.bitmap_index = 26135, .adv_w = 256, .box_w = 16, .box_h = 14, .ofs_x = 0, .ofs_y = -1},
    {.bitmap_index = 26247, .adv_w = 256, .box_w = 16, .box_h = 16, .ofs_x = 0, .ofs_y = -2},
    {.bitmap_index = 26375, .adv_w = 256, .box_w = 16, .box_h = 16, .ofs_x = 0, .ofs_y = -2},
    {.bitmap_index = 26503, .adv_w = 256, .box_w = 16, .box_h = 15, .ofs_x = 0, .ofs_y = -2},
    {.bitmap_index = 26623, .adv_w = 256, .box_w = 15, .box_h = 16, .ofs_x = 0, .ofs_y = -2},
    {.bitmap_index = 26743, .adv_w = 256, .box_w = 16, .box_h = 15, .ofs_x = 0, .ofs_y = -2},
    {.bitmap_index = 26863, .adv_w = 256, .box_w = 16, .box_h = 15, .ofs_x = 0, .ofs_y = -2},
    {.bitmap_index = 26983, .adv_w = 256, .box_w = 15, .box_h = 15, .ofs_x = 0, .ofs_y = -2},
    {.bitmap_index = 27096, .adv_w = 256, .box_w = 15, .box_h = 17, .ofs_x = 0, .ofs_y = -3},
    {.bitmap_index = 27224, .adv_w = 256, .box_w = 16, .box_h = 15, .ofs_x = 0, .ofs_y = -2},
    {.bitmap_index = 27344, .adv_w = 256, .box_w = 15, .box_h = 15, .ofs_x = 0, .ofs_y = -2},
    {.bitmap_index = 27457, .adv_w = 256, .box_w = 15, .box_h = 17, .ofs_x = 0, .ofs_y = -3},
    {.bitmap_index = 27585, .adv_w = 256, .box_w = 15, .box_h = 15, .ofs_x = 0, .ofs_y = -2},
    {.bitmap_index = 27698, .adv_w = 256, .box_w = 15, .box_h = 15, .ofs_x = 0, .ofs_y = -2},
    {.bitmap_index = 27811, .adv_w = 256, .box_w = 16, .box_h = 15, .ofs_x = 0, .ofs_y = -2},
    {.bitmap_index = 27931, .adv_w = 256, .box_w = 16, .box_h = 16, .ofs_x = 0, .ofs_y = -2},
    {.bitmap_index = 28059, .adv_w = 256, .box_w = 16, .box_h = 15, .ofs_x = 0, .ofs_y = -2},
    {.bitmap_index = 28179, .adv_w = 256, .box_w = 16, .box_h = 16, .ofs_x = 0, .ofs_y = -2},
    {.bitmap_index = 28307, .adv_w = 256, .box_w = 16, .box_h = 15, .ofs_x = 0, .ofs_y = -2},
    {.bitmap_index = 28427, .adv_w = 256, .box_w = 16, .box_h = 16, .ofs_x = 0, .ofs_y = -2},
    {.bitmap_index = 28555, .adv_w = 256, .box_w = 16, .box_h = 16, .ofs_x = 0, .ofs_y = -2},
    {.bitmap_index = 28683, .adv_w = 256, .box_w = 16, .box_h = 16, .ofs_x = 0, .ofs_y = -3},
    {.bitmap_index = 28811, .adv_w = 256, .box_w = 16, .box_h = 15, .ofs_x = 0, .ofs_y = -2},
    {.bitmap_index = 28931, .adv_w = 256, .box_w = 16, .box_h = 15, .ofs_x = 0, .ofs_y = -2},
    {.bitmap_index = 29051, .adv_w = 256, .box_w = 16, .box_h = 16, .ofs_x = 0, .ofs_y = -2},
    {.bitmap_index = 29179, .adv_w = 256, .box_w = 16, .box_h = 16, .ofs_x = 0, .ofs_y = -2},
    {.bitmap_index = 29307, .adv_w = 256, .box_w = 16, .box_h = 16, .ofs_x = 0, .ofs_y = -2},
    {.bitmap_index = 29435, .adv_w = 256, .box_w = 16, .box_h = 15, .ofs_x = 0, .ofs_y = -2},
    {.bitmap_index = 29555, .adv_w = 256, .box_w = 15, .box_h = 15, .ofs_x = 0, .ofs_y = -2},
    {.bitmap_index = 29668, .adv_w = 256, .box_w = 16, .box_h = 15, .ofs_x = 0, .ofs_y = -1},
    {.bitmap_index = 29788, .adv_w = 256, .box_w = 16, .box_h = 16, .ofs_x = 0, .ofs_y = -2},
    {.bitmap_index = 29916, .adv_w = 256, .box_w = 16, .box_h = 14, .ofs_x = 0, .ofs_y = -1},
    {.bitmap_index = 30028, .adv_w = 256, .box_w = 16, .box_h = 15, .ofs_x = 0, .ofs_y = -2},
    {.bitmap_index = 30148, .adv_w = 256, .box_w = 16, .box_h = 16, .ofs_x = 0, .ofs_y = -3},
    {.bitmap_index = 30276, .adv_w = 256, .box_w = 16, .box_h = 15, .ofs_x = 0, .ofs_y = -2},
    {.bitmap_index = 30396, .adv_w = 256, .box_w = 11, .box_h = 13, .ofs_x = 3, .ofs_y = -1},
    {.bitmap_index = 30468, .adv_w = 256, .box_w = 15, .box_h = 14, .ofs_x = 0, .ofs_y = -2},
    {.bitmap_index = 30573, .adv_w = 256, .box_w = 15, .box_h = 15, .ofs_x = 1, .ofs_y = -2},
    {.bitmap_index = 30686, .adv_w = 256, .box_w = 15, .box_h = 14, .ofs_x = 0, .ofs_y = -2},
    {.bitmap_index = 30791, .adv_w = 256, .box_w = 16, .box_h = 15, .ofs_x = 0, .ofs_y = -3},
    {.bitmap_index = 30911, .adv_w = 256, .box_w = 15, .box_h = 13, .ofs_x = 1, .ofs_y = -1},
    {.bitmap_index = 31009, .adv_w = 256, .box_w = 15, .box_h = 16, .ofs_x = 1, .ofs_y = -2},
    {.bitmap_index = 31129, .adv_w = 256, .box_w = 16, .box_h = 16, .ofs_x = 0, .ofs_y = -2},
    {.bitmap_index = 31257, .adv_w = 256, .box_w = 16, .box_h = 15, .ofs_x = 0, .ofs_y = -2},
    {.bitmap_index = 31377, .adv_w = 256, .box_w = 15, .box_h = 15, .ofs_x = 1, .ofs_y = -2},
    {.bitmap_index = 31490, .adv_w = 256, .box_w = 14, .box_h = 15, .ofs_x = 1, .ofs_y = -2},
    {.bitmap_index = 31595, .adv_w = 256, .box_w = 14, .box_h = 14, .ofs_x = 1, .ofs_y = -1},
    {.bitmap_index = 31693, .adv_w = 256, .box_w = 15, .box_h = 14, .ofs_x = 1, .ofs_y = -2},
    {.bitmap_index = 31798, .adv_w = 256, .box_w = 13, .box_h = 14, .ofs_x = 1, .ofs_y = -2},
    {.bitmap_index = 31889, .adv_w = 256, .box_w = 16, .box_h = 16, .ofs_x = 0, .ofs_y = -2},
    {.bitmap_index = 32017, .adv_w = 256, .box_w = 15, .box_h = 14, .ofs_x = 0, .ofs_y = -1},
    {.bitmap_index = 32122, .adv_w = 256, .box_w = 16, .box_h = 14, .ofs_x = 0, .ofs_y = -1},
    {.bitmap_index = 32234, .adv_w = 256, .box_w = 16, .box_h = 14, .ofs_x = 0, .ofs_y = -1},
    {.bitmap_index = 32346, .adv_w = 256, .box_w = 15, .box_h = 15, .ofs_x = 0, .ofs_y = -2},
    {.bitmap_index = 32459, .adv_w = 256, .box_w = 16, .box_h = 14, .ofs_x = 0, .ofs_y = -1},
    {.bitmap_index = 32571, .adv_w = 256, .box_w = 16, .box_h = 15, .ofs_x = 0, .ofs_y = -2},
    {.bitmap_index = 32691, .adv_w = 256, .box_w = 15, .box_h = 14, .ofs_x = 1, .ofs_y = -1},
    {.bitmap_index = 32796, .adv_w = 256, .box_w = 16, .box_h = 14, .ofs_x = 0, .ofs_y = -1},
    {.bitmap_index = 32908, .adv_w = 256, .box_w = 16, .box_h = 16, .ofs_x = 0, .ofs_y = -3},
    {.bitmap_index = 33036, .adv_w = 256, .box_w = 15, .box_h = 13, .ofs_x = 1, .ofs_y = -1},
    {.bitmap_index = 33134, .adv_w = 256, .box_w = 16, .box_h = 14, .ofs_x = 0, .ofs_y = -1},
    {.bitmap_index = 33246, .adv_w = 256, .box_w = 16, .box_h = 14, .ofs_x = 0, .ofs_y = -1},
    {.bitmap_index = 33358, .adv_w = 256, .box_w = 16, .box_h = 14, .ofs_x = 0, .ofs_y = -1},
    {.bitmap_index = 33470, .adv_w = 256, .box_w = 15, .box_h = 15, .ofs_x = 0, .ofs_y = -2},
    {.bitmap_index = 33583, .adv_w = 256, .box_w = 16, .box_h = 15, .ofs_x = 0, .ofs_y = -2},
    {.bitmap_index = 33703, .adv_w = 256, .box_w = 16, .box_h = 16, .ofs_x = 0, .ofs_y = -2},
    {.bitmap_index = 33831, .adv_w = 256, .box_w = 16, .box_h = 15, .ofs_x = 0, .ofs_y = -2},
    {.bitmap_index = 33951, .adv_w = 256, .box_w = 16, .box_h = 16, .ofs_x = 0, .ofs_y = -2},
    {.bitmap_index = 34079, .adv_w = 256, .box_w = 16, .box_h = 15, .ofs_x = 0, .ofs_y = -2},
    {.bitmap_index = 34199, .adv_w = 256, .box_w = 16, .box_h = 15, .ofs_x = 0, .ofs_y = -2},
    {.bitmap_index = 34319, .adv_w = 256, .box_w = 15, .box_h = 15, .ofs_x = 1, .ofs_y = -2},
    {.bitmap_index = 34432, .adv_w = 256, .box_w = 15, .box_h = 13, .ofs_x = 0, .ofs_y = -1},
    {.bitmap_index = 34530, .adv_w = 256, .box_w = 16, .box_h = 15, .ofs_x = 0, .ofs_y = -2},
    {.bitmap_index = 34650, .adv_w = 256, .box_w = 15, .box_h = 15, .ofs_x = 0, .ofs_y = -2},
    {.bitmap_index = 34763, .adv_w = 256, .box_w = 16, .box_h = 15, .ofs_x = 0, .ofs_y = -2},
    {.bitmap_index = 34883, .adv_w = 256, .box_w = 16, .box_h = 16, .ofs_x = 0, .ofs_y = -3},
    {.bitmap_index = 35011, .adv_w = 256, .box_w = 15, .box_h = 14, .ofs_x = 1, .ofs_y = -1},
    {.bitmap_index = 35116, .adv_w = 256, .box_w = 16, .box_h = 15, .ofs_x = 0, .ofs_y = -2},
    {.bitmap_index = 35236, .adv_w = 256, .box_w = 16, .box_h = 15, .ofs_x = 0, .ofs_y = -2},
    {.bitmap_index = 35356, .adv_w = 256, .box_w = 15, .box_h = 15, .ofs_x = 0, .ofs_y = -2},
    {.bitmap_index = 35469, .adv_w = 256, .box_w = 15, .box_h = 15, .ofs_x = 0, .ofs_y = -2},
    {.bitmap_index = 35582, .adv_w = 256, .box_w = 16, .box_h = 16, .ofs_x = 0, .ofs_y = -2},
    {.bitmap_index = 35710, .adv_w = 256, .box_w = 16, .box_h = 15, .ofs_x = 0, .ofs_y = -2},
    {.bitmap_index = 35830, .adv_w = 256, .box_w = 15, .box_h = 15, .ofs_x = 0, .ofs_y = -2},
    {.bitmap_index = 35943, .adv_w = 256, .box_w = 16, .box_h = 16, .ofs_x = 0, .ofs_y = -2},
    {.bitmap_index = 36071, .adv_w = 256, .box_w = 15, .box_h = 15, .ofs_x = 0, .ofs_y = -2},
    {.bitmap_index = 36184, .adv_w = 256, .box_w = 16, .box_h = 16, .ofs_x = 0, .ofs_y = -3},
    {.bitmap_index = 36312, .adv_w = 256, .box_w = 15, .box_h = 16, .ofs_x = 0, .ofs_y = -3},
    {.bitmap_index = 36432, .adv_w = 256, .box_w = 16, .box_h = 15, .ofs_x = 0, .ofs_y = -2},
    {.bitmap_index = 36552, .adv_w = 256, .box_w = 16, .box_h = 15, .ofs_x = 0, .ofs_y = -2},
    {.bitmap_index = 36672, .adv_w = 256, .box_w = 15, .box_h = 15, .ofs_x = 0, .ofs_y = -2},
    {.bitmap_index = 36785, .adv_w = 256, .box_w = 16, .box_h = 15, .ofs_x = 0, .ofs_y = -2},
    {.bitmap_index = 36905, .adv_w = 256, .box_w = 16, .box_h = 15, .ofs_x = 0, .ofs_y = -2},
    {.bitmap_index = 37025, .adv_w = 256, .box_w = 16, .box_h = 16, .ofs_x = 0, .ofs_y = -3},
    {.bitmap_index = 37153, .adv_w = 256, .box_w = 16, .box_h = 15, .ofs_x = 0, .ofs_y = -2},
    {.bitmap_index = 37273, .adv_w = 256, .box_w = 16, .box_h = 16, .ofs_x = 0, .ofs_y = -2},
    {.bitmap_index = 37401, .adv_w = 256, .box_w = 16, .box_h = 16, .ofs_x = 0, .ofs_y = -2},
    {.bitmap_index = 37529, .adv_w = 256, .box_w = 16, .box_h = 15, .ofs_x = 0, .ofs_y = -2},
    {.bitmap_index = 37649, .adv_w = 256, .box_w = 16, .box_h = 16, .ofs_x = 0, .ofs_y = -2},
    {.bitmap_index = 37777, .adv_w = 256, .box_w = 16, .box_h = 16, .ofs_x = 0, .ofs_y = -2},
    {.bitmap_index = 37905, .adv_w = 256, .box_w = 16, .box_h = 16, .ofs_x = 0, .ofs_y = -2},
    {.bitmap_index = 38033, .adv_w = 256, .box_w = 15, .box_h = 16, .ofs_x = 0, .ofs_y = -3},
    {.bitmap_index = 38153, .adv_w = 256, .box_w = 16, .box_h = 16, .ofs_x = 0, .ofs_y = -2},
    {.bitmap_index = 38281, .adv_w = 256, .box_w = 16, .box_h = 16, .ofs_x = 0, .ofs_y = -3},
    {.bitmap_index = 38409, .adv_w = 256, .box_w = 16, .box_h = 15, .ofs_x = 0, .ofs_y = -2},
    {.bitmap_index = 38529, .adv_w = 256, .box_w = 16, .box_h = 16, .ofs_x = 0, .ofs_y = -2},
    {.bitmap_index = 38657, .adv_w = 256, .box_w = 16, .box_h = 15, .ofs_x = 0, .ofs_y = -2},
    {.bitmap_index = 38777, .adv_w = 256, .box_w = 16, .box_h = 14, .ofs_x = 0, .ofs_y = -2},
    {.bitmap_index = 38889, .adv_w = 256, .box_w = 16, .box_h = 16, .ofs_x = 0, .ofs_y = -2},
    {.bitmap_index = 39017, .adv_w = 256, .box_w = 16, .box_h = 14, .ofs_x = 0, .ofs_y = -2},
    {.bitmap_index = 39129, .adv_w = 256, .box_w = 15, .box_h = 14, .ofs_x = 0, .ofs_y = -1},
    {.bitmap_index = 39234, .adv_w = 256, .box_w = 14, .box_h = 14, .ofs_x = 0, .ofs_y = -2},
    {.bitmap_index = 39332, .adv_w = 256, .box_w = 14, .box_h = 15, .ofs_x = 1, .ofs_y = -2},
    {.bitmap_index = 39437, .adv_w = 256, .box_w = 15, .box_h = 15, .ofs_x = 1, .ofs_y = -2},
    {.bitmap_index = 39550, .adv_w = 256, .box_w = 16, .box_h = 16, .ofs_x = 0, .ofs_y = -2},
    {.bitmap_index = 39678, .adv_w = 256, .box_w = 16, .box_h = 16, .ofs_x = 0, .ofs_y = -2},
    {.bitmap_index = 39806, .adv_w = 256, .box_w = 16, .box_h = 15, .ofs_x = 0, .ofs_y = -2},
    {.bitmap_index = 39926, .adv_w = 256, .box_w = 14, .box_h = 15, .ofs_x = 1, .ofs_y = -2},
    {.bitmap_index = 40031, .adv_w = 256, .box_w = 14, .box_h = 16, .ofs_x = 1, .ofs_y = -2},
    {.bitmap_index = 40143, .adv_w = 256, .box_w = 15, .box_h = 15, .ofs_x = 0, .ofs_y = -2},
    {.bitmap_index = 40256, .adv_w = 256, .box_w = 16, .box_h = 15, .ofs_x = 0, .ofs_y = -2},
    {.bitmap_index = 40376, .adv_w = 256, .box_w = 16, .box_h = 16, .ofs_x = 0, .ofs_y = -2},
    {.bitmap_index = 40504, .adv_w = 256, .box_w = 16, .box_h = 14, .ofs_x = 0, .ofs_y = -2},
    {.bitmap_index = 40616, .adv_w = 256, .box_w = 14, .box_h = 14, .ofs_x = 1, .ofs_y = -2},
    {.bitmap_index = 40714, .adv_w = 256, .box_w = 16, .box_h = 17, .ofs_x = 0, .ofs_y = -3},
    {.bitmap_index = 40850, .adv_w = 256, .box_w = 16, .box_h = 16, .ofs_x = 0, .ofs_y = -3},
    {.bitmap_index = 40978, .adv_w = 256, .box_w = 14, .box_h = 14, .ofs_x = 1, .ofs_y = -1},
    {.bitmap_index = 41076, .adv_w = 256, .box_w = 16, .box_h = 15, .ofs_x = 0, .ofs_y = -2},
    {.bitmap_index = 41196, .adv_w = 256, .box_w = 16, .box_h = 15, .ofs_x = 0, .ofs_y = -2},
    {.bitmap_index = 41316, .adv_w = 256, .box_w = 14, .box_h = 15, .ofs_x = 1, .ofs_y = -2},
    {.bitmap_index = 41421, .adv_w = 256, .box_w = 16, .box_h = 16, .ofs_x = 0, .ofs_y = -2},
    {.bitmap_index = 41549, .adv_w = 256, .box_w = 15, .box_h = 15, .ofs_x = 0, .ofs_y = -2},
    {.bitmap_index = 41662, .adv_w = 256, .box_w = 14, .box_h = 17, .ofs_x = 1, .ofs_y = -3},
    {.bitmap_index = 41781, .adv_w = 256, .box_w = 16, .box_h = 16, .ofs_x = 0, .ofs_y = -2},
    {.bitmap_index = 41909, .adv_w = 256, .box_w = 16, .box_h = 16, .ofs_x = 0, .ofs_y = -3},
    {.bitmap_index = 42037, .adv_w = 256, .box_w = 16, .box_h = 16, .ofs_x = 0, .ofs_y = -2},
    {.bitmap_index = 42165, .adv_w = 256, .box_w = 16, .box_h = 15, .ofs_x = 0, .ofs_y = -2},
    {.bitmap_index = 42285, .adv_w = 256, .box_w = 15, .box_h = 16, .ofs_x = 1, .ofs_y = -2},
    {.bitmap_index = 42405, .adv_w = 256, .box_w = 14, .box_h = 16, .ofs_x = 1, .ofs_y = -2},
    {.bitmap_index = 42517, .adv_w = 256, .box_w = 16, .box_h = 15, .ofs_x = 0, .ofs_y = -1},
    {.bitmap_index = 42637, .adv_w = 256, .box_w = 15, .box_h = 15, .ofs_x = 0, .ofs_y = -2},
    {.bitmap_index = 42750, .adv_w = 256, .box_w = 16, .box_h = 16, .ofs_x = 0, .ofs_y = -2},
    {.bitmap_index = 42878, .adv_w = 256, .box_w = 16, .box_h = 16, .ofs_x = 0, .ofs_y = -2},
    {.bitmap_index = 43006, .adv_w = 256, .box_w = 16, .box_h = 16, .ofs_x = 0, .ofs_y = -2},
    {.bitmap_index = 43134, .adv_w = 256, .box_w = 16, .box_h = 15, .ofs_x = 0, .ofs_y = -1},
    {.bitmap_index = 43254, .adv_w = 256, .box_w = 16, .box_h = 17, .ofs_x = 0, .ofs_y = -3},
    {.bitmap_index = 43390, .adv_w = 256, .box_w = 16, .box_h = 16, .ofs_x = 0, .ofs_y = -2},
    {.bitmap_index = 43518, .adv_w = 256, .box_w = 16, .box_h = 16, .ofs_x = 0, .ofs_y = -2},
    {.bitmap_index = 43646, .adv_w = 256, .box_w = 16, .box_h = 16, .ofs_x = 0, .ofs_y = -3},
    {.bitmap_index = 43774, .adv_w = 256, .box_w = 15, .box_h = 15, .ofs_x = 0, .ofs_y = -2},
    {.bitmap_index = 43887, .adv_w = 256, .box_w = 14, .box_h = 14, .ofs_x = 1, .ofs_y = -2},
    {.bitmap_index = 43985, .adv_w = 256, .box_w = 15, .box_h = 16, .ofs_x = 0, .ofs_y = -2},
    {.bitmap_index = 44105, .adv_w = 256, .box_w = 16, .box_h = 15, .ofs_x = 0, .ofs_y = -2},
    {.bitmap_index = 44225, .adv_w = 256, .box_w = 16, .box_h = 15, .ofs_x = 0, .ofs_y = -2},
    {.bitmap_index = 44345, .adv_w = 256, .box_w = 15, .box_h = 15, .ofs_x = 0, .ofs_y = -2},
    {.bitmap_index = 44458, .adv_w = 256, .box_w = 15, .box_h = 15, .ofs_x = 0, .ofs_y = -2},
    {.bitmap_index = 44571, .adv_w = 256, .box_w = 16, .box_h = 14, .ofs_x = 0, .ofs_y = -1},
    {.bitmap_index = 44683, .adv_w = 256, .box_w = 16, .box_h = 16, .ofs_x = 0, .ofs_y = -3},
    {.bitmap_index = 44811, .adv_w = 256, .box_w = 16, .box_h = 15, .ofs_x = 0, .ofs_y = -2},
    {.bitmap_index = 44931, .adv_w = 256, .box_w = 16, .box_h = 16, .ofs_x = 0, .ofs_y = -3},
    {.bitmap_index = 45059, .adv_w = 256, .box_w = 16, .box_h = 14, .ofs_x = 0, .ofs_y = -1},
    {.bitmap_index = 45171, .adv_w = 256, .box_w = 16, .box_h = 15, .ofs_x = 0, .ofs_y = -2},
    {.bitmap_index = 45291, .adv_w = 256, .box_w = 16, .box_h = 15, .ofs_x = 0, .ofs_y = -2},
    {.bitmap_index = 45411, .adv_w = 256, .box_w = 16, .box_h = 16, .ofs_x = 0, .ofs_y = -3},
    {.bitmap_index = 45539, .adv_w = 256, .box_w = 15, .box_h = 14, .ofs_x = 1, .ofs_y = -2},
    {.bitmap_index = 45644, .adv_w = 256, .box_w = 16, .box_h = 14, .ofs_x = 0, .ofs_y = -2},
    {.bitmap_index = 45756, .adv_w = 256, .box_w = 15, .box_h = 13, .ofs_x = 1, .ofs_y = -1},
    {.bitmap_index = 45854, .adv_w = 256, .box_w = 15, .box_h = 15, .ofs_x = 0, .ofs_y = -2},
    {.bitmap_index = 45967, .adv_w = 256, .box_w = 15, .box_h = 15, .ofs_x = 0, .ofs_y = -2},
    {.bitmap_index = 46080, .adv_w = 256, .box_w = 16, .box_h = 15, .ofs_x = 0, .ofs_y = -2},
    {.bitmap_index = 46200, .adv_w = 256, .box_w = 16, .box_h = 15, .ofs_x = 0, .ofs_y = -2},
    {.bitmap_index = 46320, .adv_w = 256, .box_w = 16, .box_h = 15, .ofs_x = 0, .ofs_y = -2},
    {.bitmap_index = 46440, .adv_w = 256, .box_w = 16, .box_h = 15, .ofs_x = 0, .ofs_y = -2},
    {.bitmap_index = 46560, .adv_w = 256, .box_w = 16, .box_h = 15, .ofs_x = 0, .ofs_y = -2},
    {.bitmap_index = 46680, .adv_w = 256, .box_w = 14, .box_h = 15, .ofs_x = 1, .ofs_y = -2},
    {.bitmap_index = 46785, .adv_w = 256, .box_w = 13, .box_h = 14, .ofs_x = 2, .ofs_y = -2},
    {.bitmap_index = 46876, .adv_w = 256, .box_w = 15, .box_h = 17, .ofs_x = 1, .ofs_y = -3},
    {.bitmap_index = 47004, .adv_w = 256, .box_w = 15, .box_h = 16, .ofs_x = 0, .ofs_y = -2},
    {.bitmap_index = 47124, .adv_w = 256, .box_w = 12, .box_h = 15, .ofs_x = 2, .ofs_y = -1},
    {.bitmap_index = 47214, .adv_w = 256, .box_w = 15, .box_h = 15, .ofs_x = 1, .ofs_y = -2},
    {.bitmap_index = 47327, .adv_w = 256, .box_w = 16, .box_h = 15, .ofs_x = 0, .ofs_y = -2},
    {.bitmap_index = 47447, .adv_w = 256, .box_w = 16, .box_h = 15, .ofs_x = 0, .ofs_y = -1},
    {.bitmap_index = 47567, .adv_w = 256, .box_w = 16, .box_h = 15, .ofs_x = 0, .ofs_y = -2},
    {.bitmap_index = 47687, .adv_w = 256, .box_w = 16, .box_h = 15, .ofs_x = 0, .ofs_y = -2},
    {.bitmap_index = 47807, .adv_w = 256, .box_w = 15, .box_h = 16, .ofs_x = 0, .ofs_y = -2},
    {.bitmap_index = 47927, .adv_w = 256, .box_w = 16, .box_h = 15, .ofs_x = 0, .ofs_y = -2},
    {.bitmap_index = 48047, .adv_w = 256, .box_w = 16, .box_h = 17, .ofs_x = 0, .ofs_y = -3},
    {.bitmap_index = 48183, .adv_w = 256, .box_w = 16, .box_h = 15, .ofs_x = 0, .ofs_y = -2},
    {.bitmap_index = 48303, .adv_w = 256, .box_w = 16, .box_h = 15, .ofs_x = 0, .ofs_y = -2},
    {.bitmap_index = 48423, .adv_w = 256, .box_w = 16, .box_h = 16, .ofs_x = 0, .ofs_y = -2},
    {.bitmap_index = 48551, .adv_w = 256, .box_w = 16, .box_h = 17, .ofs_x = 0, .ofs_y = -3},
    {.bitmap_index = 48687, .adv_w = 256, .box_w = 14, .box_h = 15, .ofs_x = 1, .ofs_y = -2},
    {.bitmap_index = 48792, .adv_w = 256, .box_w = 15, .box_h = 14, .ofs_x = 1, .ofs_y = -2},
    {.bitmap_index = 48897, .adv_w = 256, .box_w = 16, .box_h = 15, .ofs_x = 0, .ofs_y = -2},
    {.bitmap_index = 49017, .adv_w = 256, .box_w = 16, .box_h = 16, .ofs_x = 0, .ofs_y = -2},
    {.bitmap_index = 49145, .adv_w = 256, .box_w = 15, .box_h = 15, .ofs_x = 0, .ofs_y = -2},
    {.bitmap_index = 49258, .adv_w = 256, .box_w = 16, .box_h = 15, .ofs_x = 0, .ofs_y = -2},
    {.bitmap_index = 49378, .adv_w = 256, .box_w = 16, .box_h = 14, .ofs_x = 0, .ofs_y = -1},
    {.bitmap_index = 49490, .adv_w = 256, .box_w = 16, .box_h = 16, .ofs_x = 0, .ofs_y = -2},
    {.bitmap_index = 49618, .adv_w = 256, .box_w = 16, .box_h = 14, .ofs_x = 0, .ofs_y = -1},
    {.bitmap_index = 49730, .adv_w = 256, .box_w = 16, .box_h = 16, .ofs_x = 0, .ofs_y = -3},
    {.bitmap_index = 49858, .adv_w = 256, .box_w = 16, .box_h = 15, .ofs_x = 0, .ofs_y = -2},
    {.bitmap_index = 49978, .adv_w = 256, .box_w = 16, .box_h = 15, .ofs_x = 0, .ofs_y = -2},
    {.bitmap_index = 50098, .adv_w = 256, .box_w = 16, .box_h = 16, .ofs_x = 0, .ofs_y = -2},
    {.bitmap_index = 50226, .adv_w = 256, .box_w = 16, .box_h = 15, .ofs_x = 0, .ofs_y = -2},
    {.bitmap_index = 50346, .adv_w = 256, .box_w = 16, .box_h = 16, .ofs_x = 0, .ofs_y = -2},
    {.bitmap_index = 50474, .adv_w = 256, .box_w = 16, .box_h = 14, .ofs_x = 0, .ofs_y = -1},
    {.bitmap_index = 50586, .adv_w = 256, .box_w = 16, .box_h = 16, .ofs_x = 0, .ofs_y = -2},
    {.bitmap_index = 50714, .adv_w = 256, .box_w = 16, .box_h = 16, .ofs_x = 0, .ofs_y = -3},
    {.bitmap_index = 50842, .adv_w = 256, .box_w = 16, .box_h = 15, .ofs_x = 0, .ofs_y = -2},
    {.bitmap_index = 50962, .adv_w = 256, .box_w = 16, .box_h = 15, .ofs_x = 0, .ofs_y = -2},
    {.bitmap_index = 51082, .adv_w = 256, .box_w = 16, .box_h = 15, .ofs_x = 0, .ofs_y = -2},
    {.bitmap_index = 51202, .adv_w = 256, .box_w = 16, .box_h = 15, .ofs_x = 0, .ofs_y = -2},
    {.bitmap_index = 51322, .adv_w = 256, .box_w = 16, .box_h = 15, .ofs_x = 0, .ofs_y = -2},
    {.bitmap_index = 51442, .adv_w = 256, .box_w = 15, .box_h = 15, .ofs_x = 0, .ofs_y = -2},
    {.bitmap_index = 51555, .adv_w = 256, .box_w = 16, .box_h = 16, .ofs_x = 0, .ofs_y = -2},
    {.bitmap_index = 51683, .adv_w = 256, .box_w = 15, .box_h = 15, .ofs_x = 0, .ofs_y = -2},
    {.bitmap_index = 51796, .adv_w = 256, .box_w = 16, .box_h = 15, .ofs_x = 0, .ofs_y = -2},
    {.bitmap_index = 51916, .adv_w = 256, .box_w = 16, .box_h = 15, .ofs_x = 0, .ofs_y = -2},
    {.bitmap_index = 52036, .adv_w = 256, .box_w = 16, .box_h = 15, .ofs_x = 0, .ofs_y = -2},
    {.bitmap_index = 52156, .adv_w = 256, .box_w = 16, .box_h = 14, .ofs_x = 0, .ofs_y = -1},
    {.bitmap_index = 52268, .adv_w = 256, .box_w = 15, .box_h = 14, .ofs_x = 0, .ofs_y = -2},
    {.bitmap_index = 52373, .adv_w = 256, .box_w = 16, .box_h = 14, .ofs_x = 0, .ofs_y = -1},
    {.bitmap_index = 52485, .adv_w = 256, .box_w = 16, .box_h = 14, .ofs_x = 0, .ofs_y = -2},
    {.bitmap_index = 52597, .adv_w = 256, .box_w = 16, .box_h = 15, .ofs_x = 0, .ofs_y = -2},
    {.bitmap_index = 52717, .adv_w = 256, .box_w = 16, .box_h = 16, .ofs_x = 0, .ofs_y = -2},
    {.bitmap_index = 52845, .adv_w = 256, .box_w = 16, .box_h = 16, .ofs_x = 0, .ofs_y = -2},
    {.bitmap_index = 52973, .adv_w = 256, .box_w = 16, .box_h = 15, .ofs_x = 0, .ofs_y = -2},
    {.bitmap_index = 53093, .adv_w = 256, .box_w = 16, .box_h = 15, .ofs_x = 0, .ofs_y = -2},
    {.bitmap_index = 53213, .adv_w = 256, .box_w = 16, .box_h = 17, .ofs_x = 0, .ofs_y = -3},
    {.bitmap_index = 53349, .adv_w = 256, .box_w = 16, .box_h = 16, .ofs_x = 0, .ofs_y = -2},
    {.bitmap_index = 53477, .adv_w = 256, .box_w = 16, .box_h = 15, .ofs_x = 0, .ofs_y = -2},
    {.bitmap_index = 53597, .adv_w = 256, .box_w = 16, .box_h = 15, .ofs_x = 0, .ofs_y = -2},
    {.bitmap_index = 53717, .adv_w = 256, .box_w = 16, .box_h = 15, .ofs_x = 0, .ofs_y = -2},
    {.bitmap_index = 53837, .adv_w = 256, .box_w = 16, .box_h = 15, .ofs_x = 0, .ofs_y = -2},
    {.bitmap_index = 53957, .adv_w = 256, .box_w = 15, .box_h = 15, .ofs_x = 0, .ofs_y = -1},
    {.bitmap_index = 54070, .adv_w = 256, .box_w = 16, .box_h = 15, .ofs_x = 0, .ofs_y = -2},
    {.bitmap_index = 54190, .adv_w = 256, .box_w = 16, .box_h = 14, .ofs_x = 0, .ofs_y = -1},
    {.bitmap_index = 54302, .adv_w = 256, .box_w = 16, .box_h = 15, .ofs_x = 0, .ofs_y = -2},
    {.bitmap_index = 54422, .adv_w = 256, .box_w = 16, .box_h = 15, .ofs_x = 0, .ofs_y = -2},
    {.bitmap_index = 54542, .adv_w = 256, .box_w = 16, .box_h = 15, .ofs_x = 0, .ofs_y = -2},
    {.bitmap_index = 54662, .adv_w = 256, .box_w = 16, .box_h = 15, .ofs_x = 0, .ofs_y = -2},
    {.bitmap_index = 54782, .adv_w = 256, .box_w = 16, .box_h = 15, .ofs_x = 0, .ofs_y = -2},
    {.bitmap_index = 54902, .adv_w = 256, .box_w = 16, .box_h = 15, .ofs_x = 0, .ofs_y = -2},
    {.bitmap_index = 55022, .adv_w = 256, .box_w = 16, .box_h = 15, .ofs_x = 0, .ofs_y = -2},
    {.bitmap_index = 55142, .adv_w = 256, .box_w = 16, .box_h = 15, .ofs_x = 0, .ofs_y = -1},
    {.bitmap_index = 55262, .adv_w = 256, .box_w = 16, .box_h = 16, .ofs_x = 0, .ofs_y = -2},
    {.bitmap_index = 55390, .adv_w = 256, .box_w = 15, .box_h = 16, .ofs_x = 1, .ofs_y = -2},
    {.bitmap_index = 55510, .adv_w = 256, .box_w = 16, .box_h = 15, .ofs_x = 0, .ofs_y = -2},
    {.bitmap_index = 55630, .adv_w = 256, .box_w = 16, .box_h = 16, .ofs_x = 0, .ofs_y = -3},
    {.bitmap_index = 55758, .adv_w = 256, .box_w = 15, .box_h = 14, .ofs_x = 0, .ofs_y = -2},
    {.bitmap_index = 55863, .adv_w = 256, .box_w = 15, .box_h = 14, .ofs_x = 0, .ofs_y = -1},
    {.bitmap_index = 55968, .adv_w = 256, .box_w = 15, .box_h = 13, .ofs_x = 0, .ofs_y = -1},
    {.bitmap_index = 56066, .adv_w = 256, .box_w = 16, .box_h = 14, .ofs_x = 0, .ofs_y = -1},
    {.bitmap_index = 56178, .adv_w = 256, .box_w = 15, .box_h = 15, .ofs_x = 0, .ofs_y = -2},
    {.bitmap_index = 56291, .adv_w = 256, .box_w = 16, .box_h = 15, .ofs_x = 0, .ofs_y = -2},
    {.bitmap_index = 56411, .adv_w = 256, .box_w = 16, .box_h = 15, .ofs_x = 0, .ofs_y = -2},
    {.bitmap_index = 56531, .adv_w = 256, .box_w = 16, .box_h = 15, .ofs_x = 0, .ofs_y = -2},
    {.bitmap_index = 56651, .adv_w = 256, .box_w = 15, .box_h = 15, .ofs_x = 0, .ofs_y = -2},
    {.bitmap_index = 56764, .adv_w = 256, .box_w = 14, .box_h = 16, .ofs_x = 1, .ofs_y = -2},
    {.bitmap_index = 56876, .adv_w = 256, .box_w = 14, .box_h = 16, .ofs_x = 1, .ofs_y = -2},
    {.bitmap_index = 56988, .adv_w = 256, .box_w = 14, .box_h = 16, .ofs_x = 1, .ofs_y = -2},
    {.bitmap_index = 57100, .adv_w = 256, .box_w = 14, .box_h = 14, .ofs_x = 1, .ofs_y = -2},
    {.bitmap_index = 57198, .adv_w = 256, .box_w = 15, .box_h = 15, .ofs_x = 1, .ofs_y = -2},
    {.bitmap_index = 57311, .adv_w = 256, .box_w = 15, .box_h = 16, .ofs_x = 1, .ofs_y = -2},
    {.bitmap_index = 57431, .adv_w = 256, .box_w = 15, .box_h = 14, .ofs_x = 1, .ofs_y = -2},
    {.bitmap_index = 57536, .adv_w = 256, .box_w = 15, .box_h = 17, .ofs_x = 1, .ofs_y = -3},
    {.bitmap_index = 57664, .adv_w = 256, .box_w = 15, .box_h = 15, .ofs_x = 1, .ofs_y = -2},
    {.bitmap_index = 57777, .adv_w = 256, .box_w = 15, .box_h = 15, .ofs_x = 1, .ofs_y = -2},
    {.bitmap_index = 57890, .adv_w = 256, .box_w = 15, .box_h = 15, .ofs_x = 1, .ofs_y = -2},
    {.bitmap_index = 58003, .adv_w = 256, .box_w = 16, .box_h = 15, .ofs_x = 0, .ofs_y = -2},
    {.bitmap_index = 58123, .adv_w = 256, .box_w = 15, .box_h = 14, .ofs_x = 1, .ofs_y = -1},
    {.bitmap_index = 58228, .adv_w = 256, .box_w = 14, .box_h = 15, .ofs_x = 1, .ofs_y = -2},
    {.bitmap_index = 58333, .adv_w = 256, .box_w = 15, .box_h = 15, .ofs_x = 0, .ofs_y = -2},
    {.bitmap_index = 58446, .adv_w = 256, .box_w = 15, .box_h = 16, .ofs_x = 0, .ofs_y = -3},
    {.bitmap_index = 58566, .adv_w = 256, .box_w = 15, .box_h = 15, .ofs_x = 0, .ofs_y = -2},
    {.bitmap_index = 58679, .adv_w = 256, .box_w = 14, .box_h = 15, .ofs_x = 1, .ofs_y = -2},
    {.bitmap_index = 58784, .adv_w = 256, .box_w = 15, .box_h = 15, .ofs_x = 0, .ofs_y = -2},
    {.bitmap_index = 58897, .adv_w = 256, .box_w = 14, .box_h = 14, .ofs_x = 1, .ofs_y = -1},
    {.bitmap_index = 58995, .adv_w = 256, .box_w = 14, .box_h = 16, .ofs_x = 1, .ofs_y = -3},
    {.bitmap_index = 59107, .adv_w = 256, .box_w = 14, .box_h = 15, .ofs_x = 1, .ofs_y = -2},
    {.bitmap_index = 59212, .adv_w = 256, .box_w = 16, .box_h = 15, .ofs_x = 0, .ofs_y = -2},
    {.bitmap_index = 59332, .adv_w = 256, .box_w = 16, .box_h = 15, .ofs_x = 0, .ofs_y = -3},
    {.bitmap_index = 59452, .adv_w = 256, .box_w = 15, .box_h = 15, .ofs_x = 1, .ofs_y = -2},
    {.bitmap_index = 59565, .adv_w = 256, .box_w = 16, .box_h = 16, .ofs_x = 0, .ofs_y = -2},
    {.bitmap_index = 59693, .adv_w = 256, .box_w = 16, .box_h = 16, .ofs_x = 0, .ofs_y = -2},
    {.bitmap_index = 59821, .adv_w = 256, .box_w = 16, .box_h = 14, .ofs_x = 0, .ofs_y = -1},
    {.bitmap_index = 59933, .adv_w = 256, .box_w = 14, .box_h = 16, .ofs_x = 1, .ofs_y = -2},
    {.bitmap_index = 60045, .adv_w = 256, .box_w = 15, .box_h = 16, .ofs_x = 0, .ofs_y = -2},
    {.bitmap_index = 60165, .adv_w = 256, .box_w = 16, .box_h = 16, .ofs_x = 0, .ofs_y = -2},
    {.bitmap_index = 60293, .adv_w = 256, .box_w = 14, .box_h = 16, .ofs_x = 1, .ofs_y = -2},
    {.bitmap_index = 60405, .adv_w = 256, .box_w = 16, .box_h = 16, .ofs_x = 0, .ofs_y = -2},
    {.bitmap_index = 60533, .adv_w = 256, .box_w = 16, .box_h = 15, .ofs_x = 0, .ofs_y = -1},
    {.bitmap_index = 60653, .adv_w = 256, .box_w = 16, .box_h = 15, .ofs_x = 0, .ofs_y = -2},
    {.bitmap_index = 60773, .adv_w = 256, .box_w = 16, .box_h = 15, .ofs_x = 0, .ofs_y = -2},
    {.bitmap_index = 60893, .adv_w = 256, .box_w = 16, .box_h = 16, .ofs_x = 0, .ofs_y = -2},
    {.bitmap_index = 61021, .adv_w = 256, .box_w = 3, .box_h = 12, .ofs_x = 3, .ofs_y = 0},
    {.bitmap_index = 61039, .adv_w = 256, .box_w = 6, .box_h = 14, .ofs_x = 9, .ofs_y = -1},
    {.bitmap_index = 61081, .adv_w = 256, .box_w = 6, .box_h = 14, .ofs_x = 1, .ofs_y = -1},
    {.bitmap_index = 61123, .adv_w = 256, .box_w = 4, .box_h = 6, .ofs_x = 1, .ofs_y = -3},
    {.bitmap_index = 61135, .adv_w = 256, .box_w = 3, .box_h = 7, .ofs_x = 3, .ofs_y = 0},
    {.bitmap_index = 61146, .adv_w = 256, .box_w = 7, .box_h = 12, .ofs_x = 2, .ofs_y = 0},
    {.bitmap_index = 61188, .adv_w = 256, .box_w = 16, .box_h = 4, .ofs_x = 0, .ofs_y = 4}
};

/*---------------------
 *  CHARACTER MAPPING
 *--------------------*/

static const uint16_t unicode_list_1[] = {
    0x0, 0x7, 0x1f64, 0x1f76, 0x20e2, 0x2f5c, 0x2f5d, 0x4d50,
    0x4d57, 0x4d5a, 0x4d5b, 0x4d5d, 0x4d66, 0x4d6c, 0x4d72, 0x4d7a,
    0x4d7d, 0x4d82, 0x4d8b, 0x4da0, 0x4db0, 0x4db6, 0x4dc0, 0x4dd6,
    0x4ddb, 0x4de1, 0x4df1, 0x4df4, 0x4dfe, 0x4e02, 0x4e0a, 0x4e0f,
    0x4e1a, 0x4e1b, 0x4e24, 0x4e33, 0x4e46, 0x4e4b, 0x4e68, 0x4e69,
    0x4e6a, 0x4e84, 0x4e96, 0x4e9d, 0x4e9e, 0x4ea3, 0x4eac, 0x4eb0,
    0x4ec3, 0x4f0f, 0x4f2d, 0x4faa, 0x4fac, 0x4fb5, 0x5098, 0x5099,
    0x509b, 0x509d, 0x50b5, 0x50b8, 0x50c3, 0x50d5, 0x50dc, 0x50dd,
    0x50e9, 0x5102, 0x5107, 0x5110, 0x5116, 0x514a, 0x5156, 0x5157,
    0x5162, 0x5167, 0x516a, 0x516d, 0x517b, 0x5180, 0x518a, 0x518b,
    0x519d, 0x51eb, 0x51ef, 0x51f1, 0x51f8, 0x51fa, 0x5255, 0x5266,
    0x5291, 0x5293, 0x5297, 0x5298, 0x529a, 0x52bb, 0x52c1, 0x52c4,
    0x52db, 0x530b, 0x531d, 0x5326, 0x5333, 0x533f, 0x5343, 0x5347,
    0x5353, 0x535d, 0x535e, 0x5361, 0x5363, 0x537c, 0x537f, 0x5385,
    0x53cd, 0x5411, 0x5414, 0x541d, 0x543a, 0x5474, 0x5481, 0x5496,
    0x54b6, 0x54d2, 0x55b8, 0x55b9, 0x562e, 0x5678, 0x5680, 0x568a,
    0x5690, 0x56db, 0x57bb, 0x5843, 0x5857, 0x585d, 0x5866, 0x586a,
    0x586c, 0x586f, 0x5877, 0x5879, 0x5881, 0x589f, 0x58cd, 0x591b,
    0x5999, 0x5aa5, 0x5aa7, 0x5aa8, 0x5ab6, 0x5ac5, 0x5ad3, 0x5ad9,
    0x5adc, 0x5aea, 0x5aed, 0x5aee, 0x5af2, 0x5b06, 0x5b16, 0x5b49,
    0x5b5f, 0x5b61, 0x5b6a, 0x5b8d, 0x5b9f, 0x5bae, 0x5bc1, 0x5c79,
    0x5d36, 0x5d41, 0x5d42, 0x5d51, 0x5d5c, 0x5d88, 0x5dc2, 0x5dc4,
    0x5dc6, 0x5dcc, 0x5dda, 0x5ddf, 0x5de3, 0x5de7, 0x5df6, 0x5e07,
    0x5e50, 0x5e52, 0x5e5f, 0x5e89, 0x5ea5, 0x5eb2, 0x5ed5, 0x5ee7,
    0x5f13, 0x5f27, 0x5f3b, 0x5f51, 0x5f65, 0x5f6d, 0x5f77, 0x5fbf,
    0x6015, 0x6058, 0x608f, 0x60c0, 0x615f, 0x6160, 0x617a, 0x6187,
    0x619b, 0x61a3, 0x61bb, 0x61ce, 0x61d0, 0x61e1, 0x621d, 0x6222,
    0x622b, 0x6239, 0x624e, 0x6252, 0x6259, 0x6299, 0x62f5, 0x62f8,
    0x631f, 0x6331, 0x63c8, 0x63e1, 0x6486, 0x6498, 0x64a9, 0x64c0,
    0x64c4, 0x64d7, 0x64e7, 0x64e9, 0x6500, 0x6530, 0x6535, 0x6539,
    0x6546, 0x6563, 0x656f, 0x658e, 0x65aa, 0x65be, 0x65bf, 0x65c4,
    0x65ca, 0x65d2, 0x6650, 0x6658, 0x6659, 0x666b, 0x6678, 0x667a,
    0x667c, 0x667f, 0x668a, 0x66af, 0x66b5, 0x66cf, 0x66ec, 0x6735,
    0x6757, 0x6796, 0x67b3, 0x67f6, 0x6810, 0x6971, 0x6a70, 0x6a71,
    0x6a72, 0x6a9c, 0x6ab3, 0x6ab5, 0x6acb, 0x6ada, 0x6b05, 0x6b2b,
    0x6b64, 0x6b84, 0x6bf1, 0x6c25, 0x6c38, 0x6c67, 0x6c8b, 0x6c91,
    0x6c9f, 0x6d1b, 0x6d55, 0x6d88, 0x6dcf, 0x6dd3, 0x6de0, 0x6e2a,
    0x6e31, 0x6e64, 0x6ef1, 0x6fbb, 0x7009, 0x7037, 0x70d4, 0x70ef,
    0x7181, 0x71b9, 0x71c9, 0x7206, 0x7227, 0x72f9, 0x7300, 0x7353,
    0x7356, 0x746f, 0x7478, 0x7481, 0x7485, 0x74fb, 0x7515, 0x751a,
    0x75ce, 0x75d4, 0x7648, 0x765b, 0x766f, 0x7670, 0x768c, 0x7690,
    0x76ab, 0x76b1, 0x7751, 0x7784, 0x788a, 0x788c, 0x78ae, 0x790b,
    0x7928, 0x7940, 0x794b, 0x795b, 0x79ca, 0x79e7, 0x7a1b, 0x7a61,
    0x7a7c, 0x7a99, 0x7aa4, 0x7ace, 0x7ae7, 0x7af1, 0x7b47, 0x7c0e,
    0x7c70, 0x7c7f, 0x7d91, 0x7df7, 0x7e0f, 0x7e16, 0x7e1d, 0x7e1f,
    0x7e21, 0x7e23, 0x7e2c, 0x7e2d, 0x7e3a, 0x7e44, 0x7e66, 0x7ea1,
    0x7eb2, 0x7ebe, 0x7f4b, 0x7f51, 0x7f53, 0x7f55, 0x7f5c, 0x7f5d,
    0x7f9a, 0x8002, 0x8013, 0x804d, 0x80a0, 0x813a, 0x816e, 0x81d2,
    0x8201, 0x8299, 0x82bf, 0x8307, 0x838d, 0x851f, 0x861b, 0x87b8,
    0x87fb, 0x8801, 0x8815, 0x88cf, 0x88d1, 0x8918, 0x8919, 0x8933,
    0x8af1, 0x8af4, 0x8b00, 0x8b02, 0x8b08, 0x8b0e, 0x8b0f, 0x8b16,
    0x8b25, 0x8b2d, 0x8b35, 0x8b3d, 0x8b3f, 0x8b44, 0x8b47, 0x8b4b,
    0x8b4e, 0x8b53, 0x8c75, 0x8c7d, 0x8cc0, 0x8cc6, 0x8cc7, 0x8cd5,
    0x8d03, 0x8d2d, 0x8d2f, 0x8d43, 0x8ebc, 0x8ebe, 0x8ed9, 0x8ee1,
    0x8ee3, 0x8f09, 0x8f17, 0x8f1e, 0x8f24, 0x8f28, 0x8f29, 0x8f2b,
    0x8f2e, 0x8f40, 0x8f47, 0x8f4d, 0x8f50, 0x8f59, 0x8f6a, 0x8f6f,
    0x8fa3, 0x9011, 0x9038, 0x909d, 0x90e2, 0x911c, 0x911d, 0x911f,
    0x9121, 0x93ef, 0x9451, 0x9469, 0x947e, 0x94cf, 0x9538, 0x9544,
    0x9555, 0x9584, 0x9585, 0x9586, 0x95a0, 0x95b4, 0x95b9, 0x95ba,
    0x95df, 0x9615, 0x9638, 0x963a, 0x9646, 0x9647, 0x964e, 0x9650,
    0x96ae, 0x96b2, 0x9743, 0x97c5, 0x97e8, 0x981e, 0x982e, 0x982f,
    0x98bd, 0x98c1, 0x98e6, 0x98e9, 0x99dc, 0x9a28, 0x9aa4, 0x9bcc,
    0x9d6f, 0x9df6, 0x9ed4, 0xfe51, 0xfe58, 0xfe59, 0xfe5c, 0xfe6a,
    0xfe6f, 0xfeae
};

/*Collect the unicode lists and glyph_id offsets*/
static const lv_font_fmt_txt_cmap_t cmaps[] =
{
    {
        .range_start = 32, .range_length = 95, .glyph_id_start = 1,
        .unicode_list = NULL, .glyph_id_ofs_list = NULL, .list_length = 0, .type = LV_FONT_FMT_TXT_CMAP_FORMAT0_TINY
    },
    {
        .range_start = 176, .range_length = 65199, .glyph_id_start = 96,
        .unicode_list = unicode_list_1, .glyph_id_ofs_list = NULL, .list_length = 506, .type = LV_FONT_FMT_TXT_CMAP_SPARSE_TINY
    }
};



/*--------------------
 *  ALL CUSTOM DATA
 *--------------------*/

#if LVGL_VERSION_MAJOR == 8
/*Store all the custom data of the font*/
static  lv_font_fmt_txt_glyph_cache_t cache;
#endif

#if LVGL_VERSION_MAJOR >= 8
static const lv_font_fmt_txt_dsc_t font_dsc = {
#else
static lv_font_fmt_txt_dsc_t font_dsc = {
#endif
    .glyph_bitmap = glyph_bitmap,
    .glyph_dsc = glyph_dsc,
    .cmaps = cmaps,
    .kern_dsc = NULL,
    .kern_scale = 0,
    .cmap_num = 2,
    .bpp = 4,
    .kern_classes = 0,
    .bitmap_format = 0,
#if LVGL_VERSION_MAJOR == 8
    .cache = &cache
#endif
};



/*-----------------
 *  PUBLIC FONT
 *----------------*/

/*Initialize a public general font descriptor*/
#if LVGL_VERSION_MAJOR >= 8
const lv_font_t ui_font_16_src = {
#else
lv_font_t ui_font_16_src = {
#endif
    .get_glyph_dsc = lv_font_get_glyph_dsc_fmt_txt,    /*Function pointer to get glyph's data*/
    .get_glyph_bitmap = lv_font_get_bitmap_fmt_txt,    /*Function pointer to get glyph's bitmap*/
    .line_height = 19,          /*The maximum line height required by the font*/
    .base_line = 3,             /*Baseline measured from the bottom of the line*/
#if !(LVGL_VERSION_MAJOR == 6 && LVGL_VERSION_MINOR == 0)
    .subpx = LV_FONT_SUBPX_NONE,
#endif
#if LV_VERSION_CHECK(7, 4, 0) || LVGL_VERSION_MAJOR >= 8
    .underline_position = -1,
    .underline_thickness = 1,
#endif
    .dsc = &font_dsc,          /*The custom font data. Will be accessed by `get_glyph_bitmap/dsc` */
#if LV_VERSION_CHECK(8, 2, 0) || LVGL_VERSION_MAJOR >= 9
    .fallback = NULL,
#endif
    .user_data = NULL,
};



#endif /*#if UI_FONT_16_SRC*/


// Pointer alias: keeps the extern const lv_font_t* ui_font_16 interface
const lv_font_t* ui_font_16 = &ui_font_16_src;
