// pet_sprites.cpp — 48x48 4bpp 彩色宠物精灵（由 tools/sprite_gen2.py 生成，勿手改）
#include "sprites.h"

namespace boxpet::sprites {

const uint32_t kPalette[16] = {
    0x000000, 0x4A3728, 0xFFFFFF, 0xFFF6E3, 0xF9A8C9, 0xEC5F8E, 0x8ED6F0, 0x2E86C1, 0xFFD966, 0xF5A623, 0xC9A7EB, 0x7D5BA6, 0xA9744F, 0x9BC53D, 0xC9D1D9, 0x6B7B8C,
};

const Sprite kform_frames[] = {
    {"egg0",
     {0x00,0x00,0x00,0x00,0x00,0x00,0x00,0x00,0x00,0x00,0x00,0x00,
    0x00,0x00,0x00,0x00,0x00,0x00,0x00,0x00,0x00,0x00,0x00,0x00,
    0x00,0x00,0x00,0x00,0x00,0x00,0x00,0x00,0x00,0x00,0x00,0x00,
    0x00,0x00,0x00,0x00,0x00,0x00,0x00,0x00,0x00,0x00,0x00,0x00,
    0x00,0x00,0x00,0x00,0x00,0x00,0x00,0x00,0x00,0x00,0x00,0x00,
    0x00,0x00,0x00,0x00,0x00,0x00,0x00,0x00,0x00,0x00,0x00,0x00,
    0x00,0x00,0x00,0x00,0x00,0x00,0x00,0x00,0x00,0x00,0x00,0x00,
    0x00,0x00,0x00,0x00,0x00,0x00,0x00,0x00,0x00,0x00,0x00,0x00,
    0x00,0x00,0x00,0x00,0x00,0x00,0x00,0x00,0x00,0x00,0x00,0x00,
    0x00,0x00,0x00,0x00,0x00,0x00,0x00,0x00,0x00,0x00,0x00,0x00,
    0x00,0x00,0x00,0x00,0x00,0x00,0x00,0x00,0x00,0x00,0x00,0x00,
    0x00,0x00,0x00,0x00,0x00,0x00,0x00,0x00,0x00,0x00,0x00,0x00,
    0x00,0x00,0x00,0x00,0x00,0x00,0x00,0x00,0x00,0x00,0x00,0x00,
    0x00,0x00,0x00,0x00,0x00,0x00,0x00,0x00,0x00,0x00,0x00,0x00,
    0x00,0x00,0x00,0x00,0x00,0x00,0x00,0x00,0x00,0x00,0x00,0x00,
    0x00,0x00,0x00,0x00,0x00,0x00,0x00,0x00,0x00,0x00,0x00,0x00,
    0x00,0x00,0x00,0x00,0x00,0x00,0x00,0x00,0x00,0x00,0x00,0x00,
    0x10,0x00,0x00,0x00,0x00,0x00,0x00,0x00,0x00,0x00,0x00,0x00,
    0x00,0x00,0x00,0x00,0x00,0x00,0x00,0x00,0x00,0x00,0x11,0x11,
    0x31,0x11,0x10,0x00,0x00,0x00,0x00,0x00,0x00,0x00,0x00,0x00,
    0x00,0x00,0x00,0x00,0x00,0x00,0x00,0x00,0x00,0x11,0x33,0x33,
    0x33,0x33,0x31,0x10,0x00,0x00,0x00,0x00,0x00,0x00,0x00,0x00,
    0x00,0x00,0x00,0x00,0x00,0x00,0x00,0x00,0x11,0x33,0x33,0x33,
    0x33,0x33,0x33,0x31,0x10,0x00,0x00,0x00,0x00,0x00,0x00,0x00,
    0x00,0x00,0x00,0x00,0x00,0x00,0x00,0x01,0x33,0x33,0x33,0x33,
    0x33,0x33,0x33,0x33,0x31,0x00,0x00,0x00,0x00,0x00,0x00,0x00,
    0x00,0x00,0x00,0x00,0x00,0x00,0x00,0x13,0x33,0x33,0x33,0x33,
    0x33,0x33,0x33,0x33,0x33,0x10,0x00,0x00,0x00,0x00,0x00,0x00,
    0x00,0x00,0x00,0x00,0x00,0x00,0x01,0x33,0x33,0x22,0x33,0x33,
    0x33,0x33,0x33,0x33,0x33,0x31,0x00,0x00,0x00,0x00,0x00,0x00,
    0x00,0x00,0x00,0x00,0x00,0x00,0x01,0x33,0x32,0x33,0x33,0x33,
    0x33,0x33,0x33,0x33,0x33,0x31,0x00,0x00,0x00,0x00,0x00,0x00,
    0x00,0x00,0x00,0x00,0x00,0x00,0x13,0x33,0x22,0x33,0x33,0x33,
    0x33,0x33,0x33,0x33,0x33,0x33,0x10,0x00,0x00,0x00,0x00,0x00,
    0x00,0x00,0x00,0x00,0x00,0x00,0x13,0x33,0x33,0x33,0x33,0x33,
    0x33,0x33,0x33,0x33,0x33,0x33,0x10,0x00,0x00,0x00,0x00,0x00,
    0x00,0x00,0x00,0x00,0x00,0x01,0x33,0x33,0x33,0x33,0x33,0x33,
    0x33,0x33,0x33,0x33,0x33,0x33,0x31,0x00,0x00,0x00,0x00,0x00,
    0x00,0x00,0x00,0x00,0x00,0x01,0x33,0x33,0x33,0x33,0x33,0x33,
    0x33,0x33,0x33,0xC3,0x33,0x33,0x31,0x00,0x00,0x00,0x00,0x00,
    0x00,0x00,0x00,0x00,0x00,0x13,0x33,0x33,0x33,0x33,0x33,0x33,
    0x33,0x33,0x3C,0xCC,0x33,0x33,0x33,0x10,0x00,0x00,0x00,0x00,
    0x00,0x00,0x00,0x00,0x00,0x13,0x33,0x33,0x33,0x33,0x33,0x33,
    0x33,0x33,0x33,0xC3,0x33,0x33,0x33,0x10,0x00,0x00,0x00,0x00,
    0x00,0x00,0x00,0x00,0x00,0x13,0x33,0x33,0x33,0x3C,0x33,0x33,
    0x33,0x33,0x33,0x33,0x33,0x33,0x33,0x10,0x00,0x00,0x00,0x00,
    0x00,0x00,0x00,0x00,0x00,0x13,0x33,0x33,0x33,0xCC,0xC3,0x33,
    0x33,0x33,0x33,0x33,0x33,0x33,0x33,0x10,0x00,0x00,0x00,0x00,
    0x00,0x00,0x00,0x00,0x00,0x13,0x33,0x33,0x3C,0xCC,0xCC,0x33,
    0x33,0x33,0x33,0x33,0x33,0x33,0x33,0x10,0x00,0x00,0x00,0x00,
    0x00,0x00,0x00,0x00,0x00,0x13,0x33,0x33,0x33,0xCC,0xC3,0x33,
    0x33,0x33,0x33,0x33,0x33,0x33,0x33,0x10,0x00,0x00,0x00,0x00,
    0x00,0x00,0x00,0x00,0x01,0x33,0x33,0x33,0x33,0x3C,0x33,0x33,
    0x33,0x33,0x33,0x33,0x33,0x33,0x33,0x31,0x00,0x00,0x00,0x00,
    0x00,0x00,0x00,0x00,0x00,0x13,0x33,0x33,0x33,0x33,0x33,0x33,
    0x33,0x33,0x33,0x33,0x33,0x33,0x33,0x10,0x00,0x00,0x00,0x00,
    0x00,0x00,0x00,0x00,0x00,0x13,0x33,0x33,0x33,0x33,0x33,0x33,
    0x33,0x33,0xC3,0x33,0x33,0x33,0x33,0x10,0x00,0x00,0x00,0x00,
    0x00,0x00,0x00,0x00,0x00,0x13,0x33,0x33,0x33,0x33,0x33,0x33,
    0x33,0x3C,0xCC,0x33,0x33,0x33,0x33,0x10,0x00,0x00,0x00,0x00,
    0x00,0x00,0x00,0x00,0x00,0x13,0x33,0x33,0x33,0x33,0x33,0x33,
    0x33,0xCC,0xCC,0xC3,0x33,0x33,0x33,0x10,0x00,0x00,0x00,0x00,
    0x00,0x00,0x00,0x00,0x00,0x13,0x33,0x33,0x33,0x33,0x33,0x33,
    0x33,0x3C,0xCC,0x33,0x33,0x33,0x33,0x10,0x00,0x00,0x00,0x00,
    0x00,0x00,0x00,0x00,0x00,0x13,0x33,0x33,0x33,0x33,0x33,0x33,
    0x33,0x33,0xC3,0x33,0x33,0x33,0x33,0x10,0x00,0x00,0x00,0x00,
    0x00,0x00,0x00,0x00,0x00,0x01,0x33,0x33,0x33,0x33,0x33,0x33,
    0x33,0x33,0x33,0x33,0x33,0x33,0x31,0x00,0x00,0x00,0x00,0x00,
    0x00,0x00,0x00,0x00,0x00,0x01,0x33,0x33,0x33,0x33,0x33,0x33,
    0xC3,0x33,0x33,0x33,0x33,0x33,0x31,0x00,0x00,0x00,0x00,0x00,
    0x00,0x00,0x00,0x00,0x00,0x00,0x13,0x33,0x33,0x33,0x33,0x3C,
    0xCC,0x33,0x33,0x33,0x33,0x33,0x10,0x00,0x00,0x00,0x00,0x00,
    0x00,0x00,0x00,0x00,0x00,0x00,0x13,0x33,0x33,0x33,0x33,0xCC,
    0xCC,0xC3,0x33,0x33,0x33,0x33,0x10,0x00,0x00,0x00,0x00,0x00,
    0x00,0x00,0x00,0x00,0x00,0x00,0x01,0x33,0x33,0x33,0x33,0x3C,
    0xCC,0x33,0x33,0x33,0x33,0x31,0x00,0x00,0x00,0x00,0x00,0x00,
    0x00,0x00,0x00,0x00,0x00,0x00,0x01,0x33,0x33,0x33,0x33,0x33,
    0xC3,0x33,0x33,0x33,0x33,0x31,0x00,0x00,0x00,0x00,0x00,0x00,
    0x00,0x00,0x00,0x00,0x00,0x00,0x00,0x13,0x33,0x33,0x33,0x33,
    0x33,0x33,0x33,0x33,0x33,0x10,0x00,0x00,0x00,0x00,0x00,0x00,
    0x00,0x00,0x00,0x00,0x00,0x00,0x00,0x01,0x33,0x33,0x33,0x33,
    0x33,0x33,0x33,0x33,0x31,0x00,0x00,0x00,0x00,0x00,0x00,0x00,
    0x00,0x00,0x00,0x00,0x00,0x00,0x00,0x00,0x11,0x33,0x33,0x33,
    0x33,0x33,0x33,0x31,0x10,0x00,0x00,0x00,0x00,0x00,0x00,0x00,
    0x00,0x00,0x00,0x00,0x00,0x00,0x00,0x00,0x00,0x11,0x33,0x33,
    0x33,0x33,0x31,0x10,0x00,0x00,0x00,0x00,0x00,0x00,0x00,0x00,
    0x00,0x00,0x00,0x00,0x00,0x00,0x00,0x00,0x00,0x00,0x11,0x11,
    0x31,0x11,0x10,0x00,0x00,0x00,0x00,0x00,0x00,0x00,0x00,0x00,
    0x00,0x00,0x00,0x00,0x00,0x00,0x00,0x00,0x00,0x00,0x00,0x00,
    0x10,0x00,0x00,0x00,0x00,0x00,0x00,0x00,0x00,0x00,0x00,0x00,
    0x00,0x00,0x00,0x00,0x00,0x00,0x00,0x00,0x00,0x00,0x00,0x00,
    0x00,0x00,0x00,0x00,0x00,0x00,0x00,0x00,0x00,0x00,0x00,0x00,
    0x00,0x00,0x00,0x00,0x00,0x00,0x00,0x00,0x00,0x00,0x00,0x00,
    0x00,0x00,0x00,0x00,0x00,0x00,0x00,0x00,0x00,0x00,0x00,0x00,
    0x00,0x00,0x00,0x00,0x00,0x00,0x00,0x00,0x00,0x00,0x00,0x00,
    0x00,0x00,0x00,0x00,0x00,0x00,0x00,0x00,0x00,0x00,0x00,0x00}},
    {"egg1",
     {0x00,0x00,0x00,0x00,0x00,0x00,0x00,0x00,0x00,0x00,0x00,0x00,
    0x00,0x00,0x00,0x00,0x00,0x00,0x00,0x00,0x00,0x00,0x00,0x00,
    0x00,0x00,0x00,0x00,0x00,0x00,0x00,0x00,0x00,0x00,0x00,0x00,
    0x00,0x00,0x00,0x00,0x00,0x00,0x00,0x00,0x00,0x00,0x00,0x00,
    0x00,0x00,0x00,0x00,0x00,0x00,0x00,0x00,0x00,0x00,0x00,0x00,
    0x00,0x00,0x00,0x00,0x00,0x00,0x00,0x00,0x00,0x00,0x00,0x00,
    0x00,0x00,0x00,0x00,0x00,0x00,0x00,0x00,0x00,0x00,0x00,0x00,
    0x00,0x00,0x00,0x00,0x00,0x00,0x00,0x00,0x00,0x00,0x00,0x00,
    0x00,0x00,0x00,0x00,0x00,0x00,0x00,0x00,0x00,0x00,0x00,0x00,
    0x00,0x00,0x00,0x00,0x00,0x00,0x00,0x00,0x00,0x00,0x00,0x00,
    0x00,0x00,0x00,0x00,0x00,0x00,0x00,0x00,0x00,0x00,0x00,0x00,
    0x00,0x00,0x00,0x00,0x00,0x00,0x00,0x00,0x00,0x00,0x00,0x00,
    0x00,0x00,0x00,0x00,0x00,0x00,0x00,0x00,0x00,0x00,0x00,0x00,
    0x00,0x00,0x00,0x00,0x00,0x00,0x00,0x00,0x00,0x00,0x00,0x00,
    0x00,0x00,0x00,0x00,0x00,0x00,0x00,0x00,0x00,0x00,0x00,0x00,
    0x00,0x00,0x00,0x00,0x00,0x00,0x00,0x00,0x00,0x00,0x00,0x00,
    0x00,0x00,0x00,0x00,0x00,0x00,0x00,0x00,0x00,0x00,0x00,0x00,
    0x10,0x00,0x00,0x00,0x00,0x00,0x00,0x00,0x00,0x00,0x00,0x00,
    0x00,0x00,0x00,0x00,0x00,0x00,0x00,0x00,0x00,0x00,0x11,0x11,
    0x61,0x11,0x10,0x00,0x00,0x00,0x00,0x00,0x00,0x00,0x00,0x00,
    0x00,0x00,0x00,0x00,0x00,0x00,0x00,0x00,0x00,0x11,0x66,0x66,
    0x66,0x66,0x61,0x10,0x00,0x00,0x00,0x00,0x00,0x00,0x00,0x00,
    0x00,0x00,0x00,0x00,0x00,0x00,0x00,0x00,0x11,0x66,0x66,0x66,
    0x66,0x66,0x66,0x61,0x10,0x00,0x00,0x00,0x00,0x00,0x00,0x00,
    0x00,0x00,0x00,0x00,0x00,0x00,0x00,0x01,0x66,0x66,0x66,0x66,
    0x66,0x66,0x66,0x66,0x61,0x00,0x00,0x00,0x00,0x00,0x00,0x00,
    0x00,0x00,0x00,0x00,0x00,0x00,0x00,0x16,0x66,0x66,0x66,0x66,
    0x66,0x66,0x66,0x66,0x66,0x10,0x00,0x00,0x00,0x00,0x00,0x00,
    0x00,0x00,0x00,0x00,0x00,0x00,0x01,0x66,0x66,0x22,0x66,0x66,
    0x66,0x66,0x66,0x66,0x66,0x61,0x00,0x00,0x00,0x00,0x00,0x00,
    0x00,0x00,0x00,0x00,0x00,0x00,0x01,0x66,0x62,0x66,0x66,0x66,
    0x66,0x66,0x66,0x66,0x66,0x61,0x00,0x00,0x00,0x00,0x00,0x00,
    0x00,0x00,0x00,0x00,0x00,0x00,0x16,0x66,0x22,0x66,0x66,0x66,
    0x66,0x66,0x66,0x66,0x66,0x66,0x10,0x00,0x00,0x00,0x00,0x00,
    0x00,0x00,0x00,0x00,0x00,0x00,0x16,0x66,0x66,0x66,0x26,0x66,
    0x66,0x66,0x66,0x66,0x66,0x66,0x10,0x00,0x00,0x00,0x00,0x00,
    0x00,0x00,0x00,0x00,0x00,0x01,0x66,0x66,0x66,0x22,0x22,0x26,
    0x66,0x66,0x66,0x66,0x66,0x66,0x61,0x00,0x00,0x00,0x00,0x00,
    0x00,0x00,0x00,0x00,0x00,0x01,0x66,0x66,0x62,0x22,0x22,0x22,
    0x66,0x66,0x66,0x66,0x66,0x66,0x61,0x00,0x00,0x00,0x00,0x00,
    0x00,0x00,0x00,0x00,0x00,0x16,0x66,0x66,0x66,0x22,0x22,0x26,
    0x66,0x66,0x66,0x66,0x66,0x66,0x66,0x10,0x00,0x00,0x00,0x00,
    0x00,0x00,0x00,0x00,0x00,0x16,0x66,0x66,0x66,0x66,0x26,0x66,
    0x66,0x66,0x66,0x66,0x66,0x66,0x66,0x10,0x00,0x00,0x00,0x00,
    0x00,0x00,0x00,0x00,0x00,0x16,0x66,0x66,0x66,0x66,0x66,0x66,
    0x66,0x66,0x66,0x66,0x66,0x66,0x66,0x10,0x00,0x00,0x00,0x00,
    0x00,0x00,0x00,0x00,0x00,0x16,0x66,0x66,0x66,0x66,0x66,0x66,
    0x66,0x66,0x66,0x66,0x66,0x66,0x66,0x10,0x00,0x00,0x00,0x00,
    0x00,0x00,0x00,0x00,0x00,0x16,0x66,0x66,0x66,0x66,0x66,0x66,
    0x66,0x66,0x66,0x66,0x66,0x66,0x66,0x10,0x00,0x00,0x00,0x00,
    0x00,0x00,0x00,0x00,0x00,0x16,0x66,0x66,0x66,0x66,0x66,0x66,
    0x66,0x66,0x26,0x66,0x66,0x66,0x66,0x10,0x00,0x00,0x00,0x00,
    0x00,0x00,0x00,0x00,0x01,0x66,0x66,0x66,0x66,0x66,0x66,0x66,
    0x66,0x22,0x22,0x26,0x66,0x66,0x66,0x61,0x00,0x00,0x00,0x00,
    0x00,0x00,0x00,0x00,0x00,0x16,0x66,0x66,0x66,0x66,0x66,0x66,
    0x62,0x22,0x22,0x22,0x66,0x66,0x66,0x10,0x00,0x00,0x00,0x00,
    0x00,0x00,0x00,0x00,0x00,0x16,0x66,0x66,0x66,0x66,0x66,0x66,
    0x66,0x22,0x22,0x26,0x66,0x66,0x66,0x10,0x00,0x00,0x00,0x00,
    0x00,0x00,0x00,0x00,0x00,0x16,0x66,0x66,0x66,0x66,0x66,0x66,
    0x66,0x66,0x26,0x66,0x66,0x66,0x66,0x10,0x00,0x00,0x00,0x00,
    0x00,0x00,0x00,0x00,0x00,0x16,0x66,0x66,0x66,0x66,0x66,0x66,
    0x66,0x66,0x66,0x66,0x66,0x66,0x66,0x10,0x00,0x00,0x00,0x00,
    0x00,0x00,0x00,0x00,0x00,0x16,0x66,0x66,0x66,0x66,0x66,0x66,
    0x66,0x66,0x66,0x66,0x66,0x66,0x66,0x10,0x00,0x00,0x00,0x00,
    0x00,0x00,0x00,0x00,0x00,0x16,0x66,0x66,0x66,0x66,0x66,0x66,
    0x66,0x66,0x66,0x66,0x66,0x66,0x66,0x10,0x00,0x00,0x00,0x00,
    0x00,0x00,0x00,0x00,0x00,0x01,0x66,0x66,0x66,0x66,0x66,0x66,
    0x66,0x66,0x66,0x66,0x66,0x66,0x61,0x00,0x00,0x00,0x00,0x00,
    0x00,0x00,0x00,0x00,0x00,0x01,0x66,0x66,0x66,0x66,0x66,0x26,
    0x66,0x66,0x66,0x66,0x66,0x66,0x61,0x00,0x00,0x00,0x00,0x00,
    0x00,0x00,0x00,0x00,0x00,0x00,0x16,0x66,0x66,0x66,0x22,0x22,
    0x26,0x66,0x66,0x66,0x66,0x66,0x10,0x00,0x00,0x00,0x00,0x00,
    0x00,0x00,0x00,0x00,0x00,0x00,0x16,0x66,0x66,0x62,0x22,0x22,
    0x22,0x66,0x66,0x66,0x66,0x66,0x10,0x00,0x00,0x00,0x00,0x00,
    0x00,0x00,0x00,0x00,0x00,0x00,0x01,0x66,0x66,0x66,0x22,0x22,
    0x26,0x66,0x66,0x66,0x66,0x61,0x00,0x00,0x00,0x00,0x00,0x00,
    0x00,0x00,0x00,0x00,0x00,0x00,0x01,0x66,0x66,0x66,0x66,0x26,
    0x66,0x66,0x66,0x66,0x66,0x61,0x00,0x00,0x00,0x00,0x00,0x00,
    0x00,0x00,0x00,0x00,0x00,0x00,0x00,0x16,0x66,0x66,0x66,0x66,
    0x66,0x66,0x66,0x66,0x66,0x10,0x00,0x00,0x00,0x00,0x00,0x00,
    0x00,0x00,0x00,0x00,0x00,0x00,0x00,0x01,0x66,0x66,0x66,0x66,
    0x66,0x66,0x66,0x66,0x61,0x00,0x00,0x00,0x00,0x00,0x00,0x00,
    0x00,0x00,0x00,0x00,0x00,0x00,0x00,0x00,0x11,0x66,0x66,0x66,
    0x66,0x66,0x66,0x61,0x10,0x00,0x00,0x00,0x00,0x00,0x00,0x00,
    0x00,0x00,0x00,0x00,0x00,0x00,0x00,0x00,0x00,0x11,0x66,0x66,
    0x66,0x66,0x61,0x10,0x00,0x00,0x00,0x00,0x00,0x00,0x00,0x00,
    0x00,0x00,0x00,0x00,0x00,0x00,0x00,0x00,0x00,0x00,0x11,0x11,
    0x61,0x11,0x10,0x00,0x00,0x00,0x00,0x00,0x00,0x00,0x00,0x00,
    0x00,0x00,0x00,0x00,0x00,0x00,0x00,0x00,0x00,0x00,0x00,0x00,
    0x10,0x00,0x00,0x00,0x00,0x00,0x00,0x00,0x00,0x00,0x00,0x00,
    0x00,0x00,0x00,0x00,0x00,0x00,0x00,0x00,0x00,0x00,0x00,0x00,
    0x00,0x00,0x00,0x00,0x00,0x00,0x00,0x00,0x00,0x00,0x00,0x00,
    0x00,0x00,0x00,0x00,0x00,0x00,0x00,0x00,0x00,0x00,0x00,0x00,
    0x00,0x00,0x00,0x00,0x00,0x00,0x00,0x00,0x00,0x00,0x00,0x00,
    0x00,0x00,0x00,0x00,0x00,0x00,0x00,0x00,0x00,0x00,0x00,0x00,
    0x00,0x00,0x00,0x00,0x00,0x00,0x00,0x00,0x00,0x00,0x00,0x00}},
    {"egg2",
     {0x00,0x00,0x00,0x00,0x00,0x00,0x00,0x00,0x00,0x00,0x00,0x00,
    0x00,0x00,0x00,0x00,0x00,0x00,0x00,0x00,0x00,0x00,0x00,0x00,
    0x00,0x00,0x00,0x00,0x00,0x00,0x00,0x00,0x00,0x00,0x00,0x00,
    0x00,0x00,0x00,0x00,0x00,0x00,0x00,0x00,0x00,0x00,0x00,0x00,
    0x00,0x00,0x00,0x00,0x00,0x00,0x00,0x00,0x00,0x00,0x00,0x00,
    0x00,0x00,0x00,0x00,0x00,0x00,0x00,0x00,0x00,0x00,0x00,0x00,
    0x00,0x00,0x00,0x00,0x00,0x00,0x00,0x00,0x00,0x00,0x00,0x00,
    0x00,0x00,0x00,0x00,0x00,0x00,0x00,0x00,0x00,0x00,0x00,0x00,
    0x00,0x00,0x00,0x00,0x00,0x00,0x00,0x00,0x00,0x00,0x00,0x00,
    0x00,0x00,0x00,0x00,0x00,0x00,0x00,0x00,0x00,0x00,0x00,0x00,
    0x00,0x00,0x00,0x00,0x00,0x00,0x00,0x00,0x00,0x00,0x00,0x00,
    0x00,0x00,0x00,0x00,0x00,0x00,0x00,0x00,0x00,0x00,0x00,0x00,
    0x00,0x00,0x00,0x00,0x00,0x00,0x00,0x00,0x00,0x00,0x00,0x00,
    0x00,0x00,0x00,0x00,0x00,0x00,0x00,0x00,0x00,0x00,0x00,0x00,
    0x00,0x00,0x00,0x00,0x00,0x00,0x00,0x00,0x00,0x00,0x00,0x00,
    0x00,0x00,0x00,0x00,0x00,0x00,0x00,0x00,0x00,0x00,0x00,0x00,
    0x00,0x00,0x00,0x00,0x00,0x00,0x00,0x00,0x00,0x00,0x00,0x00,
    0x10,0x00,0x00,0x00,0x00,0x00,0x00,0x00,0x00,0x00,0x00,0x00,
    0x00,0x00,0x00,0x00,0x00,0x00,0x00,0x00,0x00,0x00,0x11,0x11,
    0x71,0x11,0x10,0x00,0x00,0x00,0x00,0x00,0x00,0x00,0x00,0x00,
    0x00,0x00,0x00,0x00,0x00,0x00,0x00,0x00,0x00,0x11,0x77,0x77,
    0x77,0x77,0x71,0x10,0x00,0x00,0x00,0x00,0x00,0x00,0x00,0x00,
    0x00,0x00,0x00,0x00,0x00,0x00,0x00,0x00,0x11,0x77,0x77,0x77,
    0x77,0x77,0x77,0x71,0x10,0x00,0x00,0x00,0x00,0x00,0x00,0x00,
    0x00,0x00,0x00,0x00,0x00,0x00,0x00,0x01,0x77,0x77,0x77,0x77,
    0x77,0x77,0x77,0x77,0x71,0x00,0x00,0x00,0x00,0x00,0x00,0x00,
    0x00,0x00,0x00,0x00,0x00,0x00,0x00,0x17,0x77,0x77,0x77,0x77,
    0x77,0x77,0x77,0x77,0x77,0x10,0x00,0x00,0x00,0x00,0x00,0x00,
    0x00,0x00,0x00,0x00,0x00,0x00,0x01,0x77,0x77,0x22,0x77,0x77,
    0x77,0x77,0x77,0x77,0x77,0x71,0x00,0x00,0x00,0x00,0x00,0x00,
    0x00,0x00,0x00,0x00,0x00,0x00,0x01,0x77,0x72,0x77,0x77,0x77,
    0x77,0x77,0x77,0x77,0x77,0x71,0x00,0x00,0x00,0x00,0x00,0x00,
    0x00,0x00,0x00,0x00,0x00,0x00,0x17,0x77,0x22,0x87,0x77,0x77,
    0x77,0x77,0x77,0x77,0x77,0x77,0x10,0x00,0x00,0x00,0x00,0x00,
    0x00,0x00,0x00,0x00,0x00,0x00,0x17,0x77,0x78,0x78,0x77,0x77,
    0x77,0x77,0x77,0x77,0x77,0x77,0x10,0x00,0x00,0x00,0x00,0x00,
    0x00,0x00,0x00,0x00,0x00,0x01,0x77,0x77,0x77,0x87,0x77,0x77,
    0x77,0x77,0x77,0x77,0x77,0x77,0x71,0x00,0x00,0x00,0x00,0x00,
    0x00,0x00,0x00,0x00,0x00,0x01,0x77,0x77,0x77,0x77,0x77,0x77,
    0x77,0x77,0x77,0x77,0x77,0x77,0x71,0x00,0x00,0x00,0x00,0x00,
    0x00,0x00,0x00,0x00,0x00,0x17,0x77,0x77,0x77,0x77,0x77,0x77,
    0x77,0x77,0x77,0x77,0x77,0x77,0x77,0x10,0x00,0x00,0x00,0x00,
    0x00,0x00,0x00,0x00,0x00,0x17,0x77,0x77,0x77,0x77,0x77,0x77,
    0x77,0x77,0x77,0x77,0x77,0x77,0x77,0x10,0x00,0x00,0x00,0x00,
    0x00,0x00,0x00,0x00,0x00,0x17,0x77,0x77,0x77,0x77,0x77,0x77,
    0x77,0x77,0x87,0x77,0x77,0x77,0x77,0x10,0x00,0x00,0x00,0x00,
    0x00,0x00,0x00,0x00,0x00,0x17,0x77,0x77,0x77,0x77,0x77,0x77,
    0x77,0x78,0x78,0x77,0x77,0x77,0x77,0x10,0x00,0x00,0x00,0x00,
    0x00,0x00,0x00,0x00,0x00,0x17,0x77,0x77,0x77,0x77,0x77,0x77,
    0x77,0x77,0x87,0x77,0x77,0x77,0x77,0x10,0x00,0x00,0x00,0x00,
    0x00,0x00,0x00,0x00,0x00,0x17,0x77,0x77,0x77,0x77,0x77,0x77,
    0x77,0x77,0x77,0x77,0x77,0x77,0x77,0x10,0x00,0x00,0x00,0x00,
    0x00,0x00,0x00,0x00,0x01,0x77,0x77,0x77,0x77,0x77,0x77,0x77,
    0x77,0x77,0x77,0x77,0x77,0x77,0x77,0x71,0x00,0x00,0x00,0x00,
    0x00,0x00,0x00,0x00,0x00,0x17,0x77,0x77,0x77,0x77,0x77,0x77,
    0x77,0x77,0x77,0x77,0x77,0x77,0x77,0x10,0x00,0x00,0x00,0x00,
    0x00,0x00,0x00,0x00,0x00,0x17,0x77,0x77,0x77,0x77,0x77,0x77,
    0x77,0x77,0x77,0x77,0x77,0x77,0x77,0x10,0x00,0x00,0x00,0x00,
    0x00,0x00,0x00,0x00,0x00,0x17,0x77,0x77,0x77,0x77,0x77,0x77,
    0x77,0x77,0x77,0x77,0x77,0x77,0x77,0x10,0x00,0x00,0x00,0x00,
    0x00,0x00,0x00,0x00,0x00,0x17,0x77,0x77,0x77,0x77,0x77,0x77,
    0x77,0x77,0x77,0x77,0x77,0x77,0x77,0x10,0x00,0x00,0x00,0x00,
    0x00,0x00,0x00,0x00,0x00,0x17,0x77,0x77,0x77,0x77,0x77,0x77,
    0x77,0x77,0x77,0x77,0x77,0x77,0x77,0x10,0x00,0x00,0x00,0x00,
    0x00,0x00,0x00,0x00,0x00,0x17,0x77,0x77,0x77,0x77,0x78,0x77,
    0x77,0x77,0x77,0x77,0x77,0x77,0x77,0x10,0x00,0x00,0x00,0x00,
    0x00,0x00,0x00,0x00,0x00,0x01,0x77,0x77,0x77,0x77,0x87,0x87,
    0x77,0x77,0x77,0x77,0x77,0x77,0x71,0x00,0x00,0x00,0x00,0x00,
    0x00,0x00,0x00,0x00,0x00,0x01,0x77,0x77,0x77,0x77,0x78,0x77,
    0x77,0x77,0x77,0x77,0x77,0x77,0x71,0x00,0x00,0x00,0x00,0x00,
    0x00,0x00,0x00,0x00,0x00,0x00,0x17,0x77,0x77,0x77,0x77,0x77,
    0x77,0x77,0x77,0x77,0x77,0x77,0x10,0x00,0x00,0x00,0x00,0x00,
    0x00,0x00,0x00,0x00,0x00,0x00,0x17,0x77,0x77,0x77,0x77,0x77,
    0x77,0x77,0x77,0x87,0x77,0x77,0x10,0x00,0x00,0x00,0x00,0x00,
    0x00,0x00,0x00,0x00,0x00,0x00,0x01,0x77,0x77,0x77,0x77,0x77,
    0x77,0x77,0x78,0x78,0x77,0x71,0x00,0x00,0x00,0x00,0x00,0x00,
    0x00,0x00,0x00,0x00,0x00,0x00,0x01,0x77,0x77,0x77,0x77,0x77,
    0x77,0x77,0x77,0x87,0x77,0x71,0x00,0x00,0x00,0x00,0x00,0x00,
    0x00,0x00,0x00,0x00,0x00,0x00,0x00,0x17,0x77,0x77,0x77,0x77,
    0x77,0x77,0x77,0x77,0x77,0x10,0x00,0x00,0x00,0x00,0x00,0x00,
    0x00,0x00,0x00,0x00,0x00,0x00,0x00,0x01,0x77,0x77,0x77,0x77,
    0x77,0x77,0x77,0x77,0x71,0x00,0x00,0x00,0x00,0x00,0x00,0x00,
    0x00,0x00,0x00,0x00,0x00,0x00,0x00,0x00,0x11,0x77,0x77,0x77,
    0x77,0x77,0x77,0x71,0x10,0x00,0x00,0x00,0x00,0x00,0x00,0x00,
    0x00,0x00,0x00,0x00,0x00,0x00,0x00,0x00,0x00,0x11,0x77,0x77,
    0x77,0x77,0x71,0x10,0x00,0x00,0x00,0x00,0x00,0x00,0x00,0x00,
    0x00,0x00,0x00,0x00,0x00,0x00,0x00,0x00,0x00,0x00,0x11,0x11,
    0x71,0x11,0x10,0x00,0x00,0x00,0x00,0x00,0x00,0x00,0x00,0x00,
    0x00,0x00,0x00,0x00,0x00,0x00,0x00,0x00,0x00,0x00,0x00,0x00,
    0x10,0x00,0x00,0x00,0x00,0x00,0x00,0x00,0x00,0x00,0x00,0x00,
    0x00,0x00,0x00,0x00,0x00,0x00,0x00,0x00,0x00,0x00,0x00,0x00,
    0x00,0x00,0x00,0x00,0x00,0x00,0x00,0x00,0x00,0x00,0x00,0x00,
    0x00,0x00,0x00,0x00,0x00,0x00,0x00,0x00,0x00,0x00,0x00,0x00,
    0x00,0x00,0x00,0x00,0x00,0x00,0x00,0x00,0x00,0x00,0x00,0x00,
    0x00,0x00,0x00,0x00,0x00,0x00,0x00,0x00,0x00,0x00,0x00,0x00,
    0x00,0x00,0x00,0x00,0x00,0x00,0x00,0x00,0x00,0x00,0x00,0x00}},
    {"egg3",
     {0x00,0x00,0x00,0x00,0x00,0x00,0x00,0x00,0x00,0x00,0x00,0x00,
    0x00,0x00,0x00,0x00,0x00,0x00,0x00,0x00,0x00,0x00,0x00,0x00,
    0x00,0x00,0x00,0x00,0x00,0x00,0x00,0x00,0x00,0x00,0x00,0x00,
    0x00,0x00,0x00,0x00,0x00,0x00,0x00,0x00,0x00,0x00,0x00,0x00,
    0x00,0x00,0x00,0x00,0x00,0x00,0x00,0x00,0x00,0x00,0x00,0x00,
    0x00,0x00,0x00,0x00,0x00,0x00,0x00,0x00,0x00,0x00,0x00,0x00,
    0x00,0x00,0x00,0x00,0x00,0x00,0x00,0x00,0x00,0x00,0x00,0x00,
    0x00,0x00,0x00,0x00,0x00,0x00,0x00,0x00,0x00,0x00,0x00,0x00,
    0x00,0x00,0x00,0x00,0x00,0x00,0x00,0x00,0x00,0x00,0x00,0x00,
    0x00,0x00,0x00,0x00,0x00,0x00,0x00,0x00,0x00,0x00,0x00,0x00,
    0x00,0x00,0x00,0x00,0x00,0x00,0x00,0x00,0x00,0x00,0x00,0x00,
    0x00,0x00,0x00,0x00,0x00,0x00,0x00,0x00,0x00,0x00,0x00,0x00,
    0x00,0x00,0x00,0x00,0x00,0x00,0x00,0x00,0x00,0x00,0x00,0x00,
    0x00,0x00,0x00,0x00,0x00,0x00,0x00,0x00,0x00,0x00,0x00,0x00,
    0x00,0x00,0x00,0x00,0x00,0x00,0x00,0x00,0x00,0x00,0x00,0x00,
    0x00,0x00,0x00,0x00,0x00,0x00,0x00,0x00,0x00,0x00,0x00,0x00,
    0x00,0x00,0x00,0x00,0x00,0x00,0x00,0x00,0x00,0x00,0x00,0x00,
    0x10,0x00,0x00,0x00,0x00,0x00,0x00,0x00,0x00,0x00,0x00,0x00,
    0x00,0x00,0x00,0x00,0x00,0x00,0x00,0x00,0x00,0x00,0x11,0x11,
    0x31,0x11,0x10,0x00,0x00,0x00,0x00,0x00,0x00,0x00,0x00,0x00,
    0x00,0x00,0x00,0x00,0x00,0x00,0x00,0x00,0x00,0x11,0x33,0x33,
    0x33,0x33,0x31,0x10,0x00,0x00,0x00,0x00,0x00,0x00,0x00,0x00,
    0x00,0x00,0x00,0x00,0x00,0x00,0x00,0x00,0x11,0x33,0x33,0x33,
    0x33,0x33,0x33,0x31,0x10,0x00,0x00,0x00,0x00,0x00,0x00,0x00,
    0x00,0x00,0x00,0x00,0x00,0x00,0x00,0x01,0x33,0x33,0x33,0x33,
    0x33,0x33,0x33,0x33,0x31,0x00,0x00,0x00,0x00,0x00,0x00,0x00,
    0x00,0x00,0x00,0x00,0x00,0x00,0x00,0x13,0x33,0x33,0x33,0x33,
    0x33,0x33,0x33,0x33,0x33,0x10,0x00,0x00,0x00,0x00,0x00,0x00,
    0x00,0x00,0x00,0x00,0x00,0x00,0x01,0x33,0x33,0x22,0x33,0x33,
    0xD3,0x33,0x33,0x33,0x33,0x31,0x00,0x00,0x00,0x00,0x00,0x00,
    0x00,0x00,0x00,0x00,0x00,0x00,0x01,0x33,0x32,0x33,0x3D,0x33,
    0x33,0x3D,0x33,0x33,0x33,0x31,0x00,0x00,0x00,0x00,0x00,0x00,
    0x00,0x00,0x00,0x00,0x00,0x00,0x13,0x33,0x22,0x33,0x33,0x33,
    0x33,0x33,0x33,0x33,0x33,0x33,0x10,0x00,0x00,0x00,0x00,0x00,
    0x00,0x00,0x00,0x00,0x00,0x00,0x13,0x33,0x33,0x33,0x33,0x33,
    0x33,0x33,0x33,0x33,0x33,0x33,0x10,0x00,0x00,0x00,0x00,0x00,
    0x00,0x00,0x00,0x00,0x00,0x01,0x33,0x33,0x33,0x33,0x33,0x33,
    0xD3,0x33,0x33,0x33,0x33,0x33,0x31,0x00,0x00,0x00,0x00,0x00,
    0x00,0x00,0x00,0x00,0x00,0x01,0x33,0x33,0x33,0x33,0x3D,0x33,
    0x33,0x3D,0x33,0x33,0x33,0x33,0x31,0x00,0x00,0x00,0x00,0x00,
    0x00,0x00,0x00,0x00,0x00,0x13,0x33,0x33,0x33,0x33,0x33,0x33,
    0x33,0x33,0x33,0x33,0x33,0x33,0x33,0x10,0x00,0x00,0x00,0x00,
    0x00,0x00,0x00,0x00,0x00,0x13,0x33,0x33,0x33,0x33,0x33,0x33,
    0x33,0x33,0x33,0x33,0x33,0x33,0x33,0x10,0x00,0x00,0x00,0x00,
    0x00,0x00,0x00,0x00,0x00,0x13,0x33,0x33,0x33,0x33,0x33,0x33,
    0xD3,0x33,0x33,0x33,0x33,0x33,0x33,0x10,0x00,0x00,0x00,0x00,
    0x00,0x00,0x00,0x00,0x00,0x13,0x33,0x33,0x33,0x33,0x3D,0x33,
    0x33,0x3D,0x33,0x33,0x33,0x33,0x33,0x10,0x00,0x00,0x00,0x00,
    0x00,0x00,0x00,0x00,0x00,0x13,0x33,0x33,0x33,0x33,0x33,0x33,
    0x33,0x33,0x33,0x33,0x33,0x33,0x33,0x10,0x00,0x00,0x00,0x00,
    0x00,0x00,0x00,0x00,0x00,0x13,0x33,0x33,0x33,0x33,0x33,0x33,
    0x33,0x33,0x33,0x33,0x33,0x33,0x33,0x10,0x00,0x00,0x00,0x00,
    0x00,0x00,0x00,0x00,0x01,0x33,0x33,0x33,0x33,0x33,0x33,0x33,
    0xD3,0x33,0x33,0x33,0x33,0x33,0x33,0x31,0x00,0x00,0x00,0x00,
    0x00,0x00,0x00,0x00,0x00,0x13,0x33,0x33,0x33,0x33,0x3D,0x33,
    0x33,0x3D,0x33,0x33,0x33,0x33,0x33,0x10,0x00,0x00,0x00,0x00,
    0x00,0x00,0x00,0x00,0x00,0x13,0x33,0x33,0x33,0x33,0x33,0x33,
    0x33,0x33,0x33,0x33,0x33,0x33,0x33,0x10,0x00,0x00,0x00,0x00,
    0x00,0x00,0x00,0x00,0x00,0x13,0x33,0x33,0x33,0x33,0x33,0x33,
    0x33,0x33,0x33,0x33,0x33,0x33,0x33,0x10,0x00,0x00,0x00,0x00,
    0x00,0x00,0x00,0x00,0x00,0x13,0x33,0x33,0x33,0x33,0x33,0x33,
    0xD3,0x33,0x33,0x33,0x33,0x33,0x33,0x10,0x00,0x00,0x00,0x00,
    0x00,0x00,0x00,0x00,0x00,0x13,0x33,0x33,0x33,0x33,0x3D,0x33,
    0x33,0x3D,0x33,0x33,0x33,0x33,0x33,0x10,0x00,0x00,0x00,0x00,
    0x00,0x00,0x00,0x00,0x00,0x13,0x33,0x33,0x33,0x33,0x33,0x33,
    0x33,0x33,0x33,0x33,0x33,0x33,0x33,0x10,0x00,0x00,0x00,0x00,
    0x00,0x00,0x00,0x00,0x00,0x01,0x33,0x33,0x33,0x33,0x33,0x33,
    0x33,0x33,0x33,0x33,0x33,0x33,0x31,0x00,0x00,0x00,0x00,0x00,
    0x00,0x00,0x00,0x00,0x00,0x01,0x33,0x33,0x33,0x33,0x33,0x33,
    0xD3,0x33,0x33,0x33,0x33,0x33,0x31,0x00,0x00,0x00,0x00,0x00,
    0x00,0x00,0x00,0x00,0x00,0x00,0x13,0x33,0x33,0x33,0x3D,0x33,
    0x33,0x3D,0x33,0x33,0x33,0x33,0x10,0x00,0x00,0x00,0x00,0x00,
    0x00,0x00,0x00,0x00,0x00,0x00,0x13,0x33,0x33,0x33,0x33,0x33,
    0x33,0x33,0x33,0x33,0x33,0x33,0x10,0x00,0x00,0x00,0x00,0x00,
    0x00,0x00,0x00,0x00,0x00,0x00,0x01,0x33,0x33,0x33,0x33,0x33,
    0x33,0x33,0x33,0x33,0x33,0x31,0x00,0x00,0x00,0x00,0x00,0x00,
    0x00,0x00,0x00,0x00,0x00,0x00,0x01,0x33,0x33,0x33,0x33,0x33,
    0x33,0x33,0x33,0x33,0x33,0x31,0x00,0x00,0x00,0x00,0x00,0x00,
    0x00,0x00,0x00,0x00,0x00,0x00,0x00,0x13,0x33,0x33,0x33,0x33,
    0x33,0x33,0x33,0x33,0x33,0x10,0x00,0x00,0x00,0x00,0x00,0x00,
    0x00,0x00,0x00,0x00,0x00,0x00,0x00,0x01,0x33,0x33,0x33,0x33,
    0x33,0x33,0x33,0x33,0x31,0x00,0x00,0x00,0x00,0x00,0x00,0x00,
    0x00,0x00,0x00,0x00,0x00,0x00,0x00,0x00,0x11,0x33,0x33,0x33,
    0x33,0x33,0x33,0x31,0x10,0x00,0x00,0x00,0x00,0x00,0x00,0x00,
    0x00,0x00,0x00,0x00,0x00,0x00,0x00,0x00,0x00,0x11,0x33,0x33,
    0x33,0x33,0x31,0x10,0x00,0x00,0x00,0x00,0x00,0x00,0x00,0x00,
    0x00,0x00,0x00,0x00,0x00,0x00,0x00,0x00,0x00,0x00,0x11,0x11,
    0x31,0x11,0x10,0x00,0x00,0x00,0x00,0x00,0x00,0x00,0x00,0x00,
    0x00,0x00,0x00,0x00,0x00,0x00,0x00,0x00,0x00,0x00,0x00,0x00,
    0x10,0x00,0x00,0x00,0x00,0x00,0x00,0x00,0x00,0x00,0x00,0x00,
    0x00,0x00,0x00,0x00,0x00,0x00,0x00,0x00,0x00,0x00,0x00,0x00,
    0x00,0x00,0x00,0x00,0x00,0x00,0x00,0x00,0x00,0x00,0x00,0x00,
    0x00,0x00,0x00,0x00,0x00,0x00,0x00,0x00,0x00,0x00,0x00,0x00,
    0x00,0x00,0x00,0x00,0x00,0x00,0x00,0x00,0x00,0x00,0x00,0x00,
    0x00,0x00,0x00,0x00,0x00,0x00,0x00,0x00,0x00,0x00,0x00,0x00,
    0x00,0x00,0x00,0x00,0x00,0x00,0x00,0x00,0x00,0x00,0x00,0x00}},
    {"baby_force",
     {0x00,0x00,0x00,0x00,0x00,0x00,0x00,0x00,0x00,0x00,0x00,0x00,
    0x00,0x00,0x00,0x00,0x00,0x00,0x00,0x00,0x00,0x00,0x00,0x00,
    0x00,0x00,0x00,0x00,0x00,0x00,0x00,0x00,0x00,0x00,0x00,0x00,
    0x00,0x00,0x00,0x00,0x00,0x00,0x00,0x00,0x00,0x00,0x00,0x00,
    0x00,0x00,0x00,0x00,0x00,0x00,0x00,0x00,0x00,0x00,0x00,0x00,
    0x00,0x00,0x00,0x00,0x00,0x00,0x00,0x00,0x00,0x00,0x00,0x00,
    0x00,0x00,0x00,0x00,0x00,0x00,0x00,0x00,0x00,0x00,0x00,0x00,
    0x00,0x00,0x00,0x00,0x00,0x00,0x00,0x00,0x00,0x00,0x00,0x00,
    0x00,0x00,0x00,0x00,0x00,0x00,0x00,0x00,0x00,0x00,0x00,0x00,
    0x00,0x00,0x00,0x00,0x00,0x00,0x00,0x00,0x00,0x00,0x00,0x00,
    0x00,0x00,0x00,0x00,0x00,0x00,0x00,0x00,0x00,0x00,0x00,0x00,
    0x00,0x00,0x00,0x00,0x00,0x00,0x00,0x00,0x00,0x00,0x00,0x00,
    0x00,0x00,0x00,0x00,0x00,0x00,0x00,0x00,0x00,0x00,0x00,0x00,
    0x00,0x00,0x00,0x00,0x00,0x00,0x00,0x00,0x00,0x00,0x00,0x00,
    0x00,0x00,0x00,0x00,0x00,0x00,0x00,0x00,0x00,0x00,0x00,0x00,
    0x00,0x00,0x00,0x00,0x00,0x00,0x00,0x00,0x00,0x00,0x00,0x00,
    0x00,0x00,0x00,0x00,0x00,0x00,0x00,0x00,0x00,0x00,0x00,0x00,
    0x00,0x00,0x00,0x00,0x00,0x00,0x00,0x00,0x00,0x00,0x00,0x00,
    0x00,0x00,0x00,0x00,0x00,0x00,0x00,0x00,0x00,0x00,0x00,0x00,
    0x00,0x00,0x00,0x00,0x00,0x00,0x00,0x00,0x00,0x00,0x00,0x00,
    0x00,0x00,0x00,0x00,0x00,0x00,0x00,0x00,0x00,0x00,0x00,0x00,
    0x00,0x00,0x00,0x00,0x00,0x00,0x00,0x00,0x00,0x00,0x00,0x00,
    0x00,0x00,0x00,0x00,0x00,0x00,0x00,0x00,0x00,0x00,0x00,0x00,
    0x00,0x00,0x00,0x00,0x00,0x00,0x00,0x00,0x00,0x00,0x00,0x00,
    0x00,0x00,0x00,0x00,0x00,0x00,0x00,0x00,0x00,0x00,0x00,0x00,
    0x00,0x00,0x00,0x00,0x00,0x00,0x00,0x00,0x00,0x00,0x00,0x00,
    0x00,0x00,0x00,0x00,0x00,0x00,0x00,0x00,0x00,0x00,0x00,0x00,
    0x00,0x00,0x00,0x00,0x00,0x00,0x00,0x00,0x00,0x00,0x00,0x00,
    0x00,0x00,0x00,0x00,0x00,0x00,0x00,0x00,0x00,0x00,0x00,0x00,
    0x00,0x00,0x00,0x00,0x00,0x00,0x00,0x00,0x00,0x00,0x00,0x00,
    0x00,0x00,0x00,0x00,0x00,0x00,0x00,0x00,0x00,0x00,0x00,0x00,
    0x00,0x00,0x00,0x00,0x00,0x00,0x00,0x00,0x00,0x00,0x00,0x00,
    0x00,0x00,0x00,0x00,0x00,0x00,0x00,0x00,0x00,0x00,0x00,0x00,
    0x10,0x00,0x00,0x00,0x00,0x00,0x00,0x00,0x00,0x00,0x00,0x00,
    0x00,0x00,0x00,0x00,0x00,0x00,0x00,0x00,0x00,0x00,0x11,0x11,
    0x91,0x11,0x10,0x00,0x00,0x00,0x00,0x00,0x00,0x00,0x00,0x00,
    0x00,0x00,0x00,0x00,0x00,0x00,0x00,0x00,0x00,0x11,0x99,0x99,
    0x99,0x99,0x91,0x10,0x00,0x00,0x00,0x00,0x00,0x00,0x00,0x00,
    0x00,0x00,0x00,0x00,0x00,0x00,0x00,0x00,0x01,0x99,0x99,0x99,
    0x99,0x99,0x99,0x91,0x00,0x00,0x00,0x00,0x00,0x00,0x00,0x00,
    0x00,0x00,0x00,0x00,0x00,0x00,0x00,0x00,0x19,0x99,0x99,0x99,
    0x99,0x99,0x99,0x99,0x10,0x00,0x00,0x00,0x00,0x00,0x00,0x00,
    0x00,0x00,0x00,0x00,0x00,0x00,0x00,0x01,0x99,0x91,0x99,0x99,
    0x99,0x99,0x91,0x99,0x91,0x00,0x00,0x00,0x00,0x00,0x00,0x00,
    0x00,0x00,0x00,0x00,0x00,0x00,0x00,0x19,0x99,0x11,0x19,0x99,
    0x99,0x99,0x11,0x19,0x99,0x10,0x00,0x00,0x00,0x00,0x00,0x00,
    0x00,0x00,0x00,0x00,0x00,0x00,0x00,0x19,0x99,0x12,0x29,0x99,
    0x99,0x99,0x12,0x29,0x99,0x10,0x00,0x00,0x00,0x00,0x00,0x00,
    0x00,0x00,0x00,0x00,0x00,0x00,0x01,0x99,0x91,0x11,0x11,0x99,
    0x99,0x91,0x11,0x11,0x99,0x91,0x00,0x00,0x00,0x00,0x00,0x00,
    0x00,0x00,0x00,0x00,0x00,0x00,0x01,0x99,0x99,0x11,0x19,0x99,
    0x99,0x99,0x11,0x19,0x99,0x91,0x00,0x00,0x00,0x00,0x00,0x00,
    0x00,0x00,0x00,0x00,0x00,0x00,0x01,0x95,0x99,0x11,0x19,0x99,
    0x99,0x99,0x11,0x19,0x95,0x91,0x00,0x00,0x00,0x00,0x00,0x00,
    0x00,0x00,0x00,0x00,0x00,0x00,0x01,0x55,0x55,0x91,0x99,0x19,
    0x99,0x19,0x91,0x95,0x55,0x51,0x00,0x00,0x00,0x00,0x00,0x00,
    0x00,0x00,0x00,0x00,0x00,0x01,0x15,0x55,0x55,0x59,0x99,0x91,
    0x11,0x99,0x99,0x55,0x55,0x55,0x11,0x00,0x00,0x00,0x00,0x00,
    0x00,0x00,0x00,0x00,0x01,0x19,0x99,0x55,0x55,0x99,0x33,0x33,
    0x33,0x33,0x39,0x95,0x55,0x59,0x99,0x11,0x00,0x00,0x00,0x00,
    0x00,0x00,0x00,0x00,0x01,0x99,0x99,0x95,0x99,0x93,0x33,0x33,
    0x33,0x33,0x33,0x99,0x95,0x99,0x99,0x91,0x00,0x00,0x00,0x00,
    0x00,0x00,0x00,0x00,0x19,0x99,0x99,0x99,0x99,0x33,0x33,0x33,
    0x33,0x33,0x33,0x39,0x99,0x99,0x99,0x99,0x10,0x00,0x00,0x00,
    0x00,0x00,0x00,0x00,0x01,0x99,0x99,0x99,0x99,0x33,0x33,0x33,
    0x33,0x33,0x33,0x39,0x99,0x99,0x99,0x91,0x00,0x00,0x00,0x00,
    0x00,0x00,0x00,0x00,0x01,0x19,0x11,0x99,0x93,0x33,0x33,0x33,
    0x33,0x33,0x33,0x33,0x99,0x91,0x19,0x11,0x00,0x00,0x00,0x00,
    0x00,0x00,0x00,0x00,0x00,0x01,0x00,0x19,0x99,0x33,0x33,0x33,
    0x33,0x33,0x33,0x39,0x99,0x10,0x01,0x00,0x00,0x00,0x00,0x00,
    0x00,0x00,0x00,0x00,0x00,0x00,0x00,0x01,0x99,0x33,0x33,0x33,
    0x33,0x33,0x33,0x39,0x91,0x00,0x00,0x00,0x00,0x00,0x00,0x00,
    0x00,0x00,0x00,0x00,0x00,0x00,0x00,0x00,0x19,0x93,0x33,0x33,
    0x33,0x33,0x33,0x99,0x10,0x00,0x00,0x00,0x00,0x00,0x00,0x00,
    0x00,0x00,0x00,0x00,0x00,0x00,0x00,0x00,0x01,0x99,0x33,0x33,
    0x33,0x33,0x39,0x91,0x00,0x00,0x00,0x00,0x00,0x00,0x00,0x00,
    0x00,0x00,0x00,0x00,0x00,0x00,0x00,0x00,0x00,0x11,0x99,0x99,
    0x39,0x99,0x91,0x10,0x00,0x00,0x00,0x00,0x00,0x00,0x00,0x00,
    0x00,0x00,0x00,0x00,0x00,0x00,0x00,0x00,0x00,0x00,0x11,0x11,
    0x91,0x11,0x10,0x00,0x00,0x00,0x00,0x00,0x00,0x00,0x00,0x00,
    0x00,0x00,0x00,0x00,0x00,0x00,0x00,0x00,0x00,0x01,0x00,0x00,
    0x10,0x00,0x01,0x00,0x00,0x00,0x00,0x00,0x00,0x00,0x00,0x00,
    0x00,0x00,0x00,0x00,0x00,0x00,0x00,0x00,0x01,0x19,0x11,0x00,
    0x00,0x01,0x19,0x11,0x00,0x00,0x00,0x00,0x00,0x00,0x00,0x00,
    0x00,0x00,0x00,0x00,0x00,0x00,0x00,0x00,0x19,0x99,0x99,0x10,
    0x00,0x19,0x99,0x99,0x10,0x00,0x00,0x00,0x00,0x00,0x00,0x00,
    0x00,0x00,0x00,0x00,0x00,0x00,0x00,0x00,0x01,0x19,0x11,0x00,
    0x00,0x01,0x19,0x11,0x00,0x00,0x00,0x00,0x00,0x00,0x00,0x00,
    0x00,0x00,0x00,0x00,0x00,0x00,0x00,0x00,0x00,0x01,0x00,0x00,
    0x00,0x00,0x01,0x00,0x00,0x00,0x00,0x00,0x00,0x00,0x00,0x00,
    0x00,0x00,0x00,0x00,0x00,0x00,0x00,0x00,0x00,0x00,0x00,0x00,
    0x00,0x00,0x00,0x00,0x00,0x00,0x00,0x00,0x00,0x00,0x00,0x00,
    0x00,0x00,0x00,0x00,0x00,0x00,0x00,0x00,0x00,0x00,0x00,0x00,
    0x00,0x00,0x00,0x00,0x00,0x00,0x00,0x00,0x00,0x00,0x00,0x00,
    0x00,0x00,0x00,0x00,0x00,0x00,0x00,0x00,0x00,0x00,0x00,0x00,
    0x00,0x00,0x00,0x00,0x00,0x00,0x00,0x00,0x00,0x00,0x00,0x00}},
    {"baby_magic",
     {0x00,0x00,0x00,0x00,0x00,0x00,0x00,0x00,0x00,0x00,0x00,0x00,
    0x00,0x00,0x00,0x00,0x00,0x00,0x00,0x00,0x00,0x00,0x00,0x00,
    0x00,0x00,0x00,0x00,0x00,0x00,0x00,0x00,0x00,0x00,0x00,0x00,
    0x00,0x00,0x00,0x00,0x00,0x00,0x00,0x00,0x00,0x00,0x00,0x00,
    0x00,0x00,0x00,0x00,0x00,0x00,0x00,0x00,0x00,0x00,0x00,0x00,
    0x00,0x00,0x00,0x00,0x00,0x00,0x00,0x00,0x00,0x00,0x00,0x00,
    0x00,0x00,0x00,0x00,0x00,0x00,0x00,0x00,0x00,0x00,0x00,0x00,
    0x00,0x00,0x00,0x00,0x00,0x00,0x00,0x00,0x00,0x00,0x00,0x00,
    0x00,0x00,0x00,0x00,0x00,0x00,0x00,0x00,0x00,0x00,0x00,0x00,
    0x00,0x00,0x00,0x00,0x00,0x00,0x00,0x00,0x00,0x00,0x00,0x00,
    0x00,0x00,0x00,0x00,0x00,0x00,0x00,0x00,0x00,0x00,0x00,0x00,
    0x00,0x00,0x00,0x00,0x00,0x00,0x00,0x00,0x00,0x00,0x00,0x00,
    0x00,0x00,0x00,0x00,0x00,0x00,0x00,0x00,0x00,0x00,0x00,0x00,
    0x00,0x00,0x00,0x00,0x00,0x00,0x00,0x00,0x00,0x00,0x00,0x00,
    0x00,0x00,0x00,0x00,0x00,0x00,0x00,0x00,0x00,0x00,0x00,0x00,
    0x00,0x00,0x00,0x00,0x00,0x00,0x00,0x00,0x00,0x00,0x00,0x00,
    0x00,0x00,0x00,0x00,0x00,0x00,0x00,0x00,0x00,0x00,0x00,0x00,
    0x00,0x00,0x00,0x00,0x00,0x00,0x00,0x00,0x00,0x00,0x00,0x00,
    0x00,0x00,0x00,0x00,0x00,0x00,0x00,0x00,0x00,0x00,0x00,0x00,
    0x00,0x00,0x00,0x00,0x00,0x00,0x00,0x00,0x00,0x00,0x00,0x00,
    0x00,0x00,0x00,0x00,0x00,0x00,0x00,0x00,0x00,0x00,0x00,0x00,
    0x10,0x00,0x00,0x00,0x00,0x00,0x00,0x00,0x00,0x00,0x00,0x00,
    0x00,0x00,0x00,0x00,0x00,0x00,0x00,0x00,0x00,0x00,0x00,0x00,
    0x10,0x00,0x00,0x00,0x00,0x00,0x00,0x00,0x00,0x00,0x00,0x00,
    0x00,0x00,0x00,0x00,0x00,0x00,0x00,0x00,0x00,0x00,0x00,0x00,
    0x01,0x00,0x00,0x00,0x00,0x00,0x00,0x00,0x00,0x00,0x00,0x00,
    0x00,0x00,0x00,0x00,0x00,0x00,0x00,0x00,0x00,0x00,0x00,0x00,
    0x10,0x00,0x00,0x00,0x00,0x00,0x00,0x00,0x00,0x00,0x00,0x00,
    0x00,0x00,0x00,0x00,0x00,0x00,0x00,0x00,0x00,0x00,0x00,0x00,
    0x01,0x00,0x00,0x00,0x00,0x00,0x00,0x00,0x00,0x00,0x00,0x00,
    0x00,0x00,0x00,0x00,0x00,0x00,0x00,0x00,0x00,0x00,0x00,0x00,
    0x00,0x00,0x00,0x00,0x00,0x00,0x00,0x00,0x00,0x00,0x00,0x00,
    0x00,0x00,0x00,0x00,0x00,0x00,0x00,0x00,0x00,0x00,0x00,0x00,
    0x10,0x00,0x00,0x00,0x00,0x00,0x00,0x00,0x00,0x00,0x00,0x00,
    0x00,0x00,0x00,0x00,0x00,0x00,0x00,0x00,0x00,0x00,0x11,0x11,
    0x81,0x11,0x10,0x00,0x00,0x00,0x00,0x00,0x00,0x00,0x00,0x00,
    0x00,0x00,0x00,0x00,0x00,0x00,0x00,0x00,0x00,0x11,0x88,0x88,
    0x88,0x88,0x81,0x10,0x00,0x00,0x00,0x00,0x00,0x00,0x00,0x00,
    0x00,0x00,0x00,0x00,0x00,0x00,0x00,0x00,0x01,0x88,0x88,0x88,
    0x88,0x88,0x88,0x81,0x00,0x00,0x00,0x00,0x00,0x00,0x00,0x00,
    0x00,0x00,0x00,0x00,0x00,0x00,0x00,0x00,0x18,0x88,0x88,0x88,
    0x88,0x88,0x88,0x88,0x10,0x00,0x00,0x00,0x00,0x00,0x00,0x00,
    0x00,0x00,0x00,0x00,0x00,0x00,0x00,0x00,0x18,0x81,0x88,0x88,
    0x88,0x88,0x81,0x88,0x10,0x00,0x00,0x00,0x00,0x00,0x00,0x00,
    0x00,0x00,0x00,0x00,0x00,0x00,0x00,0x01,0x88,0x11,0x18,0x88,
    0x88,0x88,0x11,0x18,0x81,0x00,0x00,0x00,0x00,0x00,0x00,0x00,
    0x00,0x00,0x00,0x00,0x00,0x00,0x00,0x01,0x88,0x12,0x28,0x88,
    0x88,0x88,0x12,0x28,0x81,0x00,0x00,0x00,0x00,0x00,0x00,0x00,
    0x00,0x00,0x00,0x00,0x00,0x00,0x00,0x18,0x81,0x11,0x11,0x88,
    0x88,0x81,0x11,0x11,0x88,0x10,0x00,0x00,0x00,0x00,0x00,0x00,
    0x00,0x00,0x00,0x00,0x00,0x00,0x00,0x18,0x88,0x11,0x18,0x88,
    0x88,0x88,0x11,0x18,0x88,0x10,0x00,0x00,0x00,0x00,0x00,0x00,
    0x00,0x00,0x00,0x00,0x00,0x00,0x00,0x15,0x88,0x11,0x18,0x88,
    0x88,0x88,0x11,0x18,0x85,0x10,0x00,0x00,0x00,0x00,0x00,0x00,
    0x00,0x00,0x00,0x00,0x00,0x00,0x01,0x55,0x55,0x81,0x88,0x18,
    0x88,0x18,0x81,0x85,0x55,0x51,0x00,0x00,0x00,0x00,0x00,0x00,
    0x00,0x00,0x00,0x00,0x00,0x01,0x15,0x55,0x55,0x58,0x88,0x81,
    0x11,0x88,0x88,0x55,0x55,0x55,0x11,0x00,0x00,0x00,0x00,0x00,
    0x00,0x00,0x00,0x00,0x01,0x18,0x88,0x55,0x55,0x88,0x33,0x33,
    0x33,0x33,0x38,0x85,0x55,0x58,0x88,0x11,0x00,0x00,0x00,0x00,
    0x00,0x00,0x00,0x00,0x01,0x88,0x88,0x85,0x88,0x83,0x33,0x33,
    0x33,0x33,0x33,0x88,0x85,0x88,0x88,0x81,0x00,0x00,0x00,0x00,
    0x00,0x00,0x00,0x00,0x18,0x88,0x88,0x88,0x88,0x33,0x33,0x33,
    0x33,0x33,0x33,0x38,0x88,0x88,0x88,0x88,0x10,0x00,0x00,0x00,
    0x00,0x00,0x00,0x00,0x01,0x88,0x88,0x18,0x88,0x33,0x33,0x33,
    0x33,0x33,0x33,0x38,0x88,0x18,0x88,0x81,0x00,0x00,0x00,0x00,
    0x00,0x00,0x00,0x00,0x01,0x18,0x11,0x01,0x83,0x33,0x33,0x33,
    0x33,0x33,0x33,0x33,0x81,0x01,0x18,0x11,0x00,0x00,0x00,0x00,
    0x00,0x00,0x00,0x00,0x00,0x01,0x00,0x01,0x88,0x33,0x33,0x33,
    0x33,0x33,0x33,0x38,0x81,0x00,0x01,0x00,0x00,0x00,0x00,0x00,
    0x00,0x00,0x00,0x00,0x00,0x00,0x00,0x00,0x18,0x33,0x33,0x33,
    0x33,0x33,0x33,0x38,0x10,0x00,0x00,0x00,0x00,0x00,0x00,0x00,
    0x00,0x00,0x00,0x00,0x00,0x00,0x00,0x00,0x18,0x83,0x33,0x33,
    0x33,0x33,0x33,0x88,0x10,0x00,0x00,0x00,0x00,0x00,0x00,0x00,
    0x00,0x00,0x00,0x00,0x00,0x00,0x00,0x00,0x01,0x88,0x33,0x33,
    0x33,0x33,0x38,0x81,0x00,0x00,0x00,0x00,0x00,0x00,0x00,0x00,
    0x00,0x00,0x00,0x00,0x00,0x00,0x00,0x00,0x00,0x11,0x88,0x88,
    0x38,0x88,0x81,0x10,0x00,0x00,0x00,0x00,0x00,0x00,0x00,0x00,
    0x00,0x00,0x00,0x00,0x00,0x00,0x00,0x00,0x00,0x00,0x11,0x11,
    0x81,0x11,0x10,0x00,0x00,0x00,0x00,0x00,0x00,0x00,0x00,0x00,
    0x00,0x00,0x00,0x00,0x00,0x00,0x00,0x00,0x00,0x01,0x00,0x00,
    0x10,0x00,0x01,0x00,0x00,0x00,0x00,0x00,0x00,0x00,0x00,0x00,
    0x00,0x00,0x00,0x00,0x00,0x00,0x00,0x00,0x01,0x18,0x11,0x00,
    0x00,0x01,0x18,0x11,0x00,0x00,0x00,0x00,0x00,0x00,0x00,0x00,
    0x00,0x00,0x00,0x00,0x00,0x00,0x00,0x00,0x18,0x88,0x88,0x10,
    0x00,0x18,0x88,0x88,0x10,0x00,0x00,0x00,0x00,0x00,0x00,0x00,
    0x00,0x00,0x00,0x00,0x00,0x00,0x00,0x00,0x01,0x18,0x11,0x00,
    0x00,0x01,0x18,0x11,0x00,0x00,0x00,0x00,0x00,0x00,0x00,0x00,
    0x00,0x00,0x00,0x00,0x00,0x00,0x00,0x00,0x00,0x01,0x00,0x00,
    0x00,0x00,0x01,0x00,0x00,0x00,0x00,0x00,0x00,0x00,0x00,0x00,
    0x00,0x00,0x00,0x00,0x00,0x00,0x00,0x00,0x00,0x00,0x00,0x00,
    0x00,0x00,0x00,0x00,0x00,0x00,0x00,0x00,0x00,0x00,0x00,0x00,
    0x00,0x00,0x00,0x00,0x00,0x00,0x00,0x00,0x00,0x00,0x00,0x00,
    0x00,0x00,0x00,0x00,0x00,0x00,0x00,0x00,0x00,0x00,0x00,0x00,
    0x00,0x00,0x00,0x00,0x00,0x00,0x00,0x00,0x00,0x00,0x00,0x00,
    0x00,0x00,0x00,0x00,0x00,0x00,0x00,0x00,0x00,0x00,0x00,0x00}},
    {"baby_speed",
     {0x00,0x00,0x00,0x00,0x00,0x00,0x00,0x00,0x00,0x00,0x00,0x00,
    0x00,0x00,0x00,0x00,0x00,0x00,0x00,0x00,0x00,0x00,0x00,0x00,
    0x00,0x00,0x00,0x00,0x00,0x00,0x00,0x00,0x00,0x00,0x00,0x00,
    0x00,0x00,0x00,0x00,0x00,0x00,0x00,0x00,0x00,0x00,0x00,0x00,
    0x00,0x00,0x00,0x00,0x00,0x00,0x00,0x00,0x00,0x00,0x00,0x00,
    0x00,0x00,0x00,0x00,0x00,0x00,0x00,0x00,0x00,0x00,0x00,0x00,
    0x00,0x00,0x00,0x00,0x00,0x00,0x00,0x00,0x00,0x00,0x00,0x00,
    0x00,0x00,0x00,0x00,0x00,0x00,0x00,0x00,0x00,0x00,0x00,0x00,
    0x00,0x00,0x00,0x00,0x00,0x00,0x00,0x00,0x00,0x00,0x00,0x00,
    0x00,0x00,0x00,0x00,0x00,0x00,0x00,0x00,0x00,0x00,0x00,0x00,
    0x00,0x00,0x00,0x00,0x00,0x00,0x00,0x00,0x00,0x00,0x00,0x00,
    0x00,0x00,0x00,0x00,0x00,0x00,0x00,0x00,0x00,0x00,0x00,0x00,
    0x00,0x00,0x00,0x00,0x00,0x00,0x00,0x00,0x00,0x00,0x00,0x00,
    0x00,0x00,0x00,0x00,0x00,0x00,0x00,0x00,0x00,0x00,0x00,0x00,
    0x00,0x00,0x00,0x00,0x00,0x00,0x00,0x00,0x00,0x00,0x00,0x00,
    0x00,0x00,0x00,0x00,0x00,0x00,0x00,0x00,0x00,0x00,0x00,0x00,
    0x00,0x00,0x00,0x00,0x00,0x00,0x00,0x00,0x00,0x00,0x00,0x00,
    0x00,0x00,0x00,0x00,0x00,0x00,0x00,0x00,0x00,0x00,0x00,0x00,
    0x00,0x00,0x00,0x00,0x00,0x00,0x00,0x00,0x00,0x00,0x00,0x00,
    0x00,0x00,0x00,0x00,0x00,0x00,0x00,0x00,0x00,0x00,0x00,0x00,
    0x00,0x00,0x00,0x00,0x00,0x00,0x00,0x00,0x00,0x00,0x00,0x00,
    0x00,0x00,0x00,0x00,0x00,0x00,0x00,0x00,0x00,0x00,0x00,0x00,
    0x00,0x00,0x00,0x00,0x00,0x00,0x00,0x00,0x00,0x00,0x00,0x00,
    0x00,0x00,0x00,0x00,0x00,0x00,0x00,0x00,0x00,0x00,0x00,0x00,
    0x00,0x00,0x00,0x00,0x00,0x00,0x00,0x00,0x00,0x00,0x00,0x00,
    0x00,0x00,0x00,0x00,0x00,0x00,0x00,0x00,0x00,0x00,0x00,0x00,
    0x00,0x00,0x00,0x00,0x00,0x00,0x00,0x01,0x00,0x00,0x00,0x00,
    0x00,0x00,0x00,0x00,0x01,0x00,0x00,0x00,0x00,0x00,0x00,0x00,
    0x00,0x00,0x00,0x00,0x00,0x00,0x00,0x1D,0x10,0x00,0x00,0x00,
    0x00,0x00,0x00,0x00,0x1D,0x10,0x00,0x00,0x00,0x00,0x00,0x00,
    0x00,0x00,0x00,0x00,0x00,0x00,0x00,0x1D,0x10,0x00,0x00,0x00,
    0x00,0x00,0x00,0x00,0x1D,0x10,0x00,0x00,0x00,0x00,0x00,0x00,
    0x00,0x00,0x00,0x00,0x00,0x00,0x00,0x1D,0x10,0x00,0x00,0x00,
    0x10,0x00,0x00,0x00,0x1D,0x10,0x00,0x00,0x00,0x00,0x00,0x00,
    0x00,0x00,0x00,0x00,0x00,0x00,0x01,0xDD,0xD1,0x00,0x11,0x11,
    0xD1,0x11,0x10,0x01,0xDD,0xD1,0x00,0x00,0x00,0x00,0x00,0x00,
    0x00,0x00,0x00,0x00,0x00,0x00,0x00,0x1D,0x10,0x11,0xDD,0xDD,
    0xDD,0xDD,0xD1,0x10,0x1D,0x10,0x00,0x00,0x00,0x00,0x00,0x00,
    0x00,0x00,0x00,0x00,0x00,0x00,0x00,0x1D,0xD1,0xDD,0xDD,0xDD,
    0xDD,0xDD,0xDD,0xD1,0xDD,0x10,0x00,0x00,0x00,0x00,0x00,0x00,
    0x00,0x00,0x00,0x00,0x00,0x00,0x00,0x1D,0xDD,0xDD,0xDD,0xDD,
    0xDD,0xDD,0xDD,0xDD,0xDD,0x10,0x00,0x00,0x00,0x00,0x00,0x00,
    0x00,0x00,0x00,0x00,0x00,0x00,0x00,0x01,0xDD,0xD1,0xDD,0xDD,
    0xDD,0xDD,0xD1,0xDD,0xD1,0x00,0x00,0x00,0x00,0x00,0x00,0x00,
    0x00,0x00,0x00,0x00,0x00,0x00,0x00,0x01,0xDD,0x11,0x1D,0xDD,
    0xDD,0xDD,0x11,0x1D,0xD1,0x00,0x00,0x00,0x00,0x00,0x00,0x00,
    0x00,0x00,0x00,0x00,0x00,0x00,0x00,0x01,0xDD,0x12,0x2D,0xDD,
    0xDD,0xDD,0x12,0x2D,0xD1,0x00,0x00,0x00,0x00,0x00,0x00,0x00,
    0x00,0x00,0x00,0x00,0x00,0x00,0x00,0x1D,0xD1,0x11,0x11,0xDD,
    0xDD,0xD1,0x11,0x11,0xDD,0x10,0x00,0x00,0x00,0x00,0x00,0x00,
    0x00,0x00,0x00,0x00,0x00,0x00,0x00,0x1D,0xDD,0x11,0x1D,0xDD,
    0xDD,0xDD,0x11,0x1D,0xDD,0x10,0x00,0x00,0x00,0x00,0x00,0x00,
    0x00,0x00,0x00,0x00,0x00,0x00,0x00,0x15,0xDD,0x11,0x1D,0xDD,
    0xDD,0xDD,0x11,0x1D,0xD5,0x10,0x00,0x01,0x00,0x00,0x00,0x00,
    0x00,0x00,0x00,0x00,0x00,0x00,0x01,0x55,0x55,0xD1,0xDD,0x1D,
    0xDD,0x1D,0xD1,0xD5,0x55,0x51,0x00,0x00,0x00,0x00,0x00,0x00,
    0x00,0x00,0x00,0x00,0x00,0x01,0x15,0x55,0x55,0x5D,0xDD,0xD1,
    0x11,0xDD,0xDD,0x55,0x55,0x55,0x11,0x00,0x10,0x00,0x00,0x00,
    0x00,0x00,0x00,0x00,0x01,0x1D,0xDD,0x55,0x55,0xDD,0x33,0x33,
    0x33,0x33,0x3D,0xD5,0x55,0x5D,0xDD,0x11,0x00,0x00,0x00,0x00,
    0x00,0x00,0x00,0x00,0x01,0xDD,0xDD,0xD5,0xDD,0xD3,0x33,0x33,
    0x33,0x33,0x33,0xDD,0xD5,0xDD,0xDD,0xD1,0x00,0x00,0x00,0x00,
    0x00,0x00,0x00,0x00,0x1D,0xDD,0xDD,0xDD,0xDD,0x33,0x33,0x33,
    0x33,0x33,0x33,0x3D,0xDD,0xDD,0xDD,0xDD,0x10,0x00,0x00,0x00,
    0x00,0x00,0x00,0x00,0x01,0xDD,0xDD,0x1D,0xDD,0x33,0x33,0x33,
    0x33,0x33,0x33,0x3D,0xDD,0x1D,0xDD,0xD1,0x00,0x00,0x00,0x00,
    0x00,0x00,0x00,0x00,0x01,0x1D,0x11,0x01,0xD3,0x33,0x33,0x33,
    0x33,0x33,0x33,0x33,0xD1,0x01,0x1D,0x11,0x00,0x00,0x00,0x00,
    0x00,0x00,0x00,0x00,0x00,0x01,0x00,0x01,0xDD,0x33,0x33,0x33,
    0x33,0x33,0x33,0x3D,0xD1,0x00,0x01,0x00,0x00,0x00,0x00,0x00,
    0x00,0x00,0x00,0x00,0x00,0x00,0x00,0x00,0x1D,0x33,0x33,0x33,
    0x33,0x33,0x33,0x3D,0x10,0x00,0x00,0x00,0x00,0x00,0x00,0x00,
    0x00,0x00,0x00,0x00,0x00,0x00,0x00,0x00,0x1D,0xD3,0x33,0x33,
    0x33,0x33,0x33,0xDD,0x10,0x00,0x00,0x00,0x00,0x00,0x00,0x00,
    0x00,0x00,0x00,0x00,0x00,0x00,0x00,0x00,0x01,0xDD,0x33,0x33,
    0x33,0x33,0x3D,0xD1,0x00,0x00,0x00,0x00,0x00,0x00,0x00,0x00,
    0x00,0x00,0x00,0x00,0x00,0x00,0x00,0x00,0x00,0x11,0xDD,0xDD,
    0x3D,0xDD,0xD1,0x10,0x00,0x00,0x00,0x00,0x00,0x00,0x00,0x00,
    0x00,0x00,0x00,0x00,0x00,0x00,0x00,0x00,0x00,0x00,0x11,0x11,
    0xD1,0x11,0x10,0x00,0x00,0x00,0x00,0x00,0x00,0x00,0x00,0x00,
    0x00,0x00,0x00,0x00,0x00,0x00,0x00,0x00,0x00,0x01,0x00,0x00,
    0x10,0x00,0x01,0x00,0x00,0x00,0x00,0x00,0x00,0x00,0x00,0x00,
    0x00,0x00,0x00,0x00,0x00,0x00,0x00,0x00,0x01,0x1D,0x11,0x00,
    0x00,0x01,0x1D,0x11,0x00,0x00,0x00,0x00,0x00,0x00,0x00,0x00,
    0x00,0x00,0x00,0x00,0x00,0x00,0x00,0x00,0x1D,0xDD,0xDD,0x10,
    0x00,0x1D,0xDD,0xDD,0x10,0x00,0x00,0x00,0x00,0x00,0x00,0x00,
    0x00,0x00,0x00,0x00,0x00,0x00,0x00,0x00,0x01,0x1D,0x11,0x00,
    0x00,0x01,0x1D,0x11,0x00,0x00,0x00,0x00,0x00,0x00,0x00,0x00,
    0x00,0x00,0x00,0x00,0x00,0x00,0x00,0x00,0x00,0x01,0x00,0x00,
    0x00,0x00,0x01,0x00,0x00,0x00,0x00,0x00,0x00,0x00,0x00,0x00,
    0x00,0x00,0x00,0x00,0x00,0x00,0x00,0x00,0x00,0x00,0x00,0x00,
    0x00,0x00,0x00,0x00,0x00,0x00,0x00,0x00,0x00,0x00,0x00,0x00,
    0x00,0x00,0x00,0x00,0x00,0x00,0x00,0x00,0x00,0x00,0x00,0x00,
    0x00,0x00,0x00,0x00,0x00,0x00,0x00,0x00,0x00,0x00,0x00,0x00,
    0x00,0x00,0x00,0x00,0x00,0x00,0x00,0x00,0x00,0x00,0x00,0x00,
    0x00,0x00,0x00,0x00,0x00,0x00,0x00,0x00,0x00,0x00,0x00,0x00}},
    {"growth_force",
     {0x00,0x00,0x00,0x00,0x00,0x00,0x00,0x00,0x00,0x00,0x00,0x00,
    0x00,0x00,0x00,0x00,0x00,0x00,0x00,0x00,0x00,0x00,0x00,0x00,
    0x00,0x00,0x00,0x00,0x00,0x00,0x00,0x00,0x00,0x00,0x00,0x00,
    0x00,0x00,0x00,0x00,0x00,0x00,0x00,0x00,0x00,0x00,0x00,0x00,
    0x00,0x00,0x00,0x00,0x00,0x00,0x00,0x00,0x00,0x00,0x00,0x00,
    0x00,0x00,0x00,0x00,0x00,0x00,0x00,0x00,0x00,0x00,0x00,0x00,
    0x00,0x00,0x00,0x00,0x00,0x00,0x00,0x00,0x00,0x00,0x00,0x00,
    0x00,0x00,0x00,0x00,0x00,0x00,0x00,0x00,0x00,0x00,0x00,0x00,
    0x00,0x00,0x00,0x00,0x00,0x00,0x00,0x00,0x00,0x00,0x00,0x00,
    0x00,0x00,0x00,0x00,0x00,0x00,0x00,0x00,0x00,0x00,0x00,0x00,
    0x00,0x00,0x00,0x00,0x00,0x00,0x00,0x00,0x00,0x00,0x00,0x00,
    0x00,0x00,0x00,0x00,0x00,0x00,0x00,0x00,0x00,0x00,0x00,0x00,
    0x00,0x00,0x00,0x00,0x00,0x00,0x00,0x00,0x00,0x00,0x00,0x00,
    0x00,0x00,0x00,0x00,0x00,0x00,0x00,0x00,0x00,0x00,0x00,0x00,
    0x00,0x00,0x00,0x00,0x00,0x00,0x00,0x00,0x00,0x00,0x00,0x00,
    0x00,0x00,0x00,0x00,0x00,0x00,0x00,0x00,0x00,0x00,0x00,0x00,
    0x00,0x00,0x00,0x00,0x00,0x00,0x00,0x00,0x00,0x00,0x00,0x00,
    0x00,0x00,0x00,0x00,0x00,0x00,0x00,0x00,0x00,0x00,0x00,0x00,
    0x00,0x00,0x00,0x00,0x00,0x00,0x00,0x00,0x00,0x00,0x00,0x00,
    0x00,0x00,0x00,0x00,0x00,0x00,0x00,0x00,0x00,0x00,0x00,0x00,
    0x00,0x00,0x00,0x00,0x00,0x00,0x00,0x00,0x00,0x00,0x00,0x00,
    0x00,0x00,0x00,0x00,0x00,0x00,0x00,0x00,0x00,0x00,0x00,0x00,
    0x00,0x00,0x00,0x00,0x00,0x00,0x00,0x00,0x00,0x00,0x00,0x00,
    0x00,0x00,0x00,0x00,0x00,0x00,0x00,0x00,0x00,0x00,0x00,0x00,
    0x00,0x00,0x00,0x00,0x00,0x00,0x00,0x00,0x00,0x00,0x00,0x00,
    0x00,0x00,0x00,0x00,0x00,0x00,0x00,0x00,0x00,0x00,0x00,0x00,
    0x00,0x00,0x00,0x00,0x00,0x00,0x00,0x00,0x00,0x00,0x00,0x00,
    0x00,0x00,0x00,0x00,0x00,0x00,0x00,0x00,0x00,0x00,0x00,0x00,
    0x00,0x00,0x00,0x00,0x00,0x00,0x00,0x00,0x00,0x00,0x00,0x00,
    0x10,0x00,0x00,0x00,0x00,0x00,0x00,0x00,0x00,0x00,0x00,0x00,
    0x00,0x00,0x00,0x00,0x00,0x00,0x00,0x00,0x00,0x01,0x11,0x11,
    0x91,0x11,0x11,0x00,0x00,0x00,0x00,0x00,0x00,0x00,0x00,0x00,
    0x00,0x00,0x00,0x00,0x00,0x00,0x00,0x00,0x01,0x19,0x99,0x99,
    0x99,0x99,0x99,0x11,0x00,0x00,0x00,0x00,0x00,0x00,0x00,0x00,
    0x00,0x00,0x00,0x00,0x00,0x00,0x00,0x00,0x19,0x99,0x99,0x99,
    0x99,0x99,0x99,0x99,0x10,0x00,0x00,0x00,0x00,0x00,0x00,0x00,
    0x00,0x00,0x00,0x00,0x00,0x00,0x00,0x11,0x99,0x99,0x99,0x99,
    0x99,0x99,0x99,0x99,0x91,0x10,0x00,0x00,0x00,0x00,0x00,0x00,
    0x00,0x00,0x00,0x00,0x00,0x00,0x01,0x99,0x11,0x11,0x19,0x99,
    0x99,0x99,0x11,0x11,0x19,0x91,0x00,0x00,0x00,0x00,0x00,0x00,
    0x00,0x00,0x00,0x00,0x00,0x00,0x01,0x99,0x99,0x19,0x99,0x99,
    0x99,0x99,0x99,0x19,0x99,0x91,0x00,0x00,0x00,0x00,0x00,0x00,
    0x00,0x00,0x00,0x00,0x00,0x00,0x19,0x99,0x91,0x11,0x99,0x99,
    0x99,0x99,0x91,0x11,0x99,0x99,0x10,0x00,0x00,0x00,0x00,0x00,
    0x00,0x00,0x00,0x00,0x00,0x00,0x19,0x99,0x91,0x22,0x99,0x99,
    0x99,0x99,0x91,0x22,0x99,0x99,0x10,0x00,0x00,0x00,0x00,0x00,
    0x00,0x00,0x00,0x00,0x00,0x01,0x99,0x99,0x11,0x11,0x19,0x99,
    0x99,0x99,0x11,0x11,0x19,0x99,0x91,0x00,0x00,0x00,0x00,0x00,
    0x00,0x00,0x00,0x00,0x00,0x01,0x99,0x99,0x91,0x11,0x99,0x99,
    0x99,0x99,0x91,0x11,0x99,0x99,0x91,0x00,0x00,0x00,0x00,0x00,
    0x00,0x00,0x00,0x00,0x00,0x01,0x99,0x99,0x91,0x11,0x99,0x99,
    0x99,0x99,0x91,0x11,0x99,0x99,0x91,0x00,0x00,0x00,0x00,0x00,
    0x00,0x00,0x00,0x00,0x10,0x01,0x99,0x99,0x99,0x19,0x99,0x99,
    0x99,0x99,0x99,0x19,0x99,0x99,0x91,0x00,0x10,0x00,0x00,0x00,
    0x00,0x00,0x00,0x11,0x91,0x19,0x99,0x99,0x99,0x99,0x99,0x19,
    0x39,0x19,0x99,0x99,0x99,0x99,0x99,0x11,0x91,0x10,0x00,0x00,
    0x00,0x00,0x01,0x99,0x99,0x99,0x99,0x99,0x99,0x99,0x33,0x31,
    0x11,0x33,0x39,0x99,0x99,0x99,0x99,0x99,0x99,0x91,0x00,0x00,
    0x00,0x00,0x01,0x99,0x99,0x99,0x99,0x99,0x99,0x33,0x33,0x33,
    0x33,0x33,0x33,0x39,0x99,0x99,0x99,0x99,0x99,0x91,0x00,0x00,
    0x00,0x00,0x1C,0xCC,0xCC,0xC9,0x99,0x99,0x93,0x33,0x33,0x33,
    0x33,0x33,0x33,0x33,0x99,0x99,0x99,0xCC,0xCC,0xCC,0x10,0x00,
    0x00,0x00,0x01,0xCC,0xCC,0xC9,0x99,0x99,0x33,0x33,0x33,0x33,
    0x33,0x33,0x33,0x33,0x39,0x99,0x99,0xCC,0xCC,0xC1,0x00,0x00,
    0x00,0x00,0x01,0x99,0x99,0x91,0x99,0x99,0x33,0x33,0x33,0x33,
    0x33,0x33,0x33,0x33,0x39,0x99,0x91,0x99,0x99,0x91,0x00,0x00,
    0x00,0x00,0x00,0x11,0x91,0x10,0x19,0x93,0x33,0x33,0x33,0x33,
    0x33,0x33,0x33,0x33,0x33,0x99,0x10,0x11,0x91,0x10,0x00,0x00,
    0x00,0x00,0x00,0x00,0x10,0x00,0x01,0x99,0x33,0x33,0x33,0x33,
    0x33,0x33,0x33,0x33,0x39,0x91,0x00,0x00,0x10,0x00,0x00,0x00,
    0x00,0x00,0x00,0x00,0x00,0x00,0x01,0x99,0x33,0x33,0x33,0x33,
    0x33,0x33,0x33,0x33,0x39,0x91,0x00,0x00,0x00,0x00,0x00,0x00,
    0x00,0x00,0x00,0x00,0x00,0x00,0x00,0x11,0x93,0x33,0x33,0x33,
    0x33,0x33,0x33,0x33,0x91,0x10,0x00,0x00,0x00,0x00,0x00,0x00,
    0x00,0x00,0x00,0x00,0x00,0x00,0x00,0x00,0x19,0x33,0x33,0x33,
    0x33,0x33,0x33,0x39,0x10,0x00,0x00,0x00,0x00,0x00,0x00,0x00,
    0x00,0x00,0x00,0x00,0x00,0x00,0x00,0x00,0x01,0x19,0x33,0x33,
    0x33,0x33,0x39,0x11,0x00,0x00,0x00,0x00,0x00,0x00,0x00,0x00,
    0x00,0x00,0x00,0x00,0x00,0x00,0x00,0x00,0x00,0x01,0x11,0x11,
    0x31,0x11,0x11,0x00,0x00,0x00,0x00,0x00,0x00,0x00,0x00,0x00,
    0x00,0x00,0x00,0x00,0x00,0x00,0x00,0x00,0x00,0x00,0x00,0x00,
    0x10,0x00,0x00,0x00,0x00,0x00,0x00,0x00,0x00,0x00,0x00,0x00,
    0x00,0x00,0x00,0x00,0x00,0x00,0x00,0x00,0x00,0x10,0x00,0x00,
    0x00,0x00,0x00,0x10,0x00,0x00,0x00,0x00,0x00,0x00,0x00,0x00,
    0x00,0x00,0x00,0x00,0x00,0x00,0x00,0x01,0x11,0x91,0x11,0x00,
    0x00,0x01,0x11,0x91,0x11,0x00,0x00,0x00,0x00,0x00,0x00,0x00,
    0x00,0x00,0x00,0x00,0x00,0x00,0x00,0x19,0x99,0x99,0x99,0x10,
    0x00,0x19,0x99,0x99,0x99,0x10,0x00,0x00,0x00,0x00,0x00,0x00,
    0x00,0x00,0x00,0x00,0x00,0x00,0x00,0x01,0x11,0x91,0x11,0x00,
    0x00,0x01,0x11,0x91,0x11,0x00,0x00,0x00,0x00,0x00,0x00,0x00,
    0x00,0x00,0x00,0x00,0x00,0x00,0x00,0x00,0x00,0x10,0x00,0x00,
    0x00,0x00,0x00,0x10,0x00,0x00,0x00,0x00,0x00,0x00,0x00,0x00,
    0x00,0x00,0x00,0x00,0x00,0x00,0x00,0x00,0x00,0x00,0x00,0x00,
    0x00,0x00,0x00,0x00,0x00,0x00,0x00,0x00,0x00,0x00,0x00,0x00,
    0x00,0x00,0x00,0x00,0x00,0x00,0x00,0x00,0x00,0x00,0x00,0x00,
    0x00,0x00,0x00,0x00,0x00,0x00,0x00,0x00,0x00,0x00,0x00,0x00}},
    {"growth_magic",
     {0x00,0x00,0x00,0x00,0x00,0x00,0x00,0x00,0x00,0x00,0x00,0x00,
    0x00,0x00,0x00,0x00,0x00,0x00,0x00,0x00,0x00,0x00,0x00,0x00,
    0x00,0x00,0x00,0x00,0x00,0x00,0x00,0x00,0x00,0x00,0x00,0x00,
    0x00,0x00,0x00,0x00,0x00,0x00,0x00,0x00,0x00,0x00,0x00,0x00,
    0x00,0x00,0x00,0x00,0x00,0x00,0x00,0x00,0x00,0x00,0x00,0x00,
    0x00,0x00,0x00,0x00,0x00,0x00,0x00,0x00,0x00,0x00,0x00,0x00,
    0x00,0x00,0x00,0x00,0x00,0x00,0x00,0x00,0x00,0x00,0x00,0x00,
    0x00,0x00,0x00,0x00,0x00,0x00,0x00,0x00,0x00,0x00,0x00,0x00,
    0x00,0x00,0x00,0x00,0x00,0x00,0x00,0x00,0x00,0x00,0x00,0x00,
    0x00,0x00,0x00,0x00,0x00,0x00,0x00,0x00,0x00,0x00,0x00,0x00,
    0x00,0x00,0x00,0x00,0x00,0x00,0x00,0x00,0x00,0x00,0x00,0x00,
    0x00,0x00,0x00,0x00,0x00,0x00,0x00,0x00,0x00,0x00,0x00,0x00,
    0x00,0x00,0x00,0x00,0x00,0x00,0x00,0x00,0x00,0x00,0x00,0x00,
    0x00,0x00,0x00,0x00,0x00,0x00,0x00,0x00,0x00,0x00,0x00,0x00,
    0x00,0x00,0x00,0x00,0x00,0x00,0x00,0x00,0x00,0x00,0x00,0x00,
    0x00,0x00,0x00,0x00,0x00,0x00,0x00,0x00,0x00,0x00,0x00,0x00,
    0x00,0x00,0x00,0x00,0x00,0x00,0x00,0x00,0x00,0x00,0x00,0x00,
    0x10,0x00,0x00,0x00,0x00,0x00,0x00,0x00,0x00,0x00,0x00,0x00,
    0x00,0x00,0x00,0x00,0x00,0x00,0x00,0x00,0x00,0x00,0x00,0x00,
    0x10,0x00,0x00,0x00,0x00,0x00,0x00,0x00,0x00,0x00,0x00,0x00,
    0x00,0x00,0x00,0x00,0x00,0x00,0x00,0x00,0x00,0x00,0x00,0x00,
    0x01,0x00,0x00,0x00,0x00,0x00,0x00,0x00,0x00,0x00,0x00,0x00,
    0x00,0x00,0x00,0x00,0x00,0x00,0x00,0x00,0x00,0x00,0x00,0x00,
    0x00,0x10,0x00,0x00,0x00,0x00,0x00,0x00,0x00,0x00,0x00,0x00,
    0x00,0x00,0x00,0x00,0x00,0x00,0x00,0x00,0x00,0x00,0x00,0x00,
    0x00,0x10,0x00,0x00,0x00,0x00,0x00,0x00,0x00,0x00,0x00,0x00,
    0x00,0x00,0x00,0x00,0x00,0x00,0x00,0x00,0x00,0x00,0x00,0x00,
    0x10,0x00,0x00,0x00,0x00,0x00,0x00,0x00,0x00,0x00,0x00,0x00,
    0x00,0x00,0x00,0x00,0x00,0x00,0x00,0x00,0x00,0x00,0x11,0x11,
    0x81,0x11,0x10,0x00,0x00,0x00,0x00,0x00,0x00,0x00,0x00,0x00,
    0x00,0x00,0x00,0x00,0x00,0x00,0x00,0x00,0x00,0x11,0x88,0x88,
    0x88,0x88,0x81,0x10,0x00,0x00,0x00,0x00,0x00,0x00,0x00,0x00,
    0x00,0x00,0x00,0x00,0x00,0x00,0x00,0x00,0x01,0x88,0x88,0x88,
    0x88,0x88,0x88,0x81,0x00,0x00,0x00,0x00,0x00,0x00,0x00,0x00,
    0x00,0x00,0x00,0x00,0x00,0x00,0x00,0x00,0x18,0x88,0x88,0x88,
    0x88,0x88,0x88,0x88,0x10,0x00,0x00,0x00,0x00,0x00,0x00,0x00,
    0x00,0x00,0x00,0x00,0x00,0x00,0x00,0x01,0x88,0x88,0x88,0x88,
    0x88,0x88,0x88,0x88,0x81,0x00,0x00,0x00,0x00,0x00,0x00,0x00,
    0x00,0x00,0x00,0x00,0x00,0x00,0x00,0x01,0x88,0x88,0x88,0x88,
    0x88,0x88,0x88,0x88,0x81,0x00,0x00,0x00,0x00,0x00,0x00,0x00,
    0x00,0x00,0x00,0x00,0x00,0x00,0x00,0x18,0x88,0x18,0x88,0x88,
    0x88,0x88,0x88,0x18,0x88,0x10,0x00,0x00,0x00,0x00,0x00,0x00,
    0x00,0x00,0x00,0x00,0x00,0x00,0x00,0x18,0x81,0x11,0x88,0x88,
    0x88,0x88,0x81,0x11,0x88,0x10,0x00,0x00,0x00,0x00,0x00,0x00,
    0x00,0x00,0x00,0x00,0x00,0x00,0x01,0x88,0x81,0x22,0x88,0x88,
    0x88,0x88,0x81,0x22,0x88,0x81,0x00,0x00,0x00,0x00,0x00,0x00,
    0x00,0x00,0x00,0x00,0x00,0x00,0x01,0x88,0x11,0x11,0x18,0x88,
    0x88,0x88,0x11,0x11,0x18,0x81,0x00,0x00,0x00,0x00,0x00,0x00,
    0x00,0x00,0x00,0x00,0x00,0x00,0x01,0x88,0x81,0x11,0x88,0x88,
    0x88,0x88,0x81,0x11,0x88,0x81,0x00,0x00,0x00,0x00,0x00,0x00,
    0x00,0x00,0x00,0x00,0x00,0x00,0x01,0x88,0x81,0x11,0x88,0x88,
    0x88,0x88,0x81,0x11,0x88,0x81,0x00,0x00,0x00,0x00,0x00,0x00,
    0x00,0x00,0x00,0x00,0x00,0x00,0x01,0x58,0x88,0x18,0x88,0x88,
    0x88,0x88,0x88,0x18,0x88,0x51,0x00,0x00,0x00,0x00,0x00,0x00,
    0x00,0x00,0x00,0x00,0x00,0x01,0x15,0x55,0x58,0x88,0x88,0x18,
    0x38,0x18,0x88,0x88,0x55,0x55,0x11,0x00,0x00,0x00,0x00,0x00,
    0x00,0x00,0x00,0x00,0x01,0x18,0x88,0x55,0x52,0x88,0x33,0x31,
    0x11,0x33,0x38,0x82,0x55,0x58,0x88,0x11,0x00,0x00,0x00,0x00,
    0x00,0x00,0x00,0x00,0x01,0x88,0x88,0x55,0x58,0x83,0x33,0x33,
    0x33,0x33,0x33,0x88,0x55,0x58,0x88,0x81,0x00,0x00,0x00,0x00,
    0x00,0x00,0x00,0x00,0x18,0x88,0x88,0x88,0x88,0x33,0x33,0x33,
    0x33,0x33,0x33,0x38,0x88,0x88,0x88,0x88,0x10,0x00,0x00,0x00,
    0x00,0x00,0x00,0x00,0x01,0x88,0x88,0x88,0x83,0x33,0x33,0x33,
    0x33,0x33,0x33,0x33,0x88,0x88,0x88,0x81,0x00,0x00,0x00,0x00,
    0x00,0x00,0x00,0x00,0x01,0x18,0x11,0x88,0x83,0x33,0x33,0x33,
    0x33,0x33,0x33,0x33,0x88,0x81,0x18,0x11,0x00,0x00,0x00,0x00,
    0x00,0x00,0x00,0x00,0x00,0x01,0x00,0x18,0x33,0x33,0x33,0x33,
    0x33,0x33,0x33,0x33,0x38,0x10,0x01,0x00,0x00,0x00,0x00,0x00,
    0x00,0x00,0x00,0x00,0x00,0x00,0x00,0x18,0x83,0x33,0x33,0x33,
    0x33,0x33,0x33,0x33,0x88,0x10,0x00,0x00,0x00,0x00,0x00,0x00,
    0x00,0x00,0x00,0x00,0x00,0x00,0x00,0x01,0x83,0x33,0x33,0x33,
    0x33,0x33,0x33,0x33,0x81,0x00,0x00,0x00,0x00,0x00,0x00,0x00,
    0x00,0x00,0x00,0x00,0x00,0x00,0x00,0x01,0x88,0x33,0x33,0x33,
    0x33,0x33,0x33,0x38,0x81,0x00,0x00,0x00,0x00,0x00,0x00,0x00,
    0x00,0x00,0x00,0x00,0x00,0x00,0x00,0x00,0x18,0x83,0x33,0x33,
    0x33,0x33,0x33,0x88,0x10,0x00,0x00,0x00,0x00,0x00,0x00,0x00,
    0x00,0x00,0x00,0x00,0x00,0x00,0x00,0x00,0x01,0x88,0x33,0x33,
    0x33,0x33,0x38,0x81,0x00,0x00,0x00,0x00,0x00,0x00,0x00,0x00,
    0x00,0x00,0x00,0x00,0x00,0x00,0x00,0x00,0x00,0x11,0x88,0x88,
    0x38,0x88,0x81,0x10,0x00,0x00,0x00,0x00,0x00,0x00,0x00,0x00,
    0x00,0x00,0x00,0x00,0x00,0x00,0x00,0x00,0x00,0x00,0x11,0x11,
    0x81,0x11,0x10,0x00,0x00,0x00,0x00,0x00,0x00,0x00,0x00,0x00,
    0x00,0x00,0x00,0x00,0x00,0x00,0x00,0x00,0x00,0x01,0x00,0x00,
    0x10,0x00,0x01,0x00,0x00,0x00,0x00,0x00,0x00,0x00,0x00,0x00,
    0x00,0x00,0x00,0x00,0x00,0x00,0x00,0x00,0x01,0x18,0x11,0x00,
    0x00,0x01,0x18,0x11,0x00,0x00,0x00,0x00,0x00,0x00,0x00,0x00,
    0x00,0x00,0x00,0x00,0x00,0x00,0x00,0x00,0x18,0x88,0x88,0x10,
    0x00,0x18,0x88,0x88,0x10,0x00,0x00,0x00,0x00,0x00,0x00,0x00,
    0x00,0x00,0x00,0x00,0x00,0x00,0x00,0x00,0x01,0x18,0x11,0x00,
    0x00,0x01,0x18,0x11,0x00,0x00,0x00,0x00,0x00,0x00,0x00,0x00,
    0x00,0x00,0x00,0x00,0x00,0x00,0x00,0x00,0x00,0x01,0x00,0x00,
    0x00,0x00,0x01,0x00,0x00,0x00,0x00,0x00,0x00,0x00,0x00,0x00,
    0x00,0x00,0x00,0x00,0x00,0x00,0x00,0x00,0x00,0x00,0x00,0x00,
    0x00,0x00,0x00,0x00,0x00,0x00,0x00,0x00,0x00,0x00,0x00,0x00,
    0x00,0x00,0x00,0x00,0x00,0x00,0x00,0x00,0x00,0x00,0x00,0x00,
    0x00,0x00,0x00,0x00,0x00,0x00,0x00,0x00,0x00,0x00,0x00,0x00}},
    {"growth_speed",
     {0x00,0x00,0x00,0x00,0x00,0x00,0x00,0x00,0x00,0x00,0x00,0x00,
    0x00,0x00,0x00,0x00,0x00,0x00,0x00,0x00,0x00,0x00,0x00,0x00,
    0x00,0x00,0x00,0x00,0x00,0x00,0x00,0x00,0x00,0x00,0x00,0x00,
    0x00,0x00,0x00,0x00,0x00,0x00,0x00,0x00,0x00,0x00,0x00,0x00,
    0x00,0x00,0x00,0x00,0x00,0x00,0x00,0x00,0x00,0x00,0x00,0x00,
    0x00,0x00,0x00,0x00,0x00,0x00,0x00,0x00,0x00,0x00,0x00,0x00,
    0x00,0x00,0x00,0x00,0x00,0x00,0x00,0x00,0x00,0x00,0x00,0x00,
    0x00,0x00,0x00,0x00,0x00,0x00,0x00,0x00,0x00,0x00,0x00,0x00,
    0x00,0x00,0x00,0x00,0x00,0x00,0x00,0x00,0x00,0x00,0x00,0x00,
    0x00,0x00,0x00,0x00,0x00,0x00,0x00,0x00,0x00,0x00,0x00,0x00,
    0x00,0x00,0x00,0x00,0x00,0x00,0x00,0x00,0x00,0x00,0x00,0x00,
    0x00,0x00,0x00,0x00,0x00,0x00,0x00,0x00,0x00,0x00,0x00,0x00,
    0x00,0x00,0x00,0x00,0x00,0x00,0x00,0x00,0x00,0x00,0x00,0x00,
    0x00,0x00,0x00,0x00,0x00,0x00,0x00,0x00,0x00,0x00,0x00,0x00,
    0x00,0x00,0x00,0x00,0x00,0x00,0x00,0x00,0x00,0x00,0x00,0x00,
    0x00,0x00,0x00,0x00,0x00,0x00,0x00,0x00,0x00,0x00,0x00,0x00,
    0x00,0x00,0x00,0x00,0x00,0x00,0x00,0x00,0x00,0x00,0x00,0x00,
    0x00,0x00,0x00,0x00,0x00,0x00,0x00,0x00,0x00,0x00,0x00,0x00,
    0x00,0x00,0x00,0x00,0x00,0x00,0x00,0x00,0x00,0x00,0x00,0x00,
    0x00,0x00,0x00,0x00,0x00,0x00,0x00,0x00,0x00,0x00,0x00,0x00,
    0x00,0x00,0x00,0x00,0x00,0x00,0x00,0x00,0x00,0x00,0x00,0x00,
    0x00,0x00,0x00,0x00,0x00,0x00,0x00,0x00,0x00,0x00,0x00,0x00,
    0x00,0x00,0x00,0x00,0x00,0x00,0x00,0x00,0x00,0x00,0x00,0x00,
    0x00,0x00,0x00,0x00,0x00,0x00,0x00,0x00,0x00,0x00,0x00,0x00,
    0x00,0x00,0x00,0x00,0x00,0x00,0x00,0x00,0x00,0x00,0x00,0x00,
    0x10,0x00,0x00,0x00,0x00,0x00,0x00,0x00,0x00,0x00,0x00,0x00,
    0x00,0x00,0x00,0x00,0x00,0x00,0x00,0x00,0x00,0x00,0x11,0x11,
    0xD1,0x11,0x10,0x00,0x00,0x00,0x00,0x00,0x00,0x00,0x00,0x00,
    0x00,0x00,0x00,0x00,0x00,0x00,0x00,0x00,0x00,0x01,0xDD,0xDD,
    0xDD,0xDD,0xD1,0x00,0x00,0x00,0x00,0x00,0x00,0x00,0x00,0x00,
    0x00,0x00,0x00,0x00,0x00,0x00,0x00,0x00,0x01,0x1D,0xDD,0xDD,
    0xDD,0xDD,0xDD,0x11,0x00,0x00,0x00,0x00,0x00,0x00,0x00,0x00,
    0x00,0x00,0x00,0x00,0x00,0x00,0x00,0x00,0x1D,0xDD,0xDD,0xDD,
    0xDD,0xDD,0xDD,0xDD,0x10,0x00,0x00,0x00,0x00,0x00,0x00,0x00,
    0x00,0x00,0x00,0x00,0x00,0x00,0x00,0x00,0x1D,0xDD,0xDD,0xDD,
    0xDD,0xDD,0xDD,0xDD,0x10,0x00,0x00,0x00,0x00,0x00,0x00,0x00,
    0x00,0x00,0x00,0x00,0x00,0x00,0x00,0x01,0xDD,0xDD,0xDD,0xDD,
    0xDD,0xDD,0xDD,0xDD,0xD1,0x00,0x00,0x00,0x00,0x00,0x00,0x00,
    0x00,0x00,0x00,0x00,0x00,0x00,0x00,0x1D,0xDD,0x1D,0xDD,0xDD,
    0xDD,0xDD,0xDD,0x1D,0xDD,0x10,0x00,0x00,0x00,0x00,0x00,0x00,
    0x00,0x00,0x00,0x00,0x00,0x00,0x00,0x1D,0xD1,0x11,0xDD,0xDD,
    0xDD,0xDD,0xD1,0x11,0xDD,0x10,0x00,0x00,0x00,0x00,0x00,0x00,
    0x00,0x00,0x00,0x00,0x00,0x00,0x00,0x1D,0xD1,0x22,0xDD,0xDD,
    0xDD,0xDD,0xD1,0x22,0xDD,0x10,0x00,0x00,0x00,0x00,0x00,0x00,
    0x00,0x00,0x00,0x00,0x00,0x00,0x01,0xDD,0x11,0x11,0x1D,0xDD,
    0xDD,0xDD,0x11,0x11,0x1D,0xD1,0x00,0x00,0x01,0x00,0x00,0x00,
    0x00,0x00,0x00,0x00,0x00,0x00,0x01,0xDD,0xD1,0x11,0xDD,0xDD,
    0xDD,0xDD,0xD1,0x11,0xDD,0xD1,0x00,0x00,0x00,0x00,0x00,0x00,
    0x00,0x00,0x00,0x00,0x00,0x00,0x01,0xDD,0xD1,0x11,0xDD,0xDD,
    0xDD,0xDD,0xD1,0x11,0xDD,0xD1,0x00,0x00,0x00,0x00,0x00,0x00,
    0x00,0x00,0x00,0x00,0x00,0x00,0x01,0xDD,0xDD,0x1D,0xDD,0xDD,
    0xDD,0xDD,0xDD,0x1D,0xDD,0xD1,0x00,0x00,0x00,0x10,0x00,0x00,
    0x00,0x00,0x00,0x00,0x00,0x00,0x01,0xDD,0xDD,0xDD,0xDD,0xDD,
    0xDD,0xDD,0xDD,0xDD,0xDD,0xD1,0x00,0x00,0x00,0x00,0x00,0x00,
    0x00,0x00,0x00,0x00,0x00,0x01,0x1D,0xDD,0xDD,0xDD,0xDD,0x1D,
    0xDD,0x1D,0xDD,0xDD,0xDD,0xDD,0x11,0x00,0x00,0x00,0x00,0x00,
    0x00,0x00,0x00,0x00,0x01,0x1D,0xDD,0xDD,0xDD,0xDD,0xDD,0xD1,
    0x11,0xDD,0xDD,0xDD,0xDD,0xDD,0xDD,0x11,0x01,0x00,0x00,0x00,
    0x00,0x00,0x00,0x00,0x01,0xDD,0xDD,0xDD,0xDD,0xDD,0xD3,0x33,
    0x33,0x33,0xDD,0xDD,0xDD,0xDD,0xDD,0xD1,0x00,0x00,0x00,0x00,
    0x00,0x00,0x00,0x00,0x1D,0xDD,0xDD,0xDD,0xDD,0xD3,0x33,0x33,
    0x33,0x33,0x33,0xDD,0xDD,0xDD,0xDD,0xDD,0x10,0x00,0x00,0x00,
    0x00,0x00,0x00,0x00,0x01,0xDD,0xDD,0xDD,0xDD,0x33,0x33,0x33,
    0x33,0x33,0x33,0x3D,0xDD,0xDD,0xDD,0xD1,0x00,0x10,0x00,0x00,
    0x00,0x00,0x00,0x00,0x01,0x1D,0x11,0xDD,0xDD,0x33,0x33,0x33,
    0x33,0x33,0x33,0x3D,0xDD,0xD1,0x1D,0x11,0x00,0x00,0x00,0x00,
    0x00,0x00,0x00,0x00,0x00,0x01,0x00,0x1D,0xDD,0x33,0x33,0x33,
    0x33,0x33,0x33,0x3D,0xDD,0x10,0x01,0x00,0x00,0x00,0x00,0x00,
    0x00,0x00,0x00,0x00,0x00,0x00,0x00,0x1D,0xD3,0x33,0x33,0x33,
    0x33,0x33,0x33,0x33,0xDD,0x10,0x00,0x00,0x00,0x00,0x00,0x00,
    0x00,0x00,0x00,0x00,0x00,0x00,0x00,0x1D,0xDD,0x33,0x33,0x33,
    0x33,0x33,0x33,0x3D,0xDD,0x10,0x00,0x00,0x00,0x00,0x00,0x00,
    0x00,0x00,0x00,0x00,0x00,0x00,0x00,0x01,0xDD,0x33,0x33,0x33,
    0x33,0x33,0x33,0x3D,0xD1,0x00,0x10,0x00,0x00,0x00,0x00,0x00,
    0x00,0x00,0x00,0x00,0x00,0x00,0x00,0x00,0x1D,0x33,0x33,0x33,
    0x33,0x33,0x33,0x3D,0x10,0x00,0x01,0x00,0x10,0x00,0x00,0x00,
    0x00,0x00,0x00,0x00,0x00,0x00,0x00,0x00,0x1D,0xD3,0x33,0x33,
    0x33,0x33,0x33,0xDD,0x10,0x00,0x00,0x11,0x00,0x00,0x00,0x00,
    0x00,0x00,0x00,0x00,0x00,0x00,0x00,0x00,0x01,0x1D,0xD3,0x33,
    0x33,0x33,0xDD,0x11,0x00,0x00,0x00,0x00,0x00,0x00,0x00,0x00,
    0x00,0x00,0x00,0x00,0x00,0x00,0x00,0x00,0x00,0x01,0xDD,0xDD,
    0x3D,0xDD,0xD1,0x00,0x00,0x00,0x00,0x00,0x00,0x00,0x00,0x00,
    0x00,0x00,0x00,0x00,0x00,0x00,0x00,0x00,0x00,0x00,0x11,0x11,
    0xD1,0x11,0x10,0x00,0x00,0x00,0x00,0x00,0x00,0x00,0x00,0x00,
    0x00,0x00,0x00,0x00,0x00,0x00,0x00,0x00,0x00,0x01,0x00,0x00,
    0x10,0x00,0x01,0x00,0x00,0x00,0x00,0x00,0x00,0x00,0x00,0x00,
    0x00,0x00,0x00,0x00,0x00,0x00,0x00,0x00,0x01,0x1D,0x11,0x00,
    0x00,0x01,0x1D,0x11,0x00,0x00,0x00,0x00,0x00,0x00,0x00,0x00,
    0x00,0x00,0x00,0x00,0x00,0x00,0x00,0x00,0x1D,0xDD,0xDD,0x10,
    0x00,0x1D,0xDD,0xDD,0x10,0x00,0x00,0x00,0x00,0x00,0x00,0x00,
    0x00,0x00,0x00,0x00,0x00,0x00,0x00,0x00,0x01,0x1D,0x11,0x00,
    0x00,0x01,0x1D,0x11,0x00,0x00,0x00,0x00,0x00,0x00,0x00,0x00,
    0x00,0x00,0x00,0x00,0x00,0x00,0x00,0x00,0x00,0x01,0x00,0x00,
    0x00,0x00,0x01,0x00,0x00,0x00,0x00,0x00,0x00,0x00,0x00,0x00,
    0x00,0x00,0x00,0x00,0x00,0x00,0x00,0x00,0x00,0x00,0x00,0x00,
    0x00,0x00,0x00,0x00,0x00,0x00,0x00,0x00,0x00,0x00,0x00,0x00}},
    {"mature_force",
     {0x00,0x00,0x00,0x00,0x00,0x00,0x00,0x00,0x00,0x00,0x00,0x00,
    0x00,0x00,0x00,0x00,0x00,0x00,0x00,0x00,0x00,0x00,0x00,0x00,
    0x00,0x00,0x00,0x00,0x00,0x00,0x00,0x00,0x00,0x00,0x00,0x00,
    0x00,0x00,0x00,0x00,0x00,0x00,0x00,0x00,0x00,0x00,0x00,0x00,
    0x00,0x00,0x00,0x00,0x00,0x00,0x00,0x00,0x00,0x00,0x00,0x00,
    0x00,0x00,0x00,0x00,0x00,0x00,0x00,0x00,0x00,0x00,0x00,0x00,
    0x00,0x00,0x00,0x00,0x00,0x00,0x00,0x00,0x00,0x00,0x00,0x00,
    0x00,0x00,0x00,0x00,0x00,0x00,0x00,0x00,0x00,0x00,0x00,0x00,
    0x00,0x00,0x00,0x00,0x00,0x00,0x00,0x00,0x00,0x00,0x00,0x00,
    0x00,0x00,0x00,0x00,0x00,0x00,0x00,0x00,0x00,0x00,0x00,0x00,
    0x00,0x00,0x00,0x00,0x00,0x00,0x00,0x00,0x00,0x00,0x00,0x00,
    0x00,0x00,0x00,0x00,0x00,0x00,0x00,0x00,0x00,0x00,0x00,0x00,
    0x00,0x00,0x00,0x00,0x00,0x00,0x00,0x00,0x00,0x00,0x00,0x00,
    0x00,0x00,0x00,0x00,0x00,0x00,0x00,0x00,0x00,0x00,0x00,0x00,
    0x00,0x00,0x00,0x00,0x00,0x00,0x00,0x00,0x00,0x00,0x00,0x00,
    0x00,0x00,0x00,0x00,0x00,0x00,0x00,0x00,0x00,0x00,0x00,0x00,
    0x00,0x00,0x00,0x00,0x00,0x00,0x00,0x00,0x00,0x00,0x00,0x00,
    0x00,0x00,0x00,0x00,0x00,0x00,0x00,0x00,0x00,0x00,0x00,0x00,
    0x00,0x00,0x00,0x00,0x00,0x00,0x00,0x00,0x00,0x00,0x00,0x00,
    0x00,0x00,0x00,0x00,0x00,0x00,0x00,0x00,0x00,0x00,0x00,0x00,
    0x00,0x00,0x00,0x00,0x00,0x00,0x00,0x00,0x00,0x00,0x00,0x00,
    0x00,0x00,0x00,0x00,0x00,0x00,0x00,0x00,0x00,0x00,0x00,0x00,
    0x00,0x00,0x00,0x00,0x00,0x00,0x00,0x00,0x00,0x00,0x00,0x00,
    0x00,0x00,0x00,0x00,0x00,0x00,0x00,0x00,0x00,0x00,0x00,0x00,
    0x00,0x00,0x00,0x00,0x00,0x00,0x00,0x00,0x00,0x00,0x00,0x00,
    0x00,0x00,0x00,0x00,0x00,0x00,0x00,0x00,0x00,0x00,0x00,0x00,
    0x00,0x00,0x00,0x00,0x00,0x00,0x00,0x00,0x00,0x00,0x00,0x00,
    0x10,0x00,0x00,0x00,0x00,0x00,0x00,0x00,0x00,0x00,0x00,0x00,
    0x00,0x00,0x00,0x00,0x00,0x00,0x00,0x00,0x00,0x01,0x11,0x11,
    0x91,0x11,0x11,0x00,0x00,0x00,0x00,0x00,0x00,0x00,0x00,0x00,
    0x00,0x00,0x00,0x00,0x00,0x00,0x00,0x00,0x01,0x19,0x99,0x99,
    0x99,0x99,0x99,0x11,0x00,0x00,0x00,0x00,0x00,0x00,0x00,0x00,
    0x00,0x00,0x00,0x00,0x00,0x00,0x00,0x01,0x19,0x99,0x99,0x99,
    0x99,0x99,0x99,0x99,0x11,0x00,0x00,0x00,0x00,0x00,0x00,0x00,
    0x00,0x00,0x00,0x00,0x00,0x00,0x00,0x19,0x99,0x99,0x99,0x99,
    0x99,0x99,0x99,0x99,0x99,0x10,0x00,0x00,0x00,0x00,0x00,0x00,
    0x00,0x00,0x00,0x00,0x00,0x00,0x01,0x91,0x11,0x11,0x19,0x99,
    0x99,0x99,0x11,0x11,0x11,0x91,0x00,0x00,0x00,0x00,0x00,0x00,
    0x00,0x00,0x00,0x00,0x00,0x00,0x19,0x99,0x91,0x99,0x99,0x99,
    0x99,0x99,0x99,0x91,0x99,0x99,0x10,0x00,0x00,0x00,0x00,0x00,
    0x00,0x00,0x00,0x00,0x00,0x00,0x19,0x99,0x11,0x19,0x99,0x99,
    0x99,0x99,0x99,0x11,0x19,0x99,0x10,0x00,0x00,0x00,0x00,0x00,
    0x00,0x00,0x00,0x00,0x00,0x01,0x99,0x99,0x12,0x29,0x99,0x99,
    0x99,0x99,0x99,0x12,0x29,0x99,0x91,0x00,0x00,0x00,0x00,0x00,
    0x00,0x00,0x00,0x00,0x00,0x19,0x99,0x91,0x11,0x11,0x99,0x99,
    0x99,0x99,0x91,0x11,0x11,0x99,0x99,0x10,0x00,0x00,0x00,0x00,
    0x00,0x00,0x00,0x00,0x00,0x19,0x99,0x99,0x11,0x19,0x99,0x99,
    0x99,0x99,0x99,0x11,0x19,0x99,0x99,0x10,0x00,0x00,0x00,0x00,
    0x00,0x00,0x00,0x00,0x00,0x19,0x99,0x99,0x11,0x19,0x99,0x99,
    0x99,0x99,0x99,0x11,0x19,0x99,0x99,0x10,0x00,0x00,0x00,0x00,
    0x00,0x00,0x00,0x10,0x00,0x19,0x99,0x99,0x91,0x99,0x99,0x99,
    0x99,0x99,0x99,0x91,0x99,0x99,0x99,0x10,0x00,0x10,0x00,0x00,
    0x00,0x01,0x11,0x91,0x11,0x99,0x99,0x99,0x99,0x99,0x91,0x99,
    0x99,0x91,0x99,0x99,0x99,0x99,0x99,0x91,0x11,0x91,0x11,0x00,
    0x00,0x19,0x99,0x29,0x99,0x99,0x99,0x99,0x99,0x99,0x99,0x11,
    0x11,0x19,0x99,0x99,0x99,0x99,0x99,0x99,0x99,0x29,0x99,0x10,
    0x00,0x19,0x92,0x22,0x99,0x99,0x99,0x99,0x99,0x99,0x99,0x99,
    0x39,0x99,0x99,0x99,0x99,0x99,0x99,0x99,0x92,0x22,0x99,0x10,
    0x00,0x19,0x22,0x22,0x29,0x99,0x99,0x99,0x99,0x93,0x33,0x33,
    0x33,0x33,0x33,0x99,0x99,0x99,0x99,0x99,0x22,0x22,0x29,0x10,
    0x01,0x99,0x92,0x22,0x99,0x99,0x99,0x99,0x93,0x33,0x33,0x33,
    0x33,0x33,0x33,0x33,0x99,0x99,0x99,0x99,0x92,0x22,0x99,0x91,
    0x00,0x19,0x99,0x29,0x99,0x99,0x99,0x99,0x33,0x33,0x33,0x33,
    0x33,0x33,0x33,0x33,0x39,0x99,0x99,0x99,0x99,0x29,0x99,0x10,
    0x00,0x19,0x99,0x99,0x99,0x99,0x99,0x93,0x33,0x33,0x33,0x33,
    0x33,0x33,0x33,0x33,0x33,0x99,0x99,0x99,0x99,0x99,0x99,0x10,
    0x00,0x19,0x99,0x99,0x99,0x11,0x99,0x93,0x33,0x33,0x33,0x33,
    0x33,0x33,0x33,0x33,0x33,0x99,0x91,0x19,0x99,0x99,0x99,0x10,
    0x00,0x01,0x11,0x91,0x11,0x00,0x19,0x33,0x33,0x33,0x33,0x33,
    0x33,0x33,0x33,0x33,0x33,0x39,0x10,0x01,0x11,0x91,0x11,0x00,
    0x00,0x00,0x00,0x10,0x00,0x00,0x19,0x93,0x33,0x33,0x33,0x33,
    0x33,0x33,0x33,0x33,0x33,0x99,0x10,0x00,0x00,0x10,0x00,0x00,
    0x00,0x00,0x00,0x00,0x00,0x00,0x01,0x93,0x33,0x33,0x33,0x33,
    0x33,0x33,0x33,0x33,0x33,0x91,0x00,0x00,0x00,0x00,0x00,0x00,
    0x00,0x00,0x00,0x00,0x00,0x00,0x00,0x19,0x33,0x33,0x33,0x33,
    0x33,0x33,0x33,0x33,0x39,0x10,0x00,0x00,0x00,0x00,0x00,0x00,
    0x00,0x00,0x00,0x00,0x00,0x00,0x00,0x01,0x13,0x33,0x33,0x33,
    0x33,0x33,0x33,0x33,0x11,0x00,0x00,0x00,0x00,0x00,0x00,0x00,
    0x00,0x00,0x00,0x00,0x00,0x00,0x00,0x00,0x01,0x13,0x33,0x33,
    0x33,0x33,0x33,0x11,0x00,0x00,0x00,0x00,0x00,0x00,0x00,0x00,
    0x00,0x00,0x00,0x00,0x00,0x00,0x00,0x00,0x00,0x01,0x11,0x11,
    0x31,0x11,0x11,0x00,0x00,0x00,0x00,0x00,0x00,0x00,0x00,0x00,
    0x00,0x00,0x00,0x00,0x00,0x00,0x00,0x00,0x00,0x00,0x00,0x00,
    0x10,0x00,0x00,0x00,0x00,0x00,0x00,0x00,0x00,0x00,0x00,0x00,
    0x00,0x00,0x00,0x00,0x00,0x00,0x00,0x00,0x01,0x00,0x00,0x00,
    0x00,0x00,0x00,0x01,0x00,0x00,0x00,0x00,0x00,0x00,0x00,0x00,
    0x00,0x00,0x00,0x00,0x00,0x00,0x00,0x11,0x19,0x11,0x10,0x00,
    0x00,0x00,0x11,0x19,0x11,0x10,0x00,0x00,0x00,0x00,0x00,0x00,
    0x00,0x00,0x00,0x00,0x00,0x00,0x01,0x99,0x99,0x99,0x91,0x00,
    0x00,0x01,0x99,0x99,0x99,0x91,0x00,0x00,0x00,0x00,0x00,0x00,
    0x00,0x00,0x00,0x00,0x00,0x00,0x00,0x11,0x19,0x11,0x10,0x00,
    0x00,0x00,0x11,0x19,0x11,0x10,0x00,0x00,0x00,0x00,0x00,0x00,
    0x00,0x00,0x00,0x00,0x00,0x00,0x00,0x00,0x01,0x00,0x00,0x00,
    0x00,0x00,0x00,0x01,0x00,0x00,0x00,0x00,0x00,0x00,0x00,0x00,
    0x00,0x00,0x00,0x00,0x00,0x00,0x00,0x00,0x00,0x00,0x00,0x00,
    0x00,0x00,0x00,0x00,0x00,0x00,0x00,0x00,0x00,0x00,0x00,0x00}},
    {"mature_magic",
     {0x00,0x00,0x00,0x00,0x00,0x00,0x00,0x00,0x00,0x00,0x00,0x00,
    0x00,0x00,0x00,0x00,0x00,0x00,0x00,0x00,0x00,0x00,0x00,0x00,
    0x00,0x00,0x00,0x00,0x00,0x00,0x00,0x00,0x00,0x00,0x00,0x00,
    0x00,0x00,0x00,0x00,0x00,0x00,0x00,0x00,0x00,0x00,0x00,0x00,
    0x00,0x00,0x00,0x00,0x00,0x00,0x00,0x00,0x00,0x00,0x00,0x00,
    0x00,0x00,0x00,0x00,0x00,0x00,0x00,0x00,0x00,0x00,0x00,0x00,
    0x00,0x00,0x00,0x00,0x00,0x00,0x00,0x00,0x00,0x00,0x00,0x00,
    0x00,0x00,0x00,0x00,0x00,0x00,0x00,0x00,0x00,0x00,0x00,0x00,
    0x00,0x00,0x00,0x00,0x00,0x00,0x00,0x00,0x00,0x00,0x00,0x00,
    0x00,0x00,0x00,0x00,0x00,0x00,0x00,0x00,0x00,0x00,0x00,0x00,
    0x00,0x00,0x00,0x00,0x00,0x00,0x00,0x00,0x00,0x00,0x00,0x00,
    0x00,0x00,0x00,0x00,0x00,0x00,0x00,0x00,0x00,0x00,0x00,0x00,
    0x00,0x00,0x00,0x00,0x00,0x00,0x00,0x00,0x00,0x00,0x00,0x00,
    0x10,0x00,0x00,0x00,0x00,0x00,0x00,0x00,0x00,0x00,0x00,0x00,
    0x00,0x00,0x00,0x00,0x00,0x00,0x00,0x00,0x00,0x00,0x00,0x00,
    0x10,0x00,0x00,0x00,0x00,0x00,0x00,0x00,0x00,0x00,0x00,0x00,
    0x00,0x00,0x00,0x00,0x00,0x00,0x00,0x00,0x00,0x00,0x00,0x00,
    0x00,0x00,0x00,0x00,0x00,0x00,0x00,0x00,0x00,0x00,0x00,0x00,
    0x00,0x00,0x00,0x00,0x00,0x00,0x00,0x00,0x00,0x10,0x00,0x00,
    0x00,0x00,0x00,0x10,0x00,0x00,0x00,0x00,0x00,0x00,0x00,0x00,
    0x00,0x00,0x00,0x00,0x00,0x00,0x00,0x00,0x00,0x10,0x00,0x00,
    0x00,0x00,0x00,0x10,0x00,0x00,0x00,0x00,0x00,0x00,0x00,0x00,
    0x00,0x00,0x00,0x00,0x00,0x00,0x00,0x00,0x00,0x00,0x00,0x00,
    0x00,0x00,0x00,0x00,0x00,0x00,0x00,0x00,0x00,0x00,0x00,0x00,
    0x00,0x00,0x00,0x00,0x00,0x00,0x00,0x00,0x00,0x00,0x00,0x00,
    0x10,0x00,0x00,0x00,0x00,0x00,0x00,0x00,0x00,0x00,0x00,0x00,
    0x00,0x00,0x00,0x00,0x00,0x00,0x00,0x00,0x00,0x00,0x11,0x11,
    0x81,0x11,0x10,0x00,0x00,0x00,0x00,0x00,0x00,0x00,0x00,0x00,
    0x00,0x00,0x00,0x00,0x00,0x00,0x00,0x00,0x00,0x11,0x88,0x88,
    0x88,0x88,0x81,0x10,0x00,0x00,0x00,0x00,0x00,0x00,0x00,0x00,
    0x00,0x00,0x00,0x00,0x00,0x00,0x00,0x00,0x01,0x88,0x88,0x88,
    0x88,0x88,0x88,0x81,0x00,0x00,0x00,0x00,0x00,0x00,0x00,0x00,
    0x00,0x00,0x00,0x00,0x00,0x00,0x00,0x00,0x18,0x88,0x88,0x88,
    0x88,0x88,0x88,0x88,0x10,0x00,0x00,0x00,0x00,0x01,0x00,0x00,
    0x00,0x00,0x00,0x00,0x00,0x00,0x00,0x01,0x88,0x88,0x88,0x88,
    0x88,0x88,0x88,0x88,0x81,0x00,0x00,0x00,0x00,0x10,0x10,0x00,
    0x00,0x00,0x00,0x00,0x00,0x00,0x00,0x18,0x88,0x88,0x88,0x88,
    0x88,0x88,0x88,0x88,0x88,0x10,0x00,0x00,0x00,0x01,0x00,0x00,
    0x00,0x00,0x00,0x00,0x00,0x00,0x00,0x18,0x81,0x88,0x88,0x88,
    0x88,0x88,0x88,0x81,0x88,0x10,0x00,0x00,0x00,0x00,0x00,0x00,
    0x00,0x00,0x00,0x00,0x00,0x00,0x01,0x88,0x11,0x18,0x88,0x88,
    0x88,0x88,0x88,0x11,0x18,0x81,0x00,0x00,0x00,0x11,0x00,0x00,
    0x00,0x00,0x00,0x00,0x00,0x00,0x01,0x88,0x12,0x28,0x88,0x88,
    0x88,0x88,0x88,0x12,0x28,0x81,0x00,0x00,0x00,0x11,0x00,0x00,
    0x00,0x00,0x00,0x00,0x00,0x00,0x18,0x81,0x11,0x11,0x88,0x88,
    0x88,0x88,0x81,0x11,0x11,0x88,0x10,0x00,0x00,0x11,0x00,0x00,
    0x00,0x00,0x00,0x00,0x00,0x00,0x18,0x88,0x11,0x18,0x88,0x88,
    0x88,0x88,0x88,0x11,0x18,0x88,0x10,0x00,0x00,0x11,0x00,0x00,
    0x00,0x00,0x00,0x00,0x00,0x00,0x18,0x88,0x11,0x18,0x88,0x88,
    0x88,0x88,0x88,0x11,0x18,0x88,0x10,0x00,0x00,0x11,0x00,0x00,
    0x00,0x00,0x00,0x00,0x00,0x00,0x18,0x88,0x81,0x88,0x88,0x88,
    0x88,0x88,0x88,0x81,0x88,0x88,0x10,0x00,0x00,0x11,0x00,0x00,
    0x00,0x00,0x00,0x00,0x00,0x10,0x15,0x88,0x88,0x88,0x88,0x88,
    0x88,0x88,0x88,0x88,0x88,0x85,0x10,0x00,0x00,0x11,0x00,0x00,
    0x00,0x00,0x00,0x00,0x01,0x81,0x55,0x55,0x88,0x88,0x81,0x88,
    0x88,0x81,0x88,0x88,0x85,0x55,0x51,0x00,0x00,0x11,0x00,0x00,
    0x00,0x00,0x00,0x00,0x18,0x88,0x85,0x55,0x58,0x88,0x88,0x11,
    0x11,0x18,0x88,0x88,0x55,0x55,0x55,0x10,0x00,0x11,0x00,0x00,
    0x00,0x00,0x00,0x00,0x18,0x88,0x85,0x55,0x88,0x88,0x33,0x33,
    0x33,0x33,0x38,0x88,0x85,0x55,0x51,0x00,0x00,0x11,0x00,0x00,
    0x00,0x00,0x00,0x01,0x88,0x88,0x88,0x88,0x88,0x83,0x33,0x33,
    0x33,0x33,0x33,0x88,0x88,0x85,0x10,0x00,0x00,0x11,0x00,0x00,
    0x00,0x00,0x00,0x00,0x18,0x88,0x88,0x88,0x88,0x33,0x33,0x33,
    0x33,0x33,0x33,0x38,0x88,0x88,0x10,0x00,0x00,0x11,0x00,0x00,
    0x00,0x00,0x00,0x00,0x18,0x88,0x18,0x88,0x83,0x33,0x33,0x33,
    0x33,0x33,0x33,0x33,0x88,0x88,0x10,0x00,0x00,0x11,0x00,0x00,
    0x00,0x00,0x00,0x00,0x01,0x81,0x01,0x88,0x83,0x33,0x33,0x33,
    0x33,0x33,0x33,0x33,0x88,0x81,0x00,0x00,0x00,0x11,0x00,0x00,
    0x00,0x00,0x00,0x00,0x00,0x10,0x01,0x88,0x33,0x33,0x33,0x33,
    0x33,0x33,0x33,0x33,0x38,0x81,0x00,0x00,0x00,0x11,0x00,0x00,
    0x00,0x00,0x00,0x00,0x00,0x00,0x00,0x18,0x83,0x33,0x33,0x33,
    0x33,0x33,0x33,0x33,0x88,0x10,0x00,0x00,0x00,0x11,0x00,0x00,
    0x00,0x00,0x00,0x00,0x00,0x00,0x00,0x18,0x83,0x33,0x33,0x33,
    0x33,0x33,0x33,0x33,0x88,0x10,0x00,0x00,0x00,0x11,0x00,0x00,
    0x00,0x00,0x00,0x00,0x00,0x00,0x00,0x01,0x88,0x33,0x33,0x33,
    0x33,0x33,0x33,0x38,0x81,0x00,0x00,0x00,0x00,0x11,0x00,0x00,
    0x00,0x00,0x00,0x00,0x00,0x00,0x00,0x00,0x18,0x83,0x33,0x33,
    0x33,0x33,0x33,0x88,0x10,0x00,0x00,0x00,0x00,0x11,0x00,0x00,
    0x00,0x00,0x00,0x00,0x00,0x00,0x00,0x00,0x01,0x88,0x33,0x33,
    0x33,0x33,0x38,0x81,0x00,0x00,0x00,0x00,0x00,0x11,0x00,0x00,
    0x00,0x00,0x00,0x00,0x00,0x00,0x00,0x00,0x00,0x11,0x88,0x88,
    0x38,0x88,0x81,0x10,0x00,0x00,0x00,0x00,0x00,0x11,0x00,0x00,
    0x00,0x00,0x00,0x00,0x00,0x00,0x00,0x00,0x00,0x00,0x11,0x11,
    0x81,0x11,0x10,0x00,0x00,0x00,0x00,0x00,0x00,0x00,0x00,0x00,
    0x00,0x00,0x00,0x00,0x00,0x00,0x00,0x00,0x00,0x10,0x00,0x00,
    0x10,0x00,0x00,0x10,0x00,0x00,0x00,0x00,0x00,0x00,0x00,0x00,
    0x00,0x00,0x00,0x00,0x00,0x00,0x00,0x00,0x11,0x81,0x10,0x00,
    0x00,0x00,0x11,0x81,0x10,0x00,0x00,0x00,0x00,0x00,0x00,0x00,
    0x00,0x00,0x00,0x00,0x00,0x00,0x00,0x01,0x88,0x88,0x81,0x00,
    0x00,0x01,0x88,0x88,0x81,0x00,0x00,0x00,0x00,0x00,0x00,0x00,
    0x00,0x00,0x00,0x00,0x00,0x00,0x00,0x00,0x11,0x81,0x10,0x00,
    0x00,0x00,0x11,0x81,0x10,0x00,0x00,0x00,0x00,0x00,0x00,0x00,
    0x00,0x00,0x00,0x00,0x00,0x00,0x00,0x00,0x00,0x10,0x00,0x00,
    0x00,0x00,0x00,0x10,0x00,0x00,0x00,0x00,0x00,0x00,0x00,0x00,
    0x00,0x00,0x00,0x00,0x00,0x00,0x00,0x00,0x00,0x00,0x00,0x00,
    0x00,0x00,0x00,0x00,0x00,0x00,0x00,0x00,0x00,0x00,0x00,0x00}},
    {"mature_speed",
     {0x00,0x00,0x00,0x00,0x00,0x00,0x00,0x00,0x00,0x00,0x00,0x00,
    0x00,0x00,0x00,0x00,0x00,0x00,0x00,0x00,0x00,0x00,0x00,0x00,
    0x00,0x00,0x00,0x00,0x00,0x00,0x00,0x00,0x00,0x00,0x00,0x00,
    0x00,0x00,0x00,0x00,0x00,0x00,0x00,0x00,0x00,0x00,0x00,0x00,
    0x00,0x00,0x00,0x00,0x00,0x00,0x00,0x00,0x00,0x00,0x00,0x00,
    0x00,0x00,0x00,0x00,0x00,0x00,0x00,0x00,0x00,0x00,0x00,0x00,
    0x00,0x00,0x00,0x00,0x00,0x00,0x00,0x00,0x00,0x00,0x00,0x00,
    0x00,0x00,0x00,0x00,0x00,0x00,0x00,0x00,0x00,0x00,0x00,0x00,
    0x00,0x00,0x00,0x00,0x00,0x00,0x00,0x00,0x00,0x00,0x00,0x00,
    0x00,0x00,0x00,0x00,0x00,0x00,0x00,0x00,0x00,0x00,0x00,0x00,
    0x00,0x00,0x00,0x00,0x00,0x00,0x00,0x00,0x00,0x00,0x00,0x00,
    0x00,0x00,0x00,0x00,0x00,0x00,0x00,0x00,0x00,0x00,0x00,0x00,
    0x00,0x00,0x00,0x00,0x00,0x00,0x00,0x00,0x00,0x00,0x00,0x00,
    0x00,0x00,0x00,0x00,0x00,0x00,0x00,0x00,0x00,0x00,0x00,0x00,
    0x00,0x00,0x00,0x00,0x00,0x00,0x00,0x00,0x00,0x00,0x00,0x00,
    0x00,0x00,0x00,0x00,0x00,0x00,0x00,0x00,0x00,0x00,0x00,0x00,
    0x00,0x00,0x00,0x00,0x00,0x00,0x00,0x00,0x00,0x00,0x00,0x00,
    0x00,0x00,0x00,0x00,0x00,0x00,0x00,0x00,0x00,0x00,0x00,0x00,
    0x00,0x00,0x00,0x00,0x00,0x00,0x00,0x00,0x00,0x00,0x00,0x00,
    0x00,0x00,0x00,0x00,0x00,0x00,0x00,0x00,0x00,0x00,0x00,0x00,
    0x00,0x00,0x00,0x00,0x00,0x00,0x00,0x00,0x00,0x00,0x00,0x00,
    0x00,0x00,0x00,0x00,0x00,0x00,0x00,0x00,0x00,0x00,0x00,0x00,
    0x00,0x00,0x00,0x00,0x00,0x00,0x00,0x00,0x00,0x00,0x00,0x00,
    0x00,0x00,0x00,0x00,0x00,0x00,0x00,0x00,0x00,0x00,0x00,0x00,
    0x00,0x00,0x00,0x00,0x00,0x00,0x00,0x00,0x00,0x00,0x00,0x00,
    0x00,0x00,0x00,0x00,0x00,0x00,0x00,0x00,0x00,0x00,0x00,0x00,
    0x00,0x00,0x00,0x00,0x00,0x00,0x00,0x00,0x00,0x00,0x00,0x00,
    0x00,0x00,0x00,0x00,0x00,0x00,0x00,0x00,0x00,0x00,0x00,0x00,
    0x00,0x00,0x00,0x00,0x00,0x00,0x00,0x00,0x00,0x00,0x00,0x00,
    0x10,0x00,0x00,0x00,0x00,0x00,0x00,0x00,0x00,0x00,0x00,0x00,
    0x00,0x00,0x00,0x00,0x00,0x00,0x00,0x00,0x00,0x00,0x11,0x11,
    0xD1,0x11,0x10,0x00,0x00,0x00,0x00,0x00,0x00,0x00,0x00,0x00,
    0x00,0x00,0x00,0x00,0x00,0x00,0x00,0x00,0x00,0x11,0xDD,0xDD,
    0xDD,0xDD,0xD1,0x10,0x00,0x00,0x00,0x00,0x00,0x00,0x00,0x00,
    0x00,0x00,0x00,0x00,0x00,0x00,0x00,0x00,0x11,0xDD,0xDD,0xDD,
    0xDD,0xDD,0xDD,0xD1,0x10,0x00,0x00,0x00,0x00,0x00,0x00,0x00,
    0x00,0x00,0x00,0x00,0x00,0x00,0x00,0x01,0xDD,0xDD,0xDD,0xDD,
    0xDD,0xDD,0xDD,0xDD,0xD1,0x00,0x00,0x00,0x00,0x00,0x00,0x00,
    0x00,0x00,0x00,0x00,0x00,0x00,0x00,0x01,0xDD,0xDD,0xDD,0xDD,
    0xDD,0xDD,0xDD,0xDD,0xD1,0x00,0x00,0x00,0x00,0x00,0x00,0x00,
    0x00,0x00,0x00,0x00,0x00,0x00,0x00,0x1D,0xD1,0xDD,0xDD,0xDD,
    0xDD,0xDD,0xDD,0xD1,0xDD,0x10,0x00,0x00,0x00,0x00,0x00,0x00,
    0x00,0x00,0x00,0x00,0x00,0x00,0x01,0xDD,0x11,0x1D,0xDD,0xDD,
    0xDD,0xDD,0xDD,0x11,0x1D,0xD1,0x00,0x00,0x00,0x00,0x00,0x00,
    0x00,0x00,0x00,0x00,0x00,0x00,0x01,0xDD,0x12,0x2D,0xDD,0xDD,
    0xDD,0xDD,0xDD,0x12,0x2D,0xD1,0x00,0x00,0x10,0x00,0x00,0x00,
    0x00,0x00,0x00,0x00,0x00,0x00,0x1D,0xD1,0x11,0x11,0xDD,0xDD,
    0xDD,0xDD,0xD1,0x11,0x11,0xDD,0x10,0x00,0x00,0x00,0x00,0x00,
    0x00,0x00,0x00,0x00,0x00,0x00,0x1D,0xDD,0x11,0x1D,0xDD,0xDD,
    0xDD,0xDD,0xDD,0x11,0x1D,0xDD,0x10,0x00,0x00,0x00,0x00,0x00,
    0x00,0x00,0x00,0x00,0x00,0x00,0x1D,0xDD,0x11,0x1D,0xDD,0xDD,
    0xDD,0xDD,0xDD,0x11,0x1D,0xDD,0x10,0x00,0x00,0x00,0x00,0x00,
    0x00,0x00,0x00,0x00,0x00,0x00,0x1D,0xDD,0xD1,0xDD,0xDD,0xDD,
    0xDD,0xDD,0xDD,0xD1,0xDD,0xDD,0x10,0x00,0x01,0x00,0x00,0x00,
    0x00,0x00,0x00,0x00,0x00,0x00,0x1D,0xDD,0xDD,0xDD,0xDD,0x1D,
    0xDD,0x1D,0xDD,0xDD,0xDD,0xDD,0x10,0x00,0x00,0x00,0x00,0x00,
    0x00,0x00,0x00,0x00,0x00,0x01,0xDD,0xDD,0xDD,0xDD,0xDD,0xD1,
    0x11,0xDD,0xDD,0xDD,0xDD,0xDD,0xD1,0x00,0x00,0x00,0x00,0x00,
    0x00,0x00,0x00,0x00,0x01,0x1D,0xDD,0xDD,0xDD,0xDD,0xDD,0xDD,
    0x3D,0xDD,0xDD,0xDD,0xDD,0xDD,0xDD,0x11,0x00,0x00,0x00,0x00,
    0x00,0x00,0x00,0x00,0x01,0xDD,0xDD,0xDD,0xDD,0xDD,0x33,0x33,
    0x33,0x33,0x3D,0xDD,0xDD,0xDD,0xDD,0xDD,0x10,0x00,0x00,0x00,
    0x00,0x00,0x00,0x00,0x1D,0xDD,0xDD,0xDD,0xDD,0x33,0x33,0x33,
    0x33,0x33,0x33,0x3D,0xDD,0xDD,0xDD,0xDD,0x10,0x00,0x00,0x00,
    0x00,0x00,0x00,0x00,0x01,0xDD,0xDD,0xDD,0x55,0x55,0x55,0x55,
    0x55,0x55,0x55,0x55,0x55,0xDD,0xDD,0xD1,0x00,0x00,0x00,0x00,
    0x00,0x00,0x00,0x00,0x01,0x1D,0x1D,0xDD,0x55,0x55,0x55,0x55,
    0x55,0x55,0x55,0x55,0x5D,0xDD,0x1D,0x11,0x00,0x00,0x00,0x00,
    0x00,0x00,0x00,0x00,0x00,0x01,0x01,0xDD,0x33,0x33,0x33,0x33,
    0x33,0x33,0x33,0x33,0x3D,0xD1,0x01,0x00,0x01,0x00,0x00,0x00,
    0x00,0x00,0x00,0x00,0x00,0x00,0x01,0xDD,0xD3,0x33,0x33,0x33,
    0x33,0x33,0x33,0x33,0xDD,0xD1,0x00,0x00,0x00,0x00,0x00,0x00,
    0x00,0x00,0x00,0x00,0x00,0x00,0x00,0x1D,0xD3,0x33,0x33,0x33,
    0x33,0x33,0x33,0x33,0xDD,0x10,0x00,0x00,0x00,0x00,0x00,0x00,
    0x00,0x00,0x00,0x00,0x00,0x00,0x00,0x01,0xDD,0x33,0x33,0x33,
    0x33,0x33,0x33,0x3D,0xD1,0x00,0x00,0x00,0x00,0x00,0x00,0x00,
    0x00,0x00,0x00,0x00,0x00,0x00,0x00,0x01,0xDD,0xDD,0x33,0x33,
    0x33,0x33,0x3D,0xDD,0xD1,0x00,0x00,0x00,0x00,0x00,0x00,0x00,
    0x00,0x00,0x00,0x00,0x00,0x00,0x00,0x00,0x11,0xDD,0xDD,0xDD,
    0x3D,0xDD,0xDD,0xD1,0x10,0x00,0x00,0x00,0x00,0x00,0x00,0x00,
    0x00,0x00,0x00,0x00,0x00,0x00,0x00,0x00,0x00,0x11,0xDD,0xDD,
    0xDD,0xDD,0xD1,0x10,0x00,0x00,0x00,0x00,0x00,0x00,0x00,0x00,
    0x00,0x00,0x00,0x00,0x00,0x00,0x00,0x00,0x00,0x00,0x11,0x11,
    0xD1,0x11,0x10,0x00,0x00,0x00,0x00,0x00,0x00,0x00,0x00,0x00,
    0x00,0x00,0x00,0x00,0x00,0x00,0x00,0x00,0x00,0x01,0x00,0x00,
    0x10,0x00,0x01,0x00,0x00,0x00,0x00,0x00,0x00,0x00,0x00,0x00,
    0x00,0x00,0x00,0x00,0x00,0x00,0x00,0x00,0x01,0x1D,0x11,0x00,
    0x00,0x01,0x1D,0x11,0x00,0x00,0x00,0x00,0x00,0x00,0x00,0x00,
    0x00,0x00,0x00,0x00,0x00,0x00,0x00,0x00,0x1D,0xDD,0xDD,0x10,
    0x00,0x1D,0xDD,0xDD,0x10,0x00,0x00,0x00,0x00,0x00,0x00,0x00,
    0x00,0x00,0x00,0x00,0x00,0x00,0x00,0x00,0x01,0x1D,0x11,0x00,
    0x00,0x01,0x1D,0x11,0x00,0x00,0x00,0x00,0x00,0x00,0x00,0x00,
    0x00,0x00,0x00,0x00,0x00,0x00,0x00,0x00,0x00,0x01,0x00,0x00,
    0x00,0x00,0x01,0x00,0x00,0x00,0x00,0x00,0x00,0x00,0x00,0x00,
    0x00,0x00,0x00,0x00,0x00,0x00,0x00,0x00,0x00,0x00,0x00,0x00,
    0x00,0x00,0x00,0x00,0x00,0x00,0x00,0x00,0x00,0x00,0x00,0x00}},
    {"ultimate_force",
     {0x00,0x00,0x00,0x00,0x00,0x00,0x00,0x00,0x00,0x00,0x00,0x00,
    0x00,0x00,0x00,0x00,0x00,0x00,0x00,0x00,0x00,0x00,0x00,0x00,
    0x00,0x00,0x00,0x00,0x00,0x00,0x00,0x00,0x00,0x00,0x00,0x00,
    0x00,0x00,0x00,0x00,0x00,0x00,0x00,0x00,0x00,0x00,0x00,0x00,
    0x00,0x00,0x00,0x00,0x00,0x00,0x00,0x00,0x00,0x00,0x00,0x00,
    0x00,0x00,0x00,0x00,0x00,0x00,0x00,0x00,0x00,0x00,0x00,0x00,
    0x00,0x00,0x00,0x00,0x00,0x00,0x00,0x00,0x00,0x00,0x00,0x00,
    0x00,0x00,0x00,0x00,0x00,0x00,0x00,0x00,0x00,0x00,0x00,0x00,
    0x00,0x00,0x00,0x00,0x00,0x00,0x00,0x00,0x00,0x00,0x00,0x00,
    0x00,0x00,0x00,0x00,0x00,0x00,0x00,0x00,0x00,0x00,0x00,0x00,
    0x00,0x00,0x00,0x00,0x00,0x00,0x00,0x00,0x00,0x00,0x00,0x00,
    0x00,0x00,0x00,0x00,0x00,0x00,0x00,0x00,0x00,0x00,0x00,0x00,
    0x00,0x00,0x00,0x00,0x00,0x00,0x00,0x00,0x00,0x00,0x00,0x00,
    0x00,0x00,0x00,0x00,0x00,0x00,0x00,0x00,0x00,0x00,0x00,0x00,
    0x00,0x00,0x00,0x00,0x00,0x00,0x00,0x00,0x00,0x00,0x00,0x00,
    0x00,0x00,0x00,0x00,0x00,0x00,0x00,0x00,0x00,0x00,0x00,0x00,
    0x00,0x00,0x00,0x00,0x00,0x00,0x00,0x00,0x00,0x00,0x00,0x00,
    0x00,0x00,0x00,0x00,0x00,0x00,0x00,0x00,0x00,0x00,0x00,0x00,
    0x00,0x00,0x00,0x00,0x00,0x00,0x00,0x00,0x00,0x00,0x00,0x00,
    0x00,0x00,0x00,0x00,0x00,0x00,0x00,0x00,0x00,0x00,0x00,0x00,
    0x00,0x00,0x00,0x00,0x00,0x00,0x00,0x00,0x00,0x00,0x00,0x00,
    0x00,0x00,0x00,0x00,0x00,0x00,0x00,0x00,0x00,0x00,0x00,0x00,
    0x00,0x00,0x00,0x00,0x00,0x00,0x00,0x00,0x00,0x00,0x00,0x00,
    0x10,0x00,0x00,0x00,0x00,0x00,0x00,0x00,0x00,0x00,0x00,0x00,
    0x00,0x00,0x00,0x00,0x00,0x00,0x00,0x00,0x00,0x01,0x11,0x11,
    0x91,0x11,0x11,0x00,0x00,0x00,0x00,0x00,0x00,0x00,0x00,0x00,
    0x00,0x00,0x00,0x00,0x00,0x00,0x00,0x00,0x01,0x19,0x99,0x99,
    0x99,0x99,0x99,0x11,0x00,0x00,0x00,0x00,0x00,0x00,0x00,0x00,
    0x00,0x00,0x00,0x00,0x00,0x00,0x00,0x01,0x19,0x99,0x99,0x99,
    0x99,0x99,0x99,0x99,0x11,0x00,0x00,0x00,0x00,0x00,0x00,0x00,
    0x00,0x00,0x00,0x00,0x00,0x00,0x00,0x19,0x99,0x99,0x99,0x99,
    0x99,0x99,0x99,0x99,0x99,0x10,0x00,0x00,0x00,0x00,0x00,0x00,
    0x00,0x00,0x00,0x00,0x00,0x00,0x01,0x99,0x99,0x99,0x99,0x99,
    0x99,0x99,0x99,0x99,0x99,0x91,0x00,0x00,0x00,0x00,0x00,0x00,
    0x00,0x00,0x00,0x00,0x00,0x00,0x19,0x11,0x11,0x11,0x19,0x99,
    0x99,0x99,0x11,0x11,0x11,0x19,0x10,0x00,0x00,0x00,0x00,0x00,
    0x00,0x00,0x00,0x00,0x00,0x01,0x99,0x99,0x11,0x19,0x99,0x99,
    0x99,0x99,0x99,0x11,0x19,0x99,0x91,0x00,0x00,0x00,0x00,0x00,
    0x00,0x00,0x00,0x00,0x00,0x19,0x99,0x91,0x11,0x11,0x99,0x99,
    0x99,0x99,0x91,0x11,0x11,0x99,0x99,0x10,0x00,0x00,0x00,0x00,
    0x00,0x00,0x00,0x00,0x00,0x19,0x99,0x91,0x12,0x21,0x99,0x99,
    0x99,0x99,0x91,0x12,0x21,0x99,0x99,0x10,0x00,0x00,0x00,0x00,
    0x00,0x00,0x00,0x00,0x01,0x99,0x99,0x11,0x11,0x11,0x19,0x99,
    0x99,0x99,0x11,0x11,0x11,0x19,0x99,0x91,0x00,0x00,0x00,0x00,
    0x00,0x00,0x00,0x00,0x01,0x99,0x99,0x91,0x11,0x11,0x99,0x99,
    0x99,0x99,0x91,0x11,0x11,0x99,0x99,0x91,0x00,0x00,0x00,0x00,
    0x00,0x00,0x00,0x00,0x01,0x99,0x99,0x91,0x11,0x11,0x99,0x99,
    0x99,0x99,0x91,0x11,0x11,0x99,0x99,0x91,0x00,0x00,0x00,0x00,
    0x00,0x00,0x01,0x00,0x01,0x99,0x99,0x99,0x11,0x19,0x99,0x99,
    0x99,0x99,0x99,0x11,0x19,0x99,0x99,0x91,0x00,0x01,0x00,0x00,
    0x00,0x11,0x19,0x11,0x19,0x99,0x99,0x99,0x91,0x99,0x99,0x99,
    0x99,0x99,0x99,0x91,0x99,0x99,0x99,0x99,0x11,0x19,0x11,0x10,
    0x01,0x99,0x98,0x99,0x99,0x99,0x99,0x99,0x99,0x99,0x91,0x99,
    0x39,0x91,0x99,0x99,0x99,0x99,0x99,0x99,0x99,0x98,0x99,0x91,
    0x01,0x99,0x88,0x89,0x99,0x99,0x99,0x99,0x99,0x93,0x33,0x11,
    0x11,0x13,0x33,0x99,0x99,0x99,0x99,0x99,0x99,0x88,0x89,0x91,
    0x01,0x98,0x88,0x88,0x99,0x99,0x99,0x99,0x93,0x33,0x33,0x33,
    0x33,0x33,0x33,0x33,0x99,0x99,0x99,0x99,0x98,0x88,0x88,0x91,
    0x19,0x99,0x88,0x89,0x99,0x99,0x99,0x93,0x33,0x33,0x33,0x33,
    0x33,0x33,0x33,0x33,0x33,0x99,0x99,0x99,0x99,0x88,0x89,0x91,
    0x01,0x99,0x98,0x99,0x99,0x99,0x99,0x93,0x33,0x33,0x33,0x33,
    0x33,0x33,0x33,0x33,0x33,0x99,0x99,0x99,0x99,0x98,0x99,0x91,
    0x01,0x99,0x99,0x99,0x99,0x99,0x99,0x33,0x33,0x33,0x33,0x33,
    0x33,0x33,0x33,0x33,0x33,0x39,0x99,0x99,0x99,0x99,0x99,0x91,
    0x01,0x99,0x99,0x99,0x91,0x99,0x99,0x33,0x33,0x33,0x33,0x33,
    0x33,0x33,0x33,0x33,0x33,0x39,0x99,0x91,0x99,0x99,0x99,0x91,
    0x00,0x11,0x19,0x11,0x10,0x19,0x93,0x33,0x33,0x33,0x33,0x33,
    0x33,0x33,0x33,0x33,0x33,0x33,0x99,0x10,0x11,0x19,0x11,0x10,
    0x00,0x00,0x01,0x00,0x00,0x01,0x99,0x33,0x33,0x33,0x33,0x33,
    0x33,0x33,0x33,0x33,0x33,0x39,0x91,0x00,0x00,0x01,0x00,0x00,
    0x00,0x00,0x00,0x00,0x00,0x00,0x19,0x33,0x33,0x33,0x33,0x33,
    0x33,0x33,0x33,0x33,0x33,0x39,0x10,0x00,0x00,0x00,0x00,0x00,
    0x00,0x00,0x00,0x00,0x00,0x00,0x01,0x93,0x33,0x33,0x33,0x33,
    0x33,0x33,0x33,0x33,0x33,0x91,0x00,0x00,0x00,0x00,0x00,0x00,
    0x00,0x00,0x00,0x00,0x00,0x00,0x00,0x13,0x33,0x33,0x33,0x33,
    0x33,0x33,0x33,0x33,0x33,0x10,0x00,0x00,0x00,0x00,0x00,0x00,
    0x00,0x00,0x00,0x00,0x00,0x00,0x01,0x88,0x88,0x88,0x88,0xC8,
    0x88,0xC8,0x88,0x88,0x88,0x81,0x00,0x00,0x00,0x00,0x00,0x00,
    0x00,0x00,0x00,0x00,0x00,0x00,0x01,0x11,0x11,0x18,0x88,0x88,
    0x88,0x88,0x88,0x11,0x11,0x11,0x00,0x00,0x00,0x00,0x00,0x00,
    0x00,0x00,0x00,0x00,0x00,0x00,0x00,0x00,0x00,0x01,0x11,0x11,
    0x31,0x11,0x11,0x00,0x00,0x00,0x00,0x00,0x00,0x00,0x00,0x00,
    0x00,0x00,0x00,0x00,0x00,0x00,0x00,0x00,0x00,0x00,0x00,0x00,
    0x10,0x00,0x00,0x00,0x00,0x00,0x00,0x00,0x00,0x00,0x00,0x00,
    0x00,0x00,0x00,0x00,0x00,0x00,0x00,0x00,0x00,0x00,0x00,0x00,
    0x00,0x00,0x00,0x00,0x00,0x00,0x00,0x00,0x00,0x00,0x00,0x00,
    0x00,0x00,0x00,0x00,0x00,0x00,0x00,0x00,0x10,0x00,0x00,0x00,
    0x00,0x00,0x00,0x00,0x10,0x00,0x00,0x00,0x00,0x00,0x00,0x00,
    0x00,0x00,0x00,0x00,0x00,0x00,0x01,0x11,0x91,0x11,0x00,0x00,
    0x00,0x00,0x01,0x11,0x91,0x11,0x00,0x00,0x00,0x00,0x00,0x00,
    0x00,0x00,0x00,0x00,0x00,0x00,0x19,0x99,0x99,0x99,0x10,0x00,
    0x00,0x00,0x19,0x99,0x99,0x99,0x10,0x00,0x00,0x00,0x00,0x00,
    0x00,0x00,0x00,0x00,0x00,0x00,0x01,0x11,0x91,0x11,0x00,0x00,
    0x00,0x00,0x01,0x11,0x91,0x11,0x00,0x00,0x00,0x00,0x00,0x00,
    0x00,0x00,0x00,0x00,0x00,0x00,0x00,0x00,0x10,0x00,0x00,0x00,
    0x00,0x00,0x00,0x00,0x10,0x00,0x00,0x00,0x00,0x00,0x00,0x00}},
    {"ultimate_magic",
     {0x00,0x00,0x00,0x00,0x00,0x00,0x00,0x00,0x00,0x00,0x00,0x00,
    0x00,0x00,0x00,0x00,0x00,0x00,0x00,0x00,0x00,0x00,0x00,0x00,
    0x00,0x00,0x00,0x00,0x00,0x00,0x00,0x00,0x00,0x00,0x00,0x00,
    0x00,0x00,0x00,0x00,0x00,0x00,0x00,0x00,0x00,0x00,0x00,0x00,
    0x00,0x00,0x00,0x00,0x00,0x00,0x00,0x00,0x00,0x00,0x00,0x00,
    0x00,0x00,0x00,0x00,0x00,0x00,0x00,0x00,0x00,0x00,0x00,0x00,
    0x00,0x00,0x00,0x00,0x00,0x00,0x00,0x00,0x00,0x00,0x00,0x00,
    0x00,0x00,0x00,0x00,0x00,0x00,0x00,0x00,0x00,0x00,0x00,0x00,
    0x00,0x00,0x00,0x00,0x00,0x00,0x00,0x00,0x00,0x00,0x00,0x00,
    0x00,0x00,0x00,0x00,0x00,0x00,0x00,0x00,0x00,0x00,0x00,0x00,
    0x00,0x00,0x00,0x00,0x00,0x00,0x00,0x00,0x00,0x00,0x00,0x00,
    0x11,0x00,0x00,0x00,0x00,0x00,0x00,0x00,0x00,0x00,0x00,0x00,
    0x00,0x00,0x00,0x00,0x00,0x00,0x00,0x00,0x00,0x00,0x00,0x00,
    0x00,0x00,0x00,0x00,0x00,0x00,0x00,0x00,0x00,0x00,0x00,0x00,
    0x00,0x00,0x00,0x00,0x00,0x00,0x00,0x00,0x10,0x00,0x00,0x00,
    0x00,0x00,0x00,0x00,0x10,0x00,0x00,0x00,0x00,0x00,0x00,0x00,
    0x00,0x00,0x00,0x00,0x00,0x00,0x00,0x00,0x00,0x00,0x00,0x00,
    0x00,0x00,0x00,0x00,0x00,0x00,0x00,0x00,0x00,0x00,0x00,0x00,
    0x00,0x00,0x00,0x00,0x00,0x00,0x00,0x00,0x00,0x00,0x00,0x00,
    0x10,0x00,0x00,0x00,0x00,0x00,0x00,0x00,0x00,0x00,0x00,0x00,
    0x00,0x00,0x00,0x00,0x00,0x00,0x11,0x00,0x00,0x00,0x00,0x01,
    0x01,0x00,0x00,0x00,0x00,0x00,0x11,0x00,0x00,0x00,0x00,0x00,
    0x00,0x00,0x00,0x00,0x00,0x00,0x00,0x00,0x00,0x00,0x00,0x00,
    0x10,0x00,0x00,0x00,0x00,0x00,0x00,0x00,0x00,0x00,0x00,0x00,
    0x00,0x00,0x00,0x00,0x00,0x00,0x00,0x00,0x00,0x01,0x11,0x11,
    0x81,0x11,0x11,0x00,0x00,0x00,0x00,0x00,0x00,0x00,0x10,0x00,
    0x00,0x00,0x00,0x00,0x00,0x00,0x00,0x00,0x01,0x18,0x88,0x88,
    0x88,0x88,0x88,0x11,0x00,0x00,0x00,0x00,0x00,0x01,0x01,0x00,
    0x00,0x00,0x00,0x00,0x00,0x00,0x00,0x00,0x18,0x88,0x88,0x88,
    0x88,0x88,0x88,0x88,0x10,0x00,0x00,0x00,0x00,0x00,0x10,0x00,
    0x00,0x00,0x00,0x00,0x00,0x00,0x00,0x01,0x88,0x88,0x88,0x88,
    0x88,0x88,0x88,0x88,0x81,0x00,0x00,0x00,0x00,0x00,0x00,0x00,
    0x00,0x00,0x00,0x00,0x00,0x00,0x00,0x18,0x88,0x88,0x88,0x88,
    0x88,0x88,0x88,0x88,0x88,0x10,0x00,0x00,0x00,0x01,0x10,0x00,
    0x00,0x00,0x00,0x00,0x00,0x00,0x01,0x88,0x81,0x88,0x88,0x88,
    0x88,0x88,0x88,0x81,0x88,0x81,0x00,0x00,0x00,0x01,0x10,0x00,
    0x00,0x00,0x00,0x00,0x00,0x00,0x18,0x88,0x11,0x18,0x88,0x88,
    0x88,0x88,0x88,0x11,0x18,0x88,0x10,0x00,0x00,0x01,0x10,0x00,
    0x00,0x00,0x00,0x00,0x00,0x00,0x18,0x81,0x11,0x11,0x88,0x88,
    0x88,0x88,0x81,0x11,0x11,0x88,0x10,0x00,0x00,0x01,0x10,0x00,
    0x00,0x00,0x00,0x00,0x00,0x01,0x88,0x81,0x12,0x21,0x88,0x88,
    0x88,0x88,0x81,0x12,0x21,0x88,0x81,0x00,0x00,0x01,0x10,0x00,
    0x00,0x00,0x00,0x00,0x00,0x01,0x88,0x11,0x11,0x11,0x18,0x88,
    0x88,0x88,0x11,0x11,0x11,0x18,0x81,0x00,0x00,0x01,0x10,0x00,
    0x00,0x00,0x00,0x00,0x00,0x01,0x88,0x81,0x11,0x11,0x88,0x88,
    0x88,0x88,0x81,0x11,0x11,0x88,0x81,0x00,0x00,0x01,0x10,0x00,
    0x00,0x00,0x00,0x00,0x00,0x01,0x88,0x81,0x11,0x11,0x88,0x88,
    0x88,0x88,0x81,0x11,0x11,0x88,0x81,0x00,0x00,0x01,0x10,0x00,
    0x00,0x00,0x00,0x00,0x10,0x01,0x88,0x88,0x11,0x18,0x88,0x88,
    0x88,0x88,0x88,0x11,0x18,0x88,0x81,0x00,0x00,0x01,0x10,0x00,
    0x00,0x00,0x00,0x01,0x81,0x18,0x85,0x88,0x81,0x88,0x88,0x88,
    0x38,0x88,0x88,0x81,0x88,0x85,0x88,0x10,0x00,0x01,0x10,0x00,
    0x00,0x00,0x00,0x18,0x88,0x85,0x55,0x55,0x88,0x88,0x31,0x33,
    0x33,0x31,0x38,0x88,0x85,0x55,0x51,0x00,0x00,0x01,0x10,0x00,
    0x00,0x00,0x00,0x18,0x88,0x85,0x55,0x55,0x58,0x33,0x33,0x11,
    0x11,0x13,0x33,0x38,0x55,0x55,0x55,0x10,0x00,0x01,0x10,0x00,
    0x00,0x00,0x01,0x88,0x88,0x88,0x55,0x55,0x83,0x33,0x33,0x33,
    0x33,0x33,0x33,0x33,0x85,0x55,0x51,0x00,0x00,0x01,0x10,0x00,
    0x00,0x00,0x00,0x18,0x88,0x88,0x85,0x88,0x33,0x33,0x33,0x33,
    0x33,0x33,0x33,0x33,0x38,0x85,0x81,0x00,0x00,0x01,0x10,0x00,
    0x00,0x00,0x00,0x18,0x88,0x11,0x88,0x88,0x33,0x33,0x33,0x33,
    0x33,0x33,0x33,0x33,0x38,0x88,0x81,0x00,0x00,0x01,0x10,0x00,
    0x00,0x00,0x00,0x01,0x81,0x00,0x18,0x83,0x33,0x33,0x33,0x33,
    0x33,0x33,0x33,0x33,0x33,0x88,0x10,0x00,0x00,0x01,0x10,0x00,
    0x00,0x00,0x00,0x00,0x10,0x00,0x18,0x88,0x33,0x33,0x33,0x33,
    0x33,0x33,0x33,0x33,0x38,0x88,0x10,0x00,0x00,0x01,0x10,0x00,
    0x00,0x00,0x00,0x00,0x00,0x00,0x01,0x88,0x33,0x33,0x33,0x33,
    0x33,0x33,0x33,0x33,0x38,0x81,0x00,0x00,0x00,0x01,0x10,0x00,
    0x00,0x00,0x00,0x00,0x00,0x00,0x00,0x18,0x83,0x33,0x33,0x33,
    0x33,0x33,0x33,0x33,0x88,0x10,0x00,0x00,0x00,0x01,0x10,0x00,
    0x00,0x00,0x00,0x00,0x00,0x00,0x00,0x01,0x88,0x33,0x33,0x33,
    0x33,0x33,0x33,0x38,0x81,0x00,0x00,0x00,0x00,0x01,0x10,0x00,
    0x00,0x00,0x00,0x00,0x00,0x00,0x00,0x00,0x18,0x88,0x33,0x33,
    0x33,0x33,0x38,0x88,0x10,0x00,0x00,0x00,0x00,0x01,0x10,0x00,
    0x00,0x00,0x00,0x00,0x00,0x00,0x00,0x00,0x01,0x18,0x88,0x88,
    0x38,0x88,0x88,0x11,0x00,0x00,0x00,0x00,0x00,0x01,0x10,0x00,
    0x00,0x00,0x00,0x00,0x00,0x00,0x00,0x00,0x00,0x01,0x88,0x88,
    0x88,0x88,0x81,0x00,0x00,0x00,0x00,0x00,0x00,0x01,0x10,0x00,
    0x00,0x00,0x00,0x00,0x00,0x00,0x00,0x00,0x01,0x18,0x88,0x88,
    0x88,0x88,0x88,0x11,0x00,0x00,0x00,0x00,0x00,0x01,0x10,0x00,
    0x00,0x00,0x00,0x00,0x00,0x00,0x00,0x00,0x18,0x88,0x88,0x88,
    0x88,0x88,0x88,0x88,0x10,0x00,0x00,0x00,0x00,0x01,0x10,0x00,
    0x00,0x00,0x00,0x00,0x00,0x00,0x00,0x01,0x88,0x88,0x88,0x88,
    0x88,0x88,0x88,0x88,0x81,0x00,0x00,0x00,0x00,0x01,0x10,0x00,
    0x00,0x00,0x00,0x00,0x00,0x00,0x00,0x18,0x88,0x88,0x88,0x88,
    0x88,0x88,0x88,0x88,0x88,0x10,0x00,0x00,0x00,0x01,0x10,0x00,
    0x00,0x00,0x00,0x00,0x00,0x00,0x01,0x88,0x88,0x88,0x88,0x88,
    0x88,0x88,0x88,0x88,0x88,0x81,0x00,0x00,0x00,0x00,0x00,0x00,
    0x00,0x00,0x00,0x00,0x00,0x00,0x18,0x88,0x88,0x88,0x88,0x88,
    0x88,0x88,0x88,0x88,0x88,0x88,0x10,0x00,0x00,0x00,0x00,0x00,
    0x00,0x00,0x00,0x00,0x00,0x01,0x11,0x11,0x88,0x88,0x81,0x11,
    0x11,0x11,0x88,0x88,0x81,0x11,0x11,0x00,0x00,0x00,0x00,0x00,
    0x00,0x00,0x00,0x00,0x00,0x00,0x00,0x00,0x11,0x81,0x10,0x00,
    0x00,0x00,0x11,0x81,0x10,0x00,0x00,0x00,0x00,0x00,0x00,0x00,
    0x00,0x00,0x00,0x00,0x00,0x00,0x00,0x00,0x00,0x10,0x00,0x00,
    0x00,0x00,0x00,0x10,0x00,0x00,0x00,0x00,0x00,0x00,0x00,0x00}},
    {"ultimate_speed",
     {0x00,0x00,0x00,0x00,0x00,0x00,0x00,0x00,0x00,0x00,0x00,0x00,
    0x00,0x00,0x00,0x00,0x00,0x00,0x00,0x00,0x00,0x00,0x00,0x00,
    0x00,0x00,0x00,0x00,0x00,0x00,0x00,0x00,0x00,0x00,0x00,0x00,
    0x00,0x00,0x00,0x00,0x00,0x00,0x00,0x00,0x00,0x00,0x00,0x00,
    0x00,0x00,0x00,0x00,0x00,0x00,0x00,0x00,0x00,0x00,0x00,0x00,
    0x00,0x00,0x00,0x00,0x00,0x00,0x00,0x00,0x00,0x00,0x00,0x00,
    0x00,0x00,0x00,0x00,0x00,0x00,0x00,0x00,0x00,0x00,0x00,0x00,
    0x00,0x00,0x00,0x00,0x00,0x00,0x00,0x00,0x00,0x00,0x00,0x00,
    0x00,0x00,0x00,0x00,0x00,0x00,0x00,0x00,0x00,0x00,0x00,0x00,
    0x00,0x00,0x00,0x00,0x00,0x00,0x00,0x00,0x00,0x00,0x00,0x00,
    0x00,0x00,0x00,0x00,0x00,0x00,0x00,0x00,0x00,0x00,0x00,0x00,
    0x00,0x00,0x00,0x00,0x00,0x00,0x00,0x00,0x00,0x00,0x00,0x00,
    0x00,0x00,0x00,0x00,0x00,0x00,0x00,0x00,0x00,0x00,0x00,0x00,
    0x00,0x00,0x00,0x00,0x00,0x00,0x00,0x00,0x00,0x00,0x00,0x00,
    0x00,0x00,0x00,0x00,0x00,0x00,0x00,0x00,0x00,0x00,0x00,0x00,
    0x00,0x00,0x00,0x00,0x00,0x00,0x00,0x00,0x00,0x00,0x00,0x00,
    0x00,0x00,0x00,0x00,0x00,0x00,0x00,0x00,0x00,0x00,0x00,0x00,
    0x00,0x00,0x00,0x00,0x00,0x00,0x00,0x00,0x00,0x00,0x00,0x00,
    0x00,0x00,0x00,0x00,0x00,0x00,0x00,0x00,0x00,0x00,0x00,0x00,
    0x00,0x00,0x00,0x00,0x00,0x00,0x00,0x00,0x00,0x00,0x00,0x00,
    0x00,0x00,0x00,0x00,0x00,0x00,0x00,0x00,0x00,0x00,0x00,0x00,
    0x00,0x00,0x00,0x00,0x00,0x00,0x00,0x00,0x00,0x00,0x00,0x00,
    0x00,0x00,0x00,0x00,0x00,0x00,0x00,0x00,0x00,0x00,0x00,0x00,
    0x00,0x00,0x00,0x00,0x00,0x00,0x00,0x00,0x00,0x00,0x00,0x00,
    0x00,0x00,0x00,0x00,0x00,0x00,0x00,0x00,0x00,0x00,0x00,0x00,
    0x10,0x00,0x00,0x00,0x00,0x00,0x00,0x00,0x00,0x00,0x00,0x00,
    0x00,0x00,0x00,0x00,0x00,0x00,0x00,0x00,0x00,0x00,0x11,0x11,
    0xD1,0x11,0x10,0x00,0x00,0x00,0x00,0x00,0x00,0x00,0x00,0x00,
    0x00,0x00,0x00,0x00,0x00,0x00,0x00,0x00,0x00,0x11,0xDD,0xDD,
    0xDD,0xDD,0xD1,0x10,0x00,0x00,0x00,0x00,0x00,0x00,0x00,0x00,
    0x00,0x00,0x00,0x00,0x00,0x00,0x00,0x00,0x01,0xDD,0xDD,0xDD,
    0xDD,0xDD,0xDD,0xD1,0x00,0x00,0x00,0x00,0x00,0x00,0x00,0x00,
    0x00,0x00,0x00,0x00,0x00,0x00,0x00,0x00,0x1D,0xDD,0xDD,0xDD,
    0x8D,0xDD,0xDD,0xDD,0x10,0x00,0x00,0x00,0x00,0x00,0x00,0x00,
    0x00,0x00,0x00,0x00,0x00,0x00,0x00,0x01,0xDD,0xDD,0xDD,0xD8,
    0xDD,0xDD,0xDD,0xDD,0xD1,0x00,0x00,0x00,0x00,0x00,0x00,0x00,
    0x00,0x00,0x00,0x00,0x00,0x00,0x00,0x1D,0xD1,0xDD,0xDD,0xDD,
    0x8D,0xDD,0xDD,0xD1,0xDD,0x10,0x00,0x00,0x00,0x00,0x00,0x00,
    0x00,0x00,0x00,0x00,0x00,0x00,0x00,0x1D,0x11,0x1D,0xDD,0xDD,
    0xD8,0xDD,0xDD,0x11,0x1D,0x10,0x00,0x00,0x00,0x00,0x00,0x00,
    0x00,0x00,0x00,0x00,0x00,0x00,0x01,0xD1,0x11,0x11,0xDD,0xDD,
    0x8D,0xDD,0xD1,0x11,0x11,0xD1,0x00,0x00,0x00,0x00,0x00,0x00,
    0x00,0x00,0x00,0x00,0x00,0x00,0x01,0xD1,0x12,0x21,0xDD,0xDD,
    0xDD,0xDD,0xD1,0x12,0x21,0xD1,0x00,0x00,0x00,0x00,0x00,0x00,
    0x00,0x00,0x00,0x10,0x00,0x00,0x1D,0x11,0x11,0x11,0x1D,0xDD,
    0xDD,0xDD,0x11,0x11,0x11,0x1D,0x10,0x00,0x00,0x10,0x00,0x00,
    0x00,0x00,0x00,0x00,0x00,0x00,0x1D,0xD1,0x11,0x11,0xDD,0xDD,
    0xDD,0xDD,0xD1,0x11,0x11,0xDD,0x10,0x00,0x00,0x00,0x00,0x00,
    0x00,0x00,0x00,0x00,0x00,0x00,0x1D,0xD1,0x11,0x11,0xDD,0xDD,
    0xDD,0xDD,0xD1,0x11,0x11,0xDD,0x10,0x00,0x00,0x00,0x00,0x00,
    0x00,0x00,0x00,0x00,0x00,0x00,0x1D,0xDD,0x11,0x1D,0xDD,0xDD,
    0xDD,0xDD,0xDD,0x11,0x1D,0xDD,0x10,0x00,0x00,0x00,0x00,0x00,
    0x00,0x00,0x01,0x00,0x10,0x00,0x1D,0xDD,0xD1,0xDD,0xDD,0x1D,
    0xDD,0x1D,0xDD,0xD1,0xDD,0xDD,0x10,0x00,0x10,0x01,0x00,0x00,
    0x00,0x00,0x00,0x01,0xD1,0x01,0xDD,0xDD,0xDD,0xDD,0xDD,0xD1,
    0x11,0xDD,0xDD,0xDD,0xDD,0xDD,0xD1,0x01,0xD1,0x00,0x00,0x00,
    0x00,0x00,0x00,0x1D,0xDD,0x10,0x1D,0xDD,0xDD,0xDD,0x33,0x33,
    0x33,0x33,0x3D,0xDD,0xDD,0xDD,0x10,0x1D,0xDD,0x10,0x00,0x00,
    0x00,0x00,0x00,0x1D,0xDD,0x10,0x1D,0xDD,0xDD,0xD3,0x33,0x33,
    0x33,0x33,0x33,0xDD,0xDD,0xDD,0x10,0x1D,0xDD,0x10,0x00,0x00,
    0x00,0x00,0x01,0xDD,0xDD,0xD1,0xDD,0xD5,0x55,0x55,0x55,0x55,
    0x55,0x55,0x55,0x55,0x55,0xDD,0xD1,0xDD,0xDD,0xD1,0x00,0x00,
    0x00,0x00,0x00,0x1D,0xDD,0x10,0x1D,0xD5,0x55,0x55,0x55,0x55,
    0x55,0x55,0x55,0x55,0x55,0xDD,0x10,0x1D,0xDD,0x10,0x00,0x00,
    0x00,0x00,0x00,0x1D,0xDD,0x10,0x1D,0xDD,0xD3,0x33,0x33,0x33,
    0x33,0x33,0x33,0x33,0xDD,0xDD,0x10,0x1D,0xDD,0x10,0x00,0x00,
    0x00,0x00,0x00,0x01,0xD1,0x00,0x01,0xDD,0x33,0x33,0x33,0x33,
    0x33,0x33,0x33,0x33,0x3D,0xDD,0x10,0x01,0xD1,0x00,0x00,0x00,
    0x00,0x00,0x00,0x00,0x10,0x00,0x01,0xDD,0xD3,0x33,0x33,0x33,
    0x33,0x33,0x33,0x33,0xDD,0xD1,0x00,0x00,0x10,0x00,0x00,0x00,
    0x00,0x00,0x00,0x00,0x00,0x00,0x00,0x1D,0xD3,0x33,0x33,0x33,
    0x33,0x33,0x33,0x33,0xDD,0x10,0x00,0x01,0x00,0x00,0x00,0x00,
    0x00,0x00,0x00,0x00,0x00,0x00,0x00,0x1D,0xDD,0x33,0x33,0x33,
    0x33,0x33,0x33,0x3D,0xDD,0x10,0x00,0x00,0x00,0x00,0x00,0x00,
    0x00,0x00,0x00,0x00,0x00,0x00,0x00,0x01,0xDD,0xD3,0x33,0x33,
    0x33,0x33,0x33,0xDD,0xD1,0x00,0x00,0x00,0x00,0x00,0x00,0x00,
    0x00,0x00,0x00,0x00,0x00,0x00,0x00,0x00,0x1D,0xDD,0x33,0x33,
    0x33,0x33,0x3D,0xDD,0x10,0x00,0x00,0x00,0x00,0x00,0x00,0x00,
    0x00,0x00,0x00,0x00,0x00,0x00,0x00,0x00,0x01,0xDD,0xDD,0xDD,
    0x3D,0xDD,0xDD,0xD1,0x00,0x00,0x00,0x00,0x00,0x00,0x00,0x00,
    0x00,0x00,0x00,0x00,0x00,0x00,0x00,0x00,0x00,0x11,0xDD,0xDD,
    0xDD,0xDD,0xD1,0x10,0x00,0x00,0x00,0x00,0x00,0x00,0x00,0x00,
    0x00,0x00,0x00,0x00,0x00,0x00,0x00,0x00,0x00,0x00,0x11,0x11,
    0xD1,0x11,0x10,0x00,0x00,0x00,0x00,0x00,0x00,0x00,0x00,0x00,
    0x00,0x00,0x00,0x00,0x00,0x00,0x00,0x00,0x00,0x00,0x00,0x00,
    0x10,0x00,0x00,0x00,0x00,0x00,0x00,0x00,0x00,0x00,0x00,0x00,
    0x00,0x00,0x00,0x00,0x00,0x00,0x00,0x00,0x01,0x00,0x00,0x00,
    0x00,0x00,0x00,0x01,0x00,0x00,0x00,0x00,0x00,0x00,0x00,0x00,
    0x00,0x00,0x00,0x00,0x00,0x00,0x00,0x11,0x1D,0x11,0x10,0x00,
    0x00,0x00,0x11,0x1D,0x11,0x10,0x00,0x00,0x00,0x00,0x00,0x00,
    0x00,0x00,0x00,0x00,0x00,0x00,0x01,0xDD,0xDD,0xDD,0xD1,0x00,
    0x00,0x01,0xDD,0xDD,0xDD,0xD1,0x00,0x00,0x00,0x00,0x00,0x00,
    0x00,0x00,0x00,0x00,0x00,0x00,0x00,0x11,0x1D,0x11,0x10,0x00,
    0x00,0x00,0x11,0x1D,0x11,0x10,0x00,0x00,0x00,0x00,0x00,0x00,
    0x00,0x00,0x00,0x00,0x00,0x00,0x00,0x00,0x01,0x00,0x00,0x00,
    0x00,0x00,0x00,0x01,0x00,0x00,0x00,0x00,0x00,0x00,0x00,0x00}},
    {"happy_baby_force",
     {0x00,0x00,0x00,0x00,0x00,0x00,0x00,0x00,0x00,0x00,0x00,0x00,
    0x00,0x00,0x00,0x00,0x00,0x00,0x00,0x00,0x00,0x00,0x00,0x00,
    0x00,0x00,0x00,0x00,0x00,0x00,0x00,0x00,0x00,0x00,0x00,0x00,
    0x00,0x00,0x00,0x00,0x00,0x00,0x00,0x00,0x00,0x00,0x00,0x00,
    0x00,0x00,0x00,0x00,0x00,0x00,0x00,0x00,0x00,0x00,0x00,0x00,
    0x00,0x00,0x00,0x00,0x00,0x00,0x00,0x00,0x00,0x00,0x00,0x00,
    0x00,0x00,0x00,0x00,0x00,0x00,0x00,0x00,0x00,0x00,0x00,0x00,
    0x00,0x00,0x00,0x00,0x00,0x00,0x00,0x00,0x00,0x00,0x10,0x00,
    0x00,0x00,0x00,0x00,0x00,0x00,0x00,0x00,0x00,0x00,0x00,0x00,
    0x00,0x00,0x00,0x00,0x00,0x00,0x00,0x00,0x00,0x01,0x00,0x00,
    0x00,0x00,0x00,0x00,0x00,0x00,0x00,0x00,0x00,0x00,0x00,0x00,
    0x00,0x00,0x00,0x00,0x00,0x00,0x00,0x00,0x00,0x01,0x00,0x00,
    0x00,0x00,0x00,0x00,0x00,0x00,0x00,0x01,0x00,0x00,0x00,0x00,
    0x00,0x00,0x00,0x00,0x01,0x00,0x00,0x00,0x00,0x11,0x00,0x00,
    0x00,0x00,0x00,0x00,0x00,0x00,0x00,0x19,0x10,0x00,0x00,0x00,
    0x00,0x00,0x00,0x00,0x19,0x10,0x00,0x00,0x11,0x00,0x00,0x00,
    0x00,0x00,0x00,0x00,0x10,0x00,0x01,0x99,0x91,0x00,0x00,0x00,
    0x10,0x00,0x00,0x01,0x99,0x91,0x00,0x00,0x10,0x00,0x00,0x00,
    0x00,0x00,0x00,0x01,0x91,0x00,0x01,0x99,0x91,0x00,0x11,0x11,
    0x91,0x11,0x10,0x01,0x99,0x91,0x00,0x01,0x91,0x00,0x00,0x00,
    0x00,0x00,0x00,0x19,0x99,0x10,0x19,0x99,0x99,0x11,0x99,0x99,
    0x99,0x99,0x91,0x19,0x99,0x99,0x10,0x19,0x99,0x10,0x00,0x00,
    0x00,0x00,0x00,0x19,0x99,0x10,0x01,0x99,0x99,0x99,0x99,0x99,
    0x99,0x99,0x99,0x99,0x99,0x91,0x00,0x19,0x99,0x10,0x00,0x00,
    0x00,0x00,0x01,0x99,0x99,0x91,0x01,0x99,0x99,0x99,0x99,0x99,
    0x99,0x99,0x99,0x99,0x99,0x91,0x01,0x99,0x99,0x91,0x00,0x00,
    0x00,0x00,0x00,0x19,0x99,0x10,0x00,0x19,0x99,0x99,0x99,0x99,
    0x99,0x99,0x99,0x99,0x99,0x10,0x00,0x19,0x99,0x10,0x00,0x00,
    0x00,0x00,0x00,0x19,0x99,0x10,0x00,0x19,0x99,0x99,0x99,0x99,
    0x99,0x99,0x99,0x99,0x99,0x10,0x00,0x19,0x99,0x10,0x00,0x00,
    0x00,0x00,0x00,0x01,0x91,0x00,0x01,0x99,0x99,0x99,0x99,0x99,
    0x99,0x99,0x99,0x99,0x99,0x91,0x00,0x01,0x91,0x00,0x00,0x00,
    0x00,0x00,0x00,0x00,0x10,0x00,0x01,0x99,0x99,0x99,0x99,0x99,
    0x99,0x99,0x99,0x99,0x99,0x91,0x00,0x00,0x10,0x00,0x00,0x00,
    0x00,0x00,0x00,0x00,0x00,0x00,0x19,0x99,0x99,0x99,0x99,0x99,
    0x99,0x99,0x99,0x99,0x99,0x99,0x10,0x00,0x00,0x00,0x00,0x00,
    0x00,0x00,0x00,0x00,0x00,0x00,0x19,0x99,0x91,0x19,0x99,0x99,
    0x99,0x99,0x91,0x19,0x99,0x99,0x10,0x00,0x00,0x00,0x00,0x00,
    0x00,0x00,0x00,0x00,0x00,0x00,0x19,0x99,0x19,0x91,0x99,0x99,
    0x99,0x99,0x19,0x91,0x99,0x99,0x10,0x00,0x00,0x00,0x00,0x00,
    0x00,0x00,0x00,0x00,0x00,0x00,0x19,0x99,0x99,0x99,0x99,0x99,
    0x99,0x99,0x99,0x99,0x99,0x99,0x10,0x00,0x00,0x00,0x00,0x00,
    0x00,0x00,0x00,0x00,0x00,0x00,0x19,0x99,0x99,0x99,0x99,0x99,
    0x39,0x99,0x99,0x99,0x99,0x99,0x10,0x00,0x00,0x00,0x00,0x00,
    0x00,0x00,0x00,0x00,0x00,0x01,0x99,0x59,0x99,0x99,0x33,0x33,
    0x13,0x33,0x39,0x99,0x99,0x59,0x91,0x00,0x00,0x00,0x00,0x00,
    0x00,0x00,0x00,0x00,0x00,0x00,0x15,0x55,0x59,0x93,0x33,0x11,
    0x11,0x13,0x33,0x99,0x55,0x55,0x10,0x00,0x00,0x00,0x00,0x00,
    0x00,0x00,0x00,0x00,0x00,0x01,0x55,0x55,0x55,0x33,0x31,0x11,
    0x11,0x11,0x33,0x35,0x55,0x55,0x51,0x00,0x00,0x00,0x00,0x00,
    0x00,0x00,0x00,0x00,0x00,0x00,0x15,0x55,0x53,0x33,0x33,0x11,
    0x11,0x13,0x33,0x33,0x55,0x55,0x10,0x00,0x00,0x00,0x00,0x00,
    0x00,0x00,0x00,0x00,0x00,0x00,0x19,0x59,0x93,0x33,0x33,0x33,
    0x13,0x33,0x33,0x33,0x99,0x59,0x10,0x00,0x00,0x00,0x00,0x00,
    0x00,0x00,0x00,0x00,0x00,0x00,0x19,0x99,0x33,0x33,0x33,0x33,
    0x33,0x33,0x33,0x33,0x39,0x99,0x10,0x00,0x00,0x00,0x00,0x00,
    0x00,0x00,0x00,0x00,0x00,0x00,0x01,0x99,0x93,0x33,0x33,0x33,
    0x33,0x33,0x33,0x33,0x99,0x91,0x00,0x00,0x00,0x00,0x00,0x00,
    0x00,0x00,0x00,0x00,0x00,0x00,0x01,0x99,0x93,0x33,0x33,0x33,
    0x33,0x33,0x33,0x33,0x99,0x91,0x00,0x00,0x00,0x00,0x00,0x00,
    0x00,0x00,0x00,0x00,0x00,0x00,0x00,0x19,0x99,0x33,0x33,0x33,
    0x33,0x33,0x33,0x39,0x99,0x10,0x00,0x00,0x00,0x00,0x00,0x00,
    0x00,0x00,0x00,0x00,0x00,0x00,0x00,0x01,0x99,0x93,0x33,0x33,
    0x33,0x33,0x33,0x99,0x91,0x00,0x00,0x00,0x00,0x00,0x00,0x00,
    0x00,0x00,0x00,0x00,0x00,0x00,0x00,0x01,0x99,0x99,0x33,0x33,
    0x33,0x33,0x39,0x99,0x91,0x00,0x00,0x00,0x00,0x00,0x00,0x00,
    0x00,0x00,0x00,0x00,0x00,0x00,0x00,0x00,0x11,0x99,0x99,0x99,
    0x39,0x99,0x99,0x91,0x10,0x00,0x00,0x00,0x00,0x00,0x00,0x00,
    0x00,0x00,0x00,0x00,0x00,0x00,0x00,0x00,0x00,0x11,0x99,0x99,
    0x99,0x99,0x91,0x10,0x00,0x00,0x00,0x00,0x00,0x00,0x00,0x00,
    0x00,0x00,0x00,0x00,0x00,0x00,0x00,0x00,0x00,0x00,0x11,0x11,
    0x91,0x11,0x10,0x00,0x00,0x00,0x00,0x00,0x00,0x00,0x00,0x00,
    0x00,0x00,0x00,0x00,0x00,0x00,0x00,0x00,0x00,0x00,0x00,0x00,
    0x10,0x00,0x00,0x00,0x00,0x00,0x00,0x00,0x00,0x00,0x00,0x00,
    0x00,0x00,0x00,0x00,0x00,0x00,0x00,0x00,0x00,0x01,0x00,0x00,
    0x00,0x00,0x01,0x00,0x00,0x00,0x00,0x00,0x00,0x00,0x00,0x00,
    0x00,0x00,0x00,0x00,0x00,0x00,0x00,0x00,0x01,0x19,0x11,0x00,
    0x00,0x01,0x19,0x11,0x00,0x00,0x00,0x00,0x00,0x00,0x00,0x00,
    0x00,0x00,0x00,0x00,0x00,0x00,0x00,0x00,0x19,0x99,0x99,0x10,
    0x00,0x19,0x99,0x99,0x10,0x00,0x00,0x00,0x00,0x00,0x00,0x00,
    0x00,0x00,0x00,0x00,0x00,0x00,0x00,0x00,0x01,0x19,0x11,0x00,
    0x00,0x01,0x19,0x11,0x00,0x00,0x00,0x00,0x00,0x00,0x00,0x00,
    0x00,0x00,0x00,0x00,0x00,0x00,0x00,0x00,0x00,0x01,0x00,0x00,
    0x00,0x00,0x01,0x00,0x00,0x00,0x00,0x00,0x00,0x00,0x00,0x00,
    0x00,0x00,0x00,0x00,0x00,0x00,0x00,0x00,0x00,0x00,0x00,0x00,
    0x00,0x00,0x00,0x00,0x00,0x00,0x00,0x00,0x00,0x00,0x00,0x00,
    0x00,0x00,0x00,0x00,0x00,0x00,0x00,0x00,0x00,0x00,0x00,0x00,
    0x00,0x00,0x00,0x00,0x00,0x00,0x00,0x00,0x00,0x00,0x00,0x00,
    0x00,0x00,0x00,0x00,0x00,0x00,0x00,0x00,0x00,0x00,0x00,0x00,
    0x00,0x00,0x00,0x00,0x00,0x00,0x00,0x00,0x00,0x00,0x00,0x00,
    0x00,0x00,0x00,0x00,0x00,0x00,0x00,0x00,0x00,0x00,0x00,0x00,
    0x00,0x00,0x00,0x00,0x00,0x00,0x00,0x00,0x00,0x00,0x00,0x00,
    0x00,0x00,0x00,0x00,0x00,0x00,0x00,0x00,0x00,0x00,0x00,0x00,
    0x00,0x00,0x00,0x00,0x00,0x00,0x00,0x00,0x00,0x00,0x00,0x00,
    0x00,0x00,0x00,0x00,0x00,0x00,0x00,0x00,0x00,0x00,0x00,0x00,
    0x00,0x00,0x00,0x00,0x00,0x00,0x00,0x00,0x00,0x00,0x00,0x00}},
    {"eat_baby_force",
     {0x00,0x00,0x00,0x00,0x00,0x00,0x00,0x00,0x00,0x00,0x00,0x00,
    0x00,0x00,0x00,0x00,0x00,0x00,0x00,0x00,0x00,0x00,0x00,0x00,
    0x00,0x00,0x00,0x00,0x00,0x00,0x00,0x00,0x00,0x00,0x00,0x00,
    0x00,0x00,0x00,0x00,0x00,0x00,0x00,0x00,0x00,0x00,0x00,0x00,
    0x00,0x00,0x00,0x00,0x00,0x00,0x00,0x00,0x00,0x00,0x00,0x00,
    0x00,0x00,0x00,0x00,0x00,0x00,0x00,0x00,0x00,0x00,0x00,0x00,
    0x00,0x00,0x00,0x00,0x00,0x00,0x00,0x00,0x00,0x00,0x00,0x00,
    0x00,0x00,0x00,0x00,0x00,0x00,0x00,0x00,0x00,0x00,0x00,0x00,
    0x00,0x00,0x00,0x00,0x00,0x00,0x00,0x00,0x00,0x00,0x00,0x00,
    0x00,0x00,0x00,0x00,0x00,0x00,0x00,0x00,0x00,0x00,0x00,0x00,
    0x00,0x00,0x00,0x00,0x00,0x00,0x00,0x00,0x00,0x00,0x00,0x00,
    0x00,0x00,0x00,0x00,0x00,0x00,0x00,0x00,0x00,0x00,0x00,0x00,
    0x00,0x00,0x00,0x00,0x00,0x00,0x00,0x00,0x00,0x00,0x00,0x00,
    0x00,0x00,0x00,0x00,0x00,0x00,0x00,0x00,0x00,0x00,0x00,0x00,
    0x00,0x00,0x00,0x00,0x00,0x00,0x00,0x00,0x00,0x00,0x00,0x00,
    0x00,0x00,0x00,0x00,0x00,0x00,0x00,0x00,0x00,0x00,0x00,0x00,
    0x00,0x00,0x00,0x00,0x00,0x00,0x00,0x00,0x00,0x00,0x00,0x00,
    0x00,0x00,0x00,0x00,0x00,0x00,0x00,0x00,0x00,0x00,0x00,0x00,
    0x00,0x00,0x00,0x00,0x00,0x00,0x00,0x00,0x00,0x00,0x00,0x00,
    0x00,0x00,0x00,0x00,0x00,0x00,0x00,0x00,0x00,0x00,0x00,0x00,
    0x00,0x00,0x00,0x00,0x00,0x00,0x00,0x01,0x00,0x00,0x00,0x00,
    0x00,0x00,0x00,0x00,0x01,0x00,0x00,0x00,0x00,0x00,0x00,0x00,
    0x00,0x00,0x00,0x00,0x00,0x00,0x00,0x19,0x10,0x00,0x00,0x00,
    0x00,0x00,0x00,0x00,0x19,0x10,0x00,0x00,0x00,0x00,0x00,0x00,
    0x00,0x00,0x00,0x00,0x00,0x00,0x01,0x95,0x91,0x00,0x00,0x00,
    0x10,0x00,0x00,0x01,0x95,0x91,0x00,0x00,0x00,0x00,0x00,0x00,
    0x00,0x00,0x00,0x00,0x00,0x00,0x01,0x95,0x91,0x00,0x11,0x11,
    0x91,0x11,0x10,0x01,0x95,0x91,0x00,0x00,0x00,0x00,0x00,0x00,
    0x00,0x00,0x00,0x00,0x00,0x00,0x19,0x55,0x59,0x11,0x99,0x99,
    0x99,0x99,0x91,0x19,0x55,0x59,0x10,0x00,0x00,0x00,0x00,0x00,
    0x00,0x00,0x00,0x00,0x00,0x00,0x01,0x95,0x99,0x99,0x99,0x99,
    0x99,0x99,0x99,0x99,0x95,0x91,0x00,0x00,0x01,0x00,0x00,0x00,
    0x00,0x00,0x00,0x00,0x00,0x00,0x01,0x95,0x99,0x99,0x99,0x99,
    0x99,0x99,0x99,0x99,0x95,0x91,0x00,0x00,0x00,0x00,0x00,0x00,
    0x00,0x00,0x00,0x00,0x00,0x00,0x00,0x19,0x99,0x99,0x99,0x99,
    0x99,0x99,0x99,0x99,0x99,0x10,0x00,0x00,0x00,0x00,0x00,0x00,
    0x00,0x00,0x00,0x00,0x00,0x00,0x00,0x19,0x99,0x99,0x99,0x99,
    0x99,0x99,0x99,0x99,0x99,0x10,0x00,0x00,0x11,0x10,0x00,0x00,
    0x00,0x00,0x00,0x00,0x00,0x00,0x01,0x99,0x99,0x99,0x99,0x99,
    0x99,0x99,0x99,0x99,0x99,0x91,0x00,0x01,0x33,0x31,0x00,0x00,
    0x00,0x00,0x00,0x00,0x00,0x00,0x01,0x99,0x91,0x19,0x99,0x99,
    0x99,0x99,0x91,0x19,0x99,0x91,0x00,0x13,0x33,0x33,0x10,0x00,
    0x00,0x00,0x00,0x00,0x00,0x00,0x19,0x99,0x19,0x91,0x99,0x99,
    0x99,0x99,0x19,0x91,0x99,0x99,0x10,0x13,0x11,0x13,0x10,0x00,
    0x00,0x00,0x00,0x00,0x00,0x00,0x19,0x99,0x99,0x99,0x99,0x99,
    0x99,0x99,0x99,0x99,0x99,0x99,0x10,0x13,0x11,0x13,0x10,0x00,
    0x00,0x00,0x00,0x00,0x00,0x00,0x19,0x99,0x99,0x99,0x99,0x99,
    0x99,0x99,0x99,0x99,0x99,0x99,0x10,0x11,0x11,0x11,0x10,0x00,
    0x00,0x00,0x00,0x00,0x00,0x00,0x19,0x99,0x99,0x99,0x99,0x99,
    0x99,0x99,0x99,0x99,0x99,0x99,0x10,0x00,0x00,0x00,0x00,0x00,
    0x00,0x00,0x00,0x00,0x00,0x00,0x19,0x99,0x99,0x99,0x99,0x99,
    0x19,0x99,0x99,0x99,0x99,0x99,0x10,0x00,0x00,0x00,0x00,0x00,
    0x00,0x00,0x00,0x00,0x00,0x01,0x99,0x99,0x99,0x99,0x33,0x11,
    0x11,0x13,0x39,0x99,0x99,0x99,0x91,0x00,0x00,0x00,0x00,0x00,
    0x00,0x00,0x00,0x00,0x00,0x00,0x19,0x99,0x99,0x93,0x31,0x11,
    0x11,0x11,0x33,0x99,0x99,0x99,0x10,0x00,0x00,0x00,0x00,0x00,
    0x00,0x00,0x00,0x00,0x00,0x00,0x19,0x99,0x99,0x33,0x11,0x11,
    0x51,0x11,0x13,0x39,0x99,0x99,0x10,0x00,0x00,0x00,0x00,0x00,
    0x00,0x00,0x00,0x00,0x00,0x00,0x19,0x99,0x93,0x33,0x31,0x55,
    0x55,0x51,0x33,0x33,0x99,0x99,0x10,0x00,0x00,0x00,0x00,0x00,
    0x00,0x00,0x00,0x00,0x00,0x00,0x19,0x99,0x93,0x33,0x33,0x11,
    0x51,0x13,0x33,0x33,0x99,0x99,0x10,0x00,0x00,0x00,0x00,0x00,
    0x00,0x00,0x00,0x00,0x00,0x00,0x19,0x99,0x33,0x33,0x33,0x33,
    0x13,0x33,0x33,0x33,0x39,0x99,0x10,0x00,0x00,0x00,0x00,0x00,
    0x00,0x00,0x00,0x00,0x00,0x00,0x01,0x99,0x93,0x33,0x33,0x33,
    0x33,0x33,0x33,0x33,0x99,0x91,0x00,0x00,0x00,0x00,0x00,0x00,
    0x00,0x00,0x00,0x00,0x00,0x00,0x01,0x99,0x93,0x33,0x33,0x33,
    0x33,0x33,0x33,0x33,0x99,0x91,0x00,0x00,0x00,0x00,0x00,0x00,
    0x00,0x00,0x00,0x00,0x00,0x00,0x00,0x19,0x99,0x33,0x33,0x33,
    0x33,0x33,0x33,0x39,0x99,0x10,0x00,0x00,0x00,0x00,0x00,0x00,
    0x00,0x00,0x00,0x00,0x00,0x00,0x00,0x01,0x99,0x93,0x33,0x33,
    0x33,0x33,0x33,0x99,0x91,0x00,0x00,0x00,0x00,0x00,0x00,0x00,
    0x00,0x00,0x00,0x00,0x00,0x00,0x00,0x01,0x99,0x99,0x33,0x33,
    0x33,0x33,0x39,0x99,0x91,0x00,0x00,0x00,0x00,0x00,0x00,0x00,
    0x00,0x00,0x00,0x00,0x00,0x00,0x00,0x00,0x11,0x99,0x99,0x99,
    0x39,0x99,0x99,0x91,0x10,0x00,0x00,0x00,0x00,0x00,0x00,0x00,
    0x00,0x00,0x00,0x00,0x00,0x00,0x00,0x00,0x00,0x19,0x99,0x99,
    0x99,0x99,0x99,0x10,0x00,0x00,0x00,0x00,0x00,0x00,0x00,0x00,
    0x00,0x00,0x00,0x00,0x00,0x00,0x00,0x00,0x00,0x01,0x99,0x11,
    0x91,0x19,0x91,0x00,0x00,0x00,0x00,0x00,0x00,0x00,0x00,0x00,
    0x00,0x00,0x00,0x00,0x00,0x00,0x00,0x00,0x01,0x19,0x91,0x00,
    0x10,0x01,0x99,0x11,0x00,0x00,0x00,0x00,0x00,0x00,0x00,0x00,
    0x00,0x00,0x00,0x00,0x00,0x00,0x00,0x00,0x19,0x99,0x99,0x10,
    0x00,0x19,0x99,0x99,0x10,0x00,0x00,0x00,0x00,0x00,0x00,0x00,
    0x00,0x00,0x00,0x00,0x00,0x00,0x00,0x00,0x01,0x19,0x11,0x00,
    0x00,0x01,0x19,0x11,0x00,0x00,0x00,0x00,0x00,0x00,0x00,0x00,
    0x00,0x00,0x00,0x00,0x00,0x00,0x00,0x00,0x00,0x01,0x00,0x00,
    0x00,0x00,0x01,0x00,0x00,0x00,0x00,0x00,0x00,0x00,0x00,0x00,
    0x00,0x00,0x00,0x00,0x00,0x00,0x00,0x00,0x00,0x00,0x00,0x00,
    0x00,0x00,0x00,0x00,0x00,0x00,0x00,0x00,0x00,0x00,0x00,0x00,
    0x00,0x00,0x00,0x00,0x00,0x00,0x00,0x00,0x00,0x00,0x00,0x00,
    0x00,0x00,0x00,0x00,0x00,0x00,0x00,0x00,0x00,0x00,0x00,0x00,
    0x00,0x00,0x00,0x00,0x00,0x00,0x00,0x00,0x00,0x00,0x00,0x00,
    0x00,0x00,0x00,0x00,0x00,0x00,0x00,0x00,0x00,0x00,0x00,0x00,
    0x00,0x00,0x00,0x00,0x00,0x00,0x00,0x00,0x00,0x00,0x00,0x00,
    0x00,0x00,0x00,0x00,0x00,0x00,0x00,0x00,0x00,0x00,0x00,0x00}},
    {"zzz_baby_force",
     {0x00,0x00,0x00,0x00,0x00,0x00,0x00,0x00,0x00,0x00,0x00,0x00,
    0x00,0x00,0x00,0x00,0x00,0x00,0x00,0x00,0x00,0x00,0x00,0x00,
    0x00,0x00,0x00,0x00,0x00,0x00,0x00,0x00,0x00,0x00,0x00,0x00,
    0x00,0x00,0x00,0x00,0x00,0x00,0x00,0x00,0x00,0x00,0x00,0x00,
    0x00,0x00,0x00,0x00,0x00,0x00,0x00,0x00,0x00,0x00,0x00,0x00,
    0x00,0x00,0x00,0x00,0x00,0x00,0x00,0x00,0x00,0x00,0x00,0x00,
    0x00,0x00,0x00,0x00,0x00,0x00,0x00,0x00,0x00,0x00,0x00,0x00,
    0x00,0x00,0x00,0x00,0x00,0x00,0x00,0x00,0x00,0x00,0x00,0x00,
    0x00,0x00,0x00,0x00,0x00,0x00,0x00,0x00,0x11,0x00,0x00,0x00,
    0x00,0x00,0x00,0x00,0x00,0x00,0x00,0x00,0x00,0x00,0x00,0x00,
    0x00,0x00,0x00,0x00,0x00,0x00,0x00,0x00,0x10,0x00,0x00,0x00,
    0x00,0x00,0x00,0x00,0x00,0x00,0x00,0x00,0x00,0x00,0x00,0x00,
    0x00,0x00,0x00,0x00,0x00,0x00,0x00,0x00,0x01,0x00,0x00,0x00,
    0x00,0x00,0x00,0x00,0x00,0x00,0x00,0x00,0x00,0x00,0x00,0x00,
    0x00,0x00,0x00,0x00,0x00,0x01,0x11,0x00,0x11,0x00,0x00,0x00,
    0x00,0x00,0x00,0x00,0x00,0x00,0x00,0x00,0x00,0x00,0x00,0x00,
    0x00,0x00,0x00,0x00,0x00,0x01,0x00,0x00,0x00,0x00,0x00,0x00,
    0x00,0x00,0x00,0x00,0x00,0x00,0x00,0x00,0x00,0x00,0x00,0x00,
    0x00,0x00,0x00,0x00,0x00,0x00,0x10,0x00,0x00,0x00,0x00,0x00,
    0x00,0x00,0x00,0x00,0x00,0x00,0x00,0x00,0x00,0x00,0x00,0x00,
    0x00,0x00,0x00,0x00,0x00,0x00,0x01,0x00,0x00,0x00,0x00,0x00,
    0x00,0x00,0x00,0x00,0x00,0x00,0x00,0x00,0x00,0x00,0x00,0x00,
    0x00,0x00,0x00,0x00,0x00,0x01,0x11,0x00,0x00,0x00,0x00,0x00,
    0x00,0x00,0x00,0x00,0x00,0x00,0x00,0x00,0x00,0x00,0x00,0x00,
    0x00,0x00,0x00,0x11,0x10,0x00,0x00,0x00,0x00,0x00,0x00,0x00,
    0x00,0x00,0x00,0x00,0x00,0x00,0x00,0x00,0x00,0x00,0x00,0x00,
    0x00,0x00,0x00,0x10,0x00,0x00,0x00,0x00,0x00,0x00,0x00,0x00,
    0x00,0x00,0x00,0x00,0x00,0x00,0x00,0x00,0x00,0x00,0x00,0x00,
    0x00,0x00,0x00,0x01,0x00,0x00,0x00,0x00,0x00,0x00,0x00,0x00,
    0x00,0x00,0x00,0x00,0x00,0x00,0x00,0x00,0x00,0x00,0x00,0x00,
    0x00,0x00,0x00,0x00,0x10,0x00,0x00,0x00,0x00,0x00,0x00,0x00,
    0x00,0x00,0x00,0x00,0x00,0x00,0x00,0x00,0x00,0x00,0x00,0x00,
    0x00,0x00,0x00,0x11,0x10,0x00,0x00,0x00,0x00,0x00,0x00,0x00,
    0x00,0x00,0x00,0x00,0x00,0x00,0x00,0x00,0x00,0x00,0x00,0x00,
    0x00,0x00,0x00,0x00,0x00,0x00,0x00,0x00,0x00,0x00,0x00,0x00,
    0x00,0x00,0x00,0x00,0x00,0x00,0x00,0x00,0x00,0x00,0x00,0x00,
    0x00,0x00,0x00,0x00,0x00,0x00,0x00,0x00,0x00,0x00,0x00,0x00,
    0x00,0x00,0x00,0x00,0x00,0x00,0x00,0x00,0x00,0x00,0x00,0x00,
    0x00,0x00,0x00,0x00,0x00,0x00,0x00,0x00,0x00,0x00,0x00,0x00,
    0x00,0x00,0x00,0x00,0x00,0x00,0x00,0x00,0x00,0x00,0x00,0x00,
    0x00,0x00,0x00,0x00,0x00,0x00,0x00,0x00,0x00,0x00,0x00,0x00,
    0x00,0x00,0x00,0x00,0x00,0x00,0x00,0x00,0x00,0x00,0x00,0x00,
    0x00,0x00,0x00,0x00,0x00,0x00,0x00,0x00,0x00,0x00,0x00,0x00,
    0x10,0x00,0x00,0x00,0x00,0x00,0x00,0x00,0x00,0x00,0x00,0x00,
    0x00,0x00,0x00,0x00,0x00,0x00,0x00,0x00,0x00,0x11,0x11,0x11,
    0x91,0x11,0x11,0x10,0x00,0x00,0x00,0x00,0x00,0x00,0x00,0x00,
    0x00,0x00,0x00,0x00,0x00,0x00,0x00,0x01,0x11,0x99,0x99,0x99,
    0x99,0x99,0x99,0x91,0x11,0x00,0x00,0x00,0x00,0x00,0x00,0x00,
    0x00,0x00,0x00,0x00,0x00,0x00,0x00,0x19,0x99,0x99,0x99,0x99,
    0x99,0x99,0x99,0x99,0x99,0x10,0x00,0x00,0x00,0x00,0x00,0x00,
    0x00,0x00,0x00,0x00,0x00,0x00,0x11,0x99,0x99,0x99,0x99,0x99,
    0x99,0x99,0x99,0x99,0x99,0x91,0x10,0x00,0x00,0x00,0x00,0x00,
    0x00,0x00,0x00,0x00,0x00,0x01,0x99,0x99,0x99,0x99,0x99,0x99,
    0x99,0x99,0x99,0x99,0x99,0x99,0x91,0x00,0x00,0x00,0x00,0x00,
    0x00,0x00,0x00,0x00,0x00,0x19,0x99,0x99,0x99,0x99,0x99,0x99,
    0x99,0x99,0x99,0x99,0x99,0x99,0x99,0x10,0x00,0x00,0x00,0x00,
    0x00,0x00,0x00,0x00,0x00,0x19,0x99,0x99,0x99,0x99,0x99,0x99,
    0x99,0x99,0x99,0x99,0x99,0x99,0x99,0x10,0x00,0x00,0x00,0x00,
    0x00,0x00,0x00,0x00,0x01,0x99,0x99,0x91,0x11,0x11,0x19,0x99,
    0x99,0x99,0x11,0x11,0x11,0x99,0x99,0x91,0x00,0x00,0x00,0x00,
    0x00,0x00,0x00,0x00,0x01,0x99,0x99,0x99,0x99,0x99,0x99,0x99,
    0x99,0x99,0x99,0x99,0x99,0x99,0x99,0x91,0x00,0x00,0x00,0x00,
    0x00,0x00,0x00,0x00,0x01,0x99,0x99,0x99,0x99,0x99,0x99,0x99,
    0x39,0x99,0x99,0x99,0x99,0x99,0x99,0x91,0x00,0x00,0x00,0x00,
    0x00,0x00,0x00,0x00,0x19,0x99,0x99,0x99,0x99,0x33,0x33,0x33,
    0x33,0x33,0x33,0x39,0x99,0x99,0x99,0x99,0x10,0x00,0x00,0x00,
    0x00,0x00,0x00,0x00,0x01,0x99,0x99,0x99,0x33,0x33,0x33,0x33,
    0x33,0x33,0x33,0x33,0x39,0x99,0x99,0x91,0x00,0x00,0x00,0x00,
    0x00,0x00,0x00,0x00,0x01,0x99,0x99,0x93,0x33,0x33,0x33,0x33,
    0x33,0x33,0x33,0x33,0x33,0x99,0x99,0x91,0x00,0x00,0x00,0x00,
    0x00,0x00,0x00,0x00,0x01,0x99,0x99,0x93,0x33,0x33,0x33,0x33,
    0x33,0x33,0x33,0x33,0x33,0x99,0x99,0x91,0x00,0x00,0x00,0x00,
    0x00,0x00,0x00,0x00,0x00,0x19,0x99,0x33,0x33,0x33,0x33,0x33,
    0x33,0x33,0x33,0x33,0x33,0x39,0x99,0x10,0x00,0x00,0x00,0x00,
    0x00,0x00,0x00,0x00,0x00,0x19,0x99,0x93,0x33,0x33,0x33,0x33,
    0x33,0x33,0x33,0x33,0x33,0x99,0x99,0x10,0x00,0x00,0x00,0x00,
    0x00,0x00,0x00,0x00,0x00,0x01,0x99,0x93,0x33,0x33,0x33,0x33,
    0x33,0x33,0x33,0x33,0x33,0x99,0x91,0x00,0x00,0x00,0x00,0x00,
    0x00,0x00,0x00,0x00,0x00,0x00,0x11,0x99,0x33,0x33,0x33,0x33,
    0x33,0x33,0x33,0x33,0x39,0x91,0x10,0x00,0x00,0x00,0x00,0x00,
    0x00,0x00,0x00,0x00,0x00,0x00,0x00,0x19,0x99,0x33,0x33,0x33,
    0x33,0x33,0x33,0x39,0x99,0x10,0x00,0x00,0x00,0x00,0x00,0x00,
    0x00,0x00,0x00,0x00,0x00,0x00,0x00,0x01,0x11,0x99,0x99,0x99,
    0x39,0x99,0x99,0x91,0x11,0x00,0x00,0x00,0x00,0x00,0x00,0x00,
    0x00,0x00,0x00,0x00,0x00,0x00,0x00,0x00,0x00,0x11,0x11,0x11,
    0x91,0x11,0x11,0x10,0x00,0x00,0x00,0x00,0x00,0x00,0x00,0x00,
    0x00,0x00,0x00,0x00,0x00,0x00,0x00,0x00,0x00,0x00,0x00,0x00,
    0x10,0x00,0x00,0x00,0x00,0x00,0x00,0x00,0x00,0x00,0x00,0x00,
    0x00,0x00,0x00,0x00,0x00,0x00,0x00,0x00,0x00,0x00,0x00,0x00,
    0x00,0x00,0x00,0x00,0x00,0x00,0x00,0x00,0x00,0x00,0x00,0x00,
    0x00,0x00,0x00,0x00,0x00,0x00,0x00,0x00,0x00,0x00,0x00,0x00,
    0x00,0x00,0x00,0x00,0x00,0x00,0x00,0x00,0x00,0x00,0x00,0x00,
    0x00,0x00,0x00,0x00,0x00,0x00,0x00,0x00,0x00,0x00,0x00,0x00,
    0x00,0x00,0x00,0x00,0x00,0x00,0x00,0x00,0x00,0x00,0x00,0x00,
    0x00,0x00,0x00,0x00,0x00,0x00,0x00,0x00,0x00,0x00,0x00,0x00,
    0x00,0x00,0x00,0x00,0x00,0x00,0x00,0x00,0x00,0x00,0x00,0x00}},
    {"scold_baby_force",
     {0x00,0x00,0x00,0x00,0x00,0x00,0x00,0x00,0x00,0x00,0x00,0x00,
    0x00,0x00,0x00,0x00,0x00,0x00,0x00,0x00,0x00,0x00,0x00,0x00,
    0x00,0x00,0x00,0x00,0x00,0x00,0x00,0x00,0x00,0x00,0x00,0x00,
    0x00,0x00,0x00,0x00,0x00,0x00,0x00,0x00,0x00,0x00,0x00,0x00,
    0x00,0x00,0x00,0x00,0x00,0x00,0x00,0x00,0x00,0x00,0x00,0x00,
    0x00,0x00,0x00,0x00,0x00,0x00,0x00,0x00,0x00,0x00,0x00,0x00,
    0x00,0x00,0x00,0x00,0x00,0x00,0x00,0x00,0x00,0x00,0x00,0x00,
    0x00,0x00,0x00,0x00,0x00,0x00,0x00,0x00,0x00,0x00,0x00,0x00,
    0x00,0x00,0x00,0x00,0x00,0x00,0x00,0x00,0x00,0x00,0x00,0x00,
    0x00,0x00,0x00,0x00,0x00,0x00,0x00,0x00,0x00,0x00,0x00,0x00,
    0x00,0x00,0x00,0x00,0x00,0x00,0x00,0x00,0x00,0x00,0x00,0x00,
    0x00,0x00,0x00,0x00,0x00,0x00,0x00,0x00,0x00,0x00,0x00,0x00,
    0x00,0x00,0x00,0x00,0x00,0x00,0x00,0x00,0x00,0x00,0x00,0x00,
    0x00,0x00,0x00,0x00,0x00,0x00,0x00,0x00,0x00,0x00,0x00,0x00,
    0x00,0x00,0x00,0x00,0x00,0x00,0x00,0x00,0x00,0x00,0x00,0x00,
    0x00,0x00,0x00,0x00,0x00,0x00,0x00,0x00,0x00,0x00,0x00,0x00,
    0x00,0x00,0x00,0x00,0x00,0x50,0x00,0x00,0x00,0x00,0x00,0x00,
    0x00,0x00,0x00,0x00,0x00,0x00,0x00,0x00,0x00,0x00,0x00,0x00,
    0x00,0x00,0x00,0x00,0x00,0x05,0x00,0x00,0x00,0x00,0x00,0x00,
    0x00,0x00,0x00,0x00,0x00,0x00,0x00,0x00,0x00,0x00,0x00,0x00,
    0x00,0x00,0x00,0x00,0x05,0x00,0x00,0x01,0x00,0x00,0x00,0x00,
    0x00,0x00,0x00,0x00,0x01,0x00,0x00,0x00,0x00,0x00,0x00,0x00,
    0x00,0x00,0x00,0x00,0x00,0x00,0x50,0x19,0x10,0x00,0x00,0x00,
    0x00,0x00,0x00,0x00,0x19,0x10,0x00,0x00,0x00,0x00,0x00,0x00,
    0x00,0x00,0x00,0x00,0x00,0x50,0x01,0x95,0x91,0x00,0x00,0x00,
    0x10,0x00,0x00,0x01,0x95,0x91,0x00,0x00,0x00,0x00,0x00,0x00,
    0x00,0x00,0x00,0x00,0x00,0x00,0x01,0x95,0x91,0x00,0x11,0x11,
    0x91,0x11,0x10,0x01,0x95,0x91,0x00,0x00,0x00,0x00,0x00,0x00,
    0x00,0x00,0x00,0x00,0x00,0x00,0x19,0x55,0x59,0x11,0x99,0x99,
    0x99,0x99,0x91,0x19,0x55,0x59,0x10,0x00,0x00,0x00,0x00,0x00,
    0x00,0x00,0x00,0x00,0x00,0x00,0x01,0x95,0x99,0x99,0x99,0x99,
    0x99,0x99,0x99,0x99,0x95,0x91,0x00,0x00,0x00,0x00,0x00,0x00,
    0x00,0x00,0x00,0x00,0x00,0x00,0x01,0x95,0x99,0x99,0x99,0x99,
    0x99,0x99,0x99,0x99,0x95,0x91,0x00,0x00,0x00,0x00,0x00,0x00,
    0x00,0x00,0x00,0x00,0x00,0x00,0x00,0x19,0x99,0x99,0x99,0x99,
    0x99,0x99,0x99,0x99,0x99,0x10,0x00,0x00,0x00,0x00,0x00,0x00,
    0x00,0x00,0x00,0x00,0x00,0x00,0x00,0x19,0x99,0x99,0x99,0x99,
    0x99,0x99,0x99,0x99,0x99,0x10,0x00,0x00,0x00,0x00,0x00,0x00,
    0x00,0x00,0x00,0x00,0x00,0x00,0x01,0x99,0x99,0x99,0x99,0x99,
    0x99,0x99,0x99,0x99,0x99,0x91,0x00,0x00,0x00,0x00,0x00,0x00,
    0x00,0x00,0x00,0x00,0x00,0x00,0x01,0x99,0x99,0x99,0x99,0x99,
    0x99,0x99,0x99,0x99,0x99,0x91,0x00,0x00,0x00,0x00,0x00,0x00,
    0x00,0x00,0x00,0x00,0x00,0x00,0x19,0x99,0x99,0x99,0x99,0x99,
    0x99,0x99,0x99,0x99,0x99,0x99,0x10,0x00,0x00,0x00,0x00,0x00,
    0x00,0x00,0x00,0x00,0x00,0x00,0x19,0x99,0x99,0x19,0x99,0x99,
    0x99,0x99,0x99,0x19,0x99,0x99,0x10,0x00,0x00,0x00,0x00,0x00,
    0x00,0x00,0x00,0x00,0x00,0x00,0x19,0x99,0x91,0x11,0x99,0x99,
    0x99,0x99,0x91,0x11,0x99,0x99,0x10,0x00,0x00,0x00,0x00,0x00,
    0x00,0x00,0x00,0x00,0x00,0x00,0x19,0x99,0x91,0x21,0x99,0x99,
    0x99,0x99,0x91,0x21,0x99,0x99,0x10,0x00,0x00,0x00,0x00,0x00,
    0x00,0x00,0x00,0x00,0x00,0x00,0x19,0x99,0x11,0x11,0x19,0x99,
    0x39,0x99,0x11,0x11,0x19,0x99,0x10,0x00,0x00,0x00,0x00,0x00,
    0x00,0x00,0x00,0x00,0x00,0x01,0x99,0x99,0x91,0x11,0x33,0x33,
    0x33,0x33,0x31,0x11,0x99,0x99,0x91,0x00,0x00,0x00,0x00,0x00,
    0x00,0x00,0x00,0x00,0x00,0x00,0x19,0x99,0x91,0x11,0x33,0x33,
    0x33,0x33,0x31,0x11,0x99,0x99,0x10,0x00,0x00,0x00,0x00,0x00,
    0x00,0x00,0x00,0x00,0x00,0x00,0x19,0x99,0x99,0x13,0x33,0x33,
    0x33,0x33,0x33,0x19,0x99,0x99,0x10,0x00,0x00,0x00,0x00,0x00,
    0x00,0x00,0x00,0x00,0x00,0x00,0x19,0x99,0x93,0x63,0x33,0x33,
    0x33,0x33,0x33,0x63,0x99,0x99,0x10,0x00,0x00,0x00,0x00,0x00,
    0x00,0x00,0x00,0x00,0x00,0x00,0x19,0x99,0x93,0x63,0x33,0x33,
    0x33,0x33,0x33,0x63,0x99,0x99,0x10,0x00,0x00,0x00,0x00,0x00,
    0x00,0x00,0x00,0x00,0x00,0x00,0x19,0x99,0x33,0x33,0x33,0x31,
    0x31,0x33,0x33,0x33,0x39,0x99,0x10,0x00,0x00,0x00,0x00,0x00,
    0x00,0x00,0x00,0x00,0x00,0x00,0x01,0x99,0x93,0x33,0x33,0x13,
    0x13,0x13,0x33,0x33,0x99,0x91,0x00,0x00,0x00,0x00,0x00,0x00,
    0x00,0x00,0x00,0x00,0x00,0x00,0x01,0x99,0x93,0x33,0x33,0x33,
    0x33,0x33,0x33,0x33,0x99,0x91,0x00,0x00,0x00,0x00,0x00,0x00,
    0x00,0x00,0x00,0x00,0x00,0x00,0x00,0x19,0x99,0x33,0x33,0x33,
    0x33,0x33,0x33,0x39,0x99,0x10,0x00,0x00,0x00,0x00,0x00,0x00,
    0x00,0x00,0x00,0x00,0x00,0x00,0x00,0x01,0x99,0x93,0x33,0x33,
    0x33,0x33,0x33,0x99,0x91,0x00,0x00,0x00,0x00,0x00,0x00,0x00,
    0x00,0x00,0x00,0x00,0x00,0x00,0x00,0x01,0x99,0x99,0x33,0x33,
    0x33,0x33,0x39,0x99,0x91,0x00,0x00,0x00,0x00,0x00,0x00,0x00,
    0x00,0x00,0x00,0x00,0x00,0x00,0x00,0x00,0x11,0x99,0x99,0x99,
    0x39,0x99,0x99,0x91,0x10,0x00,0x00,0x00,0x00,0x00,0x00,0x00,
    0x00,0x00,0x00,0x00,0x00,0x00,0x00,0x00,0x00,0x19,0x99,0x99,
    0x99,0x99,0x99,0x10,0x00,0x00,0x00,0x00,0x00,0x00,0x00,0x00,
    0x00,0x00,0x00,0x00,0x00,0x00,0x00,0x00,0x00,0x01,0x99,0x11,
    0x91,0x19,0x91,0x00,0x00,0x00,0x00,0x00,0x00,0x00,0x00,0x00,
    0x00,0x00,0x00,0x00,0x00,0x00,0x00,0x00,0x01,0x19,0x91,0x00,
    0x10,0x01,0x99,0x11,0x00,0x00,0x00,0x00,0x00,0x00,0x00,0x00,
    0x00,0x00,0x00,0x00,0x00,0x00,0x00,0x00,0x19,0x99,0x99,0x10,
    0x00,0x19,0x99,0x99,0x10,0x00,0x00,0x00,0x00,0x00,0x00,0x00,
    0x00,0x00,0x00,0x00,0x00,0x00,0x00,0x00,0x01,0x19,0x11,0x00,
    0x00,0x01,0x19,0x11,0x00,0x00,0x00,0x00,0x00,0x00,0x00,0x00,
    0x00,0x00,0x00,0x00,0x00,0x00,0x00,0x00,0x00,0x01,0x00,0x00,
    0x00,0x00,0x01,0x00,0x00,0x00,0x00,0x00,0x00,0x00,0x00,0x00,
    0x00,0x00,0x00,0x00,0x00,0x00,0x00,0x00,0x00,0x00,0x00,0x00,
    0x00,0x00,0x00,0x00,0x00,0x00,0x00,0x00,0x00,0x00,0x00,0x00,
    0x00,0x00,0x00,0x00,0x00,0x00,0x00,0x00,0x00,0x00,0x00,0x00,
    0x00,0x00,0x00,0x00,0x00,0x00,0x00,0x00,0x00,0x00,0x00,0x00,
    0x00,0x00,0x00,0x00,0x00,0x00,0x00,0x00,0x00,0x00,0x00,0x00,
    0x00,0x00,0x00,0x00,0x00,0x00,0x00,0x00,0x00,0x00,0x00,0x00,
    0x00,0x00,0x00,0x00,0x00,0x00,0x00,0x00,0x00,0x00,0x00,0x00,
    0x00,0x00,0x00,0x00,0x00,0x00,0x00,0x00,0x00,0x00,0x00,0x00}},
    {"sick_baby_force",
     {0x00,0x00,0x00,0x00,0x00,0x00,0x00,0x00,0x00,0x00,0x00,0x00,
    0x00,0x00,0x00,0x00,0x00,0x00,0x00,0x00,0x00,0x00,0x00,0x00,
    0x00,0x00,0x00,0x00,0x00,0x00,0x00,0x00,0x00,0x00,0x00,0x00,
    0x00,0x00,0x00,0x00,0x00,0x00,0x00,0x00,0x00,0x00,0x00,0x00,
    0x00,0x00,0x00,0x00,0x00,0x00,0x00,0x00,0x00,0x00,0x00,0x00,
    0x00,0x00,0x00,0x00,0x00,0x00,0x00,0x00,0x00,0x00,0x00,0x00,
    0x00,0x00,0x00,0x00,0x00,0x00,0x00,0x00,0x00,0x00,0x00,0x00,
    0x00,0x00,0x00,0x00,0x00,0x00,0x00,0x00,0x00,0x00,0x00,0x00,
    0x00,0x00,0x00,0x00,0x00,0x00,0x00,0x00,0x00,0x00,0x00,0x00,
    0x00,0x00,0x00,0x00,0x00,0x00,0x00,0x00,0x00,0x00,0x00,0x00,
    0x00,0x00,0x00,0x00,0x00,0x00,0x00,0x00,0x00,0x00,0x00,0x00,
    0x00,0x00,0x00,0x00,0x00,0x00,0x00,0x00,0x00,0x00,0x00,0x00,
    0x00,0x00,0x00,0x00,0x00,0x00,0x00,0x00,0x00,0x00,0x00,0x00,
    0x00,0x00,0x00,0x00,0x00,0x00,0x00,0x00,0x00,0x00,0x00,0x00,
    0x00,0x00,0x00,0x00,0x00,0x00,0x00,0x00,0x00,0x00,0x00,0x00,
    0x00,0x00,0x00,0x00,0x00,0x00,0x00,0x00,0x00,0x00,0x00,0x00,
    0x00,0x00,0x00,0x00,0x00,0x00,0x00,0x00,0x00,0x00,0x00,0x00,
    0x00,0x00,0x00,0x00,0x00,0x00,0x00,0x00,0x00,0x00,0x00,0x00,
    0x00,0x00,0x00,0x00,0x00,0x00,0x00,0x00,0x00,0x00,0x00,0x00,
    0x00,0x00,0x00,0x00,0x00,0x00,0x00,0x00,0x00,0x00,0x00,0x00,
    0x00,0x00,0x00,0x00,0x00,0x00,0x00,0x01,0x00,0x00,0x00,0x00,
    0x00,0x00,0x00,0x00,0x01,0x00,0x00,0x00,0x00,0x00,0x00,0x00,
    0x00,0x00,0x00,0x00,0x00,0x00,0x00,0x19,0x10,0x00,0x00,0x00,
    0x00,0x00,0x00,0x00,0x19,0x10,0x00,0x00,0x00,0x00,0x00,0x00,
    0x00,0x00,0x00,0x00,0x00,0x00,0x01,0x95,0x91,0x00,0x00,0x00,
    0x10,0x00,0x00,0x01,0x95,0x91,0x00,0x00,0x00,0x00,0x00,0x00,
    0x00,0x00,0x00,0x00,0x00,0x00,0x01,0x95,0x91,0x00,0x11,0x11,
    0x91,0x11,0x10,0x01,0x95,0x91,0x00,0x00,0x00,0x00,0x00,0x00,
    0x00,0x00,0x00,0x00,0x00,0x00,0x19,0x55,0x59,0x11,0x99,0x99,
    0x99,0x99,0x91,0x19,0x55,0x59,0x10,0x00,0x00,0x00,0x00,0x00,
    0x00,0x00,0x00,0x00,0x00,0x00,0x01,0x95,0x99,0x99,0x99,0x99,
    0x99,0x99,0x99,0x99,0x95,0x91,0x00,0x00,0x00,0x00,0x00,0x00,
    0x00,0x00,0x00,0x00,0x00,0x00,0x01,0x95,0x99,0x99,0x99,0x99,
    0x99,0x99,0x99,0x99,0x95,0x96,0x00,0x00,0x00,0x00,0x00,0x00,
    0x00,0x00,0x00,0x00,0x00,0x00,0x00,0x19,0x99,0x99,0x99,0x99,
    0x99,0x99,0x99,0x99,0x99,0x10,0x60,0x00,0x00,0x00,0x00,0x00,
    0x00,0x00,0x00,0x00,0x00,0x00,0x00,0x19,0x99,0x99,0x99,0x99,
    0x99,0x99,0x99,0x99,0x99,0x16,0x00,0x00,0x00,0x00,0x00,0x00,
    0x00,0x00,0x00,0x00,0x00,0x00,0x01,0x99,0x19,0x99,0x99,0x99,
    0x99,0x99,0x19,0x99,0x99,0x91,0x00,0x00,0x00,0x00,0x00,0x00,
    0x00,0x00,0x00,0x00,0x00,0x00,0x01,0x99,0x91,0x99,0x99,0x99,
    0x99,0x99,0x91,0x99,0x99,0x91,0x00,0x00,0x00,0x00,0x00,0x00,
    0x00,0x00,0x00,0x00,0x00,0x00,0x19,0x99,0x99,0x19,0x19,0x99,
    0x99,0x99,0x99,0x19,0x19,0x99,0x10,0x00,0x00,0x00,0x00,0x00,
    0x00,0x00,0x00,0x00,0x00,0x00,0x19,0x99,0x99,0x91,0x99,0x99,
    0x99,0x99,0x99,0x91,0x99,0x99,0x10,0x00,0x00,0x00,0x00,0x00,
    0x00,0x00,0x00,0x00,0x00,0x00,0x19,0x99,0x99,0x19,0x19,0x99,
    0x99,0x99,0x99,0x19,0x19,0x99,0x10,0x00,0x00,0x00,0x00,0x00,
    0x00,0x00,0x00,0x00,0x00,0x00,0x19,0x99,0x91,0x99,0x99,0x99,
    0x99,0x99,0x91,0x99,0x99,0x99,0x10,0x00,0x00,0x00,0x00,0x00,
    0x00,0x00,0x00,0x00,0x00,0x00,0x19,0x99,0x19,0x99,0x99,0x99,
    0x39,0x99,0x19,0x99,0x99,0x99,0x10,0x00,0x00,0x00,0x00,0x00,
    0x00,0x00,0x00,0x00,0x22,0x01,0x99,0x99,0x99,0x99,0x33,0x33,
    0x33,0x33,0x39,0x99,0x99,0x99,0x91,0x00,0x00,0x00,0x00,0x00,
    0x00,0x00,0x00,0x00,0x22,0x00,0x19,0x99,0x99,0x93,0x33,0x33,
    0x33,0x33,0x33,0x99,0x99,0x99,0x10,0x00,0x00,0x00,0x00,0x00,
    0x00,0x00,0x00,0x00,0x22,0x00,0x19,0x99,0x99,0x33,0x33,0x33,
    0x33,0x33,0x33,0x39,0x99,0x99,0x10,0x00,0x00,0x00,0x00,0x00,
    0x00,0x00,0x00,0x00,0x22,0x00,0x19,0x99,0x93,0x33,0x33,0x13,
    0x13,0x13,0x33,0x33,0x99,0x99,0x10,0x00,0x00,0x00,0x00,0x00,
    0x00,0x00,0x00,0x00,0x22,0x00,0x19,0x99,0x93,0x33,0x33,0x31,
    0x31,0x33,0x33,0x33,0x99,0x99,0x10,0x00,0x00,0x00,0x00,0x00,
    0x00,0x00,0x00,0x00,0x22,0x00,0x19,0x99,0x33,0x33,0x33,0x33,
    0x33,0x33,0x33,0x33,0x39,0x99,0x10,0x00,0x00,0x00,0x00,0x00,
    0x00,0x00,0x00,0x00,0x22,0x00,0x01,0x99,0x93,0x33,0x33,0x33,
    0x33,0x33,0x33,0x33,0x99,0x91,0x00,0x00,0x00,0x00,0x00,0x00,
    0x00,0x00,0x00,0x00,0x22,0x00,0x01,0x99,0x93,0x33,0x33,0x33,
    0x33,0x33,0x33,0x33,0x99,0x91,0x00,0x00,0x00,0x00,0x00,0x00,
    0x00,0x00,0x00,0x00,0x22,0x00,0x00,0x19,0x99,0x33,0x33,0x33,
    0x33,0x33,0x33,0x39,0x99,0x10,0x00,0x00,0x00,0x00,0x00,0x00,
    0x00,0x00,0x00,0x00,0x22,0x00,0x00,0x01,0x99,0x93,0x33,0x33,
    0x33,0x33,0x33,0x99,0x91,0x00,0x00,0x00,0x00,0x00,0x00,0x00,
    0x00,0x00,0x00,0x00,0x22,0x00,0x00,0x01,0x99,0x99,0x33,0x33,
    0x33,0x33,0x39,0x99,0x91,0x00,0x00,0x00,0x00,0x00,0x00,0x00,
    0x00,0x00,0x00,0x00,0x22,0x00,0x00,0x00,0x11,0x99,0x99,0x99,
    0x39,0x99,0x99,0x91,0x10,0x00,0x00,0x00,0x00,0x00,0x00,0x00,
    0x00,0x00,0x00,0x00,0x52,0x00,0x00,0x00,0x00,0x19,0x99,0x99,
    0x99,0x99,0x99,0x10,0x00,0x00,0x00,0x00,0x00,0x00,0x00,0x00,
    0x00,0x00,0x00,0x05,0x55,0x00,0x00,0x00,0x00,0x01,0x99,0x11,
    0x91,0x19,0x91,0x00,0x00,0x00,0x00,0x00,0x00,0x00,0x00,0x00,
    0x00,0x00,0x00,0x55,0x55,0x50,0x00,0x00,0x01,0x19,0x91,0x00,
    0x10,0x01,0x99,0x11,0x00,0x00,0x00,0x00,0x00,0x00,0x00,0x00,
    0x00,0x00,0x00,0x05,0x55,0x00,0x00,0x00,0x19,0x99,0x99,0x10,
    0x00,0x19,0x99,0x99,0x10,0x00,0x00,0x00,0x00,0x00,0x00,0x00,
    0x00,0x00,0x00,0x00,0x50,0x00,0x00,0x00,0x01,0x19,0x11,0x00,
    0x00,0x01,0x19,0x11,0x00,0x00,0x00,0x00,0x00,0x00,0x00,0x00,
    0x00,0x00,0x00,0x00,0x00,0x00,0x00,0x00,0x00,0x01,0x00,0x00,
    0x00,0x00,0x01,0x00,0x00,0x00,0x00,0x00,0x00,0x00,0x00,0x00,
    0x00,0x00,0x00,0x00,0x00,0x00,0x00,0x00,0x00,0x00,0x00,0x00,
    0x00,0x00,0x00,0x00,0x00,0x00,0x00,0x00,0x00,0x00,0x00,0x00,
    0x00,0x00,0x00,0x00,0x00,0x00,0x00,0x00,0x00,0x00,0x00,0x00,
    0x00,0x00,0x00,0x00,0x00,0x00,0x00,0x00,0x00,0x00,0x00,0x00,
    0x00,0x00,0x00,0x00,0x00,0x00,0x00,0x00,0x00,0x00,0x00,0x00,
    0x00,0x00,0x00,0x00,0x00,0x00,0x00,0x00,0x00,0x00,0x00,0x00,
    0x00,0x00,0x00,0x00,0x00,0x00,0x00,0x00,0x00,0x00,0x00,0x00,
    0x00,0x00,0x00,0x00,0x00,0x00,0x00,0x00,0x00,0x00,0x00,0x00}},
    {"happy_baby_magic",
     {0x00,0x00,0x00,0x00,0x00,0x00,0x00,0x00,0x00,0x00,0x00,0x00,
    0x00,0x00,0x00,0x00,0x00,0x00,0x00,0x00,0x00,0x00,0x00,0x00,
    0x00,0x00,0x00,0x00,0x00,0x00,0x00,0x00,0x00,0x00,0x00,0x00,
    0x00,0x00,0x00,0x00,0x00,0x00,0x00,0x00,0x00,0x00,0x00,0x00,
    0x00,0x00,0x00,0x00,0x00,0x00,0x00,0x00,0x00,0x00,0x00,0x00,
    0x00,0x00,0x00,0x00,0x00,0x00,0x00,0x00,0x00,0x00,0x00,0x00,
    0x00,0x00,0x00,0x00,0x00,0x00,0x00,0x00,0x00,0x00,0x00,0x00,
    0x00,0x00,0x00,0x00,0x00,0x00,0x00,0x00,0x00,0x00,0x10,0x00,
    0x00,0x00,0x00,0x00,0x00,0x00,0x00,0x00,0x00,0x00,0x00,0x00,
    0x00,0x00,0x00,0x00,0x00,0x00,0x00,0x00,0x00,0x01,0x00,0x00,
    0x00,0x00,0x00,0x00,0x00,0x00,0x00,0x00,0x00,0x00,0x00,0x00,
    0x00,0x00,0x00,0x00,0x00,0x00,0x00,0x00,0x00,0x01,0x00,0x00,
    0x00,0x00,0x00,0x00,0x00,0x00,0x00,0x01,0x00,0x00,0x00,0x00,
    0x00,0x00,0x00,0x00,0x01,0x00,0x00,0x00,0x00,0x11,0x00,0x00,
    0x00,0x00,0x00,0x00,0x00,0x00,0x00,0x18,0x10,0x00,0x00,0x00,
    0x00,0x00,0x00,0x00,0x18,0x10,0x00,0x00,0x11,0x00,0x00,0x00,
    0x00,0x00,0x00,0x00,0x10,0x00,0x01,0x88,0x81,0x00,0x00,0x00,
    0x10,0x00,0x00,0x01,0x88,0x81,0x00,0x00,0x10,0x00,0x00,0x00,
    0x00,0x00,0x00,0x01,0x81,0x00,0x01,0x88,0x81,0x00,0x11,0x11,
    0x81,0x11,0x10,0x01,0x88,0x81,0x00,0x01,0x81,0x00,0x00,0x00,
    0x00,0x00,0x00,0x18,0x88,0x10,0x18,0x88,0x88,0x11,0x88,0x88,
    0x88,0x88,0x81,0x18,0x88,0x88,0x10,0x18,0x88,0x10,0x00,0x00,
    0x00,0x00,0x00,0x18,0x88,0x10,0x01,0x88,0x88,0x88,0x88,0x88,
    0x88,0x88,0x88,0x88,0x88,0x81,0x00,0x18,0x88,0x10,0x00,0x00,
    0x00,0x00,0x01,0x88,0x88,0x81,0x01,0x88,0x88,0x88,0x88,0x88,
    0x88,0x88,0x88,0x88,0x88,0x81,0x01,0x88,0x88,0x81,0x00,0x00,
    0x00,0x00,0x00,0x18,0x88,0x10,0x00,0x18,0x88,0x88,0x88,0x88,
    0x88,0x88,0x88,0x88,0x88,0x10,0x00,0x18,0x88,0x10,0x00,0x00,
    0x00,0x00,0x00,0x18,0x88,0x10,0x00,0x18,0x88,0x88,0x88,0x88,
    0x88,0x88,0x88,0x88,0x88,0x10,0x00,0x18,0x88,0x10,0x00,0x00,
    0x00,0x00,0x00,0x01,0x81,0x00,0x01,0x88,0x88,0x88,0x88,0x88,
    0x88,0x88,0x88,0x88,0x88,0x81,0x00,0x01,0x81,0x00,0x00,0x00,
    0x00,0x00,0x00,0x00,0x10,0x00,0x01,0x88,0x88,0x88,0x88,0x88,
    0x88,0x88,0x88,0x88,0x88,0x81,0x00,0x00,0x10,0x00,0x00,0x00,
    0x00,0x00,0x00,0x00,0x00,0x00,0x18,0x88,0x88,0x88,0x88,0x88,
    0x88,0x88,0x88,0x88,0x88,0x88,0x10,0x00,0x00,0x00,0x00,0x00,
    0x00,0x00,0x00,0x00,0x00,0x00,0x18,0x88,0x81,0x18,0x88,0x88,
    0x88,0x88,0x81,0x18,0x88,0x88,0x10,0x00,0x00,0x00,0x00,0x00,
    0x00,0x00,0x00,0x00,0x00,0x00,0x18,0x88,0x18,0x81,0x88,0x88,
    0x88,0x88,0x18,0x81,0x88,0x88,0x10,0x00,0x00,0x00,0x00,0x00,
    0x00,0x00,0x00,0x00,0x00,0x00,0x18,0x88,0x88,0x88,0x88,0x88,
    0x88,0x88,0x88,0x88,0x88,0x88,0x10,0x00,0x00,0x00,0x00,0x00,
    0x00,0x00,0x00,0x00,0x00,0x00,0x18,0x88,0x88,0x88,0x88,0x88,
    0x38,0x88,0x88,0x88,0x88,0x88,0x10,0x00,0x00,0x00,0x00,0x00,
    0x00,0x00,0x00,0x00,0x00,0x01,0x88,0x58,0x88,0x88,0x33,0x33,
    0x13,0x33,0x38,0x88,0x88,0x58,0x81,0x00,0x00,0x00,0x00,0x00,
    0x00,0x00,0x00,0x00,0x00,0x00,0x15,0x55,0x58,0x83,0x33,0x11,
    0x11,0x13,0x33,0x88,0x55,0x55,0x10,0x00,0x00,0x00,0x00,0x00,
    0x00,0x00,0x00,0x00,0x00,0x01,0x55,0x55,0x55,0x33,0x31,0x11,
    0x11,0x11,0x33,0x35,0x55,0x55,0x51,0x00,0x00,0x00,0x00,0x00,
    0x00,0x00,0x00,0x00,0x00,0x00,0x15,0x55,0x53,0x33,0x33,0x11,
    0x11,0x13,0x33,0x33,0x55,0x55,0x10,0x00,0x00,0x00,0x00,0x00,
    0x00,0x00,0x00,0x00,0x00,0x00,0x18,0x58,0x83,0x33,0x33,0x33,
    0x13,0x33,0x33,0x33,0x88,0x58,0x10,0x00,0x00,0x00,0x00,0x00,
    0x00,0x00,0x00,0x00,0x00,0x00,0x18,0x88,0x33,0x33,0x33,0x33,
    0x33,0x33,0x33,0x33,0x38,0x88,0x10,0x00,0x00,0x00,0x00,0x00,
    0x00,0x00,0x00,0x00,0x00,0x00,0x01,0x88,0x83,0x33,0x33,0x33,
    0x33,0x33,0x33,0x33,0x88,0x81,0x00,0x00,0x00,0x00,0x00,0x00,
    0x00,0x00,0x00,0x00,0x00,0x00,0x01,0x88,0x83,0x33,0x33,0x33,
    0x33,0x33,0x33,0x33,0x88,0x81,0x00,0x00,0x00,0x00,0x00,0x00,
    0x00,0x00,0x00,0x00,0x00,0x00,0x00,0x18,0x88,0x33,0x33,0x33,
    0x33,0x33,0x33,0x38,0x88,0x10,0x00,0x00,0x00,0x00,0x00,0x00,
    0x00,0x00,0x00,0x00,0x00,0x00,0x00,0x01,0x88,0x83,0x33,0x33,
    0x33,0x33,0x33,0x88,0x81,0x00,0x00,0x00,0x00,0x00,0x00,0x00,
    0x00,0x00,0x00,0x00,0x00,0x00,0x00,0x01,0x88,0x88,0x33,0x33,
    0x33,0x33,0x38,0x88,0x81,0x00,0x00,0x00,0x00,0x00,0x00,0x00,
    0x00,0x00,0x00,0x00,0x00,0x00,0x00,0x00,0x11,0x88,0x88,0x88,
    0x38,0x88,0x88,0x81,0x10,0x00,0x00,0x00,0x00,0x00,0x00,0x00,
    0x00,0x00,0x00,0x00,0x00,0x00,0x00,0x00,0x00,0x11,0x88,0x88,
    0x88,0x88,0x81,0x10,0x00,0x00,0x00,0x00,0x00,0x00,0x00,0x00,
    0x00,0x00,0x00,0x00,0x00,0x00,0x00,0x00,0x00,0x00,0x11,0x11,
    0x81,0x11,0x10,0x00,0x00,0x00,0x00,0x00,0x00,0x00,0x00,0x00,
    0x00,0x00,0x00,0x00,0x00,0x00,0x00,0x00,0x00,0x00,0x00,0x00,
    0x10,0x00,0x00,0x00,0x00,0x00,0x00,0x00,0x00,0x00,0x00,0x00,
    0x00,0x00,0x00,0x00,0x00,0x00,0x00,0x00,0x00,0x01,0x00,0x00,
    0x00,0x00,0x01,0x00,0x00,0x00,0x00,0x00,0x00,0x00,0x00,0x00,
    0x00,0x00,0x00,0x00,0x00,0x00,0x00,0x00,0x01,0x18,0x11,0x00,
    0x00,0x01,0x18,0x11,0x00,0x00,0x00,0x00,0x00,0x00,0x00,0x00,
    0x00,0x00,0x00,0x00,0x00,0x00,0x00,0x00,0x18,0x88,0x88,0x10,
    0x00,0x18,0x88,0x88,0x10,0x00,0x00,0x00,0x00,0x00,0x00,0x00,
    0x00,0x00,0x00,0x00,0x00,0x00,0x00,0x00,0x01,0x18,0x11,0x00,
    0x00,0x01,0x18,0x11,0x00,0x00,0x00,0x00,0x00,0x00,0x00,0x00,
    0x00,0x00,0x00,0x00,0x00,0x00,0x00,0x00,0x00,0x01,0x00,0x00,
    0x00,0x00,0x01,0x00,0x00,0x00,0x00,0x00,0x00,0x00,0x00,0x00,
    0x00,0x00,0x00,0x00,0x00,0x00,0x00,0x00,0x00,0x00,0x00,0x00,
    0x00,0x00,0x00,0x00,0x00,0x00,0x00,0x00,0x00,0x00,0x00,0x00,
    0x00,0x00,0x00,0x00,0x00,0x00,0x00,0x00,0x00,0x00,0x00,0x00,
    0x00,0x00,0x00,0x00,0x00,0x00,0x00,0x00,0x00,0x00,0x00,0x00,
    0x00,0x00,0x00,0x00,0x00,0x00,0x00,0x00,0x00,0x00,0x00,0x00,
    0x00,0x00,0x00,0x00,0x00,0x00,0x00,0x00,0x00,0x00,0x00,0x00,
    0x00,0x00,0x00,0x00,0x00,0x00,0x00,0x00,0x00,0x00,0x00,0x00,
    0x00,0x00,0x00,0x00,0x00,0x00,0x00,0x00,0x00,0x00,0x00,0x00,
    0x00,0x00,0x00,0x00,0x00,0x00,0x00,0x00,0x00,0x00,0x00,0x00,
    0x00,0x00,0x00,0x00,0x00,0x00,0x00,0x00,0x00,0x00,0x00,0x00,
    0x00,0x00,0x00,0x00,0x00,0x00,0x00,0x00,0x00,0x00,0x00,0x00,
    0x00,0x00,0x00,0x00,0x00,0x00,0x00,0x00,0x00,0x00,0x00,0x00}},
    {"eat_baby_magic",
     {0x00,0x00,0x00,0x00,0x00,0x00,0x00,0x00,0x00,0x00,0x00,0x00,
    0x00,0x00,0x00,0x00,0x00,0x00,0x00,0x00,0x00,0x00,0x00,0x00,
    0x00,0x00,0x00,0x00,0x00,0x00,0x00,0x00,0x00,0x00,0x00,0x00,
    0x00,0x00,0x00,0x00,0x00,0x00,0x00,0x00,0x00,0x00,0x00,0x00,
    0x00,0x00,0x00,0x00,0x00,0x00,0x00,0x00,0x00,0x00,0x00,0x00,
    0x00,0x00,0x00,0x00,0x00,0x00,0x00,0x00,0x00,0x00,0x00,0x00,
    0x00,0x00,0x00,0x00,0x00,0x00,0x00,0x00,0x00,0x00,0x00,0x00,
    0x00,0x00,0x00,0x00,0x00,0x00,0x00,0x00,0x00,0x00,0x00,0x00,
    0x00,0x00,0x00,0x00,0x00,0x00,0x00,0x00,0x00,0x00,0x00,0x00,
    0x00,0x00,0x00,0x00,0x00,0x00,0x00,0x00,0x00,0x00,0x00,0x00,
    0x00,0x00,0x00,0x00,0x00,0x00,0x00,0x00,0x00,0x00,0x00,0x00,
    0x00,0x00,0x00,0x00,0x00,0x00,0x00,0x00,0x00,0x00,0x00,0x00,
    0x00,0x00,0x00,0x00,0x00,0x00,0x00,0x00,0x00,0x00,0x00,0x00,
    0x00,0x00,0x00,0x00,0x00,0x00,0x00,0x00,0x00,0x00,0x00,0x00,
    0x00,0x00,0x00,0x00,0x00,0x00,0x00,0x00,0x00,0x00,0x00,0x00,
    0x00,0x00,0x00,0x00,0x00,0x00,0x00,0x00,0x00,0x00,0x00,0x00,
    0x00,0x00,0x00,0x00,0x00,0x00,0x00,0x00,0x00,0x00,0x00,0x00,
    0x00,0x00,0x00,0x00,0x00,0x00,0x00,0x00,0x00,0x00,0x00,0x00,
    0x00,0x00,0x00,0x00,0x00,0x00,0x00,0x00,0x00,0x00,0x00,0x00,
    0x00,0x00,0x00,0x00,0x00,0x00,0x00,0x00,0x00,0x00,0x00,0x00,
    0x00,0x00,0x00,0x00,0x00,0x00,0x00,0x01,0x00,0x00,0x00,0x00,
    0x00,0x00,0x00,0x00,0x01,0x00,0x00,0x00,0x00,0x00,0x00,0x00,
    0x00,0x00,0x00,0x00,0x00,0x00,0x00,0x18,0x10,0x00,0x00,0x00,
    0x00,0x00,0x00,0x00,0x18,0x10,0x00,0x00,0x00,0x00,0x00,0x00,
    0x00,0x00,0x00,0x00,0x00,0x00,0x01,0x85,0x81,0x00,0x00,0x00,
    0x10,0x00,0x00,0x01,0x85,0x81,0x00,0x00,0x00,0x00,0x00,0x00,
    0x00,0x00,0x00,0x00,0x00,0x00,0x01,0x85,0x81,0x00,0x11,0x11,
    0x81,0x11,0x10,0x01,0x85,0x81,0x00,0x00,0x00,0x00,0x00,0x00,
    0x00,0x00,0x00,0x00,0x00,0x00,0x18,0x55,0x58,0x11,0x88,0x88,
    0x88,0x88,0x81,0x18,0x55,0x58,0x10,0x00,0x00,0x00,0x00,0x00,
    0x00,0x00,0x00,0x00,0x00,0x00,0x01,0x85,0x88,0x88,0x88,0x88,
    0x88,0x88,0x88,0x88,0x85,0x81,0x00,0x00,0x01,0x00,0x00,0x00,
    0x00,0x00,0x00,0x00,0x00,0x00,0x01,0x85,0x88,0x88,0x88,0x88,
    0x88,0x88,0x88,0x88,0x85,0x81,0x00,0x00,0x00,0x00,0x00,0x00,
    0x00,0x00,0x00,0x00,0x00,0x00,0x00,0x18,0x88,0x88,0x88,0x88,
    0x88,0x88,0x88,0x88,0x88,0x10,0x00,0x00,0x00,0x00,0x00,0x00,
    0x00,0x00,0x00,0x00,0x00,0x00,0x00,0x18,0x88,0x88,0x88,0x88,
    0x88,0x88,0x88,0x88,0x88,0x10,0x00,0x00,0x11,0x10,0x00,0x00,
    0x00,0x00,0x00,0x00,0x00,0x00,0x01,0x88,0x88,0x88,0x88,0x88,
    0x88,0x88,0x88,0x88,0x88,0x81,0x00,0x01,0x33,0x31,0x00,0x00,
    0x00,0x00,0x00,0x00,0x00,0x00,0x01,0x88,0x81,0x18,0x88,0x88,
    0x88,0x88,0x81,0x18,0x88,0x81,0x00,0x13,0x33,0x33,0x10,0x00,
    0x00,0x00,0x00,0x00,0x00,0x00,0x18,0x88,0x18,0x81,0x88,0x88,
    0x88,0x88,0x18,0x81,0x88,0x88,0x10,0x13,0x11,0x13,0x10,0x00,
    0x00,0x00,0x00,0x00,0x00,0x00,0x18,0x88,0x88,0x88,0x88,0x88,
    0x88,0x88,0x88,0x88,0x88,0x88,0x10,0x13,0x11,0x13,0x10,0x00,
    0x00,0x00,0x00,0x00,0x00,0x00,0x18,0x88,0x88,0x88,0x88,0x88,
    0x88,0x88,0x88,0x88,0x88,0x88,0x10,0x11,0x11,0x11,0x10,0x00,
    0x00,0x00,0x00,0x00,0x00,0x00,0x18,0x88,0x88,0x88,0x88,0x88,
    0x88,0x88,0x88,0x88,0x88,0x88,0x10,0x00,0x00,0x00,0x00,0x00,
    0x00,0x00,0x00,0x00,0x00,0x00,0x18,0x88,0x88,0x88,0x88,0x88,
    0x18,0x88,0x88,0x88,0x88,0x88,0x10,0x00,0x00,0x00,0x00,0x00,
    0x00,0x00,0x00,0x00,0x00,0x01,0x88,0x88,0x88,0x88,0x33,0x11,
    0x11,0x13,0x38,0x88,0x88,0x88,0x81,0x00,0x00,0x00,0x00,0x00,
    0x00,0x00,0x00,0x00,0x00,0x00,0x18,0x88,0x88,0x83,0x31,0x11,
    0x11,0x11,0x33,0x88,0x88,0x88,0x10,0x00,0x00,0x00,0x00,0x00,
    0x00,0x00,0x00,0x00,0x00,0x00,0x18,0x88,0x88,0x33,0x11,0x11,
    0x51,0x11,0x13,0x38,0x88,0x88,0x10,0x00,0x00,0x00,0x00,0x00,
    0x00,0x00,0x00,0x00,0x00,0x00,0x18,0x88,0x83,0x33,0x31,0x55,
    0x55,0x51,0x33,0x33,0x88,0x88,0x10,0x00,0x00,0x00,0x00,0x00,
    0x00,0x00,0x00,0x00,0x00,0x00,0x18,0x88,0x83,0x33,0x33,0x11,
    0x51,0x13,0x33,0x33,0x88,0x88,0x10,0x00,0x00,0x00,0x00,0x00,
    0x00,0x00,0x00,0x00,0x00,0x00,0x18,0x88,0x33,0x33,0x33,0x33,
    0x13,0x33,0x33,0x33,0x38,0x88,0x10,0x00,0x00,0x00,0x00,0x00,
    0x00,0x00,0x00,0x00,0x00,0x00,0x01,0x88,0x83,0x33,0x33,0x33,
    0x33,0x33,0x33,0x33,0x88,0x81,0x00,0x00,0x00,0x00,0x00,0x00,
    0x00,0x00,0x00,0x00,0x00,0x00,0x01,0x88,0x83,0x33,0x33,0x33,
    0x33,0x33,0x33,0x33,0x88,0x81,0x00,0x00,0x00,0x00,0x00,0x00,
    0x00,0x00,0x00,0x00,0x00,0x00,0x00,0x18,0x88,0x33,0x33,0x33,
    0x33,0x33,0x33,0x38,0x88,0x10,0x00,0x00,0x00,0x00,0x00,0x00,
    0x00,0x00,0x00,0x00,0x00,0x00,0x00,0x01,0x88,0x83,0x33,0x33,
    0x33,0x33,0x33,0x88,0x81,0x00,0x00,0x00,0x00,0x00,0x00,0x00,
    0x00,0x00,0x00,0x00,0x00,0x00,0x00,0x01,0x88,0x88,0x33,0x33,
    0x33,0x33,0x38,0x88,0x81,0x00,0x00,0x00,0x00,0x00,0x00,0x00,
    0x00,0x00,0x00,0x00,0x00,0x00,0x00,0x00,0x11,0x88,0x88,0x88,
    0x38,0x88,0x88,0x81,0x10,0x00,0x00,0x00,0x00,0x00,0x00,0x00,
    0x00,0x00,0x00,0x00,0x00,0x00,0x00,0x00,0x00,0x18,0x88,0x88,
    0x88,0x88,0x88,0x10,0x00,0x00,0x00,0x00,0x00,0x00,0x00,0x00,
    0x00,0x00,0x00,0x00,0x00,0x00,0x00,0x00,0x00,0x01,0x88,0x11,
    0x81,0x18,0x81,0x00,0x00,0x00,0x00,0x00,0x00,0x00,0x00,0x00,
    0x00,0x00,0x00,0x00,0x00,0x00,0x00,0x00,0x01,0x18,0x81,0x00,
    0x10,0x01,0x88,0x11,0x00,0x00,0x00,0x00,0x00,0x00,0x00,0x00,
    0x00,0x00,0x00,0x00,0x00,0x00,0x00,0x00,0x18,0x88,0x88,0x10,
    0x00,0x18,0x88,0x88,0x10,0x00,0x00,0x00,0x00,0x00,0x00,0x00,
    0x00,0x00,0x00,0x00,0x00,0x00,0x00,0x00,0x01,0x18,0x11,0x00,
    0x00,0x01,0x18,0x11,0x00,0x00,0x00,0x00,0x00,0x00,0x00,0x00,
    0x00,0x00,0x00,0x00,0x00,0x00,0x00,0x00,0x00,0x01,0x00,0x00,
    0x00,0x00,0x01,0x00,0x00,0x00,0x00,0x00,0x00,0x00,0x00,0x00,
    0x00,0x00,0x00,0x00,0x00,0x00,0x00,0x00,0x00,0x00,0x00,0x00,
    0x00,0x00,0x00,0x00,0x00,0x00,0x00,0x00,0x00,0x00,0x00,0x00,
    0x00,0x00,0x00,0x00,0x00,0x00,0x00,0x00,0x00,0x00,0x00,0x00,
    0x00,0x00,0x00,0x00,0x00,0x00,0x00,0x00,0x00,0x00,0x00,0x00,
    0x00,0x00,0x00,0x00,0x00,0x00,0x00,0x00,0x00,0x00,0x00,0x00,
    0x00,0x00,0x00,0x00,0x00,0x00,0x00,0x00,0x00,0x00,0x00,0x00,
    0x00,0x00,0x00,0x00,0x00,0x00,0x00,0x00,0x00,0x00,0x00,0x00,
    0x00,0x00,0x00,0x00,0x00,0x00,0x00,0x00,0x00,0x00,0x00,0x00}},
    {"zzz_baby_magic",
     {0x00,0x00,0x00,0x00,0x00,0x00,0x00,0x00,0x00,0x00,0x00,0x00,
    0x00,0x00,0x00,0x00,0x00,0x00,0x00,0x00,0x00,0x00,0x00,0x00,
    0x00,0x00,0x00,0x00,0x00,0x00,0x00,0x00,0x00,0x00,0x00,0x00,
    0x00,0x00,0x00,0x00,0x00,0x00,0x00,0x00,0x00,0x00,0x00,0x00,
    0x00,0x00,0x00,0x00,0x00,0x00,0x00,0x00,0x00,0x00,0x00,0x00,
    0x00,0x00,0x00,0x00,0x00,0x00,0x00,0x00,0x00,0x00,0x00,0x00,
    0x00,0x00,0x00,0x00,0x00,0x00,0x00,0x00,0x00,0x00,0x00,0x00,
    0x00,0x00,0x00,0x00,0x00,0x00,0x00,0x00,0x00,0x00,0x00,0x00,
    0x00,0x00,0x00,0x00,0x00,0x00,0x00,0x00,0x11,0x00,0x00,0x00,
    0x00,0x00,0x00,0x00,0x00,0x00,0x00,0x00,0x00,0x00,0x00,0x00,
    0x00,0x00,0x00,0x00,0x00,0x00,0x00,0x00,0x10,0x00,0x00,0x00,
    0x00,0x00,0x00,0x00,0x00,0x00,0x00,0x00,0x00,0x00,0x00,0x00,
    0x00,0x00,0x00,0x00,0x00,0x00,0x00,0x00,0x01,0x00,0x00,0x00,
    0x00,0x00,0x00,0x00,0x00,0x00,0x00,0x00,0x00,0x00,0x00,0x00,
    0x00,0x00,0x00,0x00,0x00,0x01,0x11,0x00,0x11,0x00,0x00,0x00,
    0x00,0x00,0x00,0x00,0x00,0x00,0x00,0x00,0x00,0x00,0x00,0x00,
    0x00,0x00,0x00,0x00,0x00,0x01,0x00,0x00,0x00,0x00,0x00,0x00,
    0x00,0x00,0x00,0x00,0x00,0x00,0x00,0x00,0x00,0x00,0x00,0x00,
    0x00,0x00,0x00,0x00,0x00,0x00,0x10,0x00,0x00,0x00,0x00,0x00,
    0x00,0x00,0x00,0x00,0x00,0x00,0x00,0x00,0x00,0x00,0x00,0x00,
    0x00,0x00,0x00,0x00,0x00,0x00,0x01,0x00,0x00,0x00,0x00,0x00,
    0x00,0x00,0x00,0x00,0x00,0x00,0x00,0x00,0x00,0x00,0x00,0x00,
    0x00,0x00,0x00,0x00,0x00,0x01,0x11,0x00,0x00,0x00,0x00,0x00,
    0x00,0x00,0x00,0x00,0x00,0x00,0x00,0x00,0x00,0x00,0x00,0x00,
    0x00,0x00,0x00,0x11,0x10,0x00,0x00,0x00,0x00,0x00,0x00,0x00,
    0x00,0x00,0x00,0x00,0x00,0x00,0x00,0x00,0x00,0x00,0x00,0x00,
    0x00,0x00,0x00,0x10,0x00,0x00,0x00,0x00,0x00,0x00,0x00,0x00,
    0x00,0x00,0x00,0x00,0x00,0x00,0x00,0x00,0x00,0x00,0x00,0x00,
    0x00,0x00,0x00,0x01,0x00,0x00,0x00,0x00,0x00,0x00,0x00,0x00,
    0x00,0x00,0x00,0x00,0x00,0x00,0x00,0x00,0x00,0x00,0x00,0x00,
    0x00,0x00,0x00,0x00,0x10,0x00,0x00,0x00,0x00,0x00,0x00,0x00,
    0x00,0x00,0x00,0x00,0x00,0x00,0x00,0x00,0x00,0x00,0x00,0x00,
    0x00,0x00,0x00,0x11,0x10,0x00,0x00,0x00,0x00,0x00,0x00,0x00,
    0x00,0x00,0x00,0x00,0x00,0x00,0x00,0x00,0x00,0x00,0x00,0x00,
    0x00,0x00,0x00,0x00,0x00,0x00,0x00,0x00,0x00,0x00,0x00,0x00,
    0x00,0x00,0x00,0x00,0x00,0x00,0x00,0x00,0x00,0x00,0x00,0x00,
    0x00,0x00,0x00,0x00,0x00,0x00,0x00,0x00,0x00,0x00,0x00,0x00,
    0x00,0x00,0x00,0x00,0x00,0x00,0x00,0x00,0x00,0x00,0x00,0x00,
    0x00,0x00,0x00,0x00,0x00,0x00,0x00,0x00,0x00,0x00,0x00,0x00,
    0x00,0x00,0x00,0x00,0x00,0x00,0x00,0x00,0x00,0x00,0x00,0x00,
    0x00,0x00,0x00,0x00,0x00,0x00,0x00,0x00,0x00,0x00,0x00,0x00,
    0x00,0x00,0x00,0x00,0x00,0x00,0x00,0x00,0x00,0x00,0x00,0x00,
    0x00,0x00,0x00,0x00,0x00,0x00,0x00,0x00,0x00,0x00,0x00,0x00,
    0x10,0x00,0x00,0x00,0x00,0x00,0x00,0x00,0x00,0x00,0x00,0x00,
    0x00,0x00,0x00,0x00,0x00,0x00,0x00,0x00,0x00,0x11,0x11,0x11,
    0x81,0x11,0x11,0x10,0x00,0x00,0x00,0x00,0x00,0x00,0x00,0x00,
    0x00,0x00,0x00,0x00,0x00,0x00,0x00,0x01,0x11,0x88,0x88,0x88,
    0x88,0x88,0x88,0x81,0x11,0x00,0x00,0x00,0x00,0x00,0x00,0x00,
    0x00,0x00,0x00,0x00,0x00,0x00,0x00,0x18,0x88,0x88,0x88,0x88,
    0x88,0x88,0x88,0x88,0x88,0x10,0x00,0x00,0x00,0x00,0x00,0x00,
    0x00,0x00,0x00,0x00,0x00,0x00,0x11,0x88,0x88,0x88,0x88,0x88,
    0x88,0x88,0x88,0x88,0x88,0x81,0x10,0x00,0x00,0x00,0x00,0x00,
    0x00,0x00,0x00,0x00,0x00,0x01,0x88,0x88,0x88,0x88,0x88,0x88,
    0x88,0x88,0x88,0x88,0x88,0x88,0x81,0x00,0x00,0x00,0x00,0x00,
    0x00,0x00,0x00,0x00,0x00,0x18,0x88,0x88,0x88,0x88,0x88,0x88,
    0x88,0x88,0x88,0x88,0x88,0x88,0x88,0x10,0x00,0x00,0x00,0x00,
    0x00,0x00,0x00,0x00,0x00,0x18,0x88,0x88,0x88,0x88,0x88,0x88,
    0x88,0x88,0x88,0x88,0x88,0x88,0x88,0x10,0x00,0x00,0x00,0x00,
    0x00,0x00,0x00,0x00,0x01,0x88,0x88,0x81,0x11,0x11,0x18,0x88,
    0x88,0x88,0x11,0x11,0x11,0x88,0x88,0x81,0x00,0x00,0x00,0x00,
    0x00,0x00,0x00,0x00,0x01,0x88,0x88,0x88,0x88,0x88,0x88,0x88,
    0x88,0x88,0x88,0x88,0x88,0x88,0x88,0x81,0x00,0x00,0x00,0x00,
    0x00,0x00,0x00,0x00,0x01,0x88,0x88,0x88,0x88,0x88,0x88,0x88,
    0x38,0x88,0x88,0x88,0x88,0x88,0x88,0x81,0x00,0x00,0x00,0x00,
    0x00,0x00,0x00,0x00,0x18,0x88,0x88,0x88,0x88,0x33,0x33,0x33,
    0x33,0x33,0x33,0x38,0x88,0x88,0x88,0x88,0x10,0x00,0x00,0x00,
    0x00,0x00,0x00,0x00,0x01,0x88,0x88,0x88,0x33,0x33,0x33,0x33,
    0x33,0x33,0x33,0x33,0x38,0x88,0x88,0x81,0x00,0x00,0x00,0x00,
    0x00,0x00,0x00,0x00,0x01,0x88,0x88,0x83,0x33,0x33,0x33,0x33,
    0x33,0x33,0x33,0x33,0x33,0x88,0x88,0x81,0x00,0x00,0x00,0x00,
    0x00,0x00,0x00,0x00,0x01,0x88,0x88,0x83,0x33,0x33,0x33,0x33,
    0x33,0x33,0x33,0x33,0x33,0x88,0x88,0x81,0x00,0x00,0x00,0x00,
    0x00,0x00,0x00,0x00,0x00,0x18,0x88,0x33,0x33,0x33,0x33,0x33,
    0x33,0x33,0x33,0x33,0x33,0x38,0x88,0x10,0x00,0x00,0x00,0x00,
    0x00,0x00,0x00,0x00,0x00,0x18,0x88,0x83,0x33,0x33,0x33,0x33,
    0x33,0x33,0x33,0x33,0x33,0x88,0x88,0x10,0x00,0x00,0x00,0x00,
    0x00,0x00,0x00,0x00,0x00,0x01,0x88,0x83,0x33,0x33,0x33,0x33,
    0x33,0x33,0x33,0x33,0x33,0x88,0x81,0x00,0x00,0x00,0x00,0x00,
    0x00,0x00,0x00,0x00,0x00,0x00,0x11,0x88,0x33,0x33,0x33,0x33,
    0x33,0x33,0x33,0x33,0x38,0x81,0x10,0x00,0x00,0x00,0x00,0x00,
    0x00,0x00,0x00,0x00,0x00,0x00,0x00,0x18,0x88,0x33,0x33,0x33,
    0x33,0x33,0x33,0x38,0x88,0x10,0x00,0x00,0x00,0x00,0x00,0x00,
    0x00,0x00,0x00,0x00,0x00,0x00,0x00,0x01,0x11,0x88,0x88,0x88,
    0x38,0x88,0x88,0x81,0x11,0x00,0x00,0x00,0x00,0x00,0x00,0x00,
    0x00,0x00,0x00,0x00,0x00,0x00,0x00,0x00,0x00,0x11,0x11,0x11,
    0x81,0x11,0x11,0x10,0x00,0x00,0x00,0x00,0x00,0x00,0x00,0x00,
    0x00,0x00,0x00,0x00,0x00,0x00,0x00,0x00,0x00,0x00,0x00,0x00,
    0x10,0x00,0x00,0x00,0x00,0x00,0x00,0x00,0x00,0x00,0x00,0x00,
    0x00,0x00,0x00,0x00,0x00,0x00,0x00,0x00,0x00,0x00,0x00,0x00,
    0x00,0x00,0x00,0x00,0x00,0x00,0x00,0x00,0x00,0x00,0x00,0x00,
    0x00,0x00,0x00,0x00,0x00,0x00,0x00,0x00,0x00,0x00,0x00,0x00,
    0x00,0x00,0x00,0x00,0x00,0x00,0x00,0x00,0x00,0x00,0x00,0x00,
    0x00,0x00,0x00,0x00,0x00,0x00,0x00,0x00,0x00,0x00,0x00,0x00,
    0x00,0x00,0x00,0x00,0x00,0x00,0x00,0x00,0x00,0x00,0x00,0x00,
    0x00,0x00,0x00,0x00,0x00,0x00,0x00,0x00,0x00,0x00,0x00,0x00,
    0x00,0x00,0x00,0x00,0x00,0x00,0x00,0x00,0x00,0x00,0x00,0x00}},
    {"scold_baby_magic",
     {0x00,0x00,0x00,0x00,0x00,0x00,0x00,0x00,0x00,0x00,0x00,0x00,
    0x00,0x00,0x00,0x00,0x00,0x00,0x00,0x00,0x00,0x00,0x00,0x00,
    0x00,0x00,0x00,0x00,0x00,0x00,0x00,0x00,0x00,0x00,0x00,0x00,
    0x00,0x00,0x00,0x00,0x00,0x00,0x00,0x00,0x00,0x00,0x00,0x00,
    0x00,0x00,0x00,0x00,0x00,0x00,0x00,0x00,0x00,0x00,0x00,0x00,
    0x00,0x00,0x00,0x00,0x00,0x00,0x00,0x00,0x00,0x00,0x00,0x00,
    0x00,0x00,0x00,0x00,0x00,0x00,0x00,0x00,0x00,0x00,0x00,0x00,
    0x00,0x00,0x00,0x00,0x00,0x00,0x00,0x00,0x00,0x00,0x00,0x00,
    0x00,0x00,0x00,0x00,0x00,0x00,0x00,0x00,0x00,0x00,0x00,0x00,
    0x00,0x00,0x00,0x00,0x00,0x00,0x00,0x00,0x00,0x00,0x00,0x00,
    0x00,0x00,0x00,0x00,0x00,0x00,0x00,0x00,0x00,0x00,0x00,0x00,
    0x00,0x00,0x00,0x00,0x00,0x00,0x00,0x00,0x00,0x00,0x00,0x00,
    0x00,0x00,0x00,0x00,0x00,0x00,0x00,0x00,0x00,0x00,0x00,0x00,
    0x00,0x00,0x00,0x00,0x00,0x00,0x00,0x00,0x00,0x00,0x00,0x00,
    0x00,0x00,0x00,0x00,0x00,0x00,0x00,0x00,0x00,0x00,0x00,0x00,
    0x00,0x00,0x00,0x00,0x00,0x00,0x00,0x00,0x00,0x00,0x00,0x00,
    0x00,0x00,0x00,0x00,0x00,0x50,0x00,0x00,0x00,0x00,0x00,0x00,
    0x00,0x00,0x00,0x00,0x00,0x00,0x00,0x00,0x00,0x00,0x00,0x00,
    0x00,0x00,0x00,0x00,0x00,0x05,0x00,0x00,0x00,0x00,0x00,0x00,
    0x00,0x00,0x00,0x00,0x00,0x00,0x00,0x00,0x00,0x00,0x00,0x00,
    0x00,0x00,0x00,0x00,0x05,0x00,0x00,0x01,0x00,0x00,0x00,0x00,
    0x00,0x00,0x00,0x00,0x01,0x00,0x00,0x00,0x00,0x00,0x00,0x00,
    0x00,0x00,0x00,0x00,0x00,0x00,0x50,0x18,0x10,0x00,0x00,0x00,
    0x00,0x00,0x00,0x00,0x18,0x10,0x00,0x00,0x00,0x00,0x00,0x00,
    0x00,0x00,0x00,0x00,0x00,0x50,0x01,0x85,0x81,0x00,0x00,0x00,
    0x10,0x00,0x00,0x01,0x85,0x81,0x00,0x00,0x00,0x00,0x00,0x00,
    0x00,0x00,0x00,0x00,0x00,0x00,0x01,0x85,0x81,0x00,0x11,0x11,
    0x81,0x11,0x10,0x01,0x85,0x81,0x00,0x00,0x00,0x00,0x00,0x00,
    0x00,0x00,0x00,0x00,0x00,0x00,0x18,0x55,0x58,0x11,0x88,0x88,
    0x88,0x88,0x81,0x18,0x55,0x58,0x10,0x00,0x00,0x00,0x00,0x00,
    0x00,0x00,0x00,0x00,0x00,0x00,0x01,0x85,0x88,0x88,0x88,0x88,
    0x88,0x88,0x88,0x88,0x85,0x81,0x00,0x00,0x00,0x00,0x00,0x00,
    0x00,0x00,0x00,0x00,0x00,0x00,0x01,0x85,0x88,0x88,0x88,0x88,
    0x88,0x88,0x88,0x88,0x85,0x81,0x00,0x00,0x00,0x00,0x00,0x00,
    0x00,0x00,0x00,0x00,0x00,0x00,0x00,0x18,0x88,0x88,0x88,0x88,
    0x88,0x88,0x88,0x88,0x88,0x10,0x00,0x00,0x00,0x00,0x00,0x00,
    0x00,0x00,0x00,0x00,0x00,0x00,0x00,0x18,0x88,0x88,0x88,0x88,
    0x88,0x88,0x88,0x88,0x88,0x10,0x00,0x00,0x00,0x00,0x00,0x00,
    0x00,0x00,0x00,0x00,0x00,0x00,0x01,0x88,0x88,0x88,0x88,0x88,
    0x88,0x88,0x88,0x88,0x88,0x81,0x00,0x00,0x00,0x00,0x00,0x00,
    0x00,0x00,0x00,0x00,0x00,0x00,0x01,0x88,0x88,0x88,0x88,0x88,
    0x88,0x88,0x88,0x88,0x88,0x81,0x00,0x00,0x00,0x00,0x00,0x00,
    0x00,0x00,0x00,0x00,0x00,0x00,0x18,0x88,0x88,0x88,0x88,0x88,
    0x88,0x88,0x88,0x88,0x88,0x88,0x10,0x00,0x00,0x00,0x00,0x00,
    0x00,0x00,0x00,0x00,0x00,0x00,0x18,0x88,0x88,0x18,0x88,0x88,
    0x88,0x88,0x88,0x18,0x88,0x88,0x10,0x00,0x00,0x00,0x00,0x00,
    0x00,0x00,0x00,0x00,0x00,0x00,0x18,0x88,0x81,0x11,0x88,0x88,
    0x88,0x88,0x81,0x11,0x88,0x88,0x10,0x00,0x00,0x00,0x00,0x00,
    0x00,0x00,0x00,0x00,0x00,0x00,0x18,0x88,0x81,0x21,0x88,0x88,
    0x88,0x88,0x81,0x21,0x88,0x88,0x10,0x00,0x00,0x00,0x00,0x00,
    0x00,0x00,0x00,0x00,0x00,0x00,0x18,0x88,0x11,0x11,0x18,0x88,
    0x38,0x88,0x11,0x11,0x18,0x88,0x10,0x00,0x00,0x00,0x00,0x00,
    0x00,0x00,0x00,0x00,0x00,0x01,0x88,0x88,0x81,0x11,0x33,0x33,
    0x33,0x33,0x31,0x11,0x88,0x88,0x81,0x00,0x00,0x00,0x00,0x00,
    0x00,0x00,0x00,0x00,0x00,0x00,0x18,0x88,0x81,0x11,0x33,0x33,
    0x33,0x33,0x31,0x11,0x88,0x88,0x10,0x00,0x00,0x00,0x00,0x00,
    0x00,0x00,0x00,0x00,0x00,0x00,0x18,0x88,0x88,0x13,0x33,0x33,
    0x33,0x33,0x33,0x18,0x88,0x88,0x10,0x00,0x00,0x00,0x00,0x00,
    0x00,0x00,0x00,0x00,0x00,0x00,0x18,0x88,0x83,0x63,0x33,0x33,
    0x33,0x33,0x33,0x63,0x88,0x88,0x10,0x00,0x00,0x00,0x00,0x00,
    0x00,0x00,0x00,0x00,0x00,0x00,0x18,0x88,0x83,0x63,0x33,0x33,
    0x33,0x33,0x33,0x63,0x88,0x88,0x10,0x00,0x00,0x00,0x00,0x00,
    0x00,0x00,0x00,0x00,0x00,0x00,0x18,0x88,0x33,0x33,0x33,0x31,
    0x31,0x33,0x33,0x33,0x38,0x88,0x10,0x00,0x00,0x00,0x00,0x00,
    0x00,0x00,0x00,0x00,0x00,0x00,0x01,0x88,0x83,0x33,0x33,0x13,
    0x13,0x13,0x33,0x33,0x88,0x81,0x00,0x00,0x00,0x00,0x00,0x00,
    0x00,0x00,0x00,0x00,0x00,0x00,0x01,0x88,0x83,0x33,0x33,0x33,
    0x33,0x33,0x33,0x33,0x88,0x81,0x00,0x00,0x00,0x00,0x00,0x00,
    0x00,0x00,0x00,0x00,0x00,0x00,0x00,0x18,0x88,0x33,0x33,0x33,
    0x33,0x33,0x33,0x38,0x88,0x10,0x00,0x00,0x00,0x00,0x00,0x00,
    0x00,0x00,0x00,0x00,0x00,0x00,0x00,0x01,0x88,0x83,0x33,0x33,
    0x33,0x33,0x33,0x88,0x81,0x00,0x00,0x00,0x00,0x00,0x00,0x00,
    0x00,0x00,0x00,0x00,0x00,0x00,0x00,0x01,0x88,0x88,0x33,0x33,
    0x33,0x33,0x38,0x88,0x81,0x00,0x00,0x00,0x00,0x00,0x00,0x00,
    0x00,0x00,0x00,0x00,0x00,0x00,0x00,0x00,0x11,0x88,0x88,0x88,
    0x38,0x88,0x88,0x81,0x10,0x00,0x00,0x00,0x00,0x00,0x00,0x00,
    0x00,0x00,0x00,0x00,0x00,0x00,0x00,0x00,0x00,0x18,0x88,0x88,
    0x88,0x88,0x88,0x10,0x00,0x00,0x00,0x00,0x00,0x00,0x00,0x00,
    0x00,0x00,0x00,0x00,0x00,0x00,0x00,0x00,0x00,0x01,0x88,0x11,
    0x81,0x18,0x81,0x00,0x00,0x00,0x00,0x00,0x00,0x00,0x00,0x00,
    0x00,0x00,0x00,0x00,0x00,0x00,0x00,0x00,0x01,0x18,0x81,0x00,
    0x10,0x01,0x88,0x11,0x00,0x00,0x00,0x00,0x00,0x00,0x00,0x00,
    0x00,0x00,0x00,0x00,0x00,0x00,0x00,0x00,0x18,0x88,0x88,0x10,
    0x00,0x18,0x88,0x88,0x10,0x00,0x00,0x00,0x00,0x00,0x00,0x00,
    0x00,0x00,0x00,0x00,0x00,0x00,0x00,0x00,0x01,0x18,0x11,0x00,
    0x00,0x01,0x18,0x11,0x00,0x00,0x00,0x00,0x00,0x00,0x00,0x00,
    0x00,0x00,0x00,0x00,0x00,0x00,0x00,0x00,0x00,0x01,0x00,0x00,
    0x00,0x00,0x01,0x00,0x00,0x00,0x00,0x00,0x00,0x00,0x00,0x00,
    0x00,0x00,0x00,0x00,0x00,0x00,0x00,0x00,0x00,0x00,0x00,0x00,
    0x00,0x00,0x00,0x00,0x00,0x00,0x00,0x00,0x00,0x00,0x00,0x00,
    0x00,0x00,0x00,0x00,0x00,0x00,0x00,0x00,0x00,0x00,0x00,0x00,
    0x00,0x00,0x00,0x00,0x00,0x00,0x00,0x00,0x00,0x00,0x00,0x00,
    0x00,0x00,0x00,0x00,0x00,0x00,0x00,0x00,0x00,0x00,0x00,0x00,
    0x00,0x00,0x00,0x00,0x00,0x00,0x00,0x00,0x00,0x00,0x00,0x00,
    0x00,0x00,0x00,0x00,0x00,0x00,0x00,0x00,0x00,0x00,0x00,0x00,
    0x00,0x00,0x00,0x00,0x00,0x00,0x00,0x00,0x00,0x00,0x00,0x00}},
    {"sick_baby_magic",
     {0x00,0x00,0x00,0x00,0x00,0x00,0x00,0x00,0x00,0x00,0x00,0x00,
    0x00,0x00,0x00,0x00,0x00,0x00,0x00,0x00,0x00,0x00,0x00,0x00,
    0x00,0x00,0x00,0x00,0x00,0x00,0x00,0x00,0x00,0x00,0x00,0x00,
    0x00,0x00,0x00,0x00,0x00,0x00,0x00,0x00,0x00,0x00,0x00,0x00,
    0x00,0x00,0x00,0x00,0x00,0x00,0x00,0x00,0x00,0x00,0x00,0x00,
    0x00,0x00,0x00,0x00,0x00,0x00,0x00,0x00,0x00,0x00,0x00,0x00,
    0x00,0x00,0x00,0x00,0x00,0x00,0x00,0x00,0x00,0x00,0x00,0x00,
    0x00,0x00,0x00,0x00,0x00,0x00,0x00,0x00,0x00,0x00,0x00,0x00,
    0x00,0x00,0x00,0x00,0x00,0x00,0x00,0x00,0x00,0x00,0x00,0x00,
    0x00,0x00,0x00,0x00,0x00,0x00,0x00,0x00,0x00,0x00,0x00,0x00,
    0x00,0x00,0x00,0x00,0x00,0x00,0x00,0x00,0x00,0x00,0x00,0x00,
    0x00,0x00,0x00,0x00,0x00,0x00,0x00,0x00,0x00,0x00,0x00,0x00,
    0x00,0x00,0x00,0x00,0x00,0x00,0x00,0x00,0x00,0x00,0x00,0x00,
    0x00,0x00,0x00,0x00,0x00,0x00,0x00,0x00,0x00,0x00,0x00,0x00,
    0x00,0x00,0x00,0x00,0x00,0x00,0x00,0x00,0x00,0x00,0x00,0x00,
    0x00,0x00,0x00,0x00,0x00,0x00,0x00,0x00,0x00,0x00,0x00,0x00,
    0x00,0x00,0x00,0x00,0x00,0x00,0x00,0x00,0x00,0x00,0x00,0x00,
    0x00,0x00,0x00,0x00,0x00,0x00,0x00,0x00,0x00,0x00,0x00,0x00,
    0x00,0x00,0x00,0x00,0x00,0x00,0x00,0x00,0x00,0x00,0x00,0x00,
    0x00,0x00,0x00,0x00,0x00,0x00,0x00,0x00,0x00,0x00,0x00,0x00,
    0x00,0x00,0x00,0x00,0x00,0x00,0x00,0x01,0x00,0x00,0x00,0x00,
    0x00,0x00,0x00,0x00,0x01,0x00,0x00,0x00,0x00,0x00,0x00,0x00,
    0x00,0x00,0x00,0x00,0x00,0x00,0x00,0x18,0x10,0x00,0x00,0x00,
    0x00,0x00,0x00,0x00,0x18,0x10,0x00,0x00,0x00,0x00,0x00,0x00,
    0x00,0x00,0x00,0x00,0x00,0x00,0x01,0x85,0x81,0x00,0x00,0x00,
    0x10,0x00,0x00,0x01,0x85,0x81,0x00,0x00,0x00,0x00,0x00,0x00,
    0x00,0x00,0x00,0x00,0x00,0x00,0x01,0x85,0x81,0x00,0x11,0x11,
    0x81,0x11,0x10,0x01,0x85,0x81,0x00,0x00,0x00,0x00,0x00,0x00,
    0x00,0x00,0x00,0x00,0x00,0x00,0x18,0x55,0x58,0x11,0x88,0x88,
    0x88,0x88,0x81,0x18,0x55,0x58,0x10,0x00,0x00,0x00,0x00,0x00,
    0x00,0x00,0x00,0x00,0x00,0x00,0x01,0x85,0x88,0x88,0x88,0x88,
    0x88,0x88,0x88,0x88,0x85,0x81,0x00,0x00,0x00,0x00,0x00,0x00,
    0x00,0x00,0x00,0x00,0x00,0x00,0x01,0x85,0x88,0x88,0x88,0x88,
    0x88,0x88,0x88,0x88,0x85,0x86,0x00,0x00,0x00,0x00,0x00,0x00,
    0x00,0x00,0x00,0x00,0x00,0x00,0x00,0x18,0x88,0x88,0x88,0x88,
    0x88,0x88,0x88,0x88,0x88,0x10,0x60,0x00,0x00,0x00,0x00,0x00,
    0x00,0x00,0x00,0x00,0x00,0x00,0x00,0x18,0x88,0x88,0x88,0x88,
    0x88,0x88,0x88,0x88,0x88,0x16,0x00,0x00,0x00,0x00,0x00,0x00,
    0x00,0x00,0x00,0x00,0x00,0x00,0x01,0x88,0x18,0x88,0x88,0x88,
    0x88,0x88,0x18,0x88,0x88,0x81,0x00,0x00,0x00,0x00,0x00,0x00,
    0x00,0x00,0x00,0x00,0x00,0x00,0x01,0x88,0x81,0x88,0x88,0x88,
    0x88,0x88,0x81,0x88,0x88,0x81,0x00,0x00,0x00,0x00,0x00,0x00,
    0x00,0x00,0x00,0x00,0x00,0x00,0x18,0x88,0x88,0x18,0x18,0x88,
    0x88,0x88,0x88,0x18,0x18,0x88,0x10,0x00,0x00,0x00,0x00,0x00,
    0x00,0x00,0x00,0x00,0x00,0x00,0x18,0x88,0x88,0x81,0x88,0x88,
    0x88,0x88,0x88,0x81,0x88,0x88,0x10,0x00,0x00,0x00,0x00,0x00,
    0x00,0x00,0x00,0x00,0x00,0x00,0x18,0x88,0x88,0x18,0x18,0x88,
    0x88,0x88,0x88,0x18,0x18,0x88,0x10,0x00,0x00,0x00,0x00,0x00,
    0x00,0x00,0x00,0x00,0x00,0x00,0x18,0x88,0x81,0x88,0x88,0x88,
    0x88,0x88,0x81,0x88,0x88,0x88,0x10,0x00,0x00,0x00,0x00,0x00,
    0x00,0x00,0x00,0x00,0x00,0x00,0x18,0x88,0x18,0x88,0x88,0x88,
    0x38,0x88,0x18,0x88,0x88,0x88,0x10,0x00,0x00,0x00,0x00,0x00,
    0x00,0x00,0x00,0x00,0x22,0x01,0x88,0x88,0x88,0x88,0x33,0x33,
    0x33,0x33,0x38,0x88,0x88,0x88,0x81,0x00,0x00,0x00,0x00,0x00,
    0x00,0x00,0x00,0x00,0x22,0x00,0x18,0x88,0x88,0x83,0x33,0x33,
    0x33,0x33,0x33,0x88,0x88,0x88,0x10,0x00,0x00,0x00,0x00,0x00,
    0x00,0x00,0x00,0x00,0x22,0x00,0x18,0x88,0x88,0x33,0x33,0x33,
    0x33,0x33,0x33,0x38,0x88,0x88,0x10,0x00,0x00,0x00,0x00,0x00,
    0x00,0x00,0x00,0x00,0x22,0x00,0x18,0x88,0x83,0x33,0x33,0x13,
    0x13,0x13,0x33,0x33,0x88,0x88,0x10,0x00,0x00,0x00,0x00,0x00,
    0x00,0x00,0x00,0x00,0x22,0x00,0x18,0x88,0x83,0x33,0x33,0x31,
    0x31,0x33,0x33,0x33,0x88,0x88,0x10,0x00,0x00,0x00,0x00,0x00,
    0x00,0x00,0x00,0x00,0x22,0x00,0x18,0x88,0x33,0x33,0x33,0x33,
    0x33,0x33,0x33,0x33,0x38,0x88,0x10,0x00,0x00,0x00,0x00,0x00,
    0x00,0x00,0x00,0x00,0x22,0x00,0x01,0x88,0x83,0x33,0x33,0x33,
    0x33,0x33,0x33,0x33,0x88,0x81,0x00,0x00,0x00,0x00,0x00,0x00,
    0x00,0x00,0x00,0x00,0x22,0x00,0x01,0x88,0x83,0x33,0x33,0x33,
    0x33,0x33,0x33,0x33,0x88,0x81,0x00,0x00,0x00,0x00,0x00,0x00,
    0x00,0x00,0x00,0x00,0x22,0x00,0x00,0x18,0x88,0x33,0x33,0x33,
    0x33,0x33,0x33,0x38,0x88,0x10,0x00,0x00,0x00,0x00,0x00,0x00,
    0x00,0x00,0x00,0x00,0x22,0x00,0x00,0x01,0x88,0x83,0x33,0x33,
    0x33,0x33,0x33,0x88,0x81,0x00,0x00,0x00,0x00,0x00,0x00,0x00,
    0x00,0x00,0x00,0x00,0x22,0x00,0x00,0x01,0x88,0x88,0x33,0x33,
    0x33,0x33,0x38,0x88,0x81,0x00,0x00,0x00,0x00,0x00,0x00,0x00,
    0x00,0x00,0x00,0x00,0x22,0x00,0x00,0x00,0x11,0x88,0x88,0x88,
    0x38,0x88,0x88,0x81,0x10,0x00,0x00,0x00,0x00,0x00,0x00,0x00,
    0x00,0x00,0x00,0x00,0x52,0x00,0x00,0x00,0x00,0x18,0x88,0x88,
    0x88,0x88,0x88,0x10,0x00,0x00,0x00,0x00,0x00,0x00,0x00,0x00,
    0x00,0x00,0x00,0x05,0x55,0x00,0x00,0x00,0x00,0x01,0x88,0x11,
    0x81,0x18,0x81,0x00,0x00,0x00,0x00,0x00,0x00,0x00,0x00,0x00,
    0x00,0x00,0x00,0x55,0x55,0x50,0x00,0x00,0x01,0x18,0x81,0x00,
    0x10,0x01,0x88,0x11,0x00,0x00,0x00,0x00,0x00,0x00,0x00,0x00,
    0x00,0x00,0x00,0x05,0x55,0x00,0x00,0x00,0x18,0x88,0x88,0x10,
    0x00,0x18,0x88,0x88,0x10,0x00,0x00,0x00,0x00,0x00,0x00,0x00,
    0x00,0x00,0x00,0x00,0x50,0x00,0x00,0x00,0x01,0x18,0x11,0x00,
    0x00,0x01,0x18,0x11,0x00,0x00,0x00,0x00,0x00,0x00,0x00,0x00,
    0x00,0x00,0x00,0x00,0x00,0x00,0x00,0x00,0x00,0x01,0x00,0x00,
    0x00,0x00,0x01,0x00,0x00,0x00,0x00,0x00,0x00,0x00,0x00,0x00,
    0x00,0x00,0x00,0x00,0x00,0x00,0x00,0x00,0x00,0x00,0x00,0x00,
    0x00,0x00,0x00,0x00,0x00,0x00,0x00,0x00,0x00,0x00,0x00,0x00,
    0x00,0x00,0x00,0x00,0x00,0x00,0x00,0x00,0x00,0x00,0x00,0x00,
    0x00,0x00,0x00,0x00,0x00,0x00,0x00,0x00,0x00,0x00,0x00,0x00,
    0x00,0x00,0x00,0x00,0x00,0x00,0x00,0x00,0x00,0x00,0x00,0x00,
    0x00,0x00,0x00,0x00,0x00,0x00,0x00,0x00,0x00,0x00,0x00,0x00,
    0x00,0x00,0x00,0x00,0x00,0x00,0x00,0x00,0x00,0x00,0x00,0x00,
    0x00,0x00,0x00,0x00,0x00,0x00,0x00,0x00,0x00,0x00,0x00,0x00}},
    {"happy_baby_speed",
     {0x00,0x00,0x00,0x00,0x00,0x00,0x00,0x00,0x00,0x00,0x00,0x00,
    0x00,0x00,0x00,0x00,0x00,0x00,0x00,0x00,0x00,0x00,0x00,0x00,
    0x00,0x00,0x00,0x00,0x00,0x00,0x00,0x00,0x00,0x00,0x00,0x00,
    0x00,0x00,0x00,0x00,0x00,0x00,0x00,0x00,0x00,0x00,0x00,0x00,
    0x00,0x00,0x00,0x00,0x00,0x00,0x00,0x00,0x00,0x00,0x00,0x00,
    0x00,0x00,0x00,0x00,0x00,0x00,0x00,0x00,0x00,0x00,0x00,0x00,
    0x00,0x00,0x00,0x00,0x00,0x00,0x00,0x00,0x00,0x00,0x00,0x00,
    0x00,0x00,0x00,0x00,0x00,0x00,0x00,0x00,0x00,0x00,0x10,0x00,
    0x00,0x00,0x00,0x00,0x00,0x00,0x00,0x00,0x00,0x00,0x00,0x00,
    0x00,0x00,0x00,0x00,0x00,0x00,0x00,0x00,0x00,0x01,0x00,0x00,
    0x00,0x00,0x00,0x00,0x00,0x00,0x00,0x00,0x00,0x00,0x00,0x00,
    0x00,0x00,0x00,0x00,0x00,0x00,0x00,0x00,0x00,0x01,0x00,0x00,
    0x00,0x00,0x00,0x00,0x00,0x00,0x00,0x01,0x00,0x00,0x00,0x00,
    0x00,0x00,0x00,0x00,0x01,0x00,0x00,0x00,0x00,0x11,0x00,0x00,
    0x00,0x00,0x00,0x00,0x00,0x00,0x00,0x1D,0x10,0x00,0x00,0x00,
    0x00,0x00,0x00,0x00,0x1D,0x10,0x00,0x00,0x11,0x00,0x00,0x00,
    0x00,0x00,0x00,0x00,0x10,0x00,0x01,0xDD,0xD1,0x00,0x00,0x00,
    0x10,0x00,0x00,0x01,0xDD,0xD1,0x00,0x00,0x10,0x00,0x00,0x00,
    0x00,0x00,0x00,0x01,0xD1,0x00,0x01,0xDD,0xD1,0x00,0x11,0x11,
    0xD1,0x11,0x10,0x01,0xDD,0xD1,0x00,0x01,0xD1,0x00,0x00,0x00,
    0x00,0x00,0x00,0x1D,0xDD,0x10,0x1D,0xDD,0xDD,0x11,0xDD,0xDD,
    0xDD,0xDD,0xD1,0x1D,0xDD,0xDD,0x10,0x1D,0xDD,0x10,0x00,0x00,
    0x00,0x00,0x00,0x1D,0xDD,0x10,0x01,0xDD,0xDD,0xDD,0xDD,0xDD,
    0xDD,0xDD,0xDD,0xDD,0xDD,0xD1,0x00,0x1D,0xDD,0x10,0x00,0x00,
    0x00,0x00,0x01,0xDD,0xDD,0xD1,0x01,0xDD,0xDD,0xDD,0xDD,0xDD,
    0xDD,0xDD,0xDD,0xDD,0xDD,0xD1,0x01,0xDD,0xDD,0xD1,0x00,0x00,
    0x00,0x00,0x00,0x1D,0xDD,0x10,0x00,0x1D,0xDD,0xDD,0xDD,0xDD,
    0xDD,0xDD,0xDD,0xDD,0xDD,0x10,0x00,0x1D,0xDD,0x10,0x00,0x00,
    0x00,0x00,0x00,0x1D,0xDD,0x10,0x00,0x1D,0xDD,0xDD,0xDD,0xDD,
    0xDD,0xDD,0xDD,0xDD,0xDD,0x10,0x00,0x1D,0xDD,0x10,0x00,0x00,
    0x00,0x00,0x00,0x01,0xD1,0x00,0x01,0xDD,0xDD,0xDD,0xDD,0xDD,
    0xDD,0xDD,0xDD,0xDD,0xDD,0xD1,0x00,0x01,0xD1,0x00,0x00,0x00,
    0x00,0x00,0x00,0x00,0x10,0x00,0x01,0xDD,0xDD,0xDD,0xDD,0xDD,
    0xDD,0xDD,0xDD,0xDD,0xDD,0xD1,0x00,0x00,0x10,0x00,0x00,0x00,
    0x00,0x00,0x00,0x00,0x00,0x00,0x1D,0xDD,0xDD,0xDD,0xDD,0xDD,
    0xDD,0xDD,0xDD,0xDD,0xDD,0xDD,0x10,0x00,0x00,0x00,0x00,0x00,
    0x00,0x00,0x00,0x00,0x00,0x00,0x1D,0xDD,0xD1,0x1D,0xDD,0xDD,
    0xDD,0xDD,0xD1,0x1D,0xDD,0xDD,0x10,0x00,0x00,0x00,0x00,0x00,
    0x00,0x00,0x00,0x00,0x00,0x00,0x1D,0xDD,0x1D,0xD1,0xDD,0xDD,
    0xDD,0xDD,0x1D,0xD1,0xDD,0xDD,0x10,0x00,0x00,0x00,0x00,0x00,
    0x00,0x00,0x00,0x00,0x00,0x00,0x1D,0xDD,0xDD,0xDD,0xDD,0xDD,
    0xDD,0xDD,0xDD,0xDD,0xDD,0xDD,0x10,0x00,0x00,0x00,0x00,0x00,
    0x00,0x00,0x00,0x00,0x00,0x00,0x1D,0xDD,0xDD,0xDD,0xDD,0xDD,
    0x3D,0xDD,0xDD,0xDD,0xDD,0xDD,0x10,0x00,0x00,0x00,0x00,0x00,
    0x00,0x00,0x00,0x00,0x00,0x01,0xDD,0x5D,0xDD,0xDD,0x33,0x33,
    0x13,0x33,0x3D,0xDD,0xDD,0x5D,0xD1,0x00,0x00,0x00,0x00,0x00,
    0x00,0x00,0x00,0x00,0x00,0x00,0x15,0x55,0x5D,0xD3,0x33,0x11,
    0x11,0x13,0x33,0xDD,0x55,0x55,0x10,0x00,0x00,0x00,0x00,0x00,
    0x00,0x00,0x00,0x00,0x00,0x01,0x55,0x55,0x55,0x33,0x31,0x11,
    0x11,0x11,0x33,0x35,0x55,0x55,0x51,0x00,0x00,0x00,0x00,0x00,
    0x00,0x00,0x00,0x00,0x00,0x00,0x15,0x55,0x53,0x33,0x33,0x11,
    0x11,0x13,0x33,0x33,0x55,0x55,0x10,0x00,0x00,0x00,0x00,0x00,
    0x00,0x00,0x00,0x00,0x00,0x00,0x1D,0x5D,0xD3,0x33,0x33,0x33,
    0x13,0x33,0x33,0x33,0xDD,0x5D,0x10,0x00,0x00,0x00,0x00,0x00,
    0x00,0x00,0x00,0x00,0x00,0x00,0x1D,0xDD,0x33,0x33,0x33,0x33,
    0x33,0x33,0x33,0x33,0x3D,0xDD,0x10,0x00,0x00,0x00,0x00,0x00,
    0x00,0x00,0x00,0x00,0x00,0x00,0x01,0xDD,0xD3,0x33,0x33,0x33,
    0x33,0x33,0x33,0x33,0xDD,0xD1,0x00,0x00,0x00,0x00,0x00,0x00,
    0x00,0x00,0x00,0x00,0x00,0x00,0x01,0xDD,0xD3,0x33,0x33,0x33,
    0x33,0x33,0x33,0x33,0xDD,0xD1,0x00,0x00,0x00,0x00,0x00,0x00,
    0x00,0x00,0x00,0x00,0x00,0x00,0x00,0x1D,0xDD,0x33,0x33,0x33,
    0x33,0x33,0x33,0x3D,0xDD,0x10,0x00,0x00,0x00,0x00,0x00,0x00,
    0x00,0x00,0x00,0x00,0x00,0x00,0x00,0x01,0xDD,0xD3,0x33,0x33,
    0x33,0x33,0x33,0xDD,0xD1,0x00,0x00,0x00,0x00,0x00,0x00,0x00,
    0x00,0x00,0x00,0x00,0x00,0x00,0x00,0x01,0xDD,0xDD,0x33,0x33,
    0x33,0x33,0x3D,0xDD,0xD1,0x00,0x00,0x00,0x00,0x00,0x00,0x00,
    0x00,0x00,0x00,0x00,0x00,0x00,0x00,0x00,0x11,0xDD,0xDD,0xDD,
    0x3D,0xDD,0xDD,0xD1,0x10,0x00,0x00,0x00,0x00,0x00,0x00,0x00,
    0x00,0x00,0x00,0x00,0x00,0x00,0x00,0x00,0x00,0x11,0xDD,0xDD,
    0xDD,0xDD,0xD1,0x10,0x00,0x00,0x00,0x00,0x00,0x00,0x00,0x00,
    0x00,0x00,0x00,0x00,0x00,0x00,0x00,0x00,0x00,0x00,0x11,0x11,
    0xD1,0x11,0x10,0x00,0x00,0x00,0x00,0x00,0x00,0x00,0x00,0x00,
    0x00,0x00,0x00,0x00,0x00,0x00,0x00,0x00,0x00,0x00,0x00,0x00,
    0x10,0x00,0x00,0x00,0x00,0x00,0x00,0x00,0x00,0x00,0x00,0x00,
    0x00,0x00,0x00,0x00,0x00,0x00,0x00,0x00,0x00,0x01,0x00,0x00,
    0x00,0x00,0x01,0x00,0x00,0x00,0x00,0x00,0x00,0x00,0x00,0x00,
    0x00,0x00,0x00,0x00,0x00,0x00,0x00,0x00,0x01,0x1D,0x11,0x00,
    0x00,0x01,0x1D,0x11,0x00,0x00,0x00,0x00,0x00,0x00,0x00,0x00,
    0x00,0x00,0x00,0x00,0x00,0x00,0x00,0x00,0x1D,0xDD,0xDD,0x10,
    0x00,0x1D,0xDD,0xDD,0x10,0x00,0x00,0x00,0x00,0x00,0x00,0x00,
    0x00,0x00,0x00,0x00,0x00,0x00,0x00,0x00,0x01,0x1D,0x11,0x00,
    0x00,0x01,0x1D,0x11,0x00,0x00,0x00,0x00,0x00,0x00,0x00,0x00,
    0x00,0x00,0x00,0x00,0x00,0x00,0x00,0x00,0x00,0x01,0x00,0x00,
    0x00,0x00,0x01,0x00,0x00,0x00,0x00,0x00,0x00,0x00,0x00,0x00,
    0x00,0x00,0x00,0x00,0x00,0x00,0x00,0x00,0x00,0x00,0x00,0x00,
    0x00,0x00,0x00,0x00,0x00,0x00,0x00,0x00,0x00,0x00,0x00,0x00,
    0x00,0x00,0x00,0x00,0x00,0x00,0x00,0x00,0x00,0x00,0x00,0x00,
    0x00,0x00,0x00,0x00,0x00,0x00,0x00,0x00,0x00,0x00,0x00,0x00,
    0x00,0x00,0x00,0x00,0x00,0x00,0x00,0x00,0x00,0x00,0x00,0x00,
    0x00,0x00,0x00,0x00,0x00,0x00,0x00,0x00,0x00,0x00,0x00,0x00,
    0x00,0x00,0x00,0x00,0x00,0x00,0x00,0x00,0x00,0x00,0x00,0x00,
    0x00,0x00,0x00,0x00,0x00,0x00,0x00,0x00,0x00,0x00,0x00,0x00,
    0x00,0x00,0x00,0x00,0x00,0x00,0x00,0x00,0x00,0x00,0x00,0x00,
    0x00,0x00,0x00,0x00,0x00,0x00,0x00,0x00,0x00,0x00,0x00,0x00,
    0x00,0x00,0x00,0x00,0x00,0x00,0x00,0x00,0x00,0x00,0x00,0x00,
    0x00,0x00,0x00,0x00,0x00,0x00,0x00,0x00,0x00,0x00,0x00,0x00}},
    {"eat_baby_speed",
     {0x00,0x00,0x00,0x00,0x00,0x00,0x00,0x00,0x00,0x00,0x00,0x00,
    0x00,0x00,0x00,0x00,0x00,0x00,0x00,0x00,0x00,0x00,0x00,0x00,
    0x00,0x00,0x00,0x00,0x00,0x00,0x00,0x00,0x00,0x00,0x00,0x00,
    0x00,0x00,0x00,0x00,0x00,0x00,0x00,0x00,0x00,0x00,0x00,0x00,
    0x00,0x00,0x00,0x00,0x00,0x00,0x00,0x00,0x00,0x00,0x00,0x00,
    0x00,0x00,0x00,0x00,0x00,0x00,0x00,0x00,0x00,0x00,0x00,0x00,
    0x00,0x00,0x00,0x00,0x00,0x00,0x00,0x00,0x00,0x00,0x00,0x00,
    0x00,0x00,0x00,0x00,0x00,0x00,0x00,0x00,0x00,0x00,0x00,0x00,
    0x00,0x00,0x00,0x00,0x00,0x00,0x00,0x00,0x00,0x00,0x00,0x00,
    0x00,0x00,0x00,0x00,0x00,0x00,0x00,0x00,0x00,0x00,0x00,0x00,
    0x00,0x00,0x00,0x00,0x00,0x00,0x00,0x00,0x00,0x00,0x00,0x00,
    0x00,0x00,0x00,0x00,0x00,0x00,0x00,0x00,0x00,0x00,0x00,0x00,
    0x00,0x00,0x00,0x00,0x00,0x00,0x00,0x00,0x00,0x00,0x00,0x00,
    0x00,0x00,0x00,0x00,0x00,0x00,0x00,0x00,0x00,0x00,0x00,0x00,
    0x00,0x00,0x00,0x00,0x00,0x00,0x00,0x00,0x00,0x00,0x00,0x00,
    0x00,0x00,0x00,0x00,0x00,0x00,0x00,0x00,0x00,0x00,0x00,0x00,
    0x00,0x00,0x00,0x00,0x00,0x00,0x00,0x00,0x00,0x00,0x00,0x00,
    0x00,0x00,0x00,0x00,0x00,0x00,0x00,0x00,0x00,0x00,0x00,0x00,
    0x00,0x00,0x00,0x00,0x00,0x00,0x00,0x00,0x00,0x00,0x00,0x00,
    0x00,0x00,0x00,0x00,0x00,0x00,0x00,0x00,0x00,0x00,0x00,0x00,
    0x00,0x00,0x00,0x00,0x00,0x00,0x00,0x01,0x00,0x00,0x00,0x00,
    0x00,0x00,0x00,0x00,0x01,0x00,0x00,0x00,0x00,0x00,0x00,0x00,
    0x00,0x00,0x00,0x00,0x00,0x00,0x00,0x1D,0x10,0x00,0x00,0x00,
    0x00,0x00,0x00,0x00,0x1D,0x10,0x00,0x00,0x00,0x00,0x00,0x00,
    0x00,0x00,0x00,0x00,0x00,0x00,0x01,0xD5,0xD1,0x00,0x00,0x00,
    0x10,0x00,0x00,0x01,0xD5,0xD1,0x00,0x00,0x00,0x00,0x00,0x00,
    0x00,0x00,0x00,0x00,0x00,0x00,0x01,0xD5,0xD1,0x00,0x11,0x11,
    0xD1,0x11,0x10,0x01,0xD5,0xD1,0x00,0x00,0x00,0x00,0x00,0x00,
    0x00,0x00,0x00,0x00,0x00,0x00,0x1D,0x55,0x5D,0x11,0xDD,0xDD,
    0xDD,0xDD,0xD1,0x1D,0x55,0x5D,0x10,0x00,0x00,0x00,0x00,0x00,
    0x00,0x00,0x00,0x00,0x00,0x00,0x01,0xD5,0xDD,0xDD,0xDD,0xDD,
    0xDD,0xDD,0xDD,0xDD,0xD5,0xD1,0x00,0x00,0x01,0x00,0x00,0x00,
    0x00,0x00,0x00,0x00,0x00,0x00,0x01,0xD5,0xDD,0xDD,0xDD,0xDD,
    0xDD,0xDD,0xDD,0xDD,0xD5,0xD1,0x00,0x00,0x00,0x00,0x00,0x00,
    0x00,0x00,0x00,0x00,0x00,0x00,0x00,0x1D,0xDD,0xDD,0xDD,0xDD,
    0xDD,0xDD,0xDD,0xDD,0xDD,0x10,0x00,0x00,0x00,0x00,0x00,0x00,
    0x00,0x00,0x00,0x00,0x00,0x00,0x00,0x1D,0xDD,0xDD,0xDD,0xDD,
    0xDD,0xDD,0xDD,0xDD,0xDD,0x10,0x00,0x00,0x11,0x10,0x00,0x00,
    0x00,0x00,0x00,0x00,0x00,0x00,0x01,0xDD,0xDD,0xDD,0xDD,0xDD,
    0xDD,0xDD,0xDD,0xDD,0xDD,0xD1,0x00,0x01,0x33,0x31,0x00,0x00,
    0x00,0x00,0x00,0x00,0x00,0x00,0x01,0xDD,0xD1,0x1D,0xDD,0xDD,
    0xDD,0xDD,0xD1,0x1D,0xDD,0xD1,0x00,0x13,0x33,0x33,0x10,0x00,
    0x00,0x00,0x00,0x00,0x00,0x00,0x1D,0xDD,0x1D,0xD1,0xDD,0xDD,
    0xDD,0xDD,0x1D,0xD1,0xDD,0xDD,0x10,0x13,0x11,0x13,0x10,0x00,
    0x00,0x00,0x00,0x00,0x00,0x00,0x1D,0xDD,0xDD,0xDD,0xDD,0xDD,
    0xDD,0xDD,0xDD,0xDD,0xDD,0xDD,0x10,0x13,0x11,0x13,0x10,0x00,
    0x00,0x00,0x00,0x00,0x00,0x00,0x1D,0xDD,0xDD,0xDD,0xDD,0xDD,
    0xDD,0xDD,0xDD,0xDD,0xDD,0xDD,0x10,0x11,0x11,0x11,0x10,0x00,
    0x00,0x00,0x00,0x00,0x00,0x00,0x1D,0xDD,0xDD,0xDD,0xDD,0xDD,
    0xDD,0xDD,0xDD,0xDD,0xDD,0xDD,0x10,0x00,0x00,0x00,0x00,0x00,
    0x00,0x00,0x00,0x00,0x00,0x00,0x1D,0xDD,0xDD,0xDD,0xDD,0xDD,
    0x1D,0xDD,0xDD,0xDD,0xDD,0xDD,0x10,0x00,0x00,0x00,0x00,0x00,
    0x00,0x00,0x00,0x00,0x00,0x01,0xDD,0xDD,0xDD,0xDD,0x33,0x11,
    0x11,0x13,0x3D,0xDD,0xDD,0xDD,0xD1,0x00,0x00,0x00,0x00,0x00,
    0x00,0x00,0x00,0x00,0x00,0x00,0x1D,0xDD,0xDD,0xD3,0x31,0x11,
    0x11,0x11,0x33,0xDD,0xDD,0xDD,0x10,0x00,0x00,0x00,0x00,0x00,
    0x00,0x00,0x00,0x00,0x00,0x00,0x1D,0xDD,0xDD,0x33,0x11,0x11,
    0x51,0x11,0x13,0x3D,0xDD,0xDD,0x10,0x00,0x00,0x00,0x00,0x00,
    0x00,0x00,0x00,0x00,0x00,0x00,0x1D,0xDD,0xD3,0x33,0x31,0x55,
    0x55,0x51,0x33,0x33,0xDD,0xDD,0x10,0x00,0x00,0x00,0x00,0x00,
    0x00,0x00,0x00,0x00,0x00,0x00,0x1D,0xDD,0xD3,0x33,0x33,0x11,
    0x51,0x13,0x33,0x33,0xDD,0xDD,0x10,0x00,0x00,0x00,0x00,0x00,
    0x00,0x00,0x00,0x00,0x00,0x00,0x1D,0xDD,0x33,0x33,0x33,0x33,
    0x13,0x33,0x33,0x33,0x3D,0xDD,0x10,0x00,0x00,0x00,0x00,0x00,
    0x00,0x00,0x00,0x00,0x00,0x00,0x01,0xDD,0xD3,0x33,0x33,0x33,
    0x33,0x33,0x33,0x33,0xDD,0xD1,0x00,0x00,0x00,0x00,0x00,0x00,
    0x00,0x00,0x00,0x00,0x00,0x00,0x01,0xDD,0xD3,0x33,0x33,0x33,
    0x33,0x33,0x33,0x33,0xDD,0xD1,0x00,0x00,0x00,0x00,0x00,0x00,
    0x00,0x00,0x00,0x00,0x00,0x00,0x00,0x1D,0xDD,0x33,0x33,0x33,
    0x33,0x33,0x33,0x3D,0xDD,0x10,0x00,0x00,0x00,0x00,0x00,0x00,
    0x00,0x00,0x00,0x00,0x00,0x00,0x00,0x01,0xDD,0xD3,0x33,0x33,
    0x33,0x33,0x33,0xDD,0xD1,0x00,0x00,0x00,0x00,0x00,0x00,0x00,
    0x00,0x00,0x00,0x00,0x00,0x00,0x00,0x01,0xDD,0xDD,0x33,0x33,
    0x33,0x33,0x3D,0xDD,0xD1,0x00,0x00,0x00,0x00,0x00,0x00,0x00,
    0x00,0x00,0x00,0x00,0x00,0x00,0x00,0x00,0x11,0xDD,0xDD,0xDD,
    0x3D,0xDD,0xDD,0xD1,0x10,0x00,0x00,0x00,0x00,0x00,0x00,0x00,
    0x00,0x00,0x00,0x00,0x00,0x00,0x00,0x00,0x00,0x1D,0xDD,0xDD,
    0xDD,0xDD,0xDD,0x10,0x00,0x00,0x00,0x00,0x00,0x00,0x00,0x00,
    0x00,0x00,0x00,0x00,0x00,0x00,0x00,0x00,0x00,0x01,0xDD,0x11,
    0xD1,0x1D,0xD1,0x00,0x00,0x00,0x00,0x00,0x00,0x00,0x00,0x00,
    0x00,0x00,0x00,0x00,0x00,0x00,0x00,0x00,0x01,0x1D,0xD1,0x00,
    0x10,0x01,0xDD,0x11,0x00,0x00,0x00,0x00,0x00,0x00,0x00,0x00,
    0x00,0x00,0x00,0x00,0x00,0x00,0x00,0x00,0x1D,0xDD,0xDD,0x10,
    0x00,0x1D,0xDD,0xDD,0x10,0x00,0x00,0x00,0x00,0x00,0x00,0x00,
    0x00,0x00,0x00,0x00,0x00,0x00,0x00,0x00,0x01,0x1D,0x11,0x00,
    0x00,0x01,0x1D,0x11,0x00,0x00,0x00,0x00,0x00,0x00,0x00,0x00,
    0x00,0x00,0x00,0x00,0x00,0x00,0x00,0x00,0x00,0x01,0x00,0x00,
    0x00,0x00,0x01,0x00,0x00,0x00,0x00,0x00,0x00,0x00,0x00,0x00,
    0x00,0x00,0x00,0x00,0x00,0x00,0x00,0x00,0x00,0x00,0x00,0x00,
    0x00,0x00,0x00,0x00,0x00,0x00,0x00,0x00,0x00,0x00,0x00,0x00,
    0x00,0x00,0x00,0x00,0x00,0x00,0x00,0x00,0x00,0x00,0x00,0x00,
    0x00,0x00,0x00,0x00,0x00,0x00,0x00,0x00,0x00,0x00,0x00,0x00,
    0x00,0x00,0x00,0x00,0x00,0x00,0x00,0x00,0x00,0x00,0x00,0x00,
    0x00,0x00,0x00,0x00,0x00,0x00,0x00,0x00,0x00,0x00,0x00,0x00,
    0x00,0x00,0x00,0x00,0x00,0x00,0x00,0x00,0x00,0x00,0x00,0x00,
    0x00,0x00,0x00,0x00,0x00,0x00,0x00,0x00,0x00,0x00,0x00,0x00}},
    {"zzz_baby_speed",
     {0x00,0x00,0x00,0x00,0x00,0x00,0x00,0x00,0x00,0x00,0x00,0x00,
    0x00,0x00,0x00,0x00,0x00,0x00,0x00,0x00,0x00,0x00,0x00,0x00,
    0x00,0x00,0x00,0x00,0x00,0x00,0x00,0x00,0x00,0x00,0x00,0x00,
    0x00,0x00,0x00,0x00,0x00,0x00,0x00,0x00,0x00,0x00,0x00,0x00,
    0x00,0x00,0x00,0x00,0x00,0x00,0x00,0x00,0x00,0x00,0x00,0x00,
    0x00,0x00,0x00,0x00,0x00,0x00,0x00,0x00,0x00,0x00,0x00,0x00,
    0x00,0x00,0x00,0x00,0x00,0x00,0x00,0x00,0x00,0x00,0x00,0x00,
    0x00,0x00,0x00,0x00,0x00,0x00,0x00,0x00,0x00,0x00,0x00,0x00,
    0x00,0x00,0x00,0x00,0x00,0x00,0x00,0x00,0x11,0x00,0x00,0x00,
    0x00,0x00,0x00,0x00,0x00,0x00,0x00,0x00,0x00,0x00,0x00,0x00,
    0x00,0x00,0x00,0x00,0x00,0x00,0x00,0x00,0x10,0x00,0x00,0x00,
    0x00,0x00,0x00,0x00,0x00,0x00,0x00,0x00,0x00,0x00,0x00,0x00,
    0x00,0x00,0x00,0x00,0x00,0x00,0x00,0x00,0x01,0x00,0x00,0x00,
    0x00,0x00,0x00,0x00,0x00,0x00,0x00,0x00,0x00,0x00,0x00,0x00,
    0x00,0x00,0x00,0x00,0x00,0x01,0x11,0x00,0x11,0x00,0x00,0x00,
    0x00,0x00,0x00,0x00,0x00,0x00,0x00,0x00,0x00,0x00,0x00,0x00,
    0x00,0x00,0x00,0x00,0x00,0x01,0x00,0x00,0x00,0x00,0x00,0x00,
    0x00,0x00,0x00,0x00,0x00,0x00,0x00,0x00,0x00,0x00,0x00,0x00,
    0x00,0x00,0x00,0x00,0x00,0x00,0x10,0x00,0x00,0x00,0x00,0x00,
    0x00,0x00,0x00,0x00,0x00,0x00,0x00,0x00,0x00,0x00,0x00,0x00,
    0x00,0x00,0x00,0x00,0x00,0x00,0x01,0x00,0x00,0x00,0x00,0x00,
    0x00,0x00,0x00,0x00,0x00,0x00,0x00,0x00,0x00,0x00,0x00,0x00,
    0x00,0x00,0x00,0x00,0x00,0x01,0x11,0x00,0x00,0x00,0x00,0x00,
    0x00,0x00,0x00,0x00,0x00,0x00,0x00,0x00,0x00,0x00,0x00,0x00,
    0x00,0x00,0x00,0x11,0x10,0x00,0x00,0x00,0x00,0x00,0x00,0x00,
    0x00,0x00,0x00,0x00,0x00,0x00,0x00,0x00,0x00,0x00,0x00,0x00,
    0x00,0x00,0x00,0x10,0x00,0x00,0x00,0x00,0x00,0x00,0x00,0x00,
    0x00,0x00,0x00,0x00,0x00,0x00,0x00,0x00,0x00,0x00,0x00,0x00,
    0x00,0x00,0x00,0x01,0x00,0x00,0x00,0x00,0x00,0x00,0x00,0x00,
    0x00,0x00,0x00,0x00,0x00,0x00,0x00,0x00,0x00,0x00,0x00,0x00,
    0x00,0x00,0x00,0x00,0x10,0x00,0x00,0x00,0x00,0x00,0x00,0x00,
    0x00,0x00,0x00,0x00,0x00,0x00,0x00,0x00,0x00,0x00,0x00,0x00,
    0x00,0x00,0x00,0x11,0x10,0x00,0x00,0x00,0x00,0x00,0x00,0x00,
    0x00,0x00,0x00,0x00,0x00,0x00,0x00,0x00,0x00,0x00,0x00,0x00,
    0x00,0x00,0x00,0x00,0x00,0x00,0x00,0x00,0x00,0x00,0x00,0x00,
    0x00,0x00,0x00,0x00,0x00,0x00,0x00,0x00,0x00,0x00,0x00,0x00,
    0x00,0x00,0x00,0x00,0x00,0x00,0x00,0x00,0x00,0x00,0x00,0x00,
    0x00,0x00,0x00,0x00,0x00,0x00,0x00,0x00,0x00,0x00,0x00,0x00,
    0x00,0x00,0x00,0x00,0x00,0x00,0x00,0x00,0x00,0x00,0x00,0x00,
    0x00,0x00,0x00,0x00,0x00,0x00,0x00,0x00,0x00,0x00,0x00,0x00,
    0x00,0x00,0x00,0x00,0x00,0x00,0x00,0x00,0x00,0x00,0x00,0x00,
    0x00,0x00,0x00,0x00,0x00,0x00,0x00,0x00,0x00,0x00,0x00,0x00,
    0x00,0x00,0x00,0x00,0x00,0x00,0x00,0x00,0x00,0x00,0x00,0x00,
    0x10,0x00,0x00,0x00,0x00,0x00,0x00,0x00,0x00,0x00,0x00,0x00,
    0x00,0x00,0x00,0x00,0x00,0x00,0x00,0x00,0x00,0x11,0x11,0x11,
    0xD1,0x11,0x11,0x10,0x00,0x00,0x00,0x00,0x00,0x00,0x00,0x00,
    0x00,0x00,0x00,0x00,0x00,0x00,0x00,0x01,0x11,0xDD,0xDD,0xDD,
    0xDD,0xDD,0xDD,0xD1,0x11,0x00,0x00,0x00,0x00,0x00,0x00,0x00,
    0x00,0x00,0x00,0x00,0x00,0x00,0x00,0x1D,0xDD,0xDD,0xDD,0xDD,
    0xDD,0xDD,0xDD,0xDD,0xDD,0x10,0x00,0x00,0x00,0x00,0x00,0x00,
    0x00,0x00,0x00,0x00,0x00,0x00,0x11,0xDD,0xDD,0xDD,0xDD,0xDD,
    0xDD,0xDD,0xDD,0xDD,0xDD,0xD1,0x10,0x00,0x00,0x00,0x00,0x00,
    0x00,0x00,0x00,0x00,0x00,0x01,0xDD,0xDD,0xDD,0xDD,0xDD,0xDD,
    0xDD,0xDD,0xDD,0xDD,0xDD,0xDD,0xD1,0x00,0x00,0x00,0x00,0x00,
    0x00,0x00,0x00,0x00,0x00,0x1D,0xDD,0xDD,0xDD,0xDD,0xDD,0xDD,
    0xDD,0xDD,0xDD,0xDD,0xDD,0xDD,0xDD,0x10,0x00,0x00,0x00,0x00,
    0x00,0x00,0x00,0x00,0x00,0x1D,0xDD,0xDD,0xDD,0xDD,0xDD,0xDD,
    0xDD,0xDD,0xDD,0xDD,0xDD,0xDD,0xDD,0x10,0x00,0x00,0x00,0x00,
    0x00,0x00,0x00,0x00,0x01,0xDD,0xDD,0xD1,0x11,0x11,0x1D,0xDD,
    0xDD,0xDD,0x11,0x11,0x11,0xDD,0xDD,0xD1,0x00,0x00,0x00,0x00,
    0x00,0x00,0x00,0x00,0x01,0xDD,0xDD,0xDD,0xDD,0xDD,0xDD,0xDD,
    0xDD,0xDD,0xDD,0xDD,0xDD,0xDD,0xDD,0xD1,0x00,0x00,0x00,0x00,
    0x00,0x00,0x00,0x00,0x01,0xDD,0xDD,0xDD,0xDD,0xDD,0xDD,0xDD,
    0x3D,0xDD,0xDD,0xDD,0xDD,0xDD,0xDD,0xD1,0x00,0x00,0x00,0x00,
    0x00,0x00,0x00,0x00,0x1D,0xDD,0xDD,0xDD,0xDD,0x33,0x33,0x33,
    0x33,0x33,0x33,0x3D,0xDD,0xDD,0xDD,0xDD,0x10,0x00,0x00,0x00,
    0x00,0x00,0x00,0x00,0x01,0xDD,0xDD,0xDD,0x33,0x33,0x33,0x33,
    0x33,0x33,0x33,0x33,0x3D,0xDD,0xDD,0xD1,0x00,0x00,0x00,0x00,
    0x00,0x00,0x00,0x00,0x01,0xDD,0xDD,0xD3,0x33,0x33,0x33,0x33,
    0x33,0x33,0x33,0x33,0x33,0xDD,0xDD,0xD1,0x00,0x00,0x00,0x00,
    0x00,0x00,0x00,0x00,0x01,0xDD,0xDD,0xD3,0x33,0x33,0x33,0x33,
    0x33,0x33,0x33,0x33,0x33,0xDD,0xDD,0xD1,0x00,0x00,0x00,0x00,
    0x00,0x00,0x00,0x00,0x00,0x1D,0xDD,0x33,0x33,0x33,0x33,0x33,
    0x33,0x33,0x33,0x33,0x33,0x3D,0xDD,0x10,0x00,0x00,0x00,0x00,
    0x00,0x00,0x00,0x00,0x00,0x1D,0xDD,0xD3,0x33,0x33,0x33,0x33,
    0x33,0x33,0x33,0x33,0x33,0xDD,0xDD,0x10,0x00,0x00,0x00,0x00,
    0x00,0x00,0x00,0x00,0x00,0x01,0xDD,0xD3,0x33,0x33,0x33,0x33,
    0x33,0x33,0x33,0x33,0x33,0xDD,0xD1,0x00,0x00,0x00,0x00,0x00,
    0x00,0x00,0x00,0x00,0x00,0x00,0x11,0xDD,0x33,0x33,0x33,0x33,
    0x33,0x33,0x33,0x33,0x3D,0xD1,0x10,0x00,0x00,0x00,0x00,0x00,
    0x00,0x00,0x00,0x00,0x00,0x00,0x00,0x1D,0xDD,0x33,0x33,0x33,
    0x33,0x33,0x33,0x3D,0xDD,0x10,0x00,0x00,0x00,0x00,0x00,0x00,
    0x00,0x00,0x00,0x00,0x00,0x00,0x00,0x01,0x11,0xDD,0xDD,0xDD,
    0x3D,0xDD,0xDD,0xD1,0x11,0x00,0x00,0x00,0x00,0x00,0x00,0x00,
    0x00,0x00,0x00,0x00,0x00,0x00,0x00,0x00,0x00,0x11,0x11,0x11,
    0xD1,0x11,0x11,0x10,0x00,0x00,0x00,0x00,0x00,0x00,0x00,0x00,
    0x00,0x00,0x00,0x00,0x00,0x00,0x00,0x00,0x00,0x00,0x00,0x00,
    0x10,0x00,0x00,0x00,0x00,0x00,0x00,0x00,0x00,0x00,0x00,0x00,
    0x00,0x00,0x00,0x00,0x00,0x00,0x00,0x00,0x00,0x00,0x00,0x00,
    0x00,0x00,0x00,0x00,0x00,0x00,0x00,0x00,0x00,0x00,0x00,0x00,
    0x00,0x00,0x00,0x00,0x00,0x00,0x00,0x00,0x00,0x00,0x00,0x00,
    0x00,0x00,0x00,0x00,0x00,0x00,0x00,0x00,0x00,0x00,0x00,0x00,
    0x00,0x00,0x00,0x00,0x00,0x00,0x00,0x00,0x00,0x00,0x00,0x00,
    0x00,0x00,0x00,0x00,0x00,0x00,0x00,0x00,0x00,0x00,0x00,0x00,
    0x00,0x00,0x00,0x00,0x00,0x00,0x00,0x00,0x00,0x00,0x00,0x00,
    0x00,0x00,0x00,0x00,0x00,0x00,0x00,0x00,0x00,0x00,0x00,0x00}},
    {"scold_baby_speed",
     {0x00,0x00,0x00,0x00,0x00,0x00,0x00,0x00,0x00,0x00,0x00,0x00,
    0x00,0x00,0x00,0x00,0x00,0x00,0x00,0x00,0x00,0x00,0x00,0x00,
    0x00,0x00,0x00,0x00,0x00,0x00,0x00,0x00,0x00,0x00,0x00,0x00,
    0x00,0x00,0x00,0x00,0x00,0x00,0x00,0x00,0x00,0x00,0x00,0x00,
    0x00,0x00,0x00,0x00,0x00,0x00,0x00,0x00,0x00,0x00,0x00,0x00,
    0x00,0x00,0x00,0x00,0x00,0x00,0x00,0x00,0x00,0x00,0x00,0x00,
    0x00,0x00,0x00,0x00,0x00,0x00,0x00,0x00,0x00,0x00,0x00,0x00,
    0x00,0x00,0x00,0x00,0x00,0x00,0x00,0x00,0x00,0x00,0x00,0x00,
    0x00,0x00,0x00,0x00,0x00,0x00,0x00,0x00,0x00,0x00,0x00,0x00,
    0x00,0x00,0x00,0x00,0x00,0x00,0x00,0x00,0x00,0x00,0x00,0x00,
    0x00,0x00,0x00,0x00,0x00,0x00,0x00,0x00,0x00,0x00,0x00,0x00,
    0x00,0x00,0x00,0x00,0x00,0x00,0x00,0x00,0x00,0x00,0x00,0x00,
    0x00,0x00,0x00,0x00,0x00,0x00,0x00,0x00,0x00,0x00,0x00,0x00,
    0x00,0x00,0x00,0x00,0x00,0x00,0x00,0x00,0x00,0x00,0x00,0x00,
    0x00,0x00,0x00,0x00,0x00,0x00,0x00,0x00,0x00,0x00,0x00,0x00,
    0x00,0x00,0x00,0x00,0x00,0x00,0x00,0x00,0x00,0x00,0x00,0x00,
    0x00,0x00,0x00,0x00,0x00,0x50,0x00,0x00,0x00,0x00,0x00,0x00,
    0x00,0x00,0x00,0x00,0x00,0x00,0x00,0x00,0x00,0x00,0x00,0x00,
    0x00,0x00,0x00,0x00,0x00,0x05,0x00,0x00,0x00,0x00,0x00,0x00,
    0x00,0x00,0x00,0x00,0x00,0x00,0x00,0x00,0x00,0x00,0x00,0x00,
    0x00,0x00,0x00,0x00,0x05,0x00,0x00,0x01,0x00,0x00,0x00,0x00,
    0x00,0x00,0x00,0x00,0x01,0x00,0x00,0x00,0x00,0x00,0x00,0x00,
    0x00,0x00,0x00,0x00,0x00,0x00,0x50,0x1D,0x10,0x00,0x00,0x00,
    0x00,0x00,0x00,0x00,0x1D,0x10,0x00,0x00,0x00,0x00,0x00,0x00,
    0x00,0x00,0x00,0x00,0x00,0x50,0x01,0xD5,0xD1,0x00,0x00,0x00,
    0x10,0x00,0x00,0x01,0xD5,0xD1,0x00,0x00,0x00,0x00,0x00,0x00,
    0x00,0x00,0x00,0x00,0x00,0x00,0x01,0xD5,0xD1,0x00,0x11,0x11,
    0xD1,0x11,0x10,0x01,0xD5,0xD1,0x00,0x00,0x00,0x00,0x00,0x00,
    0x00,0x00,0x00,0x00,0x00,0x00,0x1D,0x55,0x5D,0x11,0xDD,0xDD,
    0xDD,0xDD,0xD1,0x1D,0x55,0x5D,0x10,0x00,0x00,0x00,0x00,0x00,
    0x00,0x00,0x00,0x00,0x00,0x00,0x01,0xD5,0xDD,0xDD,0xDD,0xDD,
    0xDD,0xDD,0xDD,0xDD,0xD5,0xD1,0x00,0x00,0x00,0x00,0x00,0x00,
    0x00,0x00,0x00,0x00,0x00,0x00,0x01,0xD5,0xDD,0xDD,0xDD,0xDD,
    0xDD,0xDD,0xDD,0xDD,0xD5,0xD1,0x00,0x00,0x00,0x00,0x00,0x00,
    0x00,0x00,0x00,0x00,0x00,0x00,0x00,0x1D,0xDD,0xDD,0xDD,0xDD,
    0xDD,0xDD,0xDD,0xDD,0xDD,0x10,0x00,0x00,0x00,0x00,0x00,0x00,
    0x00,0x00,0x00,0x00,0x00,0x00,0x00,0x1D,0xDD,0xDD,0xDD,0xDD,
    0xDD,0xDD,0xDD,0xDD,0xDD,0x10,0x00,0x00,0x00,0x00,0x00,0x00,
    0x00,0x00,0x00,0x00,0x00,0x00,0x01,0xDD,0xDD,0xDD,0xDD,0xDD,
    0xDD,0xDD,0xDD,0xDD,0xDD,0xD1,0x00,0x00,0x00,0x00,0x00,0x00,
    0x00,0x00,0x00,0x00,0x00,0x00,0x01,0xDD,0xDD,0xDD,0xDD,0xDD,
    0xDD,0xDD,0xDD,0xDD,0xDD,0xD1,0x00,0x00,0x00,0x00,0x00,0x00,
    0x00,0x00,0x00,0x00,0x00,0x00,0x1D,0xDD,0xDD,0xDD,0xDD,0xDD,
    0xDD,0xDD,0xDD,0xDD,0xDD,0xDD,0x10,0x00,0x00,0x00,0x00,0x00,
    0x00,0x00,0x00,0x00,0x00,0x00,0x1D,0xDD,0xDD,0x1D,0xDD,0xDD,
    0xDD,0xDD,0xDD,0x1D,0xDD,0xDD,0x10,0x00,0x00,0x00,0x00,0x00,
    0x00,0x00,0x00,0x00,0x00,0x00,0x1D,0xDD,0xD1,0x11,0xDD,0xDD,
    0xDD,0xDD,0xD1,0x11,0xDD,0xDD,0x10,0x00,0x00,0x00,0x00,0x00,
    0x00,0x00,0x00,0x00,0x00,0x00,0x1D,0xDD,0xD1,0x21,0xDD,0xDD,
    0xDD,0xDD,0xD1,0x21,0xDD,0xDD,0x10,0x00,0x00,0x00,0x00,0x00,
    0x00,0x00,0x00,0x00,0x00,0x00,0x1D,0xDD,0x11,0x11,0x1D,0xDD,
    0x3D,0xDD,0x11,0x11,0x1D,0xDD,0x10,0x00,0x00,0x00,0x00,0x00,
    0x00,0x00,0x00,0x00,0x00,0x01,0xDD,0xDD,0xD1,0x11,0x33,0x33,
    0x33,0x33,0x31,0x11,0xDD,0xDD,0xD1,0x00,0x00,0x00,0x00,0x00,
    0x00,0x00,0x00,0x00,0x00,0x00,0x1D,0xDD,0xD1,0x11,0x33,0x33,
    0x33,0x33,0x31,0x11,0xDD,0xDD,0x10,0x00,0x00,0x00,0x00,0x00,
    0x00,0x00,0x00,0x00,0x00,0x00,0x1D,0xDD,0xDD,0x13,0x33,0x33,
    0x33,0x33,0x33,0x1D,0xDD,0xDD,0x10,0x00,0x00,0x00,0x00,0x00,
    0x00,0x00,0x00,0x00,0x00,0x00,0x1D,0xDD,0xD3,0x63,0x33,0x33,
    0x33,0x33,0x33,0x63,0xDD,0xDD,0x10,0x00,0x00,0x00,0x00,0x00,
    0x00,0x00,0x00,0x00,0x00,0x00,0x1D,0xDD,0xD3,0x63,0x33,0x33,
    0x33,0x33,0x33,0x63,0xDD,0xDD,0x10,0x00,0x00,0x00,0x00,0x00,
    0x00,0x00,0x00,0x00,0x00,0x00,0x1D,0xDD,0x33,0x33,0x33,0x31,
    0x31,0x33,0x33,0x33,0x3D,0xDD,0x10,0x00,0x00,0x00,0x00,0x00,
    0x00,0x00,0x00,0x00,0x00,0x00,0x01,0xDD,0xD3,0x33,0x33,0x13,
    0x13,0x13,0x33,0x33,0xDD,0xD1,0x00,0x00,0x00,0x00,0x00,0x00,
    0x00,0x00,0x00,0x00,0x00,0x00,0x01,0xDD,0xD3,0x33,0x33,0x33,
    0x33,0x33,0x33,0x33,0xDD,0xD1,0x00,0x00,0x00,0x00,0x00,0x00,
    0x00,0x00,0x00,0x00,0x00,0x00,0x00,0x1D,0xDD,0x33,0x33,0x33,
    0x33,0x33,0x33,0x3D,0xDD,0x10,0x00,0x00,0x00,0x00,0x00,0x00,
    0x00,0x00,0x00,0x00,0x00,0x00,0x00,0x01,0xDD,0xD3,0x33,0x33,
    0x33,0x33,0x33,0xDD,0xD1,0x00,0x00,0x00,0x00,0x00,0x00,0x00,
    0x00,0x00,0x00,0x00,0x00,0x00,0x00,0x01,0xDD,0xDD,0x33,0x33,
    0x33,0x33,0x3D,0xDD,0xD1,0x00,0x00,0x00,0x00,0x00,0x00,0x00,
    0x00,0x00,0x00,0x00,0x00,0x00,0x00,0x00,0x11,0xDD,0xDD,0xDD,
    0x3D,0xDD,0xDD,0xD1,0x10,0x00,0x00,0x00,0x00,0x00,0x00,0x00,
    0x00,0x00,0x00,0x00,0x00,0x00,0x00,0x00,0x00,0x1D,0xDD,0xDD,
    0xDD,0xDD,0xDD,0x10,0x00,0x00,0x00,0x00,0x00,0x00,0x00,0x00,
    0x00,0x00,0x00,0x00,0x00,0x00,0x00,0x00,0x00,0x01,0xDD,0x11,
    0xD1,0x1D,0xD1,0x00,0x00,0x00,0x00,0x00,0x00,0x00,0x00,0x00,
    0x00,0x00,0x00,0x00,0x00,0x00,0x00,0x00,0x01,0x1D,0xD1,0x00,
    0x10,0x01,0xDD,0x11,0x00,0x00,0x00,0x00,0x00,0x00,0x00,0x00,
    0x00,0x00,0x00,0x00,0x00,0x00,0x00,0x00,0x1D,0xDD,0xDD,0x10,
    0x00,0x1D,0xDD,0xDD,0x10,0x00,0x00,0x00,0x00,0x00,0x00,0x00,
    0x00,0x00,0x00,0x00,0x00,0x00,0x00,0x00,0x01,0x1D,0x11,0x00,
    0x00,0x01,0x1D,0x11,0x00,0x00,0x00,0x00,0x00,0x00,0x00,0x00,
    0x00,0x00,0x00,0x00,0x00,0x00,0x00,0x00,0x00,0x01,0x00,0x00,
    0x00,0x00,0x01,0x00,0x00,0x00,0x00,0x00,0x00,0x00,0x00,0x00,
    0x00,0x00,0x00,0x00,0x00,0x00,0x00,0x00,0x00,0x00,0x00,0x00,
    0x00,0x00,0x00,0x00,0x00,0x00,0x00,0x00,0x00,0x00,0x00,0x00,
    0x00,0x00,0x00,0x00,0x00,0x00,0x00,0x00,0x00,0x00,0x00,0x00,
    0x00,0x00,0x00,0x00,0x00,0x00,0x00,0x00,0x00,0x00,0x00,0x00,
    0x00,0x00,0x00,0x00,0x00,0x00,0x00,0x00,0x00,0x00,0x00,0x00,
    0x00,0x00,0x00,0x00,0x00,0x00,0x00,0x00,0x00,0x00,0x00,0x00,
    0x00,0x00,0x00,0x00,0x00,0x00,0x00,0x00,0x00,0x00,0x00,0x00,
    0x00,0x00,0x00,0x00,0x00,0x00,0x00,0x00,0x00,0x00,0x00,0x00}},
    {"sick_baby_speed",
     {0x00,0x00,0x00,0x00,0x00,0x00,0x00,0x00,0x00,0x00,0x00,0x00,
    0x00,0x00,0x00,0x00,0x00,0x00,0x00,0x00,0x00,0x00,0x00,0x00,
    0x00,0x00,0x00,0x00,0x00,0x00,0x00,0x00,0x00,0x00,0x00,0x00,
    0x00,0x00,0x00,0x00,0x00,0x00,0x00,0x00,0x00,0x00,0x00,0x00,
    0x00,0x00,0x00,0x00,0x00,0x00,0x00,0x00,0x00,0x00,0x00,0x00,
    0x00,0x00,0x00,0x00,0x00,0x00,0x00,0x00,0x00,0x00,0x00,0x00,
    0x00,0x00,0x00,0x00,0x00,0x00,0x00,0x00,0x00,0x00,0x00,0x00,
    0x00,0x00,0x00,0x00,0x00,0x00,0x00,0x00,0x00,0x00,0x00,0x00,
    0x00,0x00,0x00,0x00,0x00,0x00,0x00,0x00,0x00,0x00,0x00,0x00,
    0x00,0x00,0x00,0x00,0x00,0x00,0x00,0x00,0x00,0x00,0x00,0x00,
    0x00,0x00,0x00,0x00,0x00,0x00,0x00,0x00,0x00,0x00,0x00,0x00,
    0x00,0x00,0x00,0x00,0x00,0x00,0x00,0x00,0x00,0x00,0x00,0x00,
    0x00,0x00,0x00,0x00,0x00,0x00,0x00,0x00,0x00,0x00,0x00,0x00,
    0x00,0x00,0x00,0x00,0x00,0x00,0x00,0x00,0x00,0x00,0x00,0x00,
    0x00,0x00,0x00,0x00,0x00,0x00,0x00,0x00,0x00,0x00,0x00,0x00,
    0x00,0x00,0x00,0x00,0x00,0x00,0x00,0x00,0x00,0x00,0x00,0x00,
    0x00,0x00,0x00,0x00,0x00,0x00,0x00,0x00,0x00,0x00,0x00,0x00,
    0x00,0x00,0x00,0x00,0x00,0x00,0x00,0x00,0x00,0x00,0x00,0x00,
    0x00,0x00,0x00,0x00,0x00,0x00,0x00,0x00,0x00,0x00,0x00,0x00,
    0x00,0x00,0x00,0x00,0x00,0x00,0x00,0x00,0x00,0x00,0x00,0x00,
    0x00,0x00,0x00,0x00,0x00,0x00,0x00,0x01,0x00,0x00,0x00,0x00,
    0x00,0x00,0x00,0x00,0x01,0x00,0x00,0x00,0x00,0x00,0x00,0x00,
    0x00,0x00,0x00,0x00,0x00,0x00,0x00,0x1D,0x10,0x00,0x00,0x00,
    0x00,0x00,0x00,0x00,0x1D,0x10,0x00,0x00,0x00,0x00,0x00,0x00,
    0x00,0x00,0x00,0x00,0x00,0x00,0x01,0xD5,0xD1,0x00,0x00,0x00,
    0x10,0x00,0x00,0x01,0xD5,0xD1,0x00,0x00,0x00,0x00,0x00,0x00,
    0x00,0x00,0x00,0x00,0x00,0x00,0x01,0xD5,0xD1,0x00,0x11,0x11,
    0xD1,0x11,0x10,0x01,0xD5,0xD1,0x00,0x00,0x00,0x00,0x00,0x00,
    0x00,0x00,0x00,0x00,0x00,0x00,0x1D,0x55,0x5D,0x11,0xDD,0xDD,
    0xDD,0xDD,0xD1,0x1D,0x55,0x5D,0x10,0x00,0x00,0x00,0x00,0x00,
    0x00,0x00,0x00,0x00,0x00,0x00,0x01,0xD5,0xDD,0xDD,0xDD,0xDD,
    0xDD,0xDD,0xDD,0xDD,0xD5,0xD1,0x00,0x00,0x00,0x00,0x00,0x00,
    0x00,0x00,0x00,0x00,0x00,0x00,0x01,0xD5,0xDD,0xDD,0xDD,0xDD,
    0xDD,0xDD,0xDD,0xDD,0xD5,0xD6,0x00,0x00,0x00,0x00,0x00,0x00,
    0x00,0x00,0x00,0x00,0x00,0x00,0x00,0x1D,0xDD,0xDD,0xDD,0xDD,
    0xDD,0xDD,0xDD,0xDD,0xDD,0x10,0x60,0x00,0x00,0x00,0x00,0x00,
    0x00,0x00,0x00,0x00,0x00,0x00,0x00,0x1D,0xDD,0xDD,0xDD,0xDD,
    0xDD,0xDD,0xDD,0xDD,0xDD,0x16,0x00,0x00,0x00,0x00,0x00,0x00,
    0x00,0x00,0x00,0x00,0x00,0x00,0x01,0xDD,0x1D,0xDD,0xDD,0xDD,
    0xDD,0xDD,0x1D,0xDD,0xDD,0xD1,0x00,0x00,0x00,0x00,0x00,0x00,
    0x00,0x00,0x00,0x00,0x00,0x00,0x01,0xDD,0xD1,0xDD,0xDD,0xDD,
    0xDD,0xDD,0xD1,0xDD,0xDD,0xD1,0x00,0x00,0x00,0x00,0x00,0x00,
    0x00,0x00,0x00,0x00,0x00,0x00,0x1D,0xDD,0xDD,0x1D,0x1D,0xDD,
    0xDD,0xDD,0xDD,0x1D,0x1D,0xDD,0x10,0x00,0x00,0x00,0x00,0x00,
    0x00,0x00,0x00,0x00,0x00,0x00,0x1D,0xDD,0xDD,0xD1,0xDD,0xDD,
    0xDD,0xDD,0xDD,0xD1,0xDD,0xDD,0x10,0x00,0x00,0x00,0x00,0x00,
    0x00,0x00,0x00,0x00,0x00,0x00,0x1D,0xDD,0xDD,0x1D,0x1D,0xDD,
    0xDD,0xDD,0xDD,0x1D,0x1D,0xDD,0x10,0x00,0x00,0x00,0x00,0x00,
    0x00,0x00,0x00,0x00,0x00,0x00,0x1D,0xDD,0xD1,0xDD,0xDD,0xDD,
    0xDD,0xDD,0xD1,0xDD,0xDD,0xDD,0x10,0x00,0x00,0x00,0x00,0x00,
    0x00,0x00,0x00,0x00,0x00,0x00,0x1D,0xDD,0x1D,0xDD,0xDD,0xDD,
    0x3D,0xDD,0x1D,0xDD,0xDD,0xDD,0x10,0x00,0x00,0x00,0x00,0x00,
    0x00,0x00,0x00,0x00,0x22,0x01,0xDD,0xDD,0xDD,0xDD,0x33,0x33,
    0x33,0x33,0x3D,0xDD,0xDD,0xDD,0xD1,0x00,0x00,0x00,0x00,0x00,
    0x00,0x00,0x00,0x00,0x22,0x00,0x1D,0xDD,0xDD,0xD3,0x33,0x33,
    0x33,0x33,0x33,0xDD,0xDD,0xDD,0x10,0x00,0x00,0x00,0x00,0x00,
    0x00,0x00,0x00,0x00,0x22,0x00,0x1D,0xDD,0xDD,0x33,0x33,0x33,
    0x33,0x33,0x33,0x3D,0xDD,0xDD,0x10,0x00,0x00,0x00,0x00,0x00,
    0x00,0x00,0x00,0x00,0x22,0x00,0x1D,0xDD,0xD3,0x33,0x33,0x13,
    0x13,0x13,0x33,0x33,0xDD,0xDD,0x10,0x00,0x00,0x00,0x00,0x00,
    0x00,0x00,0x00,0x00,0x22,0x00,0x1D,0xDD,0xD3,0x33,0x33,0x31,
    0x31,0x33,0x33,0x33,0xDD,0xDD,0x10,0x00,0x00,0x00,0x00,0x00,
    0x00,0x00,0x00,0x00,0x22,0x00,0x1D,0xDD,0x33,0x33,0x33,0x33,
    0x33,0x33,0x33,0x33,0x3D,0xDD,0x10,0x00,0x00,0x00,0x00,0x00,
    0x00,0x00,0x00,0x00,0x22,0x00,0x01,0xDD,0xD3,0x33,0x33,0x33,
    0x33,0x33,0x33,0x33,0xDD,0xD1,0x00,0x00,0x00,0x00,0x00,0x00,
    0x00,0x00,0x00,0x00,0x22,0x00,0x01,0xDD,0xD3,0x33,0x33,0x33,
    0x33,0x33,0x33,0x33,0xDD,0xD1,0x00,0x00,0x00,0x00,0x00,0x00,
    0x00,0x00,0x00,0x00,0x22,0x00,0x00,0x1D,0xDD,0x33,0x33,0x33,
    0x33,0x33,0x33,0x3D,0xDD,0x10,0x00,0x00,0x00,0x00,0x00,0x00,
    0x00,0x00,0x00,0x00,0x22,0x00,0x00,0x01,0xDD,0xD3,0x33,0x33,
    0x33,0x33,0x33,0xDD,0xD1,0x00,0x00,0x00,0x00,0x00,0x00,0x00,
    0x00,0x00,0x00,0x00,0x22,0x00,0x00,0x01,0xDD,0xDD,0x33,0x33,
    0x33,0x33,0x3D,0xDD,0xD1,0x00,0x00,0x00,0x00,0x00,0x00,0x00,
    0x00,0x00,0x00,0x00,0x22,0x00,0x00,0x00,0x11,0xDD,0xDD,0xDD,
    0x3D,0xDD,0xDD,0xD1,0x10,0x00,0x00,0x00,0x00,0x00,0x00,0x00,
    0x00,0x00,0x00,0x00,0x52,0x00,0x00,0x00,0x00,0x1D,0xDD,0xDD,
    0xDD,0xDD,0xDD,0x10,0x00,0x00,0x00,0x00,0x00,0x00,0x00,0x00,
    0x00,0x00,0x00,0x05,0x55,0x00,0x00,0x00,0x00,0x01,0xDD,0x11,
    0xD1,0x1D,0xD1,0x00,0x00,0x00,0x00,0x00,0x00,0x00,0x00,0x00,
    0x00,0x00,0x00,0x55,0x55,0x50,0x00,0x00,0x01,0x1D,0xD1,0x00,
    0x10,0x01,0xDD,0x11,0x00,0x00,0x00,0x00,0x00,0x00,0x00,0x00,
    0x00,0x00,0x00,0x05,0x55,0x00,0x00,0x00,0x1D,0xDD,0xDD,0x10,
    0x00,0x1D,0xDD,0xDD,0x10,0x00,0x00,0x00,0x00,0x00,0x00,0x00,
    0x00,0x00,0x00,0x00,0x50,0x00,0x00,0x00,0x01,0x1D,0x11,0x00,
    0x00,0x01,0x1D,0x11,0x00,0x00,0x00,0x00,0x00,0x00,0x00,0x00,
    0x00,0x00,0x00,0x00,0x00,0x00,0x00,0x00,0x00,0x01,0x00,0x00,
    0x00,0x00,0x01,0x00,0x00,0x00,0x00,0x00,0x00,0x00,0x00,0x00,
    0x00,0x00,0x00,0x00,0x00,0x00,0x00,0x00,0x00,0x00,0x00,0x00,
    0x00,0x00,0x00,0x00,0x00,0x00,0x00,0x00,0x00,0x00,0x00,0x00,
    0x00,0x00,0x00,0x00,0x00,0x00,0x00,0x00,0x00,0x00,0x00,0x00,
    0x00,0x00,0x00,0x00,0x00,0x00,0x00,0x00,0x00,0x00,0x00,0x00,
    0x00,0x00,0x00,0x00,0x00,0x00,0x00,0x00,0x00,0x00,0x00,0x00,
    0x00,0x00,0x00,0x00,0x00,0x00,0x00,0x00,0x00,0x00,0x00,0x00,
    0x00,0x00,0x00,0x00,0x00,0x00,0x00,0x00,0x00,0x00,0x00,0x00,
    0x00,0x00,0x00,0x00,0x00,0x00,0x00,0x00,0x00,0x00,0x00,0x00}},
    {"happy_growth_force",
     {0x00,0x00,0x00,0x00,0x00,0x00,0x00,0x00,0x00,0x00,0x00,0x00,
    0x00,0x00,0x00,0x00,0x00,0x00,0x00,0x00,0x00,0x00,0x00,0x00,
    0x00,0x00,0x00,0x00,0x00,0x00,0x00,0x00,0x00,0x00,0x00,0x00,
    0x00,0x00,0x00,0x00,0x00,0x00,0x00,0x00,0x00,0x00,0x00,0x00,
    0x00,0x00,0x00,0x00,0x00,0x00,0x00,0x00,0x00,0x00,0x00,0x00,
    0x00,0x00,0x00,0x00,0x00,0x00,0x00,0x00,0x00,0x00,0x00,0x00,
    0x00,0x00,0x00,0x00,0x00,0x00,0x00,0x00,0x00,0x00,0x00,0x00,
    0x00,0x00,0x00,0x00,0x00,0x00,0x00,0x00,0x00,0x00,0x10,0x00,
    0x00,0x00,0x00,0x00,0x00,0x00,0x00,0x00,0x00,0x00,0x00,0x00,
    0x00,0x00,0x00,0x00,0x00,0x00,0x00,0x00,0x00,0x01,0x00,0x00,
    0x00,0x00,0x00,0x00,0x00,0x00,0x00,0x00,0x00,0x00,0x00,0x00,
    0x00,0x00,0x00,0x00,0x00,0x00,0x00,0x00,0x00,0x01,0x00,0x00,
    0x00,0x00,0x00,0x00,0x00,0x00,0x00,0x01,0x00,0x00,0x00,0x00,
    0x00,0x00,0x00,0x00,0x01,0x00,0x00,0x00,0x00,0x11,0x00,0x00,
    0x00,0x00,0x00,0x00,0x00,0x00,0x00,0x19,0x10,0x00,0x00,0x00,
    0x00,0x00,0x00,0x00,0x19,0x10,0x00,0x00,0x11,0x00,0x00,0x00,
    0x00,0x00,0x00,0x00,0x10,0x00,0x01,0x99,0x91,0x00,0x00,0x00,
    0x10,0x00,0x00,0x01,0x99,0x91,0x00,0x00,0x10,0x00,0x00,0x00,
    0x00,0x00,0x00,0x01,0x91,0x00,0x01,0x99,0x91,0x00,0x11,0x11,
    0x91,0x11,0x10,0x01,0x99,0x91,0x00,0x01,0x91,0x00,0x00,0x00,
    0x00,0x00,0x00,0x19,0x99,0x10,0x19,0x99,0x99,0x11,0x99,0x99,
    0x99,0x99,0x91,0x19,0x99,0x99,0x10,0x19,0x99,0x10,0x00,0x00,
    0x00,0x00,0x00,0x19,0x99,0x10,0x01,0x99,0x99,0x99,0x99,0x99,
    0x99,0x99,0x99,0x99,0x99,0x91,0x00,0x19,0x99,0x10,0x00,0x00,
    0x00,0x00,0x01,0x99,0x99,0x91,0x01,0x99,0x99,0x99,0x99,0x99,
    0x99,0x99,0x99,0x99,0x99,0x91,0x01,0x99,0x99,0x91,0x00,0x00,
    0x00,0x00,0x00,0x19,0x99,0x10,0x00,0x19,0x99,0x99,0x99,0x99,
    0x99,0x99,0x99,0x99,0x99,0x10,0x00,0x19,0x99,0x10,0x00,0x00,
    0x00,0x00,0x00,0x19,0x99,0x10,0x00,0x19,0x99,0x99,0x99,0x99,
    0x99,0x99,0x99,0x99,0x99,0x10,0x00,0x19,0x99,0x10,0x00,0x00,
    0x00,0x00,0x00,0x01,0x91,0x00,0x01,0x99,0x99,0x99,0x99,0x99,
    0x99,0x99,0x99,0x99,0x99,0x91,0x00,0x01,0x91,0x00,0x00,0x00,
    0x00,0x00,0x00,0x00,0x10,0x00,0x01,0x99,0x99,0x99,0x99,0x99,
    0x99,0x99,0x99,0x99,0x99,0x91,0x00,0x00,0x10,0x00,0x00,0x00,
    0x00,0x00,0x00,0x00,0x00,0x00,0x19,0x99,0x99,0x99,0x99,0x99,
    0x99,0x99,0x99,0x99,0x99,0x99,0x10,0x00,0x00,0x00,0x00,0x00,
    0x00,0x00,0x00,0x00,0x00,0x00,0x19,0x99,0x91,0x19,0x99,0x99,
    0x99,0x99,0x91,0x19,0x99,0x99,0x10,0x00,0x00,0x00,0x00,0x00,
    0x00,0x00,0x00,0x00,0x00,0x00,0x19,0x99,0x19,0x91,0x99,0x99,
    0x99,0x99,0x19,0x91,0x99,0x99,0x10,0x00,0x00,0x00,0x00,0x00,
    0x00,0x00,0x00,0x00,0x00,0x00,0x19,0x99,0x99,0x99,0x99,0x99,
    0x99,0x99,0x99,0x99,0x99,0x99,0x10,0x00,0x00,0x00,0x00,0x00,
    0x00,0x00,0x00,0x00,0x00,0x00,0x19,0x99,0x99,0x99,0x99,0x99,
    0x39,0x99,0x99,0x99,0x99,0x99,0x10,0x00,0x00,0x00,0x00,0x00,
    0x00,0x00,0x00,0x00,0x00,0x01,0x99,0x59,0x99,0x99,0x33,0x33,
    0x13,0x33,0x39,0x99,0x99,0x59,0x91,0x00,0x00,0x00,0x00,0x00,
    0x00,0x00,0x00,0x00,0x00,0x00,0x15,0x55,0x59,0x93,0x33,0x11,
    0x11,0x13,0x33,0x99,0x55,0x55,0x10,0x00,0x00,0x00,0x00,0x00,
    0x00,0x00,0x00,0x00,0x00,0x01,0x55,0x55,0x55,0x33,0x31,0x11,
    0x11,0x11,0x33,0x35,0x55,0x55,0x51,0x00,0x00,0x00,0x00,0x00,
    0x00,0x00,0x00,0x00,0x00,0x00,0x15,0x55,0x53,0x33,0x33,0x11,
    0x11,0x13,0x33,0x33,0x55,0x55,0x10,0x00,0x00,0x00,0x00,0x00,
    0x00,0x00,0x00,0x00,0x00,0x00,0x19,0x59,0x93,0x33,0x33,0x33,
    0x13,0x33,0x33,0x33,0x99,0x59,0x10,0x00,0x00,0x00,0x00,0x00,
    0x00,0x00,0x00,0x00,0x00,0x00,0x19,0x99,0x33,0x33,0x33,0x33,
    0x33,0x33,0x33,0x33,0x39,0x99,0x10,0x00,0x00,0x00,0x00,0x00,
    0x00,0x00,0x00,0x00,0x00,0x00,0x01,0x99,0x93,0x33,0x33,0x33,
    0x33,0x33,0x33,0x33,0x99,0x91,0x00,0x00,0x00,0x00,0x00,0x00,
    0x00,0x00,0x00,0x00,0x00,0x00,0x01,0x99,0x93,0x33,0x33,0x33,
    0x33,0x33,0x33,0x33,0x99,0x91,0x00,0x00,0x00,0x00,0x00,0x00,
    0x00,0x00,0x00,0x00,0x00,0x00,0x00,0x19,0x99,0x33,0x33,0x33,
    0x33,0x33,0x33,0x39,0x99,0x10,0x00,0x00,0x00,0x00,0x00,0x00,
    0x00,0x00,0x00,0x00,0x00,0x00,0x00,0x01,0x99,0x93,0x33,0x33,
    0x33,0x33,0x33,0x99,0x91,0x00,0x00,0x00,0x00,0x00,0x00,0x00,
    0x00,0x00,0x00,0x00,0x00,0x00,0x00,0x01,0x99,0x99,0x33,0x33,
    0x33,0x33,0x39,0x99,0x91,0x00,0x00,0x00,0x00,0x00,0x00,0x00,
    0x00,0x00,0x00,0x00,0x00,0x00,0x00,0x00,0x11,0x99,0x99,0x99,
    0x39,0x99,0x99,0x91,0x10,0x00,0x00,0x00,0x00,0x00,0x00,0x00,
    0x00,0x00,0x00,0x00,0x00,0x00,0x00,0x00,0x00,0x11,0x99,0x99,
    0x99,0x99,0x91,0x10,0x00,0x00,0x00,0x00,0x00,0x00,0x00,0x00,
    0x00,0x00,0x00,0x00,0x00,0x00,0x00,0x00,0x00,0x00,0x11,0x11,
    0x91,0x11,0x10,0x00,0x00,0x00,0x00,0x00,0x00,0x00,0x00,0x00,
    0x00,0x00,0x00,0x00,0x00,0x00,0x00,0x00,0x00,0x00,0x00,0x00,
    0x10,0x00,0x00,0x00,0x00,0x00,0x00,0x00,0x00,0x00,0x00,0x00,
    0x00,0x00,0x00,0x00,0x00,0x00,0x00,0x00,0x00,0x01,0x00,0x00,
    0x00,0x00,0x01,0x00,0x00,0x00,0x00,0x00,0x00,0x00,0x00,0x00,
    0x00,0x00,0x00,0x00,0x00,0x00,0x00,0x00,0x01,0x19,0x11,0x00,
    0x00,0x01,0x19,0x11,0x00,0x00,0x00,0x00,0x00,0x00,0x00,0x00,
    0x00,0x00,0x00,0x00,0x00,0x00,0x00,0x00,0x19,0x99,0x99,0x10,
    0x00,0x19,0x99,0x99,0x10,0x00,0x00,0x00,0x00,0x00,0x00,0x00,
    0x00,0x00,0x00,0x00,0x00,0x00,0x00,0x00,0x01,0x19,0x11,0x00,
    0x00,0x01,0x19,0x11,0x00,0x00,0x00,0x00,0x00,0x00,0x00,0x00,
    0x00,0x00,0x00,0x00,0x00,0x00,0x00,0x00,0x00,0x01,0x00,0x00,
    0x00,0x00,0x01,0x00,0x00,0x00,0x00,0x00,0x00,0x00,0x00,0x00,
    0x00,0x00,0x00,0x00,0x00,0x00,0x00,0x00,0x00,0x00,0x00,0x00,
    0x00,0x00,0x00,0x00,0x00,0x00,0x00,0x00,0x00,0x00,0x00,0x00,
    0x00,0x00,0x00,0x00,0x00,0x00,0x00,0x00,0x00,0x00,0x00,0x00,
    0x00,0x00,0x00,0x00,0x00,0x00,0x00,0x00,0x00,0x00,0x00,0x00,
    0x00,0x00,0x00,0x00,0x00,0x00,0x00,0x00,0x00,0x00,0x00,0x00,
    0x00,0x00,0x00,0x00,0x00,0x00,0x00,0x00,0x00,0x00,0x00,0x00,
    0x00,0x00,0x00,0x00,0x00,0x00,0x00,0x00,0x00,0x00,0x00,0x00,
    0x00,0x00,0x00,0x00,0x00,0x00,0x00,0x00,0x00,0x00,0x00,0x00,
    0x00,0x00,0x00,0x00,0x00,0x00,0x00,0x00,0x00,0x00,0x00,0x00,
    0x00,0x00,0x00,0x00,0x00,0x00,0x00,0x00,0x00,0x00,0x00,0x00,
    0x00,0x00,0x00,0x00,0x00,0x00,0x00,0x00,0x00,0x00,0x00,0x00,
    0x00,0x00,0x00,0x00,0x00,0x00,0x00,0x00,0x00,0x00,0x00,0x00}},
    {"eat_growth_force",
     {0x00,0x00,0x00,0x00,0x00,0x00,0x00,0x00,0x00,0x00,0x00,0x00,
    0x00,0x00,0x00,0x00,0x00,0x00,0x00,0x00,0x00,0x00,0x00,0x00,
    0x00,0x00,0x00,0x00,0x00,0x00,0x00,0x00,0x00,0x00,0x00,0x00,
    0x00,0x00,0x00,0x00,0x00,0x00,0x00,0x00,0x00,0x00,0x00,0x00,
    0x00,0x00,0x00,0x00,0x00,0x00,0x00,0x00,0x00,0x00,0x00,0x00,
    0x00,0x00,0x00,0x00,0x00,0x00,0x00,0x00,0x00,0x00,0x00,0x00,
    0x00,0x00,0x00,0x00,0x00,0x00,0x00,0x00,0x00,0x00,0x00,0x00,
    0x00,0x00,0x00,0x00,0x00,0x00,0x00,0x00,0x00,0x00,0x00,0x00,
    0x00,0x00,0x00,0x00,0x00,0x00,0x00,0x00,0x00,0x00,0x00,0x00,
    0x00,0x00,0x00,0x00,0x00,0x00,0x00,0x00,0x00,0x00,0x00,0x00,
    0x00,0x00,0x00,0x00,0x00,0x00,0x00,0x00,0x00,0x00,0x00,0x00,
    0x00,0x00,0x00,0x00,0x00,0x00,0x00,0x00,0x00,0x00,0x00,0x00,
    0x00,0x00,0x00,0x00,0x00,0x00,0x00,0x00,0x00,0x00,0x00,0x00,
    0x00,0x00,0x00,0x00,0x00,0x00,0x00,0x00,0x00,0x00,0x00,0x00,
    0x00,0x00,0x00,0x00,0x00,0x00,0x00,0x00,0x00,0x00,0x00,0x00,
    0x00,0x00,0x00,0x00,0x00,0x00,0x00,0x00,0x00,0x00,0x00,0x00,
    0x00,0x00,0x00,0x00,0x00,0x00,0x00,0x00,0x00,0x00,0x00,0x00,
    0x00,0x00,0x00,0x00,0x00,0x00,0x00,0x00,0x00,0x00,0x00,0x00,
    0x00,0x00,0x00,0x00,0x00,0x00,0x00,0x00,0x00,0x00,0x00,0x00,
    0x00,0x00,0x00,0x00,0x00,0x00,0x00,0x00,0x00,0x00,0x00,0x00,
    0x00,0x00,0x00,0x00,0x00,0x00,0x00,0x01,0x00,0x00,0x00,0x00,
    0x00,0x00,0x00,0x00,0x01,0x00,0x00,0x00,0x00,0x00,0x00,0x00,
    0x00,0x00,0x00,0x00,0x00,0x00,0x00,0x19,0x10,0x00,0x00,0x00,
    0x00,0x00,0x00,0x00,0x19,0x10,0x00,0x00,0x00,0x00,0x00,0x00,
    0x00,0x00,0x00,0x00,0x00,0x00,0x01,0x95,0x91,0x00,0x00,0x00,
    0x10,0x00,0x00,0x01,0x95,0x91,0x00,0x00,0x00,0x00,0x00,0x00,
    0x00,0x00,0x00,0x00,0x00,0x00,0x01,0x95,0x91,0x00,0x11,0x11,
    0x91,0x11,0x10,0x01,0x95,0x91,0x00,0x00,0x00,0x00,0x00,0x00,
    0x00,0x00,0x00,0x00,0x00,0x00,0x19,0x55,0x59,0x11,0x99,0x99,
    0x99,0x99,0x91,0x19,0x55,0x59,0x10,0x00,0x00,0x00,0x00,0x00,
    0x00,0x00,0x00,0x00,0x00,0x00,0x01,0x95,0x99,0x99,0x99,0x99,
    0x99,0x99,0x99,0x99,0x95,0x91,0x00,0x00,0x01,0x00,0x00,0x00,
    0x00,0x00,0x00,0x00,0x00,0x00,0x01,0x95,0x99,0x99,0x99,0x99,
    0x99,0x99,0x99,0x99,0x95,0x91,0x00,0x00,0x00,0x00,0x00,0x00,
    0x00,0x00,0x00,0x00,0x00,0x00,0x00,0x19,0x99,0x99,0x99,0x99,
    0x99,0x99,0x99,0x99,0x99,0x10,0x00,0x00,0x00,0x00,0x00,0x00,
    0x00,0x00,0x00,0x00,0x00,0x00,0x00,0x19,0x99,0x99,0x99,0x99,
    0x99,0x99,0x99,0x99,0x99,0x10,0x00,0x00,0x11,0x10,0x00,0x00,
    0x00,0x00,0x00,0x00,0x00,0x00,0x01,0x99,0x99,0x99,0x99,0x99,
    0x99,0x99,0x99,0x99,0x99,0x91,0x00,0x01,0x33,0x31,0x00,0x00,
    0x00,0x00,0x00,0x00,0x00,0x00,0x01,0x99,0x91,0x19,0x99,0x99,
    0x99,0x99,0x91,0x19,0x99,0x91,0x00,0x13,0x33,0x33,0x10,0x00,
    0x00,0x00,0x00,0x00,0x00,0x00,0x19,0x99,0x19,0x91,0x99,0x99,
    0x99,0x99,0x19,0x91,0x99,0x99,0x10,0x13,0x11,0x13,0x10,0x00,
    0x00,0x00,0x00,0x00,0x00,0x00,0x19,0x99,0x99,0x99,0x99,0x99,
    0x99,0x99,0x99,0x99,0x99,0x99,0x10,0x13,0x11,0x13,0x10,0x00,
    0x00,0x00,0x00,0x00,0x00,0x00,0x19,0x99,0x99,0x99,0x99,0x99,
    0x99,0x99,0x99,0x99,0x99,0x99,0x10,0x11,0x11,0x11,0x10,0x00,
    0x00,0x00,0x00,0x00,0x00,0x00,0x19,0x99,0x99,0x99,0x99,0x99,
    0x99,0x99,0x99,0x99,0x99,0x99,0x10,0x00,0x00,0x00,0x00,0x00,
    0x00,0x00,0x00,0x00,0x00,0x00,0x19,0x99,0x99,0x99,0x99,0x99,
    0x19,0x99,0x99,0x99,0x99,0x99,0x10,0x00,0x00,0x00,0x00,0x00,
    0x00,0x00,0x00,0x00,0x00,0x01,0x99,0x99,0x99,0x99,0x33,0x11,
    0x11,0x13,0x39,0x99,0x99,0x99,0x91,0x00,0x00,0x00,0x00,0x00,
    0x00,0x00,0x00,0x00,0x00,0x00,0x19,0x99,0x99,0x93,0x31,0x11,
    0x11,0x11,0x33,0x99,0x99,0x99,0x10,0x00,0x00,0x00,0x00,0x00,
    0x00,0x00,0x00,0x00,0x00,0x00,0x19,0x99,0x99,0x33,0x11,0x11,
    0x51,0x11,0x13,0x39,0x99,0x99,0x10,0x00,0x00,0x00,0x00,0x00,
    0x00,0x00,0x00,0x00,0x00,0x00,0x19,0x99,0x93,0x33,0x31,0x55,
    0x55,0x51,0x33,0x33,0x99,0x99,0x10,0x00,0x00,0x00,0x00,0x00,
    0x00,0x00,0x00,0x00,0x00,0x00,0x19,0x99,0x93,0x33,0x33,0x11,
    0x51,0x13,0x33,0x33,0x99,0x99,0x10,0x00,0x00,0x00,0x00,0x00,
    0x00,0x00,0x00,0x00,0x00,0x00,0x19,0x99,0x33,0x33,0x33,0x33,
    0x13,0x33,0x33,0x33,0x39,0x99,0x10,0x00,0x00,0x00,0x00,0x00,
    0x00,0x00,0x00,0x00,0x00,0x00,0x01,0x99,0x93,0x33,0x33,0x33,
    0x33,0x33,0x33,0x33,0x99,0x91,0x00,0x00,0x00,0x00,0x00,0x00,
    0x00,0x00,0x00,0x00,0x00,0x00,0x01,0x99,0x93,0x33,0x33,0x33,
    0x33,0x33,0x33,0x33,0x99,0x91,0x00,0x00,0x00,0x00,0x00,0x00,
    0x00,0x00,0x00,0x00,0x00,0x00,0x00,0x19,0x99,0x33,0x33,0x33,
    0x33,0x33,0x33,0x39,0x99,0x10,0x00,0x00,0x00,0x00,0x00,0x00,
    0x00,0x00,0x00,0x00,0x00,0x00,0x00,0x01,0x99,0x93,0x33,0x33,
    0x33,0x33,0x33,0x99,0x91,0x00,0x00,0x00,0x00,0x00,0x00,0x00,
    0x00,0x00,0x00,0x00,0x00,0x00,0x00,0x01,0x99,0x99,0x33,0x33,
    0x33,0x33,0x39,0x99,0x91,0x00,0x00,0x00,0x00,0x00,0x00,0x00,
    0x00,0x00,0x00,0x00,0x00,0x00,0x00,0x00,0x11,0x99,0x99,0x99,
    0x39,0x99,0x99,0x91,0x10,0x00,0x00,0x00,0x00,0x00,0x00,0x00,
    0x00,0x00,0x00,0x00,0x00,0x00,0x00,0x00,0x00,0x19,0x99,0x99,
    0x99,0x99,0x99,0x10,0x00,0x00,0x00,0x00,0x00,0x00,0x00,0x00,
    0x00,0x00,0x00,0x00,0x00,0x00,0x00,0x00,0x00,0x01,0x99,0x11,
    0x91,0x19,0x91,0x00,0x00,0x00,0x00,0x00,0x00,0x00,0x00,0x00,
    0x00,0x00,0x00,0x00,0x00,0x00,0x00,0x00,0x01,0x19,0x91,0x00,
    0x10,0x01,0x99,0x11,0x00,0x00,0x00,0x00,0x00,0x00,0x00,0x00,
    0x00,0x00,0x00,0x00,0x00,0x00,0x00,0x00,0x19,0x99,0x99,0x10,
    0x00,0x19,0x99,0x99,0x10,0x00,0x00,0x00,0x00,0x00,0x00,0x00,
    0x00,0x00,0x00,0x00,0x00,0x00,0x00,0x00,0x01,0x19,0x11,0x00,
    0x00,0x01,0x19,0x11,0x00,0x00,0x00,0x00,0x00,0x00,0x00,0x00,
    0x00,0x00,0x00,0x00,0x00,0x00,0x00,0x00,0x00,0x01,0x00,0x00,
    0x00,0x00,0x01,0x00,0x00,0x00,0x00,0x00,0x00,0x00,0x00,0x00,
    0x00,0x00,0x00,0x00,0x00,0x00,0x00,0x00,0x00,0x00,0x00,0x00,
    0x00,0x00,0x00,0x00,0x00,0x00,0x00,0x00,0x00,0x00,0x00,0x00,
    0x00,0x00,0x00,0x00,0x00,0x00,0x00,0x00,0x00,0x00,0x00,0x00,
    0x00,0x00,0x00,0x00,0x00,0x00,0x00,0x00,0x00,0x00,0x00,0x00,
    0x00,0x00,0x00,0x00,0x00,0x00,0x00,0x00,0x00,0x00,0x00,0x00,
    0x00,0x00,0x00,0x00,0x00,0x00,0x00,0x00,0x00,0x00,0x00,0x00,
    0x00,0x00,0x00,0x00,0x00,0x00,0x00,0x00,0x00,0x00,0x00,0x00,
    0x00,0x00,0x00,0x00,0x00,0x00,0x00,0x00,0x00,0x00,0x00,0x00}},
    {"zzz_growth_force",
     {0x00,0x00,0x00,0x00,0x00,0x00,0x00,0x00,0x00,0x00,0x00,0x00,
    0x00,0x00,0x00,0x00,0x00,0x00,0x00,0x00,0x00,0x00,0x00,0x00,
    0x00,0x00,0x00,0x00,0x00,0x00,0x00,0x00,0x00,0x00,0x00,0x00,
    0x00,0x00,0x00,0x00,0x00,0x00,0x00,0x00,0x00,0x00,0x00,0x00,
    0x00,0x00,0x00,0x00,0x00,0x00,0x00,0x00,0x00,0x00,0x00,0x00,
    0x00,0x00,0x00,0x00,0x00,0x00,0x00,0x00,0x00,0x00,0x00,0x00,
    0x00,0x00,0x00,0x00,0x00,0x00,0x00,0x00,0x00,0x00,0x00,0x00,
    0x00,0x00,0x00,0x00,0x00,0x00,0x00,0x00,0x00,0x00,0x00,0x00,
    0x00,0x00,0x00,0x00,0x00,0x00,0x00,0x00,0x11,0x00,0x00,0x00,
    0x00,0x00,0x00,0x00,0x00,0x00,0x00,0x00,0x00,0x00,0x00,0x00,
    0x00,0x00,0x00,0x00,0x00,0x00,0x00,0x00,0x10,0x00,0x00,0x00,
    0x00,0x00,0x00,0x00,0x00,0x00,0x00,0x00,0x00,0x00,0x00,0x00,
    0x00,0x00,0x00,0x00,0x00,0x00,0x00,0x00,0x01,0x00,0x00,0x00,
    0x00,0x00,0x00,0x00,0x00,0x00,0x00,0x00,0x00,0x00,0x00,0x00,
    0x00,0x00,0x00,0x00,0x00,0x01,0x11,0x00,0x11,0x00,0x00,0x00,
    0x00,0x00,0x00,0x00,0x00,0x00,0x00,0x00,0x00,0x00,0x00,0x00,
    0x00,0x00,0x00,0x00,0x00,0x01,0x00,0x00,0x00,0x00,0x00,0x00,
    0x00,0x00,0x00,0x00,0x00,0x00,0x00,0x00,0x00,0x00,0x00,0x00,
    0x00,0x00,0x00,0x00,0x00,0x00,0x10,0x00,0x00,0x00,0x00,0x00,
    0x00,0x00,0x00,0x00,0x00,0x00,0x00,0x00,0x00,0x00,0x00,0x00,
    0x00,0x00,0x00,0x00,0x00,0x00,0x01,0x00,0x00,0x00,0x00,0x00,
    0x00,0x00,0x00,0x00,0x00,0x00,0x00,0x00,0x00,0x00,0x00,0x00,
    0x00,0x00,0x00,0x00,0x00,0x01,0x11,0x00,0x00,0x00,0x00,0x00,
    0x00,0x00,0x00,0x00,0x00,0x00,0x00,0x00,0x00,0x00,0x00,0x00,
    0x00,0x00,0x00,0x11,0x10,0x00,0x00,0x00,0x00,0x00,0x00,0x00,
    0x00,0x00,0x00,0x00,0x00,0x00,0x00,0x00,0x00,0x00,0x00,0x00,
    0x00,0x00,0x00,0x10,0x00,0x00,0x00,0x00,0x00,0x00,0x00,0x00,
    0x00,0x00,0x00,0x00,0x00,0x00,0x00,0x00,0x00,0x00,0x00,0x00,
    0x00,0x00,0x00,0x01,0x00,0x00,0x00,0x00,0x00,0x00,0x00,0x00,
    0x00,0x00,0x00,0x00,0x00,0x00,0x00,0x00,0x00,0x00,0x00,0x00,
    0x00,0x00,0x00,0x00,0x10,0x00,0x00,0x00,0x00,0x00,0x00,0x00,
    0x00,0x00,0x00,0x00,0x00,0x00,0x00,0x00,0x00,0x00,0x00,0x00,
    0x00,0x00,0x00,0x11,0x10,0x00,0x00,0x00,0x00,0x00,0x00,0x00,
    0x00,0x00,0x00,0x00,0x00,0x00,0x00,0x00,0x00,0x00,0x00,0x00,
    0x00,0x00,0x00,0x00,0x00,0x00,0x00,0x00,0x00,0x00,0x00,0x00,
    0x00,0x00,0x00,0x00,0x00,0x00,0x00,0x00,0x00,0x00,0x00,0x00,
    0x00,0x00,0x00,0x00,0x00,0x00,0x00,0x00,0x00,0x00,0x00,0x00,
    0x00,0x00,0x00,0x00,0x00,0x00,0x00,0x00,0x00,0x00,0x00,0x00,
    0x00,0x00,0x00,0x00,0x00,0x00,0x00,0x00,0x00,0x00,0x00,0x00,
    0x00,0x00,0x00,0x00,0x00,0x00,0x00,0x00,0x00,0x00,0x00,0x00,
    0x00,0x00,0x00,0x00,0x00,0x00,0x00,0x00,0x00,0x00,0x00,0x00,
    0x00,0x00,0x00,0x00,0x00,0x00,0x00,0x00,0x00,0x00,0x00,0x00,
    0x00,0x00,0x00,0x00,0x00,0x00,0x00,0x00,0x00,0x00,0x00,0x00,
    0x10,0x00,0x00,0x00,0x00,0x00,0x00,0x00,0x00,0x00,0x00,0x00,
    0x00,0x00,0x00,0x00,0x00,0x00,0x00,0x00,0x00,0x11,0x11,0x11,
    0x91,0x11,0x11,0x10,0x00,0x00,0x00,0x00,0x00,0x00,0x00,0x00,
    0x00,0x00,0x00,0x00,0x00,0x00,0x00,0x01,0x11,0x99,0x99,0x99,
    0x99,0x99,0x99,0x91,0x11,0x00,0x00,0x00,0x00,0x00,0x00,0x00,
    0x00,0x00,0x00,0x00,0x00,0x00,0x00,0x19,0x99,0x99,0x99,0x99,
    0x99,0x99,0x99,0x99,0x99,0x10,0x00,0x00,0x00,0x00,0x00,0x00,
    0x00,0x00,0x00,0x00,0x00,0x00,0x11,0x99,0x99,0x99,0x99,0x99,
    0x99,0x99,0x99,0x99,0x99,0x91,0x10,0x00,0x00,0x00,0x00,0x00,
    0x00,0x00,0x00,0x00,0x00,0x01,0x99,0x99,0x99,0x99,0x99,0x99,
    0x99,0x99,0x99,0x99,0x99,0x99,0x91,0x00,0x00,0x00,0x00,0x00,
    0x00,0x00,0x00,0x00,0x00,0x19,0x99,0x99,0x99,0x99,0x99,0x99,
    0x99,0x99,0x99,0x99,0x99,0x99,0x99,0x10,0x00,0x00,0x00,0x00,
    0x00,0x00,0x00,0x00,0x00,0x19,0x99,0x99,0x99,0x99,0x99,0x99,
    0x99,0x99,0x99,0x99,0x99,0x99,0x99,0x10,0x00,0x00,0x00,0x00,
    0x00,0x00,0x00,0x00,0x01,0x99,0x99,0x91,0x11,0x11,0x19,0x99,
    0x99,0x99,0x11,0x11,0x11,0x99,0x99,0x91,0x00,0x00,0x00,0x00,
    0x00,0x00,0x00,0x00,0x01,0x99,0x99,0x99,0x99,0x99,0x99,0x99,
    0x99,0x99,0x99,0x99,0x99,0x99,0x99,0x91,0x00,0x00,0x00,0x00,
    0x00,0x00,0x00,0x00,0x01,0x99,0x99,0x99,0x99,0x99,0x99,0x99,
    0x39,0x99,0x99,0x99,0x99,0x99,0x99,0x91,0x00,0x00,0x00,0x00,
    0x00,0x00,0x00,0x00,0x19,0x99,0x99,0x99,0x99,0x33,0x33,0x33,
    0x33,0x33,0x33,0x39,0x99,0x99,0x99,0x99,0x10,0x00,0x00,0x00,
    0x00,0x00,0x00,0x00,0x01,0x99,0x99,0x99,0x33,0x33,0x33,0x33,
    0x33,0x33,0x33,0x33,0x39,0x99,0x99,0x91,0x00,0x00,0x00,0x00,
    0x00,0x00,0x00,0x00,0x01,0x99,0x99,0x93,0x33,0x33,0x33,0x33,
    0x33,0x33,0x33,0x33,0x33,0x99,0x99,0x91,0x00,0x00,0x00,0x00,
    0x00,0x00,0x00,0x00,0x01,0x99,0x99,0x93,0x33,0x33,0x33,0x33,
    0x33,0x33,0x33,0x33,0x33,0x99,0x99,0x91,0x00,0x00,0x00,0x00,
    0x00,0x00,0x00,0x00,0x00,0x19,0x99,0x33,0x33,0x33,0x33,0x33,
    0x33,0x33,0x33,0x33,0x33,0x39,0x99,0x10,0x00,0x00,0x00,0x00,
    0x00,0x00,0x00,0x00,0x00,0x19,0x99,0x93,0x33,0x33,0x33,0x33,
    0x33,0x33,0x33,0x33,0x33,0x99,0x99,0x10,0x00,0x00,0x00,0x00,
    0x00,0x00,0x00,0x00,0x00,0x01,0x99,0x93,0x33,0x33,0x33,0x33,
    0x33,0x33,0x33,0x33,0x33,0x99,0x91,0x00,0x00,0x00,0x00,0x00,
    0x00,0x00,0x00,0x00,0x00,0x00,0x11,0x99,0x33,0x33,0x33,0x33,
    0x33,0x33,0x33,0x33,0x39,0x91,0x10,0x00,0x00,0x00,0x00,0x00,
    0x00,0x00,0x00,0x00,0x00,0x00,0x00,0x19,0x99,0x33,0x33,0x33,
    0x33,0x33,0x33,0x39,0x99,0x10,0x00,0x00,0x00,0x00,0x00,0x00,
    0x00,0x00,0x00,0x00,0x00,0x00,0x00,0x01,0x11,0x99,0x99,0x99,
    0x39,0x99,0x99,0x91,0x11,0x00,0x00,0x00,0x00,0x00,0x00,0x00,
    0x00,0x00,0x00,0x00,0x00,0x00,0x00,0x00,0x00,0x11,0x11,0x11,
    0x91,0x11,0x11,0x10,0x00,0x00,0x00,0x00,0x00,0x00,0x00,0x00,
    0x00,0x00,0x00,0x00,0x00,0x00,0x00,0x00,0x00,0x00,0x00,0x00,
    0x10,0x00,0x00,0x00,0x00,0x00,0x00,0x00,0x00,0x00,0x00,0x00,
    0x00,0x00,0x00,0x00,0x00,0x00,0x00,0x00,0x00,0x00,0x00,0x00,
    0x00,0x00,0x00,0x00,0x00,0x00,0x00,0x00,0x00,0x00,0x00,0x00,
    0x00,0x00,0x00,0x00,0x00,0x00,0x00,0x00,0x00,0x00,0x00,0x00,
    0x00,0x00,0x00,0x00,0x00,0x00,0x00,0x00,0x00,0x00,0x00,0x00,
    0x00,0x00,0x00,0x00,0x00,0x00,0x00,0x00,0x00,0x00,0x00,0x00,
    0x00,0x00,0x00,0x00,0x00,0x00,0x00,0x00,0x00,0x00,0x00,0x00,
    0x00,0x00,0x00,0x00,0x00,0x00,0x00,0x00,0x00,0x00,0x00,0x00,
    0x00,0x00,0x00,0x00,0x00,0x00,0x00,0x00,0x00,0x00,0x00,0x00}},
    {"scold_growth_force",
     {0x00,0x00,0x00,0x00,0x00,0x00,0x00,0x00,0x00,0x00,0x00,0x00,
    0x00,0x00,0x00,0x00,0x00,0x00,0x00,0x00,0x00,0x00,0x00,0x00,
    0x00,0x00,0x00,0x00,0x00,0x00,0x00,0x00,0x00,0x00,0x00,0x00,
    0x00,0x00,0x00,0x00,0x00,0x00,0x00,0x00,0x00,0x00,0x00,0x00,
    0x00,0x00,0x00,0x00,0x00,0x00,0x00,0x00,0x00,0x00,0x00,0x00,
    0x00,0x00,0x00,0x00,0x00,0x00,0x00,0x00,0x00,0x00,0x00,0x00,
    0x00,0x00,0x00,0x00,0x00,0x00,0x00,0x00,0x00,0x00,0x00,0x00,
    0x00,0x00,0x00,0x00,0x00,0x00,0x00,0x00,0x00,0x00,0x00,0x00,
    0x00,0x00,0x00,0x00,0x00,0x00,0x00,0x00,0x00,0x00,0x00,0x00,
    0x00,0x00,0x00,0x00,0x00,0x00,0x00,0x00,0x00,0x00,0x00,0x00,
    0x00,0x00,0x00,0x00,0x00,0x00,0x00,0x00,0x00,0x00,0x00,0x00,
    0x00,0x00,0x00,0x00,0x00,0x00,0x00,0x00,0x00,0x00,0x00,0x00,
    0x00,0x00,0x00,0x00,0x00,0x00,0x00,0x00,0x00,0x00,0x00,0x00,
    0x00,0x00,0x00,0x00,0x00,0x00,0x00,0x00,0x00,0x00,0x00,0x00,
    0x00,0x00,0x00,0x00,0x00,0x00,0x00,0x00,0x00,0x00,0x00,0x00,
    0x00,0x00,0x00,0x00,0x00,0x00,0x00,0x00,0x00,0x00,0x00,0x00,
    0x00,0x00,0x00,0x00,0x00,0x50,0x00,0x00,0x00,0x00,0x00,0x00,
    0x00,0x00,0x00,0x00,0x00,0x00,0x00,0x00,0x00,0x00,0x00,0x00,
    0x00,0x00,0x00,0x00,0x00,0x05,0x00,0x00,0x00,0x00,0x00,0x00,
    0x00,0x00,0x00,0x00,0x00,0x00,0x00,0x00,0x00,0x00,0x00,0x00,
    0x00,0x00,0x00,0x00,0x05,0x00,0x00,0x01,0x00,0x00,0x00,0x00,
    0x00,0x00,0x00,0x00,0x01,0x00,0x00,0x00,0x00,0x00,0x00,0x00,
    0x00,0x00,0x00,0x00,0x00,0x00,0x50,0x19,0x10,0x00,0x00,0x00,
    0x00,0x00,0x00,0x00,0x19,0x10,0x00,0x00,0x00,0x00,0x00,0x00,
    0x00,0x00,0x00,0x00,0x00,0x50,0x01,0x95,0x91,0x00,0x00,0x00,
    0x10,0x00,0x00,0x01,0x95,0x91,0x00,0x00,0x00,0x00,0x00,0x00,
    0x00,0x00,0x00,0x00,0x00,0x00,0x01,0x95,0x91,0x00,0x11,0x11,
    0x91,0x11,0x10,0x01,0x95,0x91,0x00,0x00,0x00,0x00,0x00,0x00,
    0x00,0x00,0x00,0x00,0x00,0x00,0x19,0x55,0x59,0x11,0x99,0x99,
    0x99,0x99,0x91,0x19,0x55,0x59,0x10,0x00,0x00,0x00,0x00,0x00,
    0x00,0x00,0x00,0x00,0x00,0x00,0x01,0x95,0x99,0x99,0x99,0x99,
    0x99,0x99,0x99,0x99,0x95,0x91,0x00,0x00,0x00,0x00,0x00,0x00,
    0x00,0x00,0x00,0x00,0x00,0x00,0x01,0x95,0x99,0x99,0x99,0x99,
    0x99,0x99,0x99,0x99,0x95,0x91,0x00,0x00,0x00,0x00,0x00,0x00,
    0x00,0x00,0x00,0x00,0x00,0x00,0x00,0x19,0x99,0x99,0x99,0x99,
    0x99,0x99,0x99,0x99,0x99,0x10,0x00,0x00,0x00,0x00,0x00,0x00,
    0x00,0x00,0x00,0x00,0x00,0x00,0x00,0x19,0x99,0x99,0x99,0x99,
    0x99,0x99,0x99,0x99,0x99,0x10,0x00,0x00,0x00,0x00,0x00,0x00,
    0x00,0x00,0x00,0x00,0x00,0x00,0x01,0x99,0x99,0x99,0x99,0x99,
    0x99,0x99,0x99,0x99,0x99,0x91,0x00,0x00,0x00,0x00,0x00,0x00,
    0x00,0x00,0x00,0x00,0x00,0x00,0x01,0x99,0x99,0x99,0x99,0x99,
    0x99,0x99,0x99,0x99,0x99,0x91,0x00,0x00,0x00,0x00,0x00,0x00,
    0x00,0x00,0x00,0x00,0x00,0x00,0x19,0x99,0x99,0x99,0x99,0x99,
    0x99,0x99,0x99,0x99,0x99,0x99,0x10,0x00,0x00,0x00,0x00,0x00,
    0x00,0x00,0x00,0x00,0x00,0x00,0x19,0x99,0x99,0x19,0x99,0x99,
    0x99,0x99,0x99,0x19,0x99,0x99,0x10,0x00,0x00,0x00,0x00,0x00,
    0x00,0x00,0x00,0x00,0x00,0x00,0x19,0x99,0x91,0x11,0x99,0x99,
    0x99,0x99,0x91,0x11,0x99,0x99,0x10,0x00,0x00,0x00,0x00,0x00,
    0x00,0x00,0x00,0x00,0x00,0x00,0x19,0x99,0x91,0x21,0x99,0x99,
    0x99,0x99,0x91,0x21,0x99,0x99,0x10,0x00,0x00,0x00,0x00,0x00,
    0x00,0x00,0x00,0x00,0x00,0x00,0x19,0x99,0x11,0x11,0x19,0x99,
    0x39,0x99,0x11,0x11,0x19,0x99,0x10,0x00,0x00,0x00,0x00,0x00,
    0x00,0x00,0x00,0x00,0x00,0x01,0x99,0x99,0x91,0x11,0x33,0x33,
    0x33,0x33,0x31,0x11,0x99,0x99,0x91,0x00,0x00,0x00,0x00,0x00,
    0x00,0x00,0x00,0x00,0x00,0x00,0x19,0x99,0x91,0x11,0x33,0x33,
    0x33,0x33,0x31,0x11,0x99,0x99,0x10,0x00,0x00,0x00,0x00,0x00,
    0x00,0x00,0x00,0x00,0x00,0x00,0x19,0x99,0x99,0x13,0x33,0x33,
    0x33,0x33,0x33,0x19,0x99,0x99,0x10,0x00,0x00,0x00,0x00,0x00,
    0x00,0x00,0x00,0x00,0x00,0x00,0x19,0x99,0x93,0x63,0x33,0x33,
    0x33,0x33,0x33,0x63,0x99,0x99,0x10,0x00,0x00,0x00,0x00,0x00,
    0x00,0x00,0x00,0x00,0x00,0x00,0x19,0x99,0x93,0x63,0x33,0x33,
    0x33,0x33,0x33,0x63,0x99,0x99,0x10,0x00,0x00,0x00,0x00,0x00,
    0x00,0x00,0x00,0x00,0x00,0x00,0x19,0x99,0x33,0x33,0x33,0x31,
    0x31,0x33,0x33,0x33,0x39,0x99,0x10,0x00,0x00,0x00,0x00,0x00,
    0x00,0x00,0x00,0x00,0x00,0x00,0x01,0x99,0x93,0x33,0x33,0x13,
    0x13,0x13,0x33,0x33,0x99,0x91,0x00,0x00,0x00,0x00,0x00,0x00,
    0x00,0x00,0x00,0x00,0x00,0x00,0x01,0x99,0x93,0x33,0x33,0x33,
    0x33,0x33,0x33,0x33,0x99,0x91,0x00,0x00,0x00,0x00,0x00,0x00,
    0x00,0x00,0x00,0x00,0x00,0x00,0x00,0x19,0x99,0x33,0x33,0x33,
    0x33,0x33,0x33,0x39,0x99,0x10,0x00,0x00,0x00,0x00,0x00,0x00,
    0x00,0x00,0x00,0x00,0x00,0x00,0x00,0x01,0x99,0x93,0x33,0x33,
    0x33,0x33,0x33,0x99,0x91,0x00,0x00,0x00,0x00,0x00,0x00,0x00,
    0x00,0x00,0x00,0x00,0x00,0x00,0x00,0x01,0x99,0x99,0x33,0x33,
    0x33,0x33,0x39,0x99,0x91,0x00,0x00,0x00,0x00,0x00,0x00,0x00,
    0x00,0x00,0x00,0x00,0x00,0x00,0x00,0x00,0x11,0x99,0x99,0x99,
    0x39,0x99,0x99,0x91,0x10,0x00,0x00,0x00,0x00,0x00,0x00,0x00,
    0x00,0x00,0x00,0x00,0x00,0x00,0x00,0x00,0x00,0x19,0x99,0x99,
    0x99,0x99,0x99,0x10,0x00,0x00,0x00,0x00,0x00,0x00,0x00,0x00,
    0x00,0x00,0x00,0x00,0x00,0x00,0x00,0x00,0x00,0x01,0x99,0x11,
    0x91,0x19,0x91,0x00,0x00,0x00,0x00,0x00,0x00,0x00,0x00,0x00,
    0x00,0x00,0x00,0x00,0x00,0x00,0x00,0x00,0x01,0x19,0x91,0x00,
    0x10,0x01,0x99,0x11,0x00,0x00,0x00,0x00,0x00,0x00,0x00,0x00,
    0x00,0x00,0x00,0x00,0x00,0x00,0x00,0x00,0x19,0x99,0x99,0x10,
    0x00,0x19,0x99,0x99,0x10,0x00,0x00,0x00,0x00,0x00,0x00,0x00,
    0x00,0x00,0x00,0x00,0x00,0x00,0x00,0x00,0x01,0x19,0x11,0x00,
    0x00,0x01,0x19,0x11,0x00,0x00,0x00,0x00,0x00,0x00,0x00,0x00,
    0x00,0x00,0x00,0x00,0x00,0x00,0x00,0x00,0x00,0x01,0x00,0x00,
    0x00,0x00,0x01,0x00,0x00,0x00,0x00,0x00,0x00,0x00,0x00,0x00,
    0x00,0x00,0x00,0x00,0x00,0x00,0x00,0x00,0x00,0x00,0x00,0x00,
    0x00,0x00,0x00,0x00,0x00,0x00,0x00,0x00,0x00,0x00,0x00,0x00,
    0x00,0x00,0x00,0x00,0x00,0x00,0x00,0x00,0x00,0x00,0x00,0x00,
    0x00,0x00,0x00,0x00,0x00,0x00,0x00,0x00,0x00,0x00,0x00,0x00,
    0x00,0x00,0x00,0x00,0x00,0x00,0x00,0x00,0x00,0x00,0x00,0x00,
    0x00,0x00,0x00,0x00,0x00,0x00,0x00,0x00,0x00,0x00,0x00,0x00,
    0x00,0x00,0x00,0x00,0x00,0x00,0x00,0x00,0x00,0x00,0x00,0x00,
    0x00,0x00,0x00,0x00,0x00,0x00,0x00,0x00,0x00,0x00,0x00,0x00}},
    {"sick_growth_force",
     {0x00,0x00,0x00,0x00,0x00,0x00,0x00,0x00,0x00,0x00,0x00,0x00,
    0x00,0x00,0x00,0x00,0x00,0x00,0x00,0x00,0x00,0x00,0x00,0x00,
    0x00,0x00,0x00,0x00,0x00,0x00,0x00,0x00,0x00,0x00,0x00,0x00,
    0x00,0x00,0x00,0x00,0x00,0x00,0x00,0x00,0x00,0x00,0x00,0x00,
    0x00,0x00,0x00,0x00,0x00,0x00,0x00,0x00,0x00,0x00,0x00,0x00,
    0x00,0x00,0x00,0x00,0x00,0x00,0x00,0x00,0x00,0x00,0x00,0x00,
    0x00,0x00,0x00,0x00,0x00,0x00,0x00,0x00,0x00,0x00,0x00,0x00,
    0x00,0x00,0x00,0x00,0x00,0x00,0x00,0x00,0x00,0x00,0x00,0x00,
    0x00,0x00,0x00,0x00,0x00,0x00,0x00,0x00,0x00,0x00,0x00,0x00,
    0x00,0x00,0x00,0x00,0x00,0x00,0x00,0x00,0x00,0x00,0x00,0x00,
    0x00,0x00,0x00,0x00,0x00,0x00,0x00,0x00,0x00,0x00,0x00,0x00,
    0x00,0x00,0x00,0x00,0x00,0x00,0x00,0x00,0x00,0x00,0x00,0x00,
    0x00,0x00,0x00,0x00,0x00,0x00,0x00,0x00,0x00,0x00,0x00,0x00,
    0x00,0x00,0x00,0x00,0x00,0x00,0x00,0x00,0x00,0x00,0x00,0x00,
    0x00,0x00,0x00,0x00,0x00,0x00,0x00,0x00,0x00,0x00,0x00,0x00,
    0x00,0x00,0x00,0x00,0x00,0x00,0x00,0x00,0x00,0x00,0x00,0x00,
    0x00,0x00,0x00,0x00,0x00,0x00,0x00,0x00,0x00,0x00,0x00,0x00,
    0x00,0x00,0x00,0x00,0x00,0x00,0x00,0x00,0x00,0x00,0x00,0x00,
    0x00,0x00,0x00,0x00,0x00,0x00,0x00,0x00,0x00,0x00,0x00,0x00,
    0x00,0x00,0x00,0x00,0x00,0x00,0x00,0x00,0x00,0x00,0x00,0x00,
    0x00,0x00,0x00,0x00,0x00,0x00,0x00,0x01,0x00,0x00,0x00,0x00,
    0x00,0x00,0x00,0x00,0x01,0x00,0x00,0x00,0x00,0x00,0x00,0x00,
    0x00,0x00,0x00,0x00,0x00,0x00,0x00,0x19,0x10,0x00,0x00,0x00,
    0x00,0x00,0x00,0x00,0x19,0x10,0x00,0x00,0x00,0x00,0x00,0x00,
    0x00,0x00,0x00,0x00,0x00,0x00,0x01,0x95,0x91,0x00,0x00,0x00,
    0x10,0x00,0x00,0x01,0x95,0x91,0x00,0x00,0x00,0x00,0x00,0x00,
    0x00,0x00,0x00,0x00,0x00,0x00,0x01,0x95,0x91,0x00,0x11,0x11,
    0x91,0x11,0x10,0x01,0x95,0x91,0x00,0x00,0x00,0x00,0x00,0x00,
    0x00,0x00,0x00,0x00,0x00,0x00,0x19,0x55,0x59,0x11,0x99,0x99,
    0x99,0x99,0x91,0x19,0x55,0x59,0x10,0x00,0x00,0x00,0x00,0x00,
    0x00,0x00,0x00,0x00,0x00,0x00,0x01,0x95,0x99,0x99,0x99,0x99,
    0x99,0x99,0x99,0x99,0x95,0x91,0x00,0x00,0x00,0x00,0x00,0x00,
    0x00,0x00,0x00,0x00,0x00,0x00,0x01,0x95,0x99,0x99,0x99,0x99,
    0x99,0x99,0x99,0x99,0x95,0x96,0x00,0x00,0x00,0x00,0x00,0x00,
    0x00,0x00,0x00,0x00,0x00,0x00,0x00,0x19,0x99,0x99,0x99,0x99,
    0x99,0x99,0x99,0x99,0x99,0x10,0x60,0x00,0x00,0x00,0x00,0x00,
    0x00,0x00,0x00,0x00,0x00,0x00,0x00,0x19,0x99,0x99,0x99,0x99,
    0x99,0x99,0x99,0x99,0x99,0x16,0x00,0x00,0x00,0x00,0x00,0x00,
    0x00,0x00,0x00,0x00,0x00,0x00,0x01,0x99,0x19,0x99,0x99,0x99,
    0x99,0x99,0x19,0x99,0x99,0x91,0x00,0x00,0x00,0x00,0x00,0x00,
    0x00,0x00,0x00,0x00,0x00,0x00,0x01,0x99,0x91,0x99,0x99,0x99,
    0x99,0x99,0x91,0x99,0x99,0x91,0x00,0x00,0x00,0x00,0x00,0x00,
    0x00,0x00,0x00,0x00,0x00,0x00,0x19,0x99,0x99,0x19,0x19,0x99,
    0x99,0x99,0x99,0x19,0x19,0x99,0x10,0x00,0x00,0x00,0x00,0x00,
    0x00,0x00,0x00,0x00,0x00,0x00,0x19,0x99,0x99,0x91,0x99,0x99,
    0x99,0x99,0x99,0x91,0x99,0x99,0x10,0x00,0x00,0x00,0x00,0x00,
    0x00,0x00,0x00,0x00,0x00,0x00,0x19,0x99,0x99,0x19,0x19,0x99,
    0x99,0x99,0x99,0x19,0x19,0x99,0x10,0x00,0x00,0x00,0x00,0x00,
    0x00,0x00,0x00,0x00,0x00,0x00,0x19,0x99,0x91,0x99,0x99,0x99,
    0x99,0x99,0x91,0x99,0x99,0x99,0x10,0x00,0x00,0x00,0x00,0x00,
    0x00,0x00,0x00,0x00,0x00,0x00,0x19,0x99,0x19,0x99,0x99,0x99,
    0x39,0x99,0x19,0x99,0x99,0x99,0x10,0x00,0x00,0x00,0x00,0x00,
    0x00,0x00,0x00,0x00,0x22,0x01,0x99,0x99,0x99,0x99,0x33,0x33,
    0x33,0x33,0x39,0x99,0x99,0x99,0x91,0x00,0x00,0x00,0x00,0x00,
    0x00,0x00,0x00,0x00,0x22,0x00,0x19,0x99,0x99,0x93,0x33,0x33,
    0x33,0x33,0x33,0x99,0x99,0x99,0x10,0x00,0x00,0x00,0x00,0x00,
    0x00,0x00,0x00,0x00,0x22,0x00,0x19,0x99,0x99,0x33,0x33,0x33,
    0x33,0x33,0x33,0x39,0x99,0x99,0x10,0x00,0x00,0x00,0x00,0x00,
    0x00,0x00,0x00,0x00,0x22,0x00,0x19,0x99,0x93,0x33,0x33,0x13,
    0x13,0x13,0x33,0x33,0x99,0x99,0x10,0x00,0x00,0x00,0x00,0x00,
    0x00,0x00,0x00,0x00,0x22,0x00,0x19,0x99,0x93,0x33,0x33,0x31,
    0x31,0x33,0x33,0x33,0x99,0x99,0x10,0x00,0x00,0x00,0x00,0x00,
    0x00,0x00,0x00,0x00,0x22,0x00,0x19,0x99,0x33,0x33,0x33,0x33,
    0x33,0x33,0x33,0x33,0x39,0x99,0x10,0x00,0x00,0x00,0x00,0x00,
    0x00,0x00,0x00,0x00,0x22,0x00,0x01,0x99,0x93,0x33,0x33,0x33,
    0x33,0x33,0x33,0x33,0x99,0x91,0x00,0x00,0x00,0x00,0x00,0x00,
    0x00,0x00,0x00,0x00,0x22,0x00,0x01,0x99,0x93,0x33,0x33,0x33,
    0x33,0x33,0x33,0x33,0x99,0x91,0x00,0x00,0x00,0x00,0x00,0x00,
    0x00,0x00,0x00,0x00,0x22,0x00,0x00,0x19,0x99,0x33,0x33,0x33,
    0x33,0x33,0x33,0x39,0x99,0x10,0x00,0x00,0x00,0x00,0x00,0x00,
    0x00,0x00,0x00,0x00,0x22,0x00,0x00,0x01,0x99,0x93,0x33,0x33,
    0x33,0x33,0x33,0x99,0x91,0x00,0x00,0x00,0x00,0x00,0x00,0x00,
    0x00,0x00,0x00,0x00,0x22,0x00,0x00,0x01,0x99,0x99,0x33,0x33,
    0x33,0x33,0x39,0x99,0x91,0x00,0x00,0x00,0x00,0x00,0x00,0x00,
    0x00,0x00,0x00,0x00,0x22,0x00,0x00,0x00,0x11,0x99,0x99,0x99,
    0x39,0x99,0x99,0x91,0x10,0x00,0x00,0x00,0x00,0x00,0x00,0x00,
    0x00,0x00,0x00,0x00,0x52,0x00,0x00,0x00,0x00,0x19,0x99,0x99,
    0x99,0x99,0x99,0x10,0x00,0x00,0x00,0x00,0x00,0x00,0x00,0x00,
    0x00,0x00,0x00,0x05,0x55,0x00,0x00,0x00,0x00,0x01,0x99,0x11,
    0x91,0x19,0x91,0x00,0x00,0x00,0x00,0x00,0x00,0x00,0x00,0x00,
    0x00,0x00,0x00,0x55,0x55,0x50,0x00,0x00,0x01,0x19,0x91,0x00,
    0x10,0x01,0x99,0x11,0x00,0x00,0x00,0x00,0x00,0x00,0x00,0x00,
    0x00,0x00,0x00,0x05,0x55,0x00,0x00,0x00,0x19,0x99,0x99,0x10,
    0x00,0x19,0x99,0x99,0x10,0x00,0x00,0x00,0x00,0x00,0x00,0x00,
    0x00,0x00,0x00,0x00,0x50,0x00,0x00,0x00,0x01,0x19,0x11,0x00,
    0x00,0x01,0x19,0x11,0x00,0x00,0x00,0x00,0x00,0x00,0x00,0x00,
    0x00,0x00,0x00,0x00,0x00,0x00,0x00,0x00,0x00,0x01,0x00,0x00,
    0x00,0x00,0x01,0x00,0x00,0x00,0x00,0x00,0x00,0x00,0x00,0x00,
    0x00,0x00,0x00,0x00,0x00,0x00,0x00,0x00,0x00,0x00,0x00,0x00,
    0x00,0x00,0x00,0x00,0x00,0x00,0x00,0x00,0x00,0x00,0x00,0x00,
    0x00,0x00,0x00,0x00,0x00,0x00,0x00,0x00,0x00,0x00,0x00,0x00,
    0x00,0x00,0x00,0x00,0x00,0x00,0x00,0x00,0x00,0x00,0x00,0x00,
    0x00,0x00,0x00,0x00,0x00,0x00,0x00,0x00,0x00,0x00,0x00,0x00,
    0x00,0x00,0x00,0x00,0x00,0x00,0x00,0x00,0x00,0x00,0x00,0x00,
    0x00,0x00,0x00,0x00,0x00,0x00,0x00,0x00,0x00,0x00,0x00,0x00,
    0x00,0x00,0x00,0x00,0x00,0x00,0x00,0x00,0x00,0x00,0x00,0x00}},
    {"happy_growth_magic",
     {0x00,0x00,0x00,0x00,0x00,0x00,0x00,0x00,0x00,0x00,0x00,0x00,
    0x00,0x00,0x00,0x00,0x00,0x00,0x00,0x00,0x00,0x00,0x00,0x00,
    0x00,0x00,0x00,0x00,0x00,0x00,0x00,0x00,0x00,0x00,0x00,0x00,
    0x00,0x00,0x00,0x00,0x00,0x00,0x00,0x00,0x00,0x00,0x00,0x00,
    0x00,0x00,0x00,0x00,0x00,0x00,0x00,0x00,0x00,0x00,0x00,0x00,
    0x00,0x00,0x00,0x00,0x00,0x00,0x00,0x00,0x00,0x00,0x00,0x00,
    0x00,0x00,0x00,0x00,0x00,0x00,0x00,0x00,0x00,0x00,0x00,0x00,
    0x00,0x00,0x00,0x00,0x00,0x00,0x00,0x00,0x00,0x00,0x10,0x00,
    0x00,0x00,0x00,0x00,0x00,0x00,0x00,0x00,0x00,0x00,0x00,0x00,
    0x00,0x00,0x00,0x00,0x00,0x00,0x00,0x00,0x00,0x01,0x00,0x00,
    0x00,0x00,0x00,0x00,0x00,0x00,0x00,0x00,0x00,0x00,0x00,0x00,
    0x00,0x00,0x00,0x00,0x00,0x00,0x00,0x00,0x00,0x01,0x00,0x00,
    0x00,0x00,0x00,0x00,0x00,0x00,0x00,0x01,0x00,0x00,0x00,0x00,
    0x00,0x00,0x00,0x00,0x01,0x00,0x00,0x00,0x00,0x11,0x00,0x00,
    0x00,0x00,0x00,0x00,0x00,0x00,0x00,0x18,0x10,0x00,0x00,0x00,
    0x00,0x00,0x00,0x00,0x18,0x10,0x00,0x00,0x11,0x00,0x00,0x00,
    0x00,0x00,0x00,0x00,0x10,0x00,0x01,0x88,0x81,0x00,0x00,0x00,
    0x10,0x00,0x00,0x01,0x88,0x81,0x00,0x00,0x10,0x00,0x00,0x00,
    0x00,0x00,0x00,0x01,0x81,0x00,0x01,0x88,0x81,0x00,0x11,0x11,
    0x81,0x11,0x10,0x01,0x88,0x81,0x00,0x01,0x81,0x00,0x00,0x00,
    0x00,0x00,0x00,0x18,0x88,0x10,0x18,0x88,0x88,0x11,0x88,0x88,
    0x88,0x88,0x81,0x18,0x88,0x88,0x10,0x18,0x88,0x10,0x00,0x00,
    0x00,0x00,0x00,0x18,0x88,0x10,0x01,0x88,0x88,0x88,0x88,0x88,
    0x88,0x88,0x88,0x88,0x88,0x81,0x00,0x18,0x88,0x10,0x00,0x00,
    0x00,0x00,0x01,0x88,0x88,0x81,0x01,0x88,0x88,0x88,0x88,0x88,
    0x88,0x88,0x88,0x88,0x88,0x81,0x01,0x88,0x88,0x81,0x00,0x00,
    0x00,0x00,0x00,0x18,0x88,0x10,0x00,0x18,0x88,0x88,0x88,0x88,
    0x88,0x88,0x88,0x88,0x88,0x10,0x00,0x18,0x88,0x10,0x00,0x00,
    0x00,0x00,0x00,0x18,0x88,0x10,0x00,0x18,0x88,0x88,0x88,0x88,
    0x88,0x88,0x88,0x88,0x88,0x10,0x00,0x18,0x88,0x10,0x00,0x00,
    0x00,0x00,0x00,0x01,0x81,0x00,0x01,0x88,0x88,0x88,0x88,0x88,
    0x88,0x88,0x88,0x88,0x88,0x81,0x00,0x01,0x81,0x00,0x00,0x00,
    0x00,0x00,0x00,0x00,0x10,0x00,0x01,0x88,0x88,0x88,0x88,0x88,
    0x88,0x88,0x88,0x88,0x88,0x81,0x00,0x00,0x10,0x00,0x00,0x00,
    0x00,0x00,0x00,0x00,0x00,0x00,0x18,0x88,0x88,0x88,0x88,0x88,
    0x88,0x88,0x88,0x88,0x88,0x88,0x10,0x00,0x00,0x00,0x00,0x00,
    0x00,0x00,0x00,0x00,0x00,0x00,0x18,0x88,0x81,0x18,0x88,0x88,
    0x88,0x88,0x81,0x18,0x88,0x88,0x10,0x00,0x00,0x00,0x00,0x00,
    0x00,0x00,0x00,0x00,0x00,0x00,0x18,0x88,0x18,0x81,0x88,0x88,
    0x88,0x88,0x18,0x81,0x88,0x88,0x10,0x00,0x00,0x00,0x00,0x00,
    0x00,0x00,0x00,0x00,0x00,0x00,0x18,0x88,0x88,0x88,0x88,0x88,
    0x88,0x88,0x88,0x88,0x88,0x88,0x10,0x00,0x00,0x00,0x00,0x00,
    0x00,0x00,0x00,0x00,0x00,0x00,0x18,0x88,0x88,0x88,0x88,0x88,
    0x38,0x88,0x88,0x88,0x88,0x88,0x10,0x00,0x00,0x00,0x00,0x00,
    0x00,0x00,0x00,0x00,0x00,0x01,0x88,0x58,0x88,0x88,0x33,0x33,
    0x13,0x33,0x38,0x88,0x88,0x58,0x81,0x00,0x00,0x00,0x00,0x00,
    0x00,0x00,0x00,0x00,0x00,0x00,0x15,0x55,0x58,0x83,0x33,0x11,
    0x11,0x13,0x33,0x88,0x55,0x55,0x10,0x00,0x00,0x00,0x00,0x00,
    0x00,0x00,0x00,0x00,0x00,0x01,0x55,0x55,0x55,0x33,0x31,0x11,
    0x11,0x11,0x33,0x35,0x55,0x55,0x51,0x00,0x00,0x00,0x00,0x00,
    0x00,0x00,0x00,0x00,0x00,0x00,0x15,0x55,0x53,0x33,0x33,0x11,
    0x11,0x13,0x33,0x33,0x55,0x55,0x10,0x00,0x00,0x00,0x00,0x00,
    0x00,0x00,0x00,0x00,0x00,0x00,0x18,0x58,0x83,0x33,0x33,0x33,
    0x13,0x33,0x33,0x33,0x88,0x58,0x10,0x00,0x00,0x00,0x00,0x00,
    0x00,0x00,0x00,0x00,0x00,0x00,0x18,0x88,0x33,0x33,0x33,0x33,
    0x33,0x33,0x33,0x33,0x38,0x88,0x10,0x00,0x00,0x00,0x00,0x00,
    0x00,0x00,0x00,0x00,0x00,0x00,0x01,0x88,0x83,0x33,0x33,0x33,
    0x33,0x33,0x33,0x33,0x88,0x81,0x00,0x00,0x00,0x00,0x00,0x00,
    0x00,0x00,0x00,0x00,0x00,0x00,0x01,0x88,0x83,0x33,0x33,0x33,
    0x33,0x33,0x33,0x33,0x88,0x81,0x00,0x00,0x00,0x00,0x00,0x00,
    0x00,0x00,0x00,0x00,0x00,0x00,0x00,0x18,0x88,0x33,0x33,0x33,
    0x33,0x33,0x33,0x38,0x88,0x10,0x00,0x00,0x00,0x00,0x00,0x00,
    0x00,0x00,0x00,0x00,0x00,0x00,0x00,0x01,0x88,0x83,0x33,0x33,
    0x33,0x33,0x33,0x88,0x81,0x00,0x00,0x00,0x00,0x00,0x00,0x00,
    0x00,0x00,0x00,0x00,0x00,0x00,0x00,0x01,0x88,0x88,0x33,0x33,
    0x33,0x33,0x38,0x88,0x81,0x00,0x00,0x00,0x00,0x00,0x00,0x00,
    0x00,0x00,0x00,0x00,0x00,0x00,0x00,0x00,0x11,0x88,0x88,0x88,
    0x38,0x88,0x88,0x81,0x10,0x00,0x00,0x00,0x00,0x00,0x00,0x00,
    0x00,0x00,0x00,0x00,0x00,0x00,0x00,0x00,0x00,0x11,0x88,0x88,
    0x88,0x88,0x81,0x10,0x00,0x00,0x00,0x00,0x00,0x00,0x00,0x00,
    0x00,0x00,0x00,0x00,0x00,0x00,0x00,0x00,0x00,0x00,0x11,0x11,
    0x81,0x11,0x10,0x00,0x00,0x00,0x00,0x00,0x00,0x00,0x00,0x00,
    0x00,0x00,0x00,0x00,0x00,0x00,0x00,0x00,0x00,0x00,0x00,0x00,
    0x10,0x00,0x00,0x00,0x00,0x00,0x00,0x00,0x00,0x00,0x00,0x00,
    0x00,0x00,0x00,0x00,0x00,0x00,0x00,0x00,0x00,0x01,0x00,0x00,
    0x00,0x00,0x01,0x00,0x00,0x00,0x00,0x00,0x00,0x00,0x00,0x00,
    0x00,0x00,0x00,0x00,0x00,0x00,0x00,0x00,0x01,0x18,0x11,0x00,
    0x00,0x01,0x18,0x11,0x00,0x00,0x00,0x00,0x00,0x00,0x00,0x00,
    0x00,0x00,0x00,0x00,0x00,0x00,0x00,0x00,0x18,0x88,0x88,0x10,
    0x00,0x18,0x88,0x88,0x10,0x00,0x00,0x00,0x00,0x00,0x00,0x00,
    0x00,0x00,0x00,0x00,0x00,0x00,0x00,0x00,0x01,0x18,0x11,0x00,
    0x00,0x01,0x18,0x11,0x00,0x00,0x00,0x00,0x00,0x00,0x00,0x00,
    0x00,0x00,0x00,0x00,0x00,0x00,0x00,0x00,0x00,0x01,0x00,0x00,
    0x00,0x00,0x01,0x00,0x00,0x00,0x00,0x00,0x00,0x00,0x00,0x00,
    0x00,0x00,0x00,0x00,0x00,0x00,0x00,0x00,0x00,0x00,0x00,0x00,
    0x00,0x00,0x00,0x00,0x00,0x00,0x00,0x00,0x00,0x00,0x00,0x00,
    0x00,0x00,0x00,0x00,0x00,0x00,0x00,0x00,0x00,0x00,0x00,0x00,
    0x00,0x00,0x00,0x00,0x00,0x00,0x00,0x00,0x00,0x00,0x00,0x00,
    0x00,0x00,0x00,0x00,0x00,0x00,0x00,0x00,0x00,0x00,0x00,0x00,
    0x00,0x00,0x00,0x00,0x00,0x00,0x00,0x00,0x00,0x00,0x00,0x00,
    0x00,0x00,0x00,0x00,0x00,0x00,0x00,0x00,0x00,0x00,0x00,0x00,
    0x00,0x00,0x00,0x00,0x00,0x00,0x00,0x00,0x00,0x00,0x00,0x00,
    0x00,0x00,0x00,0x00,0x00,0x00,0x00,0x00,0x00,0x00,0x00,0x00,
    0x00,0x00,0x00,0x00,0x00,0x00,0x00,0x00,0x00,0x00,0x00,0x00,
    0x00,0x00,0x00,0x00,0x00,0x00,0x00,0x00,0x00,0x00,0x00,0x00,
    0x00,0x00,0x00,0x00,0x00,0x00,0x00,0x00,0x00,0x00,0x00,0x00}},
    {"eat_growth_magic",
     {0x00,0x00,0x00,0x00,0x00,0x00,0x00,0x00,0x00,0x00,0x00,0x00,
    0x00,0x00,0x00,0x00,0x00,0x00,0x00,0x00,0x00,0x00,0x00,0x00,
    0x00,0x00,0x00,0x00,0x00,0x00,0x00,0x00,0x00,0x00,0x00,0x00,
    0x00,0x00,0x00,0x00,0x00,0x00,0x00,0x00,0x00,0x00,0x00,0x00,
    0x00,0x00,0x00,0x00,0x00,0x00,0x00,0x00,0x00,0x00,0x00,0x00,
    0x00,0x00,0x00,0x00,0x00,0x00,0x00,0x00,0x00,0x00,0x00,0x00,
    0x00,0x00,0x00,0x00,0x00,0x00,0x00,0x00,0x00,0x00,0x00,0x00,
    0x00,0x00,0x00,0x00,0x00,0x00,0x00,0x00,0x00,0x00,0x00,0x00,
    0x00,0x00,0x00,0x00,0x00,0x00,0x00,0x00,0x00,0x00,0x00,0x00,
    0x00,0x00,0x00,0x00,0x00,0x00,0x00,0x00,0x00,0x00,0x00,0x00,
    0x00,0x00,0x00,0x00,0x00,0x00,0x00,0x00,0x00,0x00,0x00,0x00,
    0x00,0x00,0x00,0x00,0x00,0x00,0x00,0x00,0x00,0x00,0x00,0x00,
    0x00,0x00,0x00,0x00,0x00,0x00,0x00,0x00,0x00,0x00,0x00,0x00,
    0x00,0x00,0x00,0x00,0x00,0x00,0x00,0x00,0x00,0x00,0x00,0x00,
    0x00,0x00,0x00,0x00,0x00,0x00,0x00,0x00,0x00,0x00,0x00,0x00,
    0x00,0x00,0x00,0x00,0x00,0x00,0x00,0x00,0x00,0x00,0x00,0x00,
    0x00,0x00,0x00,0x00,0x00,0x00,0x00,0x00,0x00,0x00,0x00,0x00,
    0x00,0x00,0x00,0x00,0x00,0x00,0x00,0x00,0x00,0x00,0x00,0x00,
    0x00,0x00,0x00,0x00,0x00,0x00,0x00,0x00,0x00,0x00,0x00,0x00,
    0x00,0x00,0x00,0x00,0x00,0x00,0x00,0x00,0x00,0x00,0x00,0x00,
    0x00,0x00,0x00,0x00,0x00,0x00,0x00,0x01,0x00,0x00,0x00,0x00,
    0x00,0x00,0x00,0x00,0x01,0x00,0x00,0x00,0x00,0x00,0x00,0x00,
    0x00,0x00,0x00,0x00,0x00,0x00,0x00,0x18,0x10,0x00,0x00,0x00,
    0x00,0x00,0x00,0x00,0x18,0x10,0x00,0x00,0x00,0x00,0x00,0x00,
    0x00,0x00,0x00,0x00,0x00,0x00,0x01,0x85,0x81,0x00,0x00,0x00,
    0x10,0x00,0x00,0x01,0x85,0x81,0x00,0x00,0x00,0x00,0x00,0x00,
    0x00,0x00,0x00,0x00,0x00,0x00,0x01,0x85,0x81,0x00,0x11,0x11,
    0x81,0x11,0x10,0x01,0x85,0x81,0x00,0x00,0x00,0x00,0x00,0x00,
    0x00,0x00,0x00,0x00,0x00,0x00,0x18,0x55,0x58,0x11,0x88,0x88,
    0x88,0x88,0x81,0x18,0x55,0x58,0x10,0x00,0x00,0x00,0x00,0x00,
    0x00,0x00,0x00,0x00,0x00,0x00,0x01,0x85,0x88,0x88,0x88,0x88,
    0x88,0x88,0x88,0x88,0x85,0x81,0x00,0x00,0x01,0x00,0x00,0x00,
    0x00,0x00,0x00,0x00,0x00,0x00,0x01,0x85,0x88,0x88,0x88,0x88,
    0x88,0x88,0x88,0x88,0x85,0x81,0x00,0x00,0x00,0x00,0x00,0x00,
    0x00,0x00,0x00,0x00,0x00,0x00,0x00,0x18,0x88,0x88,0x88,0x88,
    0x88,0x88,0x88,0x88,0x88,0x10,0x00,0x00,0x00,0x00,0x00,0x00,
    0x00,0x00,0x00,0x00,0x00,0x00,0x00,0x18,0x88,0x88,0x88,0x88,
    0x88,0x88,0x88,0x88,0x88,0x10,0x00,0x00,0x11,0x10,0x00,0x00,
    0x00,0x00,0x00,0x00,0x00,0x00,0x01,0x88,0x88,0x88,0x88,0x88,
    0x88,0x88,0x88,0x88,0x88,0x81,0x00,0x01,0x33,0x31,0x00,0x00,
    0x00,0x00,0x00,0x00,0x00,0x00,0x01,0x88,0x81,0x18,0x88,0x88,
    0x88,0x88,0x81,0x18,0x88,0x81,0x00,0x13,0x33,0x33,0x10,0x00,
    0x00,0x00,0x00,0x00,0x00,0x00,0x18,0x88,0x18,0x81,0x88,0x88,
    0x88,0x88,0x18,0x81,0x88,0x88,0x10,0x13,0x11,0x13,0x10,0x00,
    0x00,0x00,0x00,0x00,0x00,0x00,0x18,0x88,0x88,0x88,0x88,0x88,
    0x88,0x88,0x88,0x88,0x88,0x88,0x10,0x13,0x11,0x13,0x10,0x00,
    0x00,0x00,0x00,0x00,0x00,0x00,0x18,0x88,0x88,0x88,0x88,0x88,
    0x88,0x88,0x88,0x88,0x88,0x88,0x10,0x11,0x11,0x11,0x10,0x00,
    0x00,0x00,0x00,0x00,0x00,0x00,0x18,0x88,0x88,0x88,0x88,0x88,
    0x88,0x88,0x88,0x88,0x88,0x88,0x10,0x00,0x00,0x00,0x00,0x00,
    0x00,0x00,0x00,0x00,0x00,0x00,0x18,0x88,0x88,0x88,0x88,0x88,
    0x18,0x88,0x88,0x88,0x88,0x88,0x10,0x00,0x00,0x00,0x00,0x00,
    0x00,0x00,0x00,0x00,0x00,0x01,0x88,0x88,0x88,0x88,0x33,0x11,
    0x11,0x13,0x38,0x88,0x88,0x88,0x81,0x00,0x00,0x00,0x00,0x00,
    0x00,0x00,0x00,0x00,0x00,0x00,0x18,0x88,0x88,0x83,0x31,0x11,
    0x11,0x11,0x33,0x88,0x88,0x88,0x10,0x00,0x00,0x00,0x00,0x00,
    0x00,0x00,0x00,0x00,0x00,0x00,0x18,0x88,0x88,0x33,0x11,0x11,
    0x51,0x11,0x13,0x38,0x88,0x88,0x10,0x00,0x00,0x00,0x00,0x00,
    0x00,0x00,0x00,0x00,0x00,0x00,0x18,0x88,0x83,0x33,0x31,0x55,
    0x55,0x51,0x33,0x33,0x88,0x88,0x10,0x00,0x00,0x00,0x00,0x00,
    0x00,0x00,0x00,0x00,0x00,0x00,0x18,0x88,0x83,0x33,0x33,0x11,
    0x51,0x13,0x33,0x33,0x88,0x88,0x10,0x00,0x00,0x00,0x00,0x00,
    0x00,0x00,0x00,0x00,0x00,0x00,0x18,0x88,0x33,0x33,0x33,0x33,
    0x13,0x33,0x33,0x33,0x38,0x88,0x10,0x00,0x00,0x00,0x00,0x00,
    0x00,0x00,0x00,0x00,0x00,0x00,0x01,0x88,0x83,0x33,0x33,0x33,
    0x33,0x33,0x33,0x33,0x88,0x81,0x00,0x00,0x00,0x00,0x00,0x00,
    0x00,0x00,0x00,0x00,0x00,0x00,0x01,0x88,0x83,0x33,0x33,0x33,
    0x33,0x33,0x33,0x33,0x88,0x81,0x00,0x00,0x00,0x00,0x00,0x00,
    0x00,0x00,0x00,0x00,0x00,0x00,0x00,0x18,0x88,0x33,0x33,0x33,
    0x33,0x33,0x33,0x38,0x88,0x10,0x00,0x00,0x00,0x00,0x00,0x00,
    0x00,0x00,0x00,0x00,0x00,0x00,0x00,0x01,0x88,0x83,0x33,0x33,
    0x33,0x33,0x33,0x88,0x81,0x00,0x00,0x00,0x00,0x00,0x00,0x00,
    0x00,0x00,0x00,0x00,0x00,0x00,0x00,0x01,0x88,0x88,0x33,0x33,
    0x33,0x33,0x38,0x88,0x81,0x00,0x00,0x00,0x00,0x00,0x00,0x00,
    0x00,0x00,0x00,0x00,0x00,0x00,0x00,0x00,0x11,0x88,0x88,0x88,
    0x38,0x88,0x88,0x81,0x10,0x00,0x00,0x00,0x00,0x00,0x00,0x00,
    0x00,0x00,0x00,0x00,0x00,0x00,0x00,0x00,0x00,0x18,0x88,0x88,
    0x88,0x88,0x88,0x10,0x00,0x00,0x00,0x00,0x00,0x00,0x00,0x00,
    0x00,0x00,0x00,0x00,0x00,0x00,0x00,0x00,0x00,0x01,0x88,0x11,
    0x81,0x18,0x81,0x00,0x00,0x00,0x00,0x00,0x00,0x00,0x00,0x00,
    0x00,0x00,0x00,0x00,0x00,0x00,0x00,0x00,0x01,0x18,0x81,0x00,
    0x10,0x01,0x88,0x11,0x00,0x00,0x00,0x00,0x00,0x00,0x00,0x00,
    0x00,0x00,0x00,0x00,0x00,0x00,0x00,0x00,0x18,0x88,0x88,0x10,
    0x00,0x18,0x88,0x88,0x10,0x00,0x00,0x00,0x00,0x00,0x00,0x00,
    0x00,0x00,0x00,0x00,0x00,0x00,0x00,0x00,0x01,0x18,0x11,0x00,
    0x00,0x01,0x18,0x11,0x00,0x00,0x00,0x00,0x00,0x00,0x00,0x00,
    0x00,0x00,0x00,0x00,0x00,0x00,0x00,0x00,0x00,0x01,0x00,0x00,
    0x00,0x00,0x01,0x00,0x00,0x00,0x00,0x00,0x00,0x00,0x00,0x00,
    0x00,0x00,0x00,0x00,0x00,0x00,0x00,0x00,0x00,0x00,0x00,0x00,
    0x00,0x00,0x00,0x00,0x00,0x00,0x00,0x00,0x00,0x00,0x00,0x00,
    0x00,0x00,0x00,0x00,0x00,0x00,0x00,0x00,0x00,0x00,0x00,0x00,
    0x00,0x00,0x00,0x00,0x00,0x00,0x00,0x00,0x00,0x00,0x00,0x00,
    0x00,0x00,0x00,0x00,0x00,0x00,0x00,0x00,0x00,0x00,0x00,0x00,
    0x00,0x00,0x00,0x00,0x00,0x00,0x00,0x00,0x00,0x00,0x00,0x00,
    0x00,0x00,0x00,0x00,0x00,0x00,0x00,0x00,0x00,0x00,0x00,0x00,
    0x00,0x00,0x00,0x00,0x00,0x00,0x00,0x00,0x00,0x00,0x00,0x00}},
    {"zzz_growth_magic",
     {0x00,0x00,0x00,0x00,0x00,0x00,0x00,0x00,0x00,0x00,0x00,0x00,
    0x00,0x00,0x00,0x00,0x00,0x00,0x00,0x00,0x00,0x00,0x00,0x00,
    0x00,0x00,0x00,0x00,0x00,0x00,0x00,0x00,0x00,0x00,0x00,0x00,
    0x00,0x00,0x00,0x00,0x00,0x00,0x00,0x00,0x00,0x00,0x00,0x00,
    0x00,0x00,0x00,0x00,0x00,0x00,0x00,0x00,0x00,0x00,0x00,0x00,
    0x00,0x00,0x00,0x00,0x00,0x00,0x00,0x00,0x00,0x00,0x00,0x00,
    0x00,0x00,0x00,0x00,0x00,0x00,0x00,0x00,0x00,0x00,0x00,0x00,
    0x00,0x00,0x00,0x00,0x00,0x00,0x00,0x00,0x00,0x00,0x00,0x00,
    0x00,0x00,0x00,0x00,0x00,0x00,0x00,0x00,0x11,0x00,0x00,0x00,
    0x00,0x00,0x00,0x00,0x00,0x00,0x00,0x00,0x00,0x00,0x00,0x00,
    0x00,0x00,0x00,0x00,0x00,0x00,0x00,0x00,0x10,0x00,0x00,0x00,
    0x00,0x00,0x00,0x00,0x00,0x00,0x00,0x00,0x00,0x00,0x00,0x00,
    0x00,0x00,0x00,0x00,0x00,0x00,0x00,0x00,0x01,0x00,0x00,0x00,
    0x00,0x00,0x00,0x00,0x00,0x00,0x00,0x00,0x00,0x00,0x00,0x00,
    0x00,0x00,0x00,0x00,0x00,0x01,0x11,0x00,0x11,0x00,0x00,0x00,
    0x00,0x00,0x00,0x00,0x00,0x00,0x00,0x00,0x00,0x00,0x00,0x00,
    0x00,0x00,0x00,0x00,0x00,0x01,0x00,0x00,0x00,0x00,0x00,0x00,
    0x00,0x00,0x00,0x00,0x00,0x00,0x00,0x00,0x00,0x00,0x00,0x00,
    0x00,0x00,0x00,0x00,0x00,0x00,0x10,0x00,0x00,0x00,0x00,0x00,
    0x00,0x00,0x00,0x00,0x00,0x00,0x00,0x00,0x00,0x00,0x00,0x00,
    0x00,0x00,0x00,0x00,0x00,0x00,0x01,0x00,0x00,0x00,0x00,0x00,
    0x00,0x00,0x00,0x00,0x00,0x00,0x00,0x00,0x00,0x00,0x00,0x00,
    0x00,0x00,0x00,0x00,0x00,0x01,0x11,0x00,0x00,0x00,0x00,0x00,
    0x00,0x00,0x00,0x00,0x00,0x00,0x00,0x00,0x00,0x00,0x00,0x00,
    0x00,0x00,0x00,0x11,0x10,0x00,0x00,0x00,0x00,0x00,0x00,0x00,
    0x00,0x00,0x00,0x00,0x00,0x00,0x00,0x00,0x00,0x00,0x00,0x00,
    0x00,0x00,0x00,0x10,0x00,0x00,0x00,0x00,0x00,0x00,0x00,0x00,
    0x00,0x00,0x00,0x00,0x00,0x00,0x00,0x00,0x00,0x00,0x00,0x00,
    0x00,0x00,0x00,0x01,0x00,0x00,0x00,0x00,0x00,0x00,0x00,0x00,
    0x00,0x00,0x00,0x00,0x00,0x00,0x00,0x00,0x00,0x00,0x00,0x00,
    0x00,0x00,0x00,0x00,0x10,0x00,0x00,0x00,0x00,0x00,0x00,0x00,
    0x00,0x00,0x00,0x00,0x00,0x00,0x00,0x00,0x00,0x00,0x00,0x00,
    0x00,0x00,0x00,0x11,0x10,0x00,0x00,0x00,0x00,0x00,0x00,0x00,
    0x00,0x00,0x00,0x00,0x00,0x00,0x00,0x00,0x00,0x00,0x00,0x00,
    0x00,0x00,0x00,0x00,0x00,0x00,0x00,0x00,0x00,0x00,0x00,0x00,
    0x00,0x00,0x00,0x00,0x00,0x00,0x00,0x00,0x00,0x00,0x00,0x00,
    0x00,0x00,0x00,0x00,0x00,0x00,0x00,0x00,0x00,0x00,0x00,0x00,
    0x00,0x00,0x00,0x00,0x00,0x00,0x00,0x00,0x00,0x00,0x00,0x00,
    0x00,0x00,0x00,0x00,0x00,0x00,0x00,0x00,0x00,0x00,0x00,0x00,
    0x00,0x00,0x00,0x00,0x00,0x00,0x00,0x00,0x00,0x00,0x00,0x00,
    0x00,0x00,0x00,0x00,0x00,0x00,0x00,0x00,0x00,0x00,0x00,0x00,
    0x00,0x00,0x00,0x00,0x00,0x00,0x00,0x00,0x00,0x00,0x00,0x00,
    0x00,0x00,0x00,0x00,0x00,0x00,0x00,0x00,0x00,0x00,0x00,0x00,
    0x10,0x00,0x00,0x00,0x00,0x00,0x00,0x00,0x00,0x00,0x00,0x00,
    0x00,0x00,0x00,0x00,0x00,0x00,0x00,0x00,0x00,0x11,0x11,0x11,
    0x81,0x11,0x11,0x10,0x00,0x00,0x00,0x00,0x00,0x00,0x00,0x00,
    0x00,0x00,0x00,0x00,0x00,0x00,0x00,0x01,0x11,0x88,0x88,0x88,
    0x88,0x88,0x88,0x81,0x11,0x00,0x00,0x00,0x00,0x00,0x00,0x00,
    0x00,0x00,0x00,0x00,0x00,0x00,0x00,0x18,0x88,0x88,0x88,0x88,
    0x88,0x88,0x88,0x88,0x88,0x10,0x00,0x00,0x00,0x00,0x00,0x00,
    0x00,0x00,0x00,0x00,0x00,0x00,0x11,0x88,0x88,0x88,0x88,0x88,
    0x88,0x88,0x88,0x88,0x88,0x81,0x10,0x00,0x00,0x00,0x00,0x00,
    0x00,0x00,0x00,0x00,0x00,0x01,0x88,0x88,0x88,0x88,0x88,0x88,
    0x88,0x88,0x88,0x88,0x88,0x88,0x81,0x00,0x00,0x00,0x00,0x00,
    0x00,0x00,0x00,0x00,0x00,0x18,0x88,0x88,0x88,0x88,0x88,0x88,
    0x88,0x88,0x88,0x88,0x88,0x88,0x88,0x10,0x00,0x00,0x00,0x00,
    0x00,0x00,0x00,0x00,0x00,0x18,0x88,0x88,0x88,0x88,0x88,0x88,
    0x88,0x88,0x88,0x88,0x88,0x88,0x88,0x10,0x00,0x00,0x00,0x00,
    0x00,0x00,0x00,0x00,0x01,0x88,0x88,0x81,0x11,0x11,0x18,0x88,
    0x88,0x88,0x11,0x11,0x11,0x88,0x88,0x81,0x00,0x00,0x00,0x00,
    0x00,0x00,0x00,0x00,0x01,0x88,0x88,0x88,0x88,0x88,0x88,0x88,
    0x88,0x88,0x88,0x88,0x88,0x88,0x88,0x81,0x00,0x00,0x00,0x00,
    0x00,0x00,0x00,0x00,0x01,0x88,0x88,0x88,0x88,0x88,0x88,0x88,
    0x38,0x88,0x88,0x88,0x88,0x88,0x88,0x81,0x00,0x00,0x00,0x00,
    0x00,0x00,0x00,0x00,0x18,0x88,0x88,0x88,0x88,0x33,0x33,0x33,
    0x33,0x33,0x33,0x38,0x88,0x88,0x88,0x88,0x10,0x00,0x00,0x00,
    0x00,0x00,0x00,0x00,0x01,0x88,0x88,0x88,0x33,0x33,0x33,0x33,
    0x33,0x33,0x33,0x33,0x38,0x88,0x88,0x81,0x00,0x00,0x00,0x00,
    0x00,0x00,0x00,0x00,0x01,0x88,0x88,0x83,0x33,0x33,0x33,0x33,
    0x33,0x33,0x33,0x33,0x33,0x88,0x88,0x81,0x00,0x00,0x00,0x00,
    0x00,0x00,0x00,0x00,0x01,0x88,0x88,0x83,0x33,0x33,0x33,0x33,
    0x33,0x33,0x33,0x33,0x33,0x88,0x88,0x81,0x00,0x00,0x00,0x00,
    0x00,0x00,0x00,0x00,0x00,0x18,0x88,0x33,0x33,0x33,0x33,0x33,
    0x33,0x33,0x33,0x33,0x33,0x38,0x88,0x10,0x00,0x00,0x00,0x00,
    0x00,0x00,0x00,0x00,0x00,0x18,0x88,0x83,0x33,0x33,0x33,0x33,
    0x33,0x33,0x33,0x33,0x33,0x88,0x88,0x10,0x00,0x00,0x00,0x00,
    0x00,0x00,0x00,0x00,0x00,0x01,0x88,0x83,0x33,0x33,0x33,0x33,
    0x33,0x33,0x33,0x33,0x33,0x88,0x81,0x00,0x00,0x00,0x00,0x00,
    0x00,0x00,0x00,0x00,0x00,0x00,0x11,0x88,0x33,0x33,0x33,0x33,
    0x33,0x33,0x33,0x33,0x38,0x81,0x10,0x00,0x00,0x00,0x00,0x00,
    0x00,0x00,0x00,0x00,0x00,0x00,0x00,0x18,0x88,0x33,0x33,0x33,
    0x33,0x33,0x33,0x38,0x88,0x10,0x00,0x00,0x00,0x00,0x00,0x00,
    0x00,0x00,0x00,0x00,0x00,0x00,0x00,0x01,0x11,0x88,0x88,0x88,
    0x38,0x88,0x88,0x81,0x11,0x00,0x00,0x00,0x00,0x00,0x00,0x00,
    0x00,0x00,0x00,0x00,0x00,0x00,0x00,0x00,0x00,0x11,0x11,0x11,
    0x81,0x11,0x11,0x10,0x00,0x00,0x00,0x00,0x00,0x00,0x00,0x00,
    0x00,0x00,0x00,0x00,0x00,0x00,0x00,0x00,0x00,0x00,0x00,0x00,
    0x10,0x00,0x00,0x00,0x00,0x00,0x00,0x00,0x00,0x00,0x00,0x00,
    0x00,0x00,0x00,0x00,0x00,0x00,0x00,0x00,0x00,0x00,0x00,0x00,
    0x00,0x00,0x00,0x00,0x00,0x00,0x00,0x00,0x00,0x00,0x00,0x00,
    0x00,0x00,0x00,0x00,0x00,0x00,0x00,0x00,0x00,0x00,0x00,0x00,
    0x00,0x00,0x00,0x00,0x00,0x00,0x00,0x00,0x00,0x00,0x00,0x00,
    0x00,0x00,0x00,0x00,0x00,0x00,0x00,0x00,0x00,0x00,0x00,0x00,
    0x00,0x00,0x00,0x00,0x00,0x00,0x00,0x00,0x00,0x00,0x00,0x00,
    0x00,0x00,0x00,0x00,0x00,0x00,0x00,0x00,0x00,0x00,0x00,0x00,
    0x00,0x00,0x00,0x00,0x00,0x00,0x00,0x00,0x00,0x00,0x00,0x00}},
    {"scold_growth_magic",
     {0x00,0x00,0x00,0x00,0x00,0x00,0x00,0x00,0x00,0x00,0x00,0x00,
    0x00,0x00,0x00,0x00,0x00,0x00,0x00,0x00,0x00,0x00,0x00,0x00,
    0x00,0x00,0x00,0x00,0x00,0x00,0x00,0x00,0x00,0x00,0x00,0x00,
    0x00,0x00,0x00,0x00,0x00,0x00,0x00,0x00,0x00,0x00,0x00,0x00,
    0x00,0x00,0x00,0x00,0x00,0x00,0x00,0x00,0x00,0x00,0x00,0x00,
    0x00,0x00,0x00,0x00,0x00,0x00,0x00,0x00,0x00,0x00,0x00,0x00,
    0x00,0x00,0x00,0x00,0x00,0x00,0x00,0x00,0x00,0x00,0x00,0x00,
    0x00,0x00,0x00,0x00,0x00,0x00,0x00,0x00,0x00,0x00,0x00,0x00,
    0x00,0x00,0x00,0x00,0x00,0x00,0x00,0x00,0x00,0x00,0x00,0x00,
    0x00,0x00,0x00,0x00,0x00,0x00,0x00,0x00,0x00,0x00,0x00,0x00,
    0x00,0x00,0x00,0x00,0x00,0x00,0x00,0x00,0x00,0x00,0x00,0x00,
    0x00,0x00,0x00,0x00,0x00,0x00,0x00,0x00,0x00,0x00,0x00,0x00,
    0x00,0x00,0x00,0x00,0x00,0x00,0x00,0x00,0x00,0x00,0x00,0x00,
    0x00,0x00,0x00,0x00,0x00,0x00,0x00,0x00,0x00,0x00,0x00,0x00,
    0x00,0x00,0x00,0x00,0x00,0x00,0x00,0x00,0x00,0x00,0x00,0x00,
    0x00,0x00,0x00,0x00,0x00,0x00,0x00,0x00,0x00,0x00,0x00,0x00,
    0x00,0x00,0x00,0x00,0x00,0x50,0x00,0x00,0x00,0x00,0x00,0x00,
    0x00,0x00,0x00,0x00,0x00,0x00,0x00,0x00,0x00,0x00,0x00,0x00,
    0x00,0x00,0x00,0x00,0x00,0x05,0x00,0x00,0x00,0x00,0x00,0x00,
    0x00,0x00,0x00,0x00,0x00,0x00,0x00,0x00,0x00,0x00,0x00,0x00,
    0x00,0x00,0x00,0x00,0x05,0x00,0x00,0x01,0x00,0x00,0x00,0x00,
    0x00,0x00,0x00,0x00,0x01,0x00,0x00,0x00,0x00,0x00,0x00,0x00,
    0x00,0x00,0x00,0x00,0x00,0x00,0x50,0x18,0x10,0x00,0x00,0x00,
    0x00,0x00,0x00,0x00,0x18,0x10,0x00,0x00,0x00,0x00,0x00,0x00,
    0x00,0x00,0x00,0x00,0x00,0x50,0x01,0x85,0x81,0x00,0x00,0x00,
    0x10,0x00,0x00,0x01,0x85,0x81,0x00,0x00,0x00,0x00,0x00,0x00,
    0x00,0x00,0x00,0x00,0x00,0x00,0x01,0x85,0x81,0x00,0x11,0x11,
    0x81,0x11,0x10,0x01,0x85,0x81,0x00,0x00,0x00,0x00,0x00,0x00,
    0x00,0x00,0x00,0x00,0x00,0x00,0x18,0x55,0x58,0x11,0x88,0x88,
    0x88,0x88,0x81,0x18,0x55,0x58,0x10,0x00,0x00,0x00,0x00,0x00,
    0x00,0x00,0x00,0x00,0x00,0x00,0x01,0x85,0x88,0x88,0x88,0x88,
    0x88,0x88,0x88,0x88,0x85,0x81,0x00,0x00,0x00,0x00,0x00,0x00,
    0x00,0x00,0x00,0x00,0x00,0x00,0x01,0x85,0x88,0x88,0x88,0x88,
    0x88,0x88,0x88,0x88,0x85,0x81,0x00,0x00,0x00,0x00,0x00,0x00,
    0x00,0x00,0x00,0x00,0x00,0x00,0x00,0x18,0x88,0x88,0x88,0x88,
    0x88,0x88,0x88,0x88,0x88,0x10,0x00,0x00,0x00,0x00,0x00,0x00,
    0x00,0x00,0x00,0x00,0x00,0x00,0x00,0x18,0x88,0x88,0x88,0x88,
    0x88,0x88,0x88,0x88,0x88,0x10,0x00,0x00,0x00,0x00,0x00,0x00,
    0x00,0x00,0x00,0x00,0x00,0x00,0x01,0x88,0x88,0x88,0x88,0x88,
    0x88,0x88,0x88,0x88,0x88,0x81,0x00,0x00,0x00,0x00,0x00,0x00,
    0x00,0x00,0x00,0x00,0x00,0x00,0x01,0x88,0x88,0x88,0x88,0x88,
    0x88,0x88,0x88,0x88,0x88,0x81,0x00,0x00,0x00,0x00,0x00,0x00,
    0x00,0x00,0x00,0x00,0x00,0x00,0x18,0x88,0x88,0x88,0x88,0x88,
    0x88,0x88,0x88,0x88,0x88,0x88,0x10,0x00,0x00,0x00,0x00,0x00,
    0x00,0x00,0x00,0x00,0x00,0x00,0x18,0x88,0x88,0x18,0x88,0x88,
    0x88,0x88,0x88,0x18,0x88,0x88,0x10,0x00,0x00,0x00,0x00,0x00,
    0x00,0x00,0x00,0x00,0x00,0x00,0x18,0x88,0x81,0x11,0x88,0x88,
    0x88,0x88,0x81,0x11,0x88,0x88,0x10,0x00,0x00,0x00,0x00,0x00,
    0x00,0x00,0x00,0x00,0x00,0x00,0x18,0x88,0x81,0x21,0x88,0x88,
    0x88,0x88,0x81,0x21,0x88,0x88,0x10,0x00,0x00,0x00,0x00,0x00,
    0x00,0x00,0x00,0x00,0x00,0x00,0x18,0x88,0x11,0x11,0x18,0x88,
    0x38,0x88,0x11,0x11,0x18,0x88,0x10,0x00,0x00,0x00,0x00,0x00,
    0x00,0x00,0x00,0x00,0x00,0x01,0x88,0x88,0x81,0x11,0x33,0x33,
    0x33,0x33,0x31,0x11,0x88,0x88,0x81,0x00,0x00,0x00,0x00,0x00,
    0x00,0x00,0x00,0x00,0x00,0x00,0x18,0x88,0x81,0x11,0x33,0x33,
    0x33,0x33,0x31,0x11,0x88,0x88,0x10,0x00,0x00,0x00,0x00,0x00,
    0x00,0x00,0x00,0x00,0x00,0x00,0x18,0x88,0x88,0x13,0x33,0x33,
    0x33,0x33,0x33,0x18,0x88,0x88,0x10,0x00,0x00,0x00,0x00,0x00,
    0x00,0x00,0x00,0x00,0x00,0x00,0x18,0x88,0x83,0x63,0x33,0x33,
    0x33,0x33,0x33,0x63,0x88,0x88,0x10,0x00,0x00,0x00,0x00,0x00,
    0x00,0x00,0x00,0x00,0x00,0x00,0x18,0x88,0x83,0x63,0x33,0x33,
    0x33,0x33,0x33,0x63,0x88,0x88,0x10,0x00,0x00,0x00,0x00,0x00,
    0x00,0x00,0x00,0x00,0x00,0x00,0x18,0x88,0x33,0x33,0x33,0x31,
    0x31,0x33,0x33,0x33,0x38,0x88,0x10,0x00,0x00,0x00,0x00,0x00,
    0x00,0x00,0x00,0x00,0x00,0x00,0x01,0x88,0x83,0x33,0x33,0x13,
    0x13,0x13,0x33,0x33,0x88,0x81,0x00,0x00,0x00,0x00,0x00,0x00,
    0x00,0x00,0x00,0x00,0x00,0x00,0x01,0x88,0x83,0x33,0x33,0x33,
    0x33,0x33,0x33,0x33,0x88,0x81,0x00,0x00,0x00,0x00,0x00,0x00,
    0x00,0x00,0x00,0x00,0x00,0x00,0x00,0x18,0x88,0x33,0x33,0x33,
    0x33,0x33,0x33,0x38,0x88,0x10,0x00,0x00,0x00,0x00,0x00,0x00,
    0x00,0x00,0x00,0x00,0x00,0x00,0x00,0x01,0x88,0x83,0x33,0x33,
    0x33,0x33,0x33,0x88,0x81,0x00,0x00,0x00,0x00,0x00,0x00,0x00,
    0x00,0x00,0x00,0x00,0x00,0x00,0x00,0x01,0x88,0x88,0x33,0x33,
    0x33,0x33,0x38,0x88,0x81,0x00,0x00,0x00,0x00,0x00,0x00,0x00,
    0x00,0x00,0x00,0x00,0x00,0x00,0x00,0x00,0x11,0x88,0x88,0x88,
    0x38,0x88,0x88,0x81,0x10,0x00,0x00,0x00,0x00,0x00,0x00,0x00,
    0x00,0x00,0x00,0x00,0x00,0x00,0x00,0x00,0x00,0x18,0x88,0x88,
    0x88,0x88,0x88,0x10,0x00,0x00,0x00,0x00,0x00,0x00,0x00,0x00,
    0x00,0x00,0x00,0x00,0x00,0x00,0x00,0x00,0x00,0x01,0x88,0x11,
    0x81,0x18,0x81,0x00,0x00,0x00,0x00,0x00,0x00,0x00,0x00,0x00,
    0x00,0x00,0x00,0x00,0x00,0x00,0x00,0x00,0x01,0x18,0x81,0x00,
    0x10,0x01,0x88,0x11,0x00,0x00,0x00,0x00,0x00,0x00,0x00,0x00,
    0x00,0x00,0x00,0x00,0x00,0x00,0x00,0x00,0x18,0x88,0x88,0x10,
    0x00,0x18,0x88,0x88,0x10,0x00,0x00,0x00,0x00,0x00,0x00,0x00,
    0x00,0x00,0x00,0x00,0x00,0x00,0x00,0x00,0x01,0x18,0x11,0x00,
    0x00,0x01,0x18,0x11,0x00,0x00,0x00,0x00,0x00,0x00,0x00,0x00,
    0x00,0x00,0x00,0x00,0x00,0x00,0x00,0x00,0x00,0x01,0x00,0x00,
    0x00,0x00,0x01,0x00,0x00,0x00,0x00,0x00,0x00,0x00,0x00,0x00,
    0x00,0x00,0x00,0x00,0x00,0x00,0x00,0x00,0x00,0x00,0x00,0x00,
    0x00,0x00,0x00,0x00,0x00,0x00,0x00,0x00,0x00,0x00,0x00,0x00,
    0x00,0x00,0x00,0x00,0x00,0x00,0x00,0x00,0x00,0x00,0x00,0x00,
    0x00,0x00,0x00,0x00,0x00,0x00,0x00,0x00,0x00,0x00,0x00,0x00,
    0x00,0x00,0x00,0x00,0x00,0x00,0x00,0x00,0x00,0x00,0x00,0x00,
    0x00,0x00,0x00,0x00,0x00,0x00,0x00,0x00,0x00,0x00,0x00,0x00,
    0x00,0x00,0x00,0x00,0x00,0x00,0x00,0x00,0x00,0x00,0x00,0x00,
    0x00,0x00,0x00,0x00,0x00,0x00,0x00,0x00,0x00,0x00,0x00,0x00}},
    {"sick_growth_magic",
     {0x00,0x00,0x00,0x00,0x00,0x00,0x00,0x00,0x00,0x00,0x00,0x00,
    0x00,0x00,0x00,0x00,0x00,0x00,0x00,0x00,0x00,0x00,0x00,0x00,
    0x00,0x00,0x00,0x00,0x00,0x00,0x00,0x00,0x00,0x00,0x00,0x00,
    0x00,0x00,0x00,0x00,0x00,0x00,0x00,0x00,0x00,0x00,0x00,0x00,
    0x00,0x00,0x00,0x00,0x00,0x00,0x00,0x00,0x00,0x00,0x00,0x00,
    0x00,0x00,0x00,0x00,0x00,0x00,0x00,0x00,0x00,0x00,0x00,0x00,
    0x00,0x00,0x00,0x00,0x00,0x00,0x00,0x00,0x00,0x00,0x00,0x00,
    0x00,0x00,0x00,0x00,0x00,0x00,0x00,0x00,0x00,0x00,0x00,0x00,
    0x00,0x00,0x00,0x00,0x00,0x00,0x00,0x00,0x00,0x00,0x00,0x00,
    0x00,0x00,0x00,0x00,0x00,0x00,0x00,0x00,0x00,0x00,0x00,0x00,
    0x00,0x00,0x00,0x00,0x00,0x00,0x00,0x00,0x00,0x00,0x00,0x00,
    0x00,0x00,0x00,0x00,0x00,0x00,0x00,0x00,0x00,0x00,0x00,0x00,
    0x00,0x00,0x00,0x00,0x00,0x00,0x00,0x00,0x00,0x00,0x00,0x00,
    0x00,0x00,0x00,0x00,0x00,0x00,0x00,0x00,0x00,0x00,0x00,0x00,
    0x00,0x00,0x00,0x00,0x00,0x00,0x00,0x00,0x00,0x00,0x00,0x00,
    0x00,0x00,0x00,0x00,0x00,0x00,0x00,0x00,0x00,0x00,0x00,0x00,
    0x00,0x00,0x00,0x00,0x00,0x00,0x00,0x00,0x00,0x00,0x00,0x00,
    0x00,0x00,0x00,0x00,0x00,0x00,0x00,0x00,0x00,0x00,0x00,0x00,
    0x00,0x00,0x00,0x00,0x00,0x00,0x00,0x00,0x00,0x00,0x00,0x00,
    0x00,0x00,0x00,0x00,0x00,0x00,0x00,0x00,0x00,0x00,0x00,0x00,
    0x00,0x00,0x00,0x00,0x00,0x00,0x00,0x01,0x00,0x00,0x00,0x00,
    0x00,0x00,0x00,0x00,0x01,0x00,0x00,0x00,0x00,0x00,0x00,0x00,
    0x00,0x00,0x00,0x00,0x00,0x00,0x00,0x18,0x10,0x00,0x00,0x00,
    0x00,0x00,0x00,0x00,0x18,0x10,0x00,0x00,0x00,0x00,0x00,0x00,
    0x00,0x00,0x00,0x00,0x00,0x00,0x01,0x85,0x81,0x00,0x00,0x00,
    0x10,0x00,0x00,0x01,0x85,0x81,0x00,0x00,0x00,0x00,0x00,0x00,
    0x00,0x00,0x00,0x00,0x00,0x00,0x01,0x85,0x81,0x00,0x11,0x11,
    0x81,0x11,0x10,0x01,0x85,0x81,0x00,0x00,0x00,0x00,0x00,0x00,
    0x00,0x00,0x00,0x00,0x00,0x00,0x18,0x55,0x58,0x11,0x88,0x88,
    0x88,0x88,0x81,0x18,0x55,0x58,0x10,0x00,0x00,0x00,0x00,0x00,
    0x00,0x00,0x00,0x00,0x00,0x00,0x01,0x85,0x88,0x88,0x88,0x88,
    0x88,0x88,0x88,0x88,0x85,0x81,0x00,0x00,0x00,0x00,0x00,0x00,
    0x00,0x00,0x00,0x00,0x00,0x00,0x01,0x85,0x88,0x88,0x88,0x88,
    0x88,0x88,0x88,0x88,0x85,0x86,0x00,0x00,0x00,0x00,0x00,0x00,
    0x00,0x00,0x00,0x00,0x00,0x00,0x00,0x18,0x88,0x88,0x88,0x88,
    0x88,0x88,0x88,0x88,0x88,0x10,0x60,0x00,0x00,0x00,0x00,0x00,
    0x00,0x00,0x00,0x00,0x00,0x00,0x00,0x18,0x88,0x88,0x88,0x88,
    0x88,0x88,0x88,0x88,0x88,0x16,0x00,0x00,0x00,0x00,0x00,0x00,
    0x00,0x00,0x00,0x00,0x00,0x00,0x01,0x88,0x18,0x88,0x88,0x88,
    0x88,0x88,0x18,0x88,0x88,0x81,0x00,0x00,0x00,0x00,0x00,0x00,
    0x00,0x00,0x00,0x00,0x00,0x00,0x01,0x88,0x81,0x88,0x88,0x88,
    0x88,0x88,0x81,0x88,0x88,0x81,0x00,0x00,0x00,0x00,0x00,0x00,
    0x00,0x00,0x00,0x00,0x00,0x00,0x18,0x88,0x88,0x18,0x18,0x88,
    0x88,0x88,0x88,0x18,0x18,0x88,0x10,0x00,0x00,0x00,0x00,0x00,
    0x00,0x00,0x00,0x00,0x00,0x00,0x18,0x88,0x88,0x81,0x88,0x88,
    0x88,0x88,0x88,0x81,0x88,0x88,0x10,0x00,0x00,0x00,0x00,0x00,
    0x00,0x00,0x00,0x00,0x00,0x00,0x18,0x88,0x88,0x18,0x18,0x88,
    0x88,0x88,0x88,0x18,0x18,0x88,0x10,0x00,0x00,0x00,0x00,0x00,
    0x00,0x00,0x00,0x00,0x00,0x00,0x18,0x88,0x81,0x88,0x88,0x88,
    0x88,0x88,0x81,0x88,0x88,0x88,0x10,0x00,0x00,0x00,0x00,0x00,
    0x00,0x00,0x00,0x00,0x00,0x00,0x18,0x88,0x18,0x88,0x88,0x88,
    0x38,0x88,0x18,0x88,0x88,0x88,0x10,0x00,0x00,0x00,0x00,0x00,
    0x00,0x00,0x00,0x00,0x22,0x01,0x88,0x88,0x88,0x88,0x33,0x33,
    0x33,0x33,0x38,0x88,0x88,0x88,0x81,0x00,0x00,0x00,0x00,0x00,
    0x00,0x00,0x00,0x00,0x22,0x00,0x18,0x88,0x88,0x83,0x33,0x33,
    0x33,0x33,0x33,0x88,0x88,0x88,0x10,0x00,0x00,0x00,0x00,0x00,
    0x00,0x00,0x00,0x00,0x22,0x00,0x18,0x88,0x88,0x33,0x33,0x33,
    0x33,0x33,0x33,0x38,0x88,0x88,0x10,0x00,0x00,0x00,0x00,0x00,
    0x00,0x00,0x00,0x00,0x22,0x00,0x18,0x88,0x83,0x33,0x33,0x13,
    0x13,0x13,0x33,0x33,0x88,0x88,0x10,0x00,0x00,0x00,0x00,0x00,
    0x00,0x00,0x00,0x00,0x22,0x00,0x18,0x88,0x83,0x33,0x33,0x31,
    0x31,0x33,0x33,0x33,0x88,0x88,0x10,0x00,0x00,0x00,0x00,0x00,
    0x00,0x00,0x00,0x00,0x22,0x00,0x18,0x88,0x33,0x33,0x33,0x33,
    0x33,0x33,0x33,0x33,0x38,0x88,0x10,0x00,0x00,0x00,0x00,0x00,
    0x00,0x00,0x00,0x00,0x22,0x00,0x01,0x88,0x83,0x33,0x33,0x33,
    0x33,0x33,0x33,0x33,0x88,0x81,0x00,0x00,0x00,0x00,0x00,0x00,
    0x00,0x00,0x00,0x00,0x22,0x00,0x01,0x88,0x83,0x33,0x33,0x33,
    0x33,0x33,0x33,0x33,0x88,0x81,0x00,0x00,0x00,0x00,0x00,0x00,
    0x00,0x00,0x00,0x00,0x22,0x00,0x00,0x18,0x88,0x33,0x33,0x33,
    0x33,0x33,0x33,0x38,0x88,0x10,0x00,0x00,0x00,0x00,0x00,0x00,
    0x00,0x00,0x00,0x00,0x22,0x00,0x00,0x01,0x88,0x83,0x33,0x33,
    0x33,0x33,0x33,0x88,0x81,0x00,0x00,0x00,0x00,0x00,0x00,0x00,
    0x00,0x00,0x00,0x00,0x22,0x00,0x00,0x01,0x88,0x88,0x33,0x33,
    0x33,0x33,0x38,0x88,0x81,0x00,0x00,0x00,0x00,0x00,0x00,0x00,
    0x00,0x00,0x00,0x00,0x22,0x00,0x00,0x00,0x11,0x88,0x88,0x88,
    0x38,0x88,0x88,0x81,0x10,0x00,0x00,0x00,0x00,0x00,0x00,0x00,
    0x00,0x00,0x00,0x00,0x52,0x00,0x00,0x00,0x00,0x18,0x88,0x88,
    0x88,0x88,0x88,0x10,0x00,0x00,0x00,0x00,0x00,0x00,0x00,0x00,
    0x00,0x00,0x00,0x05,0x55,0x00,0x00,0x00,0x00,0x01,0x88,0x11,
    0x81,0x18,0x81,0x00,0x00,0x00,0x00,0x00,0x00,0x00,0x00,0x00,
    0x00,0x00,0x00,0x55,0x55,0x50,0x00,0x00,0x01,0x18,0x81,0x00,
    0x10,0x01,0x88,0x11,0x00,0x00,0x00,0x00,0x00,0x00,0x00,0x00,
    0x00,0x00,0x00,0x05,0x55,0x00,0x00,0x00,0x18,0x88,0x88,0x10,
    0x00,0x18,0x88,0x88,0x10,0x00,0x00,0x00,0x00,0x00,0x00,0x00,
    0x00,0x00,0x00,0x00,0x50,0x00,0x00,0x00,0x01,0x18,0x11,0x00,
    0x00,0x01,0x18,0x11,0x00,0x00,0x00,0x00,0x00,0x00,0x00,0x00,
    0x00,0x00,0x00,0x00,0x00,0x00,0x00,0x00,0x00,0x01,0x00,0x00,
    0x00,0x00,0x01,0x00,0x00,0x00,0x00,0x00,0x00,0x00,0x00,0x00,
    0x00,0x00,0x00,0x00,0x00,0x00,0x00,0x00,0x00,0x00,0x00,0x00,
    0x00,0x00,0x00,0x00,0x00,0x00,0x00,0x00,0x00,0x00,0x00,0x00,
    0x00,0x00,0x00,0x00,0x00,0x00,0x00,0x00,0x00,0x00,0x00,0x00,
    0x00,0x00,0x00,0x00,0x00,0x00,0x00,0x00,0x00,0x00,0x00,0x00,
    0x00,0x00,0x00,0x00,0x00,0x00,0x00,0x00,0x00,0x00,0x00,0x00,
    0x00,0x00,0x00,0x00,0x00,0x00,0x00,0x00,0x00,0x00,0x00,0x00,
    0x00,0x00,0x00,0x00,0x00,0x00,0x00,0x00,0x00,0x00,0x00,0x00,
    0x00,0x00,0x00,0x00,0x00,0x00,0x00,0x00,0x00,0x00,0x00,0x00}},
    {"happy_growth_speed",
     {0x00,0x00,0x00,0x00,0x00,0x00,0x00,0x00,0x00,0x00,0x00,0x00,
    0x00,0x00,0x00,0x00,0x00,0x00,0x00,0x00,0x00,0x00,0x00,0x00,
    0x00,0x00,0x00,0x00,0x00,0x00,0x00,0x00,0x00,0x00,0x00,0x00,
    0x00,0x00,0x00,0x00,0x00,0x00,0x00,0x00,0x00,0x00,0x00,0x00,
    0x00,0x00,0x00,0x00,0x00,0x00,0x00,0x00,0x00,0x00,0x00,0x00,
    0x00,0x00,0x00,0x00,0x00,0x00,0x00,0x00,0x00,0x00,0x00,0x00,
    0x00,0x00,0x00,0x00,0x00,0x00,0x00,0x00,0x00,0x00,0x00,0x00,
    0x00,0x00,0x00,0x00,0x00,0x00,0x00,0x00,0x00,0x00,0x10,0x00,
    0x00,0x00,0x00,0x00,0x00,0x00,0x00,0x00,0x00,0x00,0x00,0x00,
    0x00,0x00,0x00,0x00,0x00,0x00,0x00,0x00,0x00,0x01,0x00,0x00,
    0x00,0x00,0x00,0x00,0x00,0x00,0x00,0x00,0x00,0x00,0x00,0x00,
    0x00,0x00,0x00,0x00,0x00,0x00,0x00,0x00,0x00,0x01,0x00,0x00,
    0x00,0x00,0x00,0x00,0x00,0x00,0x00,0x01,0x00,0x00,0x00,0x00,
    0x00,0x00,0x00,0x00,0x01,0x00,0x00,0x00,0x00,0x11,0x00,0x00,
    0x00,0x00,0x00,0x00,0x00,0x00,0x00,0x1D,0x10,0x00,0x00,0x00,
    0x00,0x00,0x00,0x00,0x1D,0x10,0x00,0x00,0x11,0x00,0x00,0x00,
    0x00,0x00,0x00,0x00,0x10,0x00,0x01,0xDD,0xD1,0x00,0x00,0x00,
    0x10,0x00,0x00,0x01,0xDD,0xD1,0x00,0x00,0x10,0x00,0x00,0x00,
    0x00,0x00,0x00,0x01,0xD1,0x00,0x01,0xDD,0xD1,0x00,0x11,0x11,
    0xD1,0x11,0x10,0x01,0xDD,0xD1,0x00,0x01,0xD1,0x00,0x00,0x00,
    0x00,0x00,0x00,0x1D,0xDD,0x10,0x1D,0xDD,0xDD,0x11,0xDD,0xDD,
    0xDD,0xDD,0xD1,0x1D,0xDD,0xDD,0x10,0x1D,0xDD,0x10,0x00,0x00,
    0x00,0x00,0x00,0x1D,0xDD,0x10,0x01,0xDD,0xDD,0xDD,0xDD,0xDD,
    0xDD,0xDD,0xDD,0xDD,0xDD,0xD1,0x00,0x1D,0xDD,0x10,0x00,0x00,
    0x00,0x00,0x01,0xDD,0xDD,0xD1,0x01,0xDD,0xDD,0xDD,0xDD,0xDD,
    0xDD,0xDD,0xDD,0xDD,0xDD,0xD1,0x01,0xDD,0xDD,0xD1,0x00,0x00,
    0x00,0x00,0x00,0x1D,0xDD,0x10,0x00,0x1D,0xDD,0xDD,0xDD,0xDD,
    0xDD,0xDD,0xDD,0xDD,0xDD,0x10,0x00,0x1D,0xDD,0x10,0x00,0x00,
    0x00,0x00,0x00,0x1D,0xDD,0x10,0x00,0x1D,0xDD,0xDD,0xDD,0xDD,
    0xDD,0xDD,0xDD,0xDD,0xDD,0x10,0x00,0x1D,0xDD,0x10,0x00,0x00,
    0x00,0x00,0x00,0x01,0xD1,0x00,0x01,0xDD,0xDD,0xDD,0xDD,0xDD,
    0xDD,0xDD,0xDD,0xDD,0xDD,0xD1,0x00,0x01,0xD1,0x00,0x00,0x00,
    0x00,0x00,0x00,0x00,0x10,0x00,0x01,0xDD,0xDD,0xDD,0xDD,0xDD,
    0xDD,0xDD,0xDD,0xDD,0xDD,0xD1,0x00,0x00,0x10,0x00,0x00,0x00,
    0x00,0x00,0x00,0x00,0x00,0x00,0x1D,0xDD,0xDD,0xDD,0xDD,0xDD,
    0xDD,0xDD,0xDD,0xDD,0xDD,0xDD,0x10,0x00,0x00,0x00,0x00,0x00,
    0x00,0x00,0x00,0x00,0x00,0x00,0x1D,0xDD,0xD1,0x1D,0xDD,0xDD,
    0xDD,0xDD,0xD1,0x1D,0xDD,0xDD,0x10,0x00,0x00,0x00,0x00,0x00,
    0x00,0x00,0x00,0x00,0x00,0x00,0x1D,0xDD,0x1D,0xD1,0xDD,0xDD,
    0xDD,0xDD,0x1D,0xD1,0xDD,0xDD,0x10,0x00,0x00,0x00,0x00,0x00,
    0x00,0x00,0x00,0x00,0x00,0x00,0x1D,0xDD,0xDD,0xDD,0xDD,0xDD,
    0xDD,0xDD,0xDD,0xDD,0xDD,0xDD,0x10,0x00,0x00,0x00,0x00,0x00,
    0x00,0x00,0x00,0x00,0x00,0x00,0x1D,0xDD,0xDD,0xDD,0xDD,0xDD,
    0x3D,0xDD,0xDD,0xDD,0xDD,0xDD,0x10,0x00,0x00,0x00,0x00,0x00,
    0x00,0x00,0x00,0x00,0x00,0x01,0xDD,0x5D,0xDD,0xDD,0x33,0x33,
    0x13,0x33,0x3D,0xDD,0xDD,0x5D,0xD1,0x00,0x00,0x00,0x00,0x00,
    0x00,0x00,0x00,0x00,0x00,0x00,0x15,0x55,0x5D,0xD3,0x33,0x11,
    0x11,0x13,0x33,0xDD,0x55,0x55,0x10,0x00,0x00,0x00,0x00,0x00,
    0x00,0x00,0x00,0x00,0x00,0x01,0x55,0x55,0x55,0x33,0x31,0x11,
    0x11,0x11,0x33,0x35,0x55,0x55,0x51,0x00,0x00,0x00,0x00,0x00,
    0x00,0x00,0x00,0x00,0x00,0x00,0x15,0x55,0x53,0x33,0x33,0x11,
    0x11,0x13,0x33,0x33,0x55,0x55,0x10,0x00,0x00,0x00,0x00,0x00,
    0x00,0x00,0x00,0x00,0x00,0x00,0x1D,0x5D,0xD3,0x33,0x33,0x33,
    0x13,0x33,0x33,0x33,0xDD,0x5D,0x10,0x00,0x00,0x00,0x00,0x00,
    0x00,0x00,0x00,0x00,0x00,0x00,0x1D,0xDD,0x33,0x33,0x33,0x33,
    0x33,0x33,0x33,0x33,0x3D,0xDD,0x10,0x00,0x00,0x00,0x00,0x00,
    0x00,0x00,0x00,0x00,0x00,0x00,0x01,0xDD,0xD3,0x33,0x33,0x33,
    0x33,0x33,0x33,0x33,0xDD,0xD1,0x00,0x00,0x00,0x00,0x00,0x00,
    0x00,0x00,0x00,0x00,0x00,0x00,0x01,0xDD,0xD3,0x33,0x33,0x33,
    0x33,0x33,0x33,0x33,0xDD,0xD1,0x00,0x00,0x00,0x00,0x00,0x00,
    0x00,0x00,0x00,0x00,0x00,0x00,0x00,0x1D,0xDD,0x33,0x33,0x33,
    0x33,0x33,0x33,0x3D,0xDD,0x10,0x00,0x00,0x00,0x00,0x00,0x00,
    0x00,0x00,0x00,0x00,0x00,0x00,0x00,0x01,0xDD,0xD3,0x33,0x33,
    0x33,0x33,0x33,0xDD,0xD1,0x00,0x00,0x00,0x00,0x00,0x00,0x00,
    0x00,0x00,0x00,0x00,0x00,0x00,0x00,0x01,0xDD,0xDD,0x33,0x33,
    0x33,0x33,0x3D,0xDD,0xD1,0x00,0x00,0x00,0x00,0x00,0x00,0x00,
    0x00,0x00,0x00,0x00,0x00,0x00,0x00,0x00,0x11,0xDD,0xDD,0xDD,
    0x3D,0xDD,0xDD,0xD1,0x10,0x00,0x00,0x00,0x00,0x00,0x00,0x00,
    0x00,0x00,0x00,0x00,0x00,0x00,0x00,0x00,0x00,0x11,0xDD,0xDD,
    0xDD,0xDD,0xD1,0x10,0x00,0x00,0x00,0x00,0x00,0x00,0x00,0x00,
    0x00,0x00,0x00,0x00,0x00,0x00,0x00,0x00,0x00,0x00,0x11,0x11,
    0xD1,0x11,0x10,0x00,0x00,0x00,0x00,0x00,0x00,0x00,0x00,0x00,
    0x00,0x00,0x00,0x00,0x00,0x00,0x00,0x00,0x00,0x00,0x00,0x00,
    0x10,0x00,0x00,0x00,0x00,0x00,0x00,0x00,0x00,0x00,0x00,0x00,
    0x00,0x00,0x00,0x00,0x00,0x00,0x00,0x00,0x00,0x01,0x00,0x00,
    0x00,0x00,0x01,0x00,0x00,0x00,0x00,0x00,0x00,0x00,0x00,0x00,
    0x00,0x00,0x00,0x00,0x00,0x00,0x00,0x00,0x01,0x1D,0x11,0x00,
    0x00,0x01,0x1D,0x11,0x00,0x00,0x00,0x00,0x00,0x00,0x00,0x00,
    0x00,0x00,0x00,0x00,0x00,0x00,0x00,0x00,0x1D,0xDD,0xDD,0x10,
    0x00,0x1D,0xDD,0xDD,0x10,0x00,0x00,0x00,0x00,0x00,0x00,0x00,
    0x00,0x00,0x00,0x00,0x00,0x00,0x00,0x00,0x01,0x1D,0x11,0x00,
    0x00,0x01,0x1D,0x11,0x00,0x00,0x00,0x00,0x00,0x00,0x00,0x00,
    0x00,0x00,0x00,0x00,0x00,0x00,0x00,0x00,0x00,0x01,0x00,0x00,
    0x00,0x00,0x01,0x00,0x00,0x00,0x00,0x00,0x00,0x00,0x00,0x00,
    0x00,0x00,0x00,0x00,0x00,0x00,0x00,0x00,0x00,0x00,0x00,0x00,
    0x00,0x00,0x00,0x00,0x00,0x00,0x00,0x00,0x00,0x00,0x00,0x00,
    0x00,0x00,0x00,0x00,0x00,0x00,0x00,0x00,0x00,0x00,0x00,0x00,
    0x00,0x00,0x00,0x00,0x00,0x00,0x00,0x00,0x00,0x00,0x00,0x00,
    0x00,0x00,0x00,0x00,0x00,0x00,0x00,0x00,0x00,0x00,0x00,0x00,
    0x00,0x00,0x00,0x00,0x00,0x00,0x00,0x00,0x00,0x00,0x00,0x00,
    0x00,0x00,0x00,0x00,0x00,0x00,0x00,0x00,0x00,0x00,0x00,0x00,
    0x00,0x00,0x00,0x00,0x00,0x00,0x00,0x00,0x00,0x00,0x00,0x00,
    0x00,0x00,0x00,0x00,0x00,0x00,0x00,0x00,0x00,0x00,0x00,0x00,
    0x00,0x00,0x00,0x00,0x00,0x00,0x00,0x00,0x00,0x00,0x00,0x00,
    0x00,0x00,0x00,0x00,0x00,0x00,0x00,0x00,0x00,0x00,0x00,0x00,
    0x00,0x00,0x00,0x00,0x00,0x00,0x00,0x00,0x00,0x00,0x00,0x00}},
    {"eat_growth_speed",
     {0x00,0x00,0x00,0x00,0x00,0x00,0x00,0x00,0x00,0x00,0x00,0x00,
    0x00,0x00,0x00,0x00,0x00,0x00,0x00,0x00,0x00,0x00,0x00,0x00,
    0x00,0x00,0x00,0x00,0x00,0x00,0x00,0x00,0x00,0x00,0x00,0x00,
    0x00,0x00,0x00,0x00,0x00,0x00,0x00,0x00,0x00,0x00,0x00,0x00,
    0x00,0x00,0x00,0x00,0x00,0x00,0x00,0x00,0x00,0x00,0x00,0x00,
    0x00,0x00,0x00,0x00,0x00,0x00,0x00,0x00,0x00,0x00,0x00,0x00,
    0x00,0x00,0x00,0x00,0x00,0x00,0x00,0x00,0x00,0x00,0x00,0x00,
    0x00,0x00,0x00,0x00,0x00,0x00,0x00,0x00,0x00,0x00,0x00,0x00,
    0x00,0x00,0x00,0x00,0x00,0x00,0x00,0x00,0x00,0x00,0x00,0x00,
    0x00,0x00,0x00,0x00,0x00,0x00,0x00,0x00,0x00,0x00,0x00,0x00,
    0x00,0x00,0x00,0x00,0x00,0x00,0x00,0x00,0x00,0x00,0x00,0x00,
    0x00,0x00,0x00,0x00,0x00,0x00,0x00,0x00,0x00,0x00,0x00,0x00,
    0x00,0x00,0x00,0x00,0x00,0x00,0x00,0x00,0x00,0x00,0x00,0x00,
    0x00,0x00,0x00,0x00,0x00,0x00,0x00,0x00,0x00,0x00,0x00,0x00,
    0x00,0x00,0x00,0x00,0x00,0x00,0x00,0x00,0x00,0x00,0x00,0x00,
    0x00,0x00,0x00,0x00,0x00,0x00,0x00,0x00,0x00,0x00,0x00,0x00,
    0x00,0x00,0x00,0x00,0x00,0x00,0x00,0x00,0x00,0x00,0x00,0x00,
    0x00,0x00,0x00,0x00,0x00,0x00,0x00,0x00,0x00,0x00,0x00,0x00,
    0x00,0x00,0x00,0x00,0x00,0x00,0x00,0x00,0x00,0x00,0x00,0x00,
    0x00,0x00,0x00,0x00,0x00,0x00,0x00,0x00,0x00,0x00,0x00,0x00,
    0x00,0x00,0x00,0x00,0x00,0x00,0x00,0x01,0x00,0x00,0x00,0x00,
    0x00,0x00,0x00,0x00,0x01,0x00,0x00,0x00,0x00,0x00,0x00,0x00,
    0x00,0x00,0x00,0x00,0x00,0x00,0x00,0x1D,0x10,0x00,0x00,0x00,
    0x00,0x00,0x00,0x00,0x1D,0x10,0x00,0x00,0x00,0x00,0x00,0x00,
    0x00,0x00,0x00,0x00,0x00,0x00,0x01,0xD5,0xD1,0x00,0x00,0x00,
    0x10,0x00,0x00,0x01,0xD5,0xD1,0x00,0x00,0x00,0x00,0x00,0x00,
    0x00,0x00,0x00,0x00,0x00,0x00,0x01,0xD5,0xD1,0x00,0x11,0x11,
    0xD1,0x11,0x10,0x01,0xD5,0xD1,0x00,0x00,0x00,0x00,0x00,0x00,
    0x00,0x00,0x00,0x00,0x00,0x00,0x1D,0x55,0x5D,0x11,0xDD,0xDD,
    0xDD,0xDD,0xD1,0x1D,0x55,0x5D,0x10,0x00,0x00,0x00,0x00,0x00,
    0x00,0x00,0x00,0x00,0x00,0x00,0x01,0xD5,0xDD,0xDD,0xDD,0xDD,
    0xDD,0xDD,0xDD,0xDD,0xD5,0xD1,0x00,0x00,0x01,0x00,0x00,0x00,
    0x00,0x00,0x00,0x00,0x00,0x00,0x01,0xD5,0xDD,0xDD,0xDD,0xDD,
    0xDD,0xDD,0xDD,0xDD,0xD5,0xD1,0x00,0x00,0x00,0x00,0x00,0x00,
    0x00,0x00,0x00,0x00,0x00,0x00,0x00,0x1D,0xDD,0xDD,0xDD,0xDD,
    0xDD,0xDD,0xDD,0xDD,0xDD,0x10,0x00,0x00,0x00,0x00,0x00,0x00,
    0x00,0x00,0x00,0x00,0x00,0x00,0x00,0x1D,0xDD,0xDD,0xDD,0xDD,
    0xDD,0xDD,0xDD,0xDD,0xDD,0x10,0x00,0x00,0x11,0x10,0x00,0x00,
    0x00,0x00,0x00,0x00,0x00,0x00,0x01,0xDD,0xDD,0xDD,0xDD,0xDD,
    0xDD,0xDD,0xDD,0xDD,0xDD,0xD1,0x00,0x01,0x33,0x31,0x00,0x00,
    0x00,0x00,0x00,0x00,0x00,0x00,0x01,0xDD,0xD1,0x1D,0xDD,0xDD,
    0xDD,0xDD,0xD1,0x1D,0xDD,0xD1,0x00,0x13,0x33,0x33,0x10,0x00,
    0x00,0x00,0x00,0x00,0x00,0x00,0x1D,0xDD,0x1D,0xD1,0xDD,0xDD,
    0xDD,0xDD,0x1D,0xD1,0xDD,0xDD,0x10,0x13,0x11,0x13,0x10,0x00,
    0x00,0x00,0x00,0x00,0x00,0x00,0x1D,0xDD,0xDD,0xDD,0xDD,0xDD,
    0xDD,0xDD,0xDD,0xDD,0xDD,0xDD,0x10,0x13,0x11,0x13,0x10,0x00,
    0x00,0x00,0x00,0x00,0x00,0x00,0x1D,0xDD,0xDD,0xDD,0xDD,0xDD,
    0xDD,0xDD,0xDD,0xDD,0xDD,0xDD,0x10,0x11,0x11,0x11,0x10,0x00,
    0x00,0x00,0x00,0x00,0x00,0x00,0x1D,0xDD,0xDD,0xDD,0xDD,0xDD,
    0xDD,0xDD,0xDD,0xDD,0xDD,0xDD,0x10,0x00,0x00,0x00,0x00,0x00,
    0x00,0x00,0x00,0x00,0x00,0x00,0x1D,0xDD,0xDD,0xDD,0xDD,0xDD,
    0x1D,0xDD,0xDD,0xDD,0xDD,0xDD,0x10,0x00,0x00,0x00,0x00,0x00,
    0x00,0x00,0x00,0x00,0x00,0x01,0xDD,0xDD,0xDD,0xDD,0x33,0x11,
    0x11,0x13,0x3D,0xDD,0xDD,0xDD,0xD1,0x00,0x00,0x00,0x00,0x00,
    0x00,0x00,0x00,0x00,0x00,0x00,0x1D,0xDD,0xDD,0xD3,0x31,0x11,
    0x11,0x11,0x33,0xDD,0xDD,0xDD,0x10,0x00,0x00,0x00,0x00,0x00,
    0x00,0x00,0x00,0x00,0x00,0x00,0x1D,0xDD,0xDD,0x33,0x11,0x11,
    0x51,0x11,0x13,0x3D,0xDD,0xDD,0x10,0x00,0x00,0x00,0x00,0x00,
    0x00,0x00,0x00,0x00,0x00,0x00,0x1D,0xDD,0xD3,0x33,0x31,0x55,
    0x55,0x51,0x33,0x33,0xDD,0xDD,0x10,0x00,0x00,0x00,0x00,0x00,
    0x00,0x00,0x00,0x00,0x00,0x00,0x1D,0xDD,0xD3,0x33,0x33,0x11,
    0x51,0x13,0x33,0x33,0xDD,0xDD,0x10,0x00,0x00,0x00,0x00,0x00,
    0x00,0x00,0x00,0x00,0x00,0x00,0x1D,0xDD,0x33,0x33,0x33,0x33,
    0x13,0x33,0x33,0x33,0x3D,0xDD,0x10,0x00,0x00,0x00,0x00,0x00,
    0x00,0x00,0x00,0x00,0x00,0x00,0x01,0xDD,0xD3,0x33,0x33,0x33,
    0x33,0x33,0x33,0x33,0xDD,0xD1,0x00,0x00,0x00,0x00,0x00,0x00,
    0x00,0x00,0x00,0x00,0x00,0x00,0x01,0xDD,0xD3,0x33,0x33,0x33,
    0x33,0x33,0x33,0x33,0xDD,0xD1,0x00,0x00,0x00,0x00,0x00,0x00,
    0x00,0x00,0x00,0x00,0x00,0x00,0x00,0x1D,0xDD,0x33,0x33,0x33,
    0x33,0x33,0x33,0x3D,0xDD,0x10,0x00,0x00,0x00,0x00,0x00,0x00,
    0x00,0x00,0x00,0x00,0x00,0x00,0x00,0x01,0xDD,0xD3,0x33,0x33,
    0x33,0x33,0x33,0xDD,0xD1,0x00,0x00,0x00,0x00,0x00,0x00,0x00,
    0x00,0x00,0x00,0x00,0x00,0x00,0x00,0x01,0xDD,0xDD,0x33,0x33,
    0x33,0x33,0x3D,0xDD,0xD1,0x00,0x00,0x00,0x00,0x00,0x00,0x00,
    0x00,0x00,0x00,0x00,0x00,0x00,0x00,0x00,0x11,0xDD,0xDD,0xDD,
    0x3D,0xDD,0xDD,0xD1,0x10,0x00,0x00,0x00,0x00,0x00,0x00,0x00,
    0x00,0x00,0x00,0x00,0x00,0x00,0x00,0x00,0x00,0x1D,0xDD,0xDD,
    0xDD,0xDD,0xDD,0x10,0x00,0x00,0x00,0x00,0x00,0x00,0x00,0x00,
    0x00,0x00,0x00,0x00,0x00,0x00,0x00,0x00,0x00,0x01,0xDD,0x11,
    0xD1,0x1D,0xD1,0x00,0x00,0x00,0x00,0x00,0x00,0x00,0x00,0x00,
    0x00,0x00,0x00,0x00,0x00,0x00,0x00,0x00,0x01,0x1D,0xD1,0x00,
    0x10,0x01,0xDD,0x11,0x00,0x00,0x00,0x00,0x00,0x00,0x00,0x00,
    0x00,0x00,0x00,0x00,0x00,0x00,0x00,0x00,0x1D,0xDD,0xDD,0x10,
    0x00,0x1D,0xDD,0xDD,0x10,0x00,0x00,0x00,0x00,0x00,0x00,0x00,
    0x00,0x00,0x00,0x00,0x00,0x00,0x00,0x00,0x01,0x1D,0x11,0x00,
    0x00,0x01,0x1D,0x11,0x00,0x00,0x00,0x00,0x00,0x00,0x00,0x00,
    0x00,0x00,0x00,0x00,0x00,0x00,0x00,0x00,0x00,0x01,0x00,0x00,
    0x00,0x00,0x01,0x00,0x00,0x00,0x00,0x00,0x00,0x00,0x00,0x00,
    0x00,0x00,0x00,0x00,0x00,0x00,0x00,0x00,0x00,0x00,0x00,0x00,
    0x00,0x00,0x00,0x00,0x00,0x00,0x00,0x00,0x00,0x00,0x00,0x00,
    0x00,0x00,0x00,0x00,0x00,0x00,0x00,0x00,0x00,0x00,0x00,0x00,
    0x00,0x00,0x00,0x00,0x00,0x00,0x00,0x00,0x00,0x00,0x00,0x00,
    0x00,0x00,0x00,0x00,0x00,0x00,0x00,0x00,0x00,0x00,0x00,0x00,
    0x00,0x00,0x00,0x00,0x00,0x00,0x00,0x00,0x00,0x00,0x00,0x00,
    0x00,0x00,0x00,0x00,0x00,0x00,0x00,0x00,0x00,0x00,0x00,0x00,
    0x00,0x00,0x00,0x00,0x00,0x00,0x00,0x00,0x00,0x00,0x00,0x00}},
    {"zzz_growth_speed",
     {0x00,0x00,0x00,0x00,0x00,0x00,0x00,0x00,0x00,0x00,0x00,0x00,
    0x00,0x00,0x00,0x00,0x00,0x00,0x00,0x00,0x00,0x00,0x00,0x00,
    0x00,0x00,0x00,0x00,0x00,0x00,0x00,0x00,0x00,0x00,0x00,0x00,
    0x00,0x00,0x00,0x00,0x00,0x00,0x00,0x00,0x00,0x00,0x00,0x00,
    0x00,0x00,0x00,0x00,0x00,0x00,0x00,0x00,0x00,0x00,0x00,0x00,
    0x00,0x00,0x00,0x00,0x00,0x00,0x00,0x00,0x00,0x00,0x00,0x00,
    0x00,0x00,0x00,0x00,0x00,0x00,0x00,0x00,0x00,0x00,0x00,0x00,
    0x00,0x00,0x00,0x00,0x00,0x00,0x00,0x00,0x00,0x00,0x00,0x00,
    0x00,0x00,0x00,0x00,0x00,0x00,0x00,0x00,0x11,0x00,0x00,0x00,
    0x00,0x00,0x00,0x00,0x00,0x00,0x00,0x00,0x00,0x00,0x00,0x00,
    0x00,0x00,0x00,0x00,0x00,0x00,0x00,0x00,0x10,0x00,0x00,0x00,
    0x00,0x00,0x00,0x00,0x00,0x00,0x00,0x00,0x00,0x00,0x00,0x00,
    0x00,0x00,0x00,0x00,0x00,0x00,0x00,0x00,0x01,0x00,0x00,0x00,
    0x00,0x00,0x00,0x00,0x00,0x00,0x00,0x00,0x00,0x00,0x00,0x00,
    0x00,0x00,0x00,0x00,0x00,0x01,0x11,0x00,0x11,0x00,0x00,0x00,
    0x00,0x00,0x00,0x00,0x00,0x00,0x00,0x00,0x00,0x00,0x00,0x00,
    0x00,0x00,0x00,0x00,0x00,0x01,0x00,0x00,0x00,0x00,0x00,0x00,
    0x00,0x00,0x00,0x00,0x00,0x00,0x00,0x00,0x00,0x00,0x00,0x00,
    0x00,0x00,0x00,0x00,0x00,0x00,0x10,0x00,0x00,0x00,0x00,0x00,
    0x00,0x00,0x00,0x00,0x00,0x00,0x00,0x00,0x00,0x00,0x00,0x00,
    0x00,0x00,0x00,0x00,0x00,0x00,0x01,0x00,0x00,0x00,0x00,0x00,
    0x00,0x00,0x00,0x00,0x00,0x00,0x00,0x00,0x00,0x00,0x00,0x00,
    0x00,0x00,0x00,0x00,0x00,0x01,0x11,0x00,0x00,0x00,0x00,0x00,
    0x00,0x00,0x00,0x00,0x00,0x00,0x00,0x00,0x00,0x00,0x00,0x00,
    0x00,0x00,0x00,0x11,0x10,0x00,0x00,0x00,0x00,0x00,0x00,0x00,
    0x00,0x00,0x00,0x00,0x00,0x00,0x00,0x00,0x00,0x00,0x00,0x00,
    0x00,0x00,0x00,0x10,0x00,0x00,0x00,0x00,0x00,0x00,0x00,0x00,
    0x00,0x00,0x00,0x00,0x00,0x00,0x00,0x00,0x00,0x00,0x00,0x00,
    0x00,0x00,0x00,0x01,0x00,0x00,0x00,0x00,0x00,0x00,0x00,0x00,
    0x00,0x00,0x00,0x00,0x00,0x00,0x00,0x00,0x00,0x00,0x00,0x00,
    0x00,0x00,0x00,0x00,0x10,0x00,0x00,0x00,0x00,0x00,0x00,0x00,
    0x00,0x00,0x00,0x00,0x00,0x00,0x00,0x00,0x00,0x00,0x00,0x00,
    0x00,0x00,0x00,0x11,0x10,0x00,0x00,0x00,0x00,0x00,0x00,0x00,
    0x00,0x00,0x00,0x00,0x00,0x00,0x00,0x00,0x00,0x00,0x00,0x00,
    0x00,0x00,0x00,0x00,0x00,0x00,0x00,0x00,0x00,0x00,0x00,0x00,
    0x00,0x00,0x00,0x00,0x00,0x00,0x00,0x00,0x00,0x00,0x00,0x00,
    0x00,0x00,0x00,0x00,0x00,0x00,0x00,0x00,0x00,0x00,0x00,0x00,
    0x00,0x00,0x00,0x00,0x00,0x00,0x00,0x00,0x00,0x00,0x00,0x00,
    0x00,0x00,0x00,0x00,0x00,0x00,0x00,0x00,0x00,0x00,0x00,0x00,
    0x00,0x00,0x00,0x00,0x00,0x00,0x00,0x00,0x00,0x00,0x00,0x00,
    0x00,0x00,0x00,0x00,0x00,0x00,0x00,0x00,0x00,0x00,0x00,0x00,
    0x00,0x00,0x00,0x00,0x00,0x00,0x00,0x00,0x00,0x00,0x00,0x00,
    0x00,0x00,0x00,0x00,0x00,0x00,0x00,0x00,0x00,0x00,0x00,0x00,
    0x10,0x00,0x00,0x00,0x00,0x00,0x00,0x00,0x00,0x00,0x00,0x00,
    0x00,0x00,0x00,0x00,0x00,0x00,0x00,0x00,0x00,0x11,0x11,0x11,
    0xD1,0x11,0x11,0x10,0x00,0x00,0x00,0x00,0x00,0x00,0x00,0x00,
    0x00,0x00,0x00,0x00,0x00,0x00,0x00,0x01,0x11,0xDD,0xDD,0xDD,
    0xDD,0xDD,0xDD,0xD1,0x11,0x00,0x00,0x00,0x00,0x00,0x00,0x00,
    0x00,0x00,0x00,0x00,0x00,0x00,0x00,0x1D,0xDD,0xDD,0xDD,0xDD,
    0xDD,0xDD,0xDD,0xDD,0xDD,0x10,0x00,0x00,0x00,0x00,0x00,0x00,
    0x00,0x00,0x00,0x00,0x00,0x00,0x11,0xDD,0xDD,0xDD,0xDD,0xDD,
    0xDD,0xDD,0xDD,0xDD,0xDD,0xD1,0x10,0x00,0x00,0x00,0x00,0x00,
    0x00,0x00,0x00,0x00,0x00,0x01,0xDD,0xDD,0xDD,0xDD,0xDD,0xDD,
    0xDD,0xDD,0xDD,0xDD,0xDD,0xDD,0xD1,0x00,0x00,0x00,0x00,0x00,
    0x00,0x00,0x00,0x00,0x00,0x1D,0xDD,0xDD,0xDD,0xDD,0xDD,0xDD,
    0xDD,0xDD,0xDD,0xDD,0xDD,0xDD,0xDD,0x10,0x00,0x00,0x00,0x00,
    0x00,0x00,0x00,0x00,0x00,0x1D,0xDD,0xDD,0xDD,0xDD,0xDD,0xDD,
    0xDD,0xDD,0xDD,0xDD,0xDD,0xDD,0xDD,0x10,0x00,0x00,0x00,0x00,
    0x00,0x00,0x00,0x00,0x01,0xDD,0xDD,0xD1,0x11,0x11,0x1D,0xDD,
    0xDD,0xDD,0x11,0x11,0x11,0xDD,0xDD,0xD1,0x00,0x00,0x00,0x00,
    0x00,0x00,0x00,0x00,0x01,0xDD,0xDD,0xDD,0xDD,0xDD,0xDD,0xDD,
    0xDD,0xDD,0xDD,0xDD,0xDD,0xDD,0xDD,0xD1,0x00,0x00,0x00,0x00,
    0x00,0x00,0x00,0x00,0x01,0xDD,0xDD,0xDD,0xDD,0xDD,0xDD,0xDD,
    0x3D,0xDD,0xDD,0xDD,0xDD,0xDD,0xDD,0xD1,0x00,0x00,0x00,0x00,
    0x00,0x00,0x00,0x00,0x1D,0xDD,0xDD,0xDD,0xDD,0x33,0x33,0x33,
    0x33,0x33,0x33,0x3D,0xDD,0xDD,0xDD,0xDD,0x10,0x00,0x00,0x00,
    0x00,0x00,0x00,0x00,0x01,0xDD,0xDD,0xDD,0x33,0x33,0x33,0x33,
    0x33,0x33,0x33,0x33,0x3D,0xDD,0xDD,0xD1,0x00,0x00,0x00,0x00,
    0x00,0x00,0x00,0x00,0x01,0xDD,0xDD,0xD3,0x33,0x33,0x33,0x33,
    0x33,0x33,0x33,0x33,0x33,0xDD,0xDD,0xD1,0x00,0x00,0x00,0x00,
    0x00,0x00,0x00,0x00,0x01,0xDD,0xDD,0xD3,0x33,0x33,0x33,0x33,
    0x33,0x33,0x33,0x33,0x33,0xDD,0xDD,0xD1,0x00,0x00,0x00,0x00,
    0x00,0x00,0x00,0x00,0x00,0x1D,0xDD,0x33,0x33,0x33,0x33,0x33,
    0x33,0x33,0x33,0x33,0x33,0x3D,0xDD,0x10,0x00,0x00,0x00,0x00,
    0x00,0x00,0x00,0x00,0x00,0x1D,0xDD,0xD3,0x33,0x33,0x33,0x33,
    0x33,0x33,0x33,0x33,0x33,0xDD,0xDD,0x10,0x00,0x00,0x00,0x00,
    0x00,0x00,0x00,0x00,0x00,0x01,0xDD,0xD3,0x33,0x33,0x33,0x33,
    0x33,0x33,0x33,0x33,0x33,0xDD,0xD1,0x00,0x00,0x00,0x00,0x00,
    0x00,0x00,0x00,0x00,0x00,0x00,0x11,0xDD,0x33,0x33,0x33,0x33,
    0x33,0x33,0x33,0x33,0x3D,0xD1,0x10,0x00,0x00,0x00,0x00,0x00,
    0x00,0x00,0x00,0x00,0x00,0x00,0x00,0x1D,0xDD,0x33,0x33,0x33,
    0x33,0x33,0x33,0x3D,0xDD,0x10,0x00,0x00,0x00,0x00,0x00,0x00,
    0x00,0x00,0x00,0x00,0x00,0x00,0x00,0x01,0x11,0xDD,0xDD,0xDD,
    0x3D,0xDD,0xDD,0xD1,0x11,0x00,0x00,0x00,0x00,0x00,0x00,0x00,
    0x00,0x00,0x00,0x00,0x00,0x00,0x00,0x00,0x00,0x11,0x11,0x11,
    0xD1,0x11,0x11,0x10,0x00,0x00,0x00,0x00,0x00,0x00,0x00,0x00,
    0x00,0x00,0x00,0x00,0x00,0x00,0x00,0x00,0x00,0x00,0x00,0x00,
    0x10,0x00,0x00,0x00,0x00,0x00,0x00,0x00,0x00,0x00,0x00,0x00,
    0x00,0x00,0x00,0x00,0x00,0x00,0x00,0x00,0x00,0x00,0x00,0x00,
    0x00,0x00,0x00,0x00,0x00,0x00,0x00,0x00,0x00,0x00,0x00,0x00,
    0x00,0x00,0x00,0x00,0x00,0x00,0x00,0x00,0x00,0x00,0x00,0x00,
    0x00,0x00,0x00,0x00,0x00,0x00,0x00,0x00,0x00,0x00,0x00,0x00,
    0x00,0x00,0x00,0x00,0x00,0x00,0x00,0x00,0x00,0x00,0x00,0x00,
    0x00,0x00,0x00,0x00,0x00,0x00,0x00,0x00,0x00,0x00,0x00,0x00,
    0x00,0x00,0x00,0x00,0x00,0x00,0x00,0x00,0x00,0x00,0x00,0x00,
    0x00,0x00,0x00,0x00,0x00,0x00,0x00,0x00,0x00,0x00,0x00,0x00}},
    {"scold_growth_speed",
     {0x00,0x00,0x00,0x00,0x00,0x00,0x00,0x00,0x00,0x00,0x00,0x00,
    0x00,0x00,0x00,0x00,0x00,0x00,0x00,0x00,0x00,0x00,0x00,0x00,
    0x00,0x00,0x00,0x00,0x00,0x00,0x00,0x00,0x00,0x00,0x00,0x00,
    0x00,0x00,0x00,0x00,0x00,0x00,0x00,0x00,0x00,0x00,0x00,0x00,
    0x00,0x00,0x00,0x00,0x00,0x00,0x00,0x00,0x00,0x00,0x00,0x00,
    0x00,0x00,0x00,0x00,0x00,0x00,0x00,0x00,0x00,0x00,0x00,0x00,
    0x00,0x00,0x00,0x00,0x00,0x00,0x00,0x00,0x00,0x00,0x00,0x00,
    0x00,0x00,0x00,0x00,0x00,0x00,0x00,0x00,0x00,0x00,0x00,0x00,
    0x00,0x00,0x00,0x00,0x00,0x00,0x00,0x00,0x00,0x00,0x00,0x00,
    0x00,0x00,0x00,0x00,0x00,0x00,0x00,0x00,0x00,0x00,0x00,0x00,
    0x00,0x00,0x00,0x00,0x00,0x00,0x00,0x00,0x00,0x00,0x00,0x00,
    0x00,0x00,0x00,0x00,0x00,0x00,0x00,0x00,0x00,0x00,0x00,0x00,
    0x00,0x00,0x00,0x00,0x00,0x00,0x00,0x00,0x00,0x00,0x00,0x00,
    0x00,0x00,0x00,0x00,0x00,0x00,0x00,0x00,0x00,0x00,0x00,0x00,
    0x00,0x00,0x00,0x00,0x00,0x00,0x00,0x00,0x00,0x00,0x00,0x00,
    0x00,0x00,0x00,0x00,0x00,0x00,0x00,0x00,0x00,0x00,0x00,0x00,
    0x00,0x00,0x00,0x00,0x00,0x50,0x00,0x00,0x00,0x00,0x00,0x00,
    0x00,0x00,0x00,0x00,0x00,0x00,0x00,0x00,0x00,0x00,0x00,0x00,
    0x00,0x00,0x00,0x00,0x00,0x05,0x00,0x00,0x00,0x00,0x00,0x00,
    0x00,0x00,0x00,0x00,0x00,0x00,0x00,0x00,0x00,0x00,0x00,0x00,
    0x00,0x00,0x00,0x00,0x05,0x00,0x00,0x01,0x00,0x00,0x00,0x00,
    0x00,0x00,0x00,0x00,0x01,0x00,0x00,0x00,0x00,0x00,0x00,0x00,
    0x00,0x00,0x00,0x00,0x00,0x00,0x50,0x1D,0x10,0x00,0x00,0x00,
    0x00,0x00,0x00,0x00,0x1D,0x10,0x00,0x00,0x00,0x00,0x00,0x00,
    0x00,0x00,0x00,0x00,0x00,0x50,0x01,0xD5,0xD1,0x00,0x00,0x00,
    0x10,0x00,0x00,0x01,0xD5,0xD1,0x00,0x00,0x00,0x00,0x00,0x00,
    0x00,0x00,0x00,0x00,0x00,0x00,0x01,0xD5,0xD1,0x00,0x11,0x11,
    0xD1,0x11,0x10,0x01,0xD5,0xD1,0x00,0x00,0x00,0x00,0x00,0x00,
    0x00,0x00,0x00,0x00,0x00,0x00,0x1D,0x55,0x5D,0x11,0xDD,0xDD,
    0xDD,0xDD,0xD1,0x1D,0x55,0x5D,0x10,0x00,0x00,0x00,0x00,0x00,
    0x00,0x00,0x00,0x00,0x00,0x00,0x01,0xD5,0xDD,0xDD,0xDD,0xDD,
    0xDD,0xDD,0xDD,0xDD,0xD5,0xD1,0x00,0x00,0x00,0x00,0x00,0x00,
    0x00,0x00,0x00,0x00,0x00,0x00,0x01,0xD5,0xDD,0xDD,0xDD,0xDD,
    0xDD,0xDD,0xDD,0xDD,0xD5,0xD1,0x00,0x00,0x00,0x00,0x00,0x00,
    0x00,0x00,0x00,0x00,0x00,0x00,0x00,0x1D,0xDD,0xDD,0xDD,0xDD,
    0xDD,0xDD,0xDD,0xDD,0xDD,0x10,0x00,0x00,0x00,0x00,0x00,0x00,
    0x00,0x00,0x00,0x00,0x00,0x00,0x00,0x1D,0xDD,0xDD,0xDD,0xDD,
    0xDD,0xDD,0xDD,0xDD,0xDD,0x10,0x00,0x00,0x00,0x00,0x00,0x00,
    0x00,0x00,0x00,0x00,0x00,0x00,0x01,0xDD,0xDD,0xDD,0xDD,0xDD,
    0xDD,0xDD,0xDD,0xDD,0xDD,0xD1,0x00,0x00,0x00,0x00,0x00,0x00,
    0x00,0x00,0x00,0x00,0x00,0x00,0x01,0xDD,0xDD,0xDD,0xDD,0xDD,
    0xDD,0xDD,0xDD,0xDD,0xDD,0xD1,0x00,0x00,0x00,0x00,0x00,0x00,
    0x00,0x00,0x00,0x00,0x00,0x00,0x1D,0xDD,0xDD,0xDD,0xDD,0xDD,
    0xDD,0xDD,0xDD,0xDD,0xDD,0xDD,0x10,0x00,0x00,0x00,0x00,0x00,
    0x00,0x00,0x00,0x00,0x00,0x00,0x1D,0xDD,0xDD,0x1D,0xDD,0xDD,
    0xDD,0xDD,0xDD,0x1D,0xDD,0xDD,0x10,0x00,0x00,0x00,0x00,0x00,
    0x00,0x00,0x00,0x00,0x00,0x00,0x1D,0xDD,0xD1,0x11,0xDD,0xDD,
    0xDD,0xDD,0xD1,0x11,0xDD,0xDD,0x10,0x00,0x00,0x00,0x00,0x00,
    0x00,0x00,0x00,0x00,0x00,0x00,0x1D,0xDD,0xD1,0x21,0xDD,0xDD,
    0xDD,0xDD,0xD1,0x21,0xDD,0xDD,0x10,0x00,0x00,0x00,0x00,0x00,
    0x00,0x00,0x00,0x00,0x00,0x00,0x1D,0xDD,0x11,0x11,0x1D,0xDD,
    0x3D,0xDD,0x11,0x11,0x1D,0xDD,0x10,0x00,0x00,0x00,0x00,0x00,
    0x00,0x00,0x00,0x00,0x00,0x01,0xDD,0xDD,0xD1,0x11,0x33,0x33,
    0x33,0x33,0x31,0x11,0xDD,0xDD,0xD1,0x00,0x00,0x00,0x00,0x00,
    0x00,0x00,0x00,0x00,0x00,0x00,0x1D,0xDD,0xD1,0x11,0x33,0x33,
    0x33,0x33,0x31,0x11,0xDD,0xDD,0x10,0x00,0x00,0x00,0x00,0x00,
    0x00,0x00,0x00,0x00,0x00,0x00,0x1D,0xDD,0xDD,0x13,0x33,0x33,
    0x33,0x33,0x33,0x1D,0xDD,0xDD,0x10,0x00,0x00,0x00,0x00,0x00,
    0x00,0x00,0x00,0x00,0x00,0x00,0x1D,0xDD,0xD3,0x63,0x33,0x33,
    0x33,0x33,0x33,0x63,0xDD,0xDD,0x10,0x00,0x00,0x00,0x00,0x00,
    0x00,0x00,0x00,0x00,0x00,0x00,0x1D,0xDD,0xD3,0x63,0x33,0x33,
    0x33,0x33,0x33,0x63,0xDD,0xDD,0x10,0x00,0x00,0x00,0x00,0x00,
    0x00,0x00,0x00,0x00,0x00,0x00,0x1D,0xDD,0x33,0x33,0x33,0x31,
    0x31,0x33,0x33,0x33,0x3D,0xDD,0x10,0x00,0x00,0x00,0x00,0x00,
    0x00,0x00,0x00,0x00,0x00,0x00,0x01,0xDD,0xD3,0x33,0x33,0x13,
    0x13,0x13,0x33,0x33,0xDD,0xD1,0x00,0x00,0x00,0x00,0x00,0x00,
    0x00,0x00,0x00,0x00,0x00,0x00,0x01,0xDD,0xD3,0x33,0x33,0x33,
    0x33,0x33,0x33,0x33,0xDD,0xD1,0x00,0x00,0x00,0x00,0x00,0x00,
    0x00,0x00,0x00,0x00,0x00,0x00,0x00,0x1D,0xDD,0x33,0x33,0x33,
    0x33,0x33,0x33,0x3D,0xDD,0x10,0x00,0x00,0x00,0x00,0x00,0x00,
    0x00,0x00,0x00,0x00,0x00,0x00,0x00,0x01,0xDD,0xD3,0x33,0x33,
    0x33,0x33,0x33,0xDD,0xD1,0x00,0x00,0x00,0x00,0x00,0x00,0x00,
    0x00,0x00,0x00,0x00,0x00,0x00,0x00,0x01,0xDD,0xDD,0x33,0x33,
    0x33,0x33,0x3D,0xDD,0xD1,0x00,0x00,0x00,0x00,0x00,0x00,0x00,
    0x00,0x00,0x00,0x00,0x00,0x00,0x00,0x00,0x11,0xDD,0xDD,0xDD,
    0x3D,0xDD,0xDD,0xD1,0x10,0x00,0x00,0x00,0x00,0x00,0x00,0x00,
    0x00,0x00,0x00,0x00,0x00,0x00,0x00,0x00,0x00,0x1D,0xDD,0xDD,
    0xDD,0xDD,0xDD,0x10,0x00,0x00,0x00,0x00,0x00,0x00,0x00,0x00,
    0x00,0x00,0x00,0x00,0x00,0x00,0x00,0x00,0x00,0x01,0xDD,0x11,
    0xD1,0x1D,0xD1,0x00,0x00,0x00,0x00,0x00,0x00,0x00,0x00,0x00,
    0x00,0x00,0x00,0x00,0x00,0x00,0x00,0x00,0x01,0x1D,0xD1,0x00,
    0x10,0x01,0xDD,0x11,0x00,0x00,0x00,0x00,0x00,0x00,0x00,0x00,
    0x00,0x00,0x00,0x00,0x00,0x00,0x00,0x00,0x1D,0xDD,0xDD,0x10,
    0x00,0x1D,0xDD,0xDD,0x10,0x00,0x00,0x00,0x00,0x00,0x00,0x00,
    0x00,0x00,0x00,0x00,0x00,0x00,0x00,0x00,0x01,0x1D,0x11,0x00,
    0x00,0x01,0x1D,0x11,0x00,0x00,0x00,0x00,0x00,0x00,0x00,0x00,
    0x00,0x00,0x00,0x00,0x00,0x00,0x00,0x00,0x00,0x01,0x00,0x00,
    0x00,0x00,0x01,0x00,0x00,0x00,0x00,0x00,0x00,0x00,0x00,0x00,
    0x00,0x00,0x00,0x00,0x00,0x00,0x00,0x00,0x00,0x00,0x00,0x00,
    0x00,0x00,0x00,0x00,0x00,0x00,0x00,0x00,0x00,0x00,0x00,0x00,
    0x00,0x00,0x00,0x00,0x00,0x00,0x00,0x00,0x00,0x00,0x00,0x00,
    0x00,0x00,0x00,0x00,0x00,0x00,0x00,0x00,0x00,0x00,0x00,0x00,
    0x00,0x00,0x00,0x00,0x00,0x00,0x00,0x00,0x00,0x00,0x00,0x00,
    0x00,0x00,0x00,0x00,0x00,0x00,0x00,0x00,0x00,0x00,0x00,0x00,
    0x00,0x00,0x00,0x00,0x00,0x00,0x00,0x00,0x00,0x00,0x00,0x00,
    0x00,0x00,0x00,0x00,0x00,0x00,0x00,0x00,0x00,0x00,0x00,0x00}},
    {"sick_growth_speed",
     {0x00,0x00,0x00,0x00,0x00,0x00,0x00,0x00,0x00,0x00,0x00,0x00,
    0x00,0x00,0x00,0x00,0x00,0x00,0x00,0x00,0x00,0x00,0x00,0x00,
    0x00,0x00,0x00,0x00,0x00,0x00,0x00,0x00,0x00,0x00,0x00,0x00,
    0x00,0x00,0x00,0x00,0x00,0x00,0x00,0x00,0x00,0x00,0x00,0x00,
    0x00,0x00,0x00,0x00,0x00,0x00,0x00,0x00,0x00,0x00,0x00,0x00,
    0x00,0x00,0x00,0x00,0x00,0x00,0x00,0x00,0x00,0x00,0x00,0x00,
    0x00,0x00,0x00,0x00,0x00,0x00,0x00,0x00,0x00,0x00,0x00,0x00,
    0x00,0x00,0x00,0x00,0x00,0x00,0x00,0x00,0x00,0x00,0x00,0x00,
    0x00,0x00,0x00,0x00,0x00,0x00,0x00,0x00,0x00,0x00,0x00,0x00,
    0x00,0x00,0x00,0x00,0x00,0x00,0x00,0x00,0x00,0x00,0x00,0x00,
    0x00,0x00,0x00,0x00,0x00,0x00,0x00,0x00,0x00,0x00,0x00,0x00,
    0x00,0x00,0x00,0x00,0x00,0x00,0x00,0x00,0x00,0x00,0x00,0x00,
    0x00,0x00,0x00,0x00,0x00,0x00,0x00,0x00,0x00,0x00,0x00,0x00,
    0x00,0x00,0x00,0x00,0x00,0x00,0x00,0x00,0x00,0x00,0x00,0x00,
    0x00,0x00,0x00,0x00,0x00,0x00,0x00,0x00,0x00,0x00,0x00,0x00,
    0x00,0x00,0x00,0x00,0x00,0x00,0x00,0x00,0x00,0x00,0x00,0x00,
    0x00,0x00,0x00,0x00,0x00,0x00,0x00,0x00,0x00,0x00,0x00,0x00,
    0x00,0x00,0x00,0x00,0x00,0x00,0x00,0x00,0x00,0x00,0x00,0x00,
    0x00,0x00,0x00,0x00,0x00,0x00,0x00,0x00,0x00,0x00,0x00,0x00,
    0x00,0x00,0x00,0x00,0x00,0x00,0x00,0x00,0x00,0x00,0x00,0x00,
    0x00,0x00,0x00,0x00,0x00,0x00,0x00,0x01,0x00,0x00,0x00,0x00,
    0x00,0x00,0x00,0x00,0x01,0x00,0x00,0x00,0x00,0x00,0x00,0x00,
    0x00,0x00,0x00,0x00,0x00,0x00,0x00,0x1D,0x10,0x00,0x00,0x00,
    0x00,0x00,0x00,0x00,0x1D,0x10,0x00,0x00,0x00,0x00,0x00,0x00,
    0x00,0x00,0x00,0x00,0x00,0x00,0x01,0xD5,0xD1,0x00,0x00,0x00,
    0x10,0x00,0x00,0x01,0xD5,0xD1,0x00,0x00,0x00,0x00,0x00,0x00,
    0x00,0x00,0x00,0x00,0x00,0x00,0x01,0xD5,0xD1,0x00,0x11,0x11,
    0xD1,0x11,0x10,0x01,0xD5,0xD1,0x00,0x00,0x00,0x00,0x00,0x00,
    0x00,0x00,0x00,0x00,0x00,0x00,0x1D,0x55,0x5D,0x11,0xDD,0xDD,
    0xDD,0xDD,0xD1,0x1D,0x55,0x5D,0x10,0x00,0x00,0x00,0x00,0x00,
    0x00,0x00,0x00,0x00,0x00,0x00,0x01,0xD5,0xDD,0xDD,0xDD,0xDD,
    0xDD,0xDD,0xDD,0xDD,0xD5,0xD1,0x00,0x00,0x00,0x00,0x00,0x00,
    0x00,0x00,0x00,0x00,0x00,0x00,0x01,0xD5,0xDD,0xDD,0xDD,0xDD,
    0xDD,0xDD,0xDD,0xDD,0xD5,0xD6,0x00,0x00,0x00,0x00,0x00,0x00,
    0x00,0x00,0x00,0x00,0x00,0x00,0x00,0x1D,0xDD,0xDD,0xDD,0xDD,
    0xDD,0xDD,0xDD,0xDD,0xDD,0x10,0x60,0x00,0x00,0x00,0x00,0x00,
    0x00,0x00,0x00,0x00,0x00,0x00,0x00,0x1D,0xDD,0xDD,0xDD,0xDD,
    0xDD,0xDD,0xDD,0xDD,0xDD,0x16,0x00,0x00,0x00,0x00,0x00,0x00,
    0x00,0x00,0x00,0x00,0x00,0x00,0x01,0xDD,0x1D,0xDD,0xDD,0xDD,
    0xDD,0xDD,0x1D,0xDD,0xDD,0xD1,0x00,0x00,0x00,0x00,0x00,0x00,
    0x00,0x00,0x00,0x00,0x00,0x00,0x01,0xDD,0xD1,0xDD,0xDD,0xDD,
    0xDD,0xDD,0xD1,0xDD,0xDD,0xD1,0x00,0x00,0x00,0x00,0x00,0x00,
    0x00,0x00,0x00,0x00,0x00,0x00,0x1D,0xDD,0xDD,0x1D,0x1D,0xDD,
    0xDD,0xDD,0xDD,0x1D,0x1D,0xDD,0x10,0x00,0x00,0x00,0x00,0x00,
    0x00,0x00,0x00,0x00,0x00,0x00,0x1D,0xDD,0xDD,0xD1,0xDD,0xDD,
    0xDD,0xDD,0xDD,0xD1,0xDD,0xDD,0x10,0x00,0x00,0x00,0x00,0x00,
    0x00,0x00,0x00,0x00,0x00,0x00,0x1D,0xDD,0xDD,0x1D,0x1D,0xDD,
    0xDD,0xDD,0xDD,0x1D,0x1D,0xDD,0x10,0x00,0x00,0x00,0x00,0x00,
    0x00,0x00,0x00,0x00,0x00,0x00,0x1D,0xDD,0xD1,0xDD,0xDD,0xDD,
    0xDD,0xDD,0xD1,0xDD,0xDD,0xDD,0x10,0x00,0x00,0x00,0x00,0x00,
    0x00,0x00,0x00,0x00,0x00,0x00,0x1D,0xDD,0x1D,0xDD,0xDD,0xDD,
    0x3D,0xDD,0x1D,0xDD,0xDD,0xDD,0x10,0x00,0x00,0x00,0x00,0x00,
    0x00,0x00,0x00,0x00,0x22,0x01,0xDD,0xDD,0xDD,0xDD,0x33,0x33,
    0x33,0x33,0x3D,0xDD,0xDD,0xDD,0xD1,0x00,0x00,0x00,0x00,0x00,
    0x00,0x00,0x00,0x00,0x22,0x00,0x1D,0xDD,0xDD,0xD3,0x33,0x33,
    0x33,0x33,0x33,0xDD,0xDD,0xDD,0x10,0x00,0x00,0x00,0x00,0x00,
    0x00,0x00,0x00,0x00,0x22,0x00,0x1D,0xDD,0xDD,0x33,0x33,0x33,
    0x33,0x33,0x33,0x3D,0xDD,0xDD,0x10,0x00,0x00,0x00,0x00,0x00,
    0x00,0x00,0x00,0x00,0x22,0x00,0x1D,0xDD,0xD3,0x33,0x33,0x13,
    0x13,0x13,0x33,0x33,0xDD,0xDD,0x10,0x00,0x00,0x00,0x00,0x00,
    0x00,0x00,0x00,0x00,0x22,0x00,0x1D,0xDD,0xD3,0x33,0x33,0x31,
    0x31,0x33,0x33,0x33,0xDD,0xDD,0x10,0x00,0x00,0x00,0x00,0x00,
    0x00,0x00,0x00,0x00,0x22,0x00,0x1D,0xDD,0x33,0x33,0x33,0x33,
    0x33,0x33,0x33,0x33,0x3D,0xDD,0x10,0x00,0x00,0x00,0x00,0x00,
    0x00,0x00,0x00,0x00,0x22,0x00,0x01,0xDD,0xD3,0x33,0x33,0x33,
    0x33,0x33,0x33,0x33,0xDD,0xD1,0x00,0x00,0x00,0x00,0x00,0x00,
    0x00,0x00,0x00,0x00,0x22,0x00,0x01,0xDD,0xD3,0x33,0x33,0x33,
    0x33,0x33,0x33,0x33,0xDD,0xD1,0x00,0x00,0x00,0x00,0x00,0x00,
    0x00,0x00,0x00,0x00,0x22,0x00,0x00,0x1D,0xDD,0x33,0x33,0x33,
    0x33,0x33,0x33,0x3D,0xDD,0x10,0x00,0x00,0x00,0x00,0x00,0x00,
    0x00,0x00,0x00,0x00,0x22,0x00,0x00,0x01,0xDD,0xD3,0x33,0x33,
    0x33,0x33,0x33,0xDD,0xD1,0x00,0x00,0x00,0x00,0x00,0x00,0x00,
    0x00,0x00,0x00,0x00,0x22,0x00,0x00,0x01,0xDD,0xDD,0x33,0x33,
    0x33,0x33,0x3D,0xDD,0xD1,0x00,0x00,0x00,0x00,0x00,0x00,0x00,
    0x00,0x00,0x00,0x00,0x22,0x00,0x00,0x00,0x11,0xDD,0xDD,0xDD,
    0x3D,0xDD,0xDD,0xD1,0x10,0x00,0x00,0x00,0x00,0x00,0x00,0x00,
    0x00,0x00,0x00,0x00,0x52,0x00,0x00,0x00,0x00,0x1D,0xDD,0xDD,
    0xDD,0xDD,0xDD,0x10,0x00,0x00,0x00,0x00,0x00,0x00,0x00,0x00,
    0x00,0x00,0x00,0x05,0x55,0x00,0x00,0x00,0x00,0x01,0xDD,0x11,
    0xD1,0x1D,0xD1,0x00,0x00,0x00,0x00,0x00,0x00,0x00,0x00,0x00,
    0x00,0x00,0x00,0x55,0x55,0x50,0x00,0x00,0x01,0x1D,0xD1,0x00,
    0x10,0x01,0xDD,0x11,0x00,0x00,0x00,0x00,0x00,0x00,0x00,0x00,
    0x00,0x00,0x00,0x05,0x55,0x00,0x00,0x00,0x1D,0xDD,0xDD,0x10,
    0x00,0x1D,0xDD,0xDD,0x10,0x00,0x00,0x00,0x00,0x00,0x00,0x00,
    0x00,0x00,0x00,0x00,0x50,0x00,0x00,0x00,0x01,0x1D,0x11,0x00,
    0x00,0x01,0x1D,0x11,0x00,0x00,0x00,0x00,0x00,0x00,0x00,0x00,
    0x00,0x00,0x00,0x00,0x00,0x00,0x00,0x00,0x00,0x01,0x00,0x00,
    0x00,0x00,0x01,0x00,0x00,0x00,0x00,0x00,0x00,0x00,0x00,0x00,
    0x00,0x00,0x00,0x00,0x00,0x00,0x00,0x00,0x00,0x00,0x00,0x00,
    0x00,0x00,0x00,0x00,0x00,0x00,0x00,0x00,0x00,0x00,0x00,0x00,
    0x00,0x00,0x00,0x00,0x00,0x00,0x00,0x00,0x00,0x00,0x00,0x00,
    0x00,0x00,0x00,0x00,0x00,0x00,0x00,0x00,0x00,0x00,0x00,0x00,
    0x00,0x00,0x00,0x00,0x00,0x00,0x00,0x00,0x00,0x00,0x00,0x00,
    0x00,0x00,0x00,0x00,0x00,0x00,0x00,0x00,0x00,0x00,0x00,0x00,
    0x00,0x00,0x00,0x00,0x00,0x00,0x00,0x00,0x00,0x00,0x00,0x00,
    0x00,0x00,0x00,0x00,0x00,0x00,0x00,0x00,0x00,0x00,0x00,0x00}},
    {"happy_mature_force",
     {0x00,0x00,0x00,0x00,0x00,0x00,0x00,0x00,0x00,0x00,0x00,0x00,
    0x00,0x00,0x00,0x00,0x00,0x00,0x00,0x00,0x00,0x00,0x00,0x00,
    0x00,0x00,0x00,0x00,0x00,0x00,0x00,0x00,0x00,0x00,0x00,0x00,
    0x00,0x00,0x00,0x00,0x00,0x00,0x00,0x00,0x00,0x00,0x00,0x00,
    0x00,0x00,0x00,0x00,0x00,0x00,0x00,0x00,0x00,0x00,0x00,0x00,
    0x00,0x00,0x00,0x00,0x00,0x00,0x00,0x00,0x00,0x00,0x00,0x00,
    0x00,0x00,0x00,0x00,0x00,0x00,0x00,0x00,0x00,0x00,0x00,0x00,
    0x00,0x00,0x00,0x00,0x00,0x00,0x00,0x00,0x00,0x00,0x10,0x00,
    0x00,0x00,0x00,0x00,0x00,0x00,0x00,0x00,0x00,0x00,0x00,0x00,
    0x00,0x00,0x00,0x00,0x00,0x00,0x00,0x00,0x00,0x01,0x00,0x00,
    0x00,0x00,0x00,0x00,0x00,0x00,0x00,0x00,0x00,0x00,0x00,0x00,
    0x00,0x00,0x00,0x00,0x00,0x00,0x00,0x00,0x00,0x01,0x00,0x00,
    0x00,0x00,0x00,0x00,0x00,0x00,0x00,0x01,0x00,0x00,0x00,0x00,
    0x00,0x00,0x00,0x00,0x01,0x00,0x00,0x00,0x00,0x11,0x00,0x00,
    0x00,0x00,0x00,0x00,0x00,0x00,0x00,0x19,0x10,0x00,0x00,0x00,
    0x00,0x00,0x00,0x00,0x19,0x10,0x00,0x00,0x11,0x00,0x00,0x00,
    0x00,0x00,0x00,0x00,0x10,0x00,0x01,0x99,0x91,0x00,0x00,0x00,
    0x10,0x00,0x00,0x01,0x99,0x91,0x00,0x00,0x10,0x00,0x00,0x00,
    0x00,0x00,0x00,0x01,0x91,0x00,0x01,0x99,0x91,0x00,0x11,0x11,
    0x91,0x11,0x10,0x01,0x99,0x91,0x00,0x01,0x91,0x00,0x00,0x00,
    0x00,0x00,0x00,0x19,0x99,0x10,0x19,0x99,0x99,0x11,0x99,0x99,
    0x99,0x99,0x91,0x19,0x99,0x99,0x10,0x19,0x99,0x10,0x00,0x00,
    0x00,0x00,0x00,0x19,0x99,0x10,0x01,0x99,0x99,0x99,0x99,0x99,
    0x99,0x99,0x99,0x99,0x99,0x91,0x00,0x19,0x99,0x10,0x00,0x00,
    0x00,0x00,0x01,0x99,0x99,0x91,0x01,0x99,0x99,0x99,0x99,0x99,
    0x99,0x99,0x99,0x99,0x99,0x91,0x01,0x99,0x99,0x91,0x00,0x00,
    0x00,0x00,0x00,0x19,0x99,0x10,0x00,0x19,0x99,0x99,0x99,0x99,
    0x99,0x99,0x99,0x99,0x99,0x10,0x00,0x19,0x99,0x10,0x00,0x00,
    0x00,0x00,0x00,0x19,0x99,0x10,0x00,0x19,0x99,0x99,0x99,0x99,
    0x99,0x99,0x99,0x99,0x99,0x10,0x00,0x19,0x99,0x10,0x00,0x00,
    0x00,0x00,0x00,0x01,0x91,0x00,0x01,0x99,0x99,0x99,0x99,0x99,
    0x99,0x99,0x99,0x99,0x99,0x91,0x00,0x01,0x91,0x00,0x00,0x00,
    0x00,0x00,0x00,0x00,0x10,0x00,0x01,0x99,0x99,0x99,0x99,0x99,
    0x99,0x99,0x99,0x99,0x99,0x91,0x00,0x00,0x10,0x00,0x00,0x00,
    0x00,0x00,0x00,0x00,0x00,0x00,0x19,0x99,0x99,0x99,0x99,0x99,
    0x99,0x99,0x99,0x99,0x99,0x99,0x10,0x00,0x00,0x00,0x00,0x00,
    0x00,0x00,0x00,0x00,0x00,0x00,0x19,0x99,0x91,0x19,0x99,0x99,
    0x99,0x99,0x91,0x19,0x99,0x99,0x10,0x00,0x00,0x00,0x00,0x00,
    0x00,0x00,0x00,0x00,0x00,0x00,0x19,0x99,0x19,0x91,0x99,0x99,
    0x99,0x99,0x19,0x91,0x99,0x99,0x10,0x00,0x00,0x00,0x00,0x00,
    0x00,0x00,0x00,0x00,0x00,0x00,0x19,0x99,0x99,0x99,0x99,0x99,
    0x99,0x99,0x99,0x99,0x99,0x99,0x10,0x00,0x00,0x00,0x00,0x00,
    0x00,0x00,0x00,0x00,0x00,0x00,0x19,0x99,0x99,0x99,0x99,0x99,
    0x39,0x99,0x99,0x99,0x99,0x99,0x10,0x00,0x00,0x00,0x00,0x00,
    0x00,0x00,0x00,0x00,0x00,0x01,0x99,0x59,0x99,0x99,0x33,0x33,
    0x13,0x33,0x39,0x99,0x99,0x59,0x91,0x00,0x00,0x00,0x00,0x00,
    0x00,0x00,0x00,0x00,0x00,0x00,0x15,0x55,0x59,0x93,0x33,0x11,
    0x11,0x13,0x33,0x99,0x55,0x55,0x10,0x00,0x00,0x00,0x00,0x00,
    0x00,0x00,0x00,0x00,0x00,0x01,0x55,0x55,0x55,0x33,0x31,0x11,
    0x11,0x11,0x33,0x35,0x55,0x55,0x51,0x00,0x00,0x00,0x00,0x00,
    0x00,0x00,0x00,0x00,0x00,0x00,0x15,0x55,0x53,0x33,0x33,0x11,
    0x11,0x13,0x33,0x33,0x55,0x55,0x10,0x00,0x00,0x00,0x00,0x00,
    0x00,0x00,0x00,0x00,0x00,0x00,0x19,0x59,0x93,0x33,0x33,0x33,
    0x13,0x33,0x33,0x33,0x99,0x59,0x10,0x00,0x00,0x00,0x00,0x00,
    0x00,0x00,0x00,0x00,0x00,0x00,0x19,0x99,0x33,0x33,0x33,0x33,
    0x33,0x33,0x33,0x33,0x39,0x99,0x10,0x00,0x00,0x00,0x00,0x00,
    0x00,0x00,0x00,0x00,0x00,0x00,0x01,0x99,0x93,0x33,0x33,0x33,
    0x33,0x33,0x33,0x33,0x99,0x91,0x00,0x00,0x00,0x00,0x00,0x00,
    0x00,0x00,0x00,0x00,0x00,0x00,0x01,0x99,0x93,0x33,0x33,0x33,
    0x33,0x33,0x33,0x33,0x99,0x91,0x00,0x00,0x00,0x00,0x00,0x00,
    0x00,0x00,0x00,0x00,0x00,0x00,0x00,0x19,0x99,0x33,0x33,0x33,
    0x33,0x33,0x33,0x39,0x99,0x10,0x00,0x00,0x00,0x00,0x00,0x00,
    0x00,0x00,0x00,0x00,0x00,0x00,0x00,0x01,0x99,0x93,0x33,0x33,
    0x33,0x33,0x33,0x99,0x91,0x00,0x00,0x00,0x00,0x00,0x00,0x00,
    0x00,0x00,0x00,0x00,0x00,0x00,0x00,0x01,0x99,0x99,0x33,0x33,
    0x33,0x33,0x39,0x99,0x91,0x00,0x00,0x00,0x00,0x00,0x00,0x00,
    0x00,0x00,0x00,0x00,0x00,0x00,0x00,0x00,0x11,0x99,0x99,0x99,
    0x39,0x99,0x99,0x91,0x10,0x00,0x00,0x00,0x00,0x00,0x00,0x00,
    0x00,0x00,0x00,0x00,0x00,0x00,0x00,0x00,0x00,0x11,0x99,0x99,
    0x99,0x99,0x91,0x10,0x00,0x00,0x00,0x00,0x00,0x00,0x00,0x00,
    0x00,0x00,0x00,0x00,0x00,0x00,0x00,0x00,0x00,0x00,0x11,0x11,
    0x91,0x11,0x10,0x00,0x00,0x00,0x00,0x00,0x00,0x00,0x00,0x00,
    0x00,0x00,0x00,0x00,0x00,0x00,0x00,0x00,0x00,0x00,0x00,0x00,
    0x10,0x00,0x00,0x00,0x00,0x00,0x00,0x00,0x00,0x00,0x00,0x00,
    0x00,0x00,0x00,0x00,0x00,0x00,0x00,0x00,0x00,0x01,0x00,0x00,
    0x00,0x00,0x01,0x00,0x00,0x00,0x00,0x00,0x00,0x00,0x00,0x00,
    0x00,0x00,0x00,0x00,0x00,0x00,0x00,0x00,0x01,0x19,0x11,0x00,
    0x00,0x01,0x19,0x11,0x00,0x00,0x00,0x00,0x00,0x00,0x00,0x00,
    0x00,0x00,0x00,0x00,0x00,0x00,0x00,0x00,0x19,0x99,0x99,0x10,
    0x00,0x19,0x99,0x99,0x10,0x00,0x00,0x00,0x00,0x00,0x00,0x00,
    0x00,0x00,0x00,0x00,0x00,0x00,0x00,0x00,0x01,0x19,0x11,0x00,
    0x00,0x01,0x19,0x11,0x00,0x00,0x00,0x00,0x00,0x00,0x00,0x00,
    0x00,0x00,0x00,0x00,0x00,0x00,0x00,0x00,0x00,0x01,0x00,0x00,
    0x00,0x00,0x01,0x00,0x00,0x00,0x00,0x00,0x00,0x00,0x00,0x00,
    0x00,0x00,0x00,0x00,0x00,0x00,0x00,0x00,0x00,0x00,0x00,0x00,
    0x00,0x00,0x00,0x00,0x00,0x00,0x00,0x00,0x00,0x00,0x00,0x00,
    0x00,0x00,0x00,0x00,0x00,0x00,0x00,0x00,0x00,0x00,0x00,0x00,
    0x00,0x00,0x00,0x00,0x00,0x00,0x00,0x00,0x00,0x00,0x00,0x00,
    0x00,0x00,0x00,0x00,0x00,0x00,0x00,0x00,0x00,0x00,0x00,0x00,
    0x00,0x00,0x00,0x00,0x00,0x00,0x00,0x00,0x00,0x00,0x00,0x00,
    0x00,0x00,0x00,0x00,0x00,0x00,0x00,0x00,0x00,0x00,0x00,0x00,
    0x00,0x00,0x00,0x00,0x00,0x00,0x00,0x00,0x00,0x00,0x00,0x00,
    0x00,0x00,0x00,0x00,0x00,0x00,0x00,0x00,0x00,0x00,0x00,0x00,
    0x00,0x00,0x00,0x00,0x00,0x00,0x00,0x00,0x00,0x00,0x00,0x00,
    0x00,0x00,0x00,0x00,0x00,0x00,0x00,0x00,0x00,0x00,0x00,0x00,
    0x00,0x00,0x00,0x00,0x00,0x00,0x00,0x00,0x00,0x00,0x00,0x00}},
    {"eat_mature_force",
     {0x00,0x00,0x00,0x00,0x00,0x00,0x00,0x00,0x00,0x00,0x00,0x00,
    0x00,0x00,0x00,0x00,0x00,0x00,0x00,0x00,0x00,0x00,0x00,0x00,
    0x00,0x00,0x00,0x00,0x00,0x00,0x00,0x00,0x00,0x00,0x00,0x00,
    0x00,0x00,0x00,0x00,0x00,0x00,0x00,0x00,0x00,0x00,0x00,0x00,
    0x00,0x00,0x00,0x00,0x00,0x00,0x00,0x00,0x00,0x00,0x00,0x00,
    0x00,0x00,0x00,0x00,0x00,0x00,0x00,0x00,0x00,0x00,0x00,0x00,
    0x00,0x00,0x00,0x00,0x00,0x00,0x00,0x00,0x00,0x00,0x00,0x00,
    0x00,0x00,0x00,0x00,0x00,0x00,0x00,0x00,0x00,0x00,0x00,0x00,
    0x00,0x00,0x00,0x00,0x00,0x00,0x00,0x00,0x00,0x00,0x00,0x00,
    0x00,0x00,0x00,0x00,0x00,0x00,0x00,0x00,0x00,0x00,0x00,0x00,
    0x00,0x00,0x00,0x00,0x00,0x00,0x00,0x00,0x00,0x00,0x00,0x00,
    0x00,0x00,0x00,0x00,0x00,0x00,0x00,0x00,0x00,0x00,0x00,0x00,
    0x00,0x00,0x00,0x00,0x00,0x00,0x00,0x00,0x00,0x00,0x00,0x00,
    0x00,0x00,0x00,0x00,0x00,0x00,0x00,0x00,0x00,0x00,0x00,0x00,
    0x00,0x00,0x00,0x00,0x00,0x00,0x00,0x00,0x00,0x00,0x00,0x00,
    0x00,0x00,0x00,0x00,0x00,0x00,0x00,0x00,0x00,0x00,0x00,0x00,
    0x00,0x00,0x00,0x00,0x00,0x00,0x00,0x00,0x00,0x00,0x00,0x00,
    0x00,0x00,0x00,0x00,0x00,0x00,0x00,0x00,0x00,0x00,0x00,0x00,
    0x00,0x00,0x00,0x00,0x00,0x00,0x00,0x00,0x00,0x00,0x00,0x00,
    0x00,0x00,0x00,0x00,0x00,0x00,0x00,0x00,0x00,0x00,0x00,0x00,
    0x00,0x00,0x00,0x00,0x00,0x00,0x00,0x01,0x00,0x00,0x00,0x00,
    0x00,0x00,0x00,0x00,0x01,0x00,0x00,0x00,0x00,0x00,0x00,0x00,
    0x00,0x00,0x00,0x00,0x00,0x00,0x00,0x19,0x10,0x00,0x00,0x00,
    0x00,0x00,0x00,0x00,0x19,0x10,0x00,0x00,0x00,0x00,0x00,0x00,
    0x00,0x00,0x00,0x00,0x00,0x00,0x01,0x95,0x91,0x00,0x00,0x00,
    0x10,0x00,0x00,0x01,0x95,0x91,0x00,0x00,0x00,0x00,0x00,0x00,
    0x00,0x00,0x00,0x00,0x00,0x00,0x01,0x95,0x91,0x00,0x11,0x11,
    0x91,0x11,0x10,0x01,0x95,0x91,0x00,0x00,0x00,0x00,0x00,0x00,
    0x00,0x00,0x00,0x00,0x00,0x00,0x19,0x55,0x59,0x11,0x99,0x99,
    0x99,0x99,0x91,0x19,0x55,0x59,0x10,0x00,0x00,0x00,0x00,0x00,
    0x00,0x00,0x00,0x00,0x00,0x00,0x01,0x95,0x99,0x99,0x99,0x99,
    0x99,0x99,0x99,0x99,0x95,0x91,0x00,0x00,0x01,0x00,0x00,0x00,
    0x00,0x00,0x00,0x00,0x00,0x00,0x01,0x95,0x99,0x99,0x99,0x99,
    0x99,0x99,0x99,0x99,0x95,0x91,0x00,0x00,0x00,0x00,0x00,0x00,
    0x00,0x00,0x00,0x00,0x00,0x00,0x00,0x19,0x99,0x99,0x99,0x99,
    0x99,0x99,0x99,0x99,0x99,0x10,0x00,0x00,0x00,0x00,0x00,0x00,
    0x00,0x00,0x00,0x00,0x00,0x00,0x00,0x19,0x99,0x99,0x99,0x99,
    0x99,0x99,0x99,0x99,0x99,0x10,0x00,0x00,0x11,0x10,0x00,0x00,
    0x00,0x00,0x00,0x00,0x00,0x00,0x01,0x99,0x99,0x99,0x99,0x99,
    0x99,0x99,0x99,0x99,0x99,0x91,0x00,0x01,0x33,0x31,0x00,0x00,
    0x00,0x00,0x00,0x00,0x00,0x00,0x01,0x99,0x91,0x19,0x99,0x99,
    0x99,0x99,0x91,0x19,0x99,0x91,0x00,0x13,0x33,0x33,0x10,0x00,
    0x00,0x00,0x00,0x00,0x00,0x00,0x19,0x99,0x19,0x91,0x99,0x99,
    0x99,0x99,0x19,0x91,0x99,0x99,0x10,0x13,0x11,0x13,0x10,0x00,
    0x00,0x00,0x00,0x00,0x00,0x00,0x19,0x99,0x99,0x99,0x99,0x99,
    0x99,0x99,0x99,0x99,0x99,0x99,0x10,0x13,0x11,0x13,0x10,0x00,
    0x00,0x00,0x00,0x00,0x00,0x00,0x19,0x99,0x99,0x99,0x99,0x99,
    0x99,0x99,0x99,0x99,0x99,0x99,0x10,0x11,0x11,0x11,0x10,0x00,
    0x00,0x00,0x00,0x00,0x00,0x00,0x19,0x99,0x99,0x99,0x99,0x99,
    0x99,0x99,0x99,0x99,0x99,0x99,0x10,0x00,0x00,0x00,0x00,0x00,
    0x00,0x00,0x00,0x00,0x00,0x00,0x19,0x99,0x99,0x99,0x99,0x99,
    0x19,0x99,0x99,0x99,0x99,0x99,0x10,0x00,0x00,0x00,0x00,0x00,
    0x00,0x00,0x00,0x00,0x00,0x01,0x99,0x99,0x99,0x99,0x33,0x11,
    0x11,0x13,0x39,0x99,0x99,0x99,0x91,0x00,0x00,0x00,0x00,0x00,
    0x00,0x00,0x00,0x00,0x00,0x00,0x19,0x99,0x99,0x93,0x31,0x11,
    0x11,0x11,0x33,0x99,0x99,0x99,0x10,0x00,0x00,0x00,0x00,0x00,
    0x00,0x00,0x00,0x00,0x00,0x00,0x19,0x99,0x99,0x33,0x11,0x11,
    0x51,0x11,0x13,0x39,0x99,0x99,0x10,0x00,0x00,0x00,0x00,0x00,
    0x00,0x00,0x00,0x00,0x00,0x00,0x19,0x99,0x93,0x33,0x31,0x55,
    0x55,0x51,0x33,0x33,0x99,0x99,0x10,0x00,0x00,0x00,0x00,0x00,
    0x00,0x00,0x00,0x00,0x00,0x00,0x19,0x99,0x93,0x33,0x33,0x11,
    0x51,0x13,0x33,0x33,0x99,0x99,0x10,0x00,0x00,0x00,0x00,0x00,
    0x00,0x00,0x00,0x00,0x00,0x00,0x19,0x99,0x33,0x33,0x33,0x33,
    0x13,0x33,0x33,0x33,0x39,0x99,0x10,0x00,0x00,0x00,0x00,0x00,
    0x00,0x00,0x00,0x00,0x00,0x00,0x01,0x99,0x93,0x33,0x33,0x33,
    0x33,0x33,0x33,0x33,0x99,0x91,0x00,0x00,0x00,0x00,0x00,0x00,
    0x00,0x00,0x00,0x00,0x00,0x00,0x01,0x99,0x93,0x33,0x33,0x33,
    0x33,0x33,0x33,0x33,0x99,0x91,0x00,0x00,0x00,0x00,0x00,0x00,
    0x00,0x00,0x00,0x00,0x00,0x00,0x00,0x19,0x99,0x33,0x33,0x33,
    0x33,0x33,0x33,0x39,0x99,0x10,0x00,0x00,0x00,0x00,0x00,0x00,
    0x00,0x00,0x00,0x00,0x00,0x00,0x00,0x01,0x99,0x93,0x33,0x33,
    0x33,0x33,0x33,0x99,0x91,0x00,0x00,0x00,0x00,0x00,0x00,0x00,
    0x00,0x00,0x00,0x00,0x00,0x00,0x00,0x01,0x99,0x99,0x33,0x33,
    0x33,0x33,0x39,0x99,0x91,0x00,0x00,0x00,0x00,0x00,0x00,0x00,
    0x00,0x00,0x00,0x00,0x00,0x00,0x00,0x00,0x11,0x99,0x99,0x99,
    0x39,0x99,0x99,0x91,0x10,0x00,0x00,0x00,0x00,0x00,0x00,0x00,
    0x00,0x00,0x00,0x00,0x00,0x00,0x00,0x00,0x00,0x19,0x99,0x99,
    0x99,0x99,0x99,0x10,0x00,0x00,0x00,0x00,0x00,0x00,0x00,0x00,
    0x00,0x00,0x00,0x00,0x00,0x00,0x00,0x00,0x00,0x01,0x99,0x11,
    0x91,0x19,0x91,0x00,0x00,0x00,0x00,0x00,0x00,0x00,0x00,0x00,
    0x00,0x00,0x00,0x00,0x00,0x00,0x00,0x00,0x01,0x19,0x91,0x00,
    0x10,0x01,0x99,0x11,0x00,0x00,0x00,0x00,0x00,0x00,0x00,0x00,
    0x00,0x00,0x00,0x00,0x00,0x00,0x00,0x00,0x19,0x99,0x99,0x10,
    0x00,0x19,0x99,0x99,0x10,0x00,0x00,0x00,0x00,0x00,0x00,0x00,
    0x00,0x00,0x00,0x00,0x00,0x00,0x00,0x00,0x01,0x19,0x11,0x00,
    0x00,0x01,0x19,0x11,0x00,0x00,0x00,0x00,0x00,0x00,0x00,0x00,
    0x00,0x00,0x00,0x00,0x00,0x00,0x00,0x00,0x00,0x01,0x00,0x00,
    0x00,0x00,0x01,0x00,0x00,0x00,0x00,0x00,0x00,0x00,0x00,0x00,
    0x00,0x00,0x00,0x00,0x00,0x00,0x00,0x00,0x00,0x00,0x00,0x00,
    0x00,0x00,0x00,0x00,0x00,0x00,0x00,0x00,0x00,0x00,0x00,0x00,
    0x00,0x00,0x00,0x00,0x00,0x00,0x00,0x00,0x00,0x00,0x00,0x00,
    0x00,0x00,0x00,0x00,0x00,0x00,0x00,0x00,0x00,0x00,0x00,0x00,
    0x00,0x00,0x00,0x00,0x00,0x00,0x00,0x00,0x00,0x00,0x00,0x00,
    0x00,0x00,0x00,0x00,0x00,0x00,0x00,0x00,0x00,0x00,0x00,0x00,
    0x00,0x00,0x00,0x00,0x00,0x00,0x00,0x00,0x00,0x00,0x00,0x00,
    0x00,0x00,0x00,0x00,0x00,0x00,0x00,0x00,0x00,0x00,0x00,0x00}},
    {"zzz_mature_force",
     {0x00,0x00,0x00,0x00,0x00,0x00,0x00,0x00,0x00,0x00,0x00,0x00,
    0x00,0x00,0x00,0x00,0x00,0x00,0x00,0x00,0x00,0x00,0x00,0x00,
    0x00,0x00,0x00,0x00,0x00,0x00,0x00,0x00,0x00,0x00,0x00,0x00,
    0x00,0x00,0x00,0x00,0x00,0x00,0x00,0x00,0x00,0x00,0x00,0x00,
    0x00,0x00,0x00,0x00,0x00,0x00,0x00,0x00,0x00,0x00,0x00,0x00,
    0x00,0x00,0x00,0x00,0x00,0x00,0x00,0x00,0x00,0x00,0x00,0x00,
    0x00,0x00,0x00,0x00,0x00,0x00,0x00,0x00,0x00,0x00,0x00,0x00,
    0x00,0x00,0x00,0x00,0x00,0x00,0x00,0x00,0x00,0x00,0x00,0x00,
    0x00,0x00,0x00,0x00,0x00,0x00,0x00,0x00,0x11,0x00,0x00,0x00,
    0x00,0x00,0x00,0x00,0x00,0x00,0x00,0x00,0x00,0x00,0x00,0x00,
    0x00,0x00,0x00,0x00,0x00,0x00,0x00,0x00,0x10,0x00,0x00,0x00,
    0x00,0x00,0x00,0x00,0x00,0x00,0x00,0x00,0x00,0x00,0x00,0x00,
    0x00,0x00,0x00,0x00,0x00,0x00,0x00,0x00,0x01,0x00,0x00,0x00,
    0x00,0x00,0x00,0x00,0x00,0x00,0x00,0x00,0x00,0x00,0x00,0x00,
    0x00,0x00,0x00,0x00,0x00,0x01,0x11,0x00,0x11,0x00,0x00,0x00,
    0x00,0x00,0x00,0x00,0x00,0x00,0x00,0x00,0x00,0x00,0x00,0x00,
    0x00,0x00,0x00,0x00,0x00,0x01,0x00,0x00,0x00,0x00,0x00,0x00,
    0x00,0x00,0x00,0x00,0x00,0x00,0x00,0x00,0x00,0x00,0x00,0x00,
    0x00,0x00,0x00,0x00,0x00,0x00,0x10,0x00,0x00,0x00,0x00,0x00,
    0x00,0x00,0x00,0x00,0x00,0x00,0x00,0x00,0x00,0x00,0x00,0x00,
    0x00,0x00,0x00,0x00,0x00,0x00,0x01,0x00,0x00,0x00,0x00,0x00,
    0x00,0x00,0x00,0x00,0x00,0x00,0x00,0x00,0x00,0x00,0x00,0x00,
    0x00,0x00,0x00,0x00,0x00,0x01,0x11,0x00,0x00,0x00,0x00,0x00,
    0x00,0x00,0x00,0x00,0x00,0x00,0x00,0x00,0x00,0x00,0x00,0x00,
    0x00,0x00,0x00,0x11,0x10,0x00,0x00,0x00,0x00,0x00,0x00,0x00,
    0x00,0x00,0x00,0x00,0x00,0x00,0x00,0x00,0x00,0x00,0x00,0x00,
    0x00,0x00,0x00,0x10,0x00,0x00,0x00,0x00,0x00,0x00,0x00,0x00,
    0x00,0x00,0x00,0x00,0x00,0x00,0x00,0x00,0x00,0x00,0x00,0x00,
    0x00,0x00,0x00,0x01,0x00,0x00,0x00,0x00,0x00,0x00,0x00,0x00,
    0x00,0x00,0x00,0x00,0x00,0x00,0x00,0x00,0x00,0x00,0x00,0x00,
    0x00,0x00,0x00,0x00,0x10,0x00,0x00,0x00,0x00,0x00,0x00,0x00,
    0x00,0x00,0x00,0x00,0x00,0x00,0x00,0x00,0x00,0x00,0x00,0x00,
    0x00,0x00,0x00,0x11,0x10,0x00,0x00,0x00,0x00,0x00,0x00,0x00,
    0x00,0x00,0x00,0x00,0x00,0x00,0x00,0x00,0x00,0x00,0x00,0x00,
    0x00,0x00,0x00,0x00,0x00,0x00,0x00,0x00,0x00,0x00,0x00,0x00,
    0x00,0x00,0x00,0x00,0x00,0x00,0x00,0x00,0x00,0x00,0x00,0x00,
    0x00,0x00,0x00,0x00,0x00,0x00,0x00,0x00,0x00,0x00,0x00,0x00,
    0x00,0x00,0x00,0x00,0x00,0x00,0x00,0x00,0x00,0x00,0x00,0x00,
    0x00,0x00,0x00,0x00,0x00,0x00,0x00,0x00,0x00,0x00,0x00,0x00,
    0x00,0x00,0x00,0x00,0x00,0x00,0x00,0x00,0x00,0x00,0x00,0x00,
    0x00,0x00,0x00,0x00,0x00,0x00,0x00,0x00,0x00,0x00,0x00,0x00,
    0x00,0x00,0x00,0x00,0x00,0x00,0x00,0x00,0x00,0x00,0x00,0x00,
    0x00,0x00,0x00,0x00,0x00,0x00,0x00,0x00,0x00,0x00,0x00,0x00,
    0x10,0x00,0x00,0x00,0x00,0x00,0x00,0x00,0x00,0x00,0x00,0x00,
    0x00,0x00,0x00,0x00,0x00,0x00,0x00,0x00,0x00,0x11,0x11,0x11,
    0x91,0x11,0x11,0x10,0x00,0x00,0x00,0x00,0x00,0x00,0x00,0x00,
    0x00,0x00,0x00,0x00,0x00,0x00,0x00,0x01,0x11,0x99,0x99,0x99,
    0x99,0x99,0x99,0x91,0x11,0x00,0x00,0x00,0x00,0x00,0x00,0x00,
    0x00,0x00,0x00,0x00,0x00,0x00,0x00,0x19,0x99,0x99,0x99,0x99,
    0x99,0x99,0x99,0x99,0x99,0x10,0x00,0x00,0x00,0x00,0x00,0x00,
    0x00,0x00,0x00,0x00,0x00,0x00,0x11,0x99,0x99,0x99,0x99,0x99,
    0x99,0x99,0x99,0x99,0x99,0x91,0x10,0x00,0x00,0x00,0x00,0x00,
    0x00,0x00,0x00,0x00,0x00,0x01,0x99,0x99,0x99,0x99,0x99,0x99,
    0x99,0x99,0x99,0x99,0x99,0x99,0x91,0x00,0x00,0x00,0x00,0x00,
    0x00,0x00,0x00,0x00,0x00,0x19,0x99,0x99,0x99,0x99,0x99,0x99,
    0x99,0x99,0x99,0x99,0x99,0x99,0x99,0x10,0x00,0x00,0x00,0x00,
    0x00,0x00,0x00,0x00,0x00,0x19,0x99,0x99,0x99,0x99,0x99,0x99,
    0x99,0x99,0x99,0x99,0x99,0x99,0x99,0x10,0x00,0x00,0x00,0x00,
    0x00,0x00,0x00,0x00,0x01,0x99,0x99,0x91,0x11,0x11,0x19,0x99,
    0x99,0x99,0x11,0x11,0x11,0x99,0x99,0x91,0x00,0x00,0x00,0x00,
    0x00,0x00,0x00,0x00,0x01,0x99,0x99,0x99,0x99,0x99,0x99,0x99,
    0x99,0x99,0x99,0x99,0x99,0x99,0x99,0x91,0x00,0x00,0x00,0x00,
    0x00,0x00,0x00,0x00,0x01,0x99,0x99,0x99,0x99,0x99,0x99,0x99,
    0x39,0x99,0x99,0x99,0x99,0x99,0x99,0x91,0x00,0x00,0x00,0x00,
    0x00,0x00,0x00,0x00,0x19,0x99,0x99,0x99,0x99,0x33,0x33,0x33,
    0x33,0x33,0x33,0x39,0x99,0x99,0x99,0x99,0x10,0x00,0x00,0x00,
    0x00,0x00,0x00,0x00,0x01,0x99,0x99,0x99,0x33,0x33,0x33,0x33,
    0x33,0x33,0x33,0x33,0x39,0x99,0x99,0x91,0x00,0x00,0x00,0x00,
    0x00,0x00,0x00,0x00,0x01,0x99,0x99,0x93,0x33,0x33,0x33,0x33,
    0x33,0x33,0x33,0x33,0x33,0x99,0x99,0x91,0x00,0x00,0x00,0x00,
    0x00,0x00,0x00,0x00,0x01,0x99,0x99,0x93,0x33,0x33,0x33,0x33,
    0x33,0x33,0x33,0x33,0x33,0x99,0x99,0x91,0x00,0x00,0x00,0x00,
    0x00,0x00,0x00,0x00,0x00,0x19,0x99,0x33,0x33,0x33,0x33,0x33,
    0x33,0x33,0x33,0x33,0x33,0x39,0x99,0x10,0x00,0x00,0x00,0x00,
    0x00,0x00,0x00,0x00,0x00,0x19,0x99,0x93,0x33,0x33,0x33,0x33,
    0x33,0x33,0x33,0x33,0x33,0x99,0x99,0x10,0x00,0x00,0x00,0x00,
    0x00,0x00,0x00,0x00,0x00,0x01,0x99,0x93,0x33,0x33,0x33,0x33,
    0x33,0x33,0x33,0x33,0x33,0x99,0x91,0x00,0x00,0x00,0x00,0x00,
    0x00,0x00,0x00,0x00,0x00,0x00,0x11,0x99,0x33,0x33,0x33,0x33,
    0x33,0x33,0x33,0x33,0x39,0x91,0x10,0x00,0x00,0x00,0x00,0x00,
    0x00,0x00,0x00,0x00,0x00,0x00,0x00,0x19,0x99,0x33,0x33,0x33,
    0x33,0x33,0x33,0x39,0x99,0x10,0x00,0x00,0x00,0x00,0x00,0x00,
    0x00,0x00,0x00,0x00,0x00,0x00,0x00,0x01,0x11,0x99,0x99,0x99,
    0x39,0x99,0x99,0x91,0x11,0x00,0x00,0x00,0x00,0x00,0x00,0x00,
    0x00,0x00,0x00,0x00,0x00,0x00,0x00,0x00,0x00,0x11,0x11,0x11,
    0x91,0x11,0x11,0x10,0x00,0x00,0x00,0x00,0x00,0x00,0x00,0x00,
    0x00,0x00,0x00,0x00,0x00,0x00,0x00,0x00,0x00,0x00,0x00,0x00,
    0x10,0x00,0x00,0x00,0x00,0x00,0x00,0x00,0x00,0x00,0x00,0x00,
    0x00,0x00,0x00,0x00,0x00,0x00,0x00,0x00,0x00,0x00,0x00,0x00,
    0x00,0x00,0x00,0x00,0x00,0x00,0x00,0x00,0x00,0x00,0x00,0x00,
    0x00,0x00,0x00,0x00,0x00,0x00,0x00,0x00,0x00,0x00,0x00,0x00,
    0x00,0x00,0x00,0x00,0x00,0x00,0x00,0x00,0x00,0x00,0x00,0x00,
    0x00,0x00,0x00,0x00,0x00,0x00,0x00,0x00,0x00,0x00,0x00,0x00,
    0x00,0x00,0x00,0x00,0x00,0x00,0x00,0x00,0x00,0x00,0x00,0x00,
    0x00,0x00,0x00,0x00,0x00,0x00,0x00,0x00,0x00,0x00,0x00,0x00,
    0x00,0x00,0x00,0x00,0x00,0x00,0x00,0x00,0x00,0x00,0x00,0x00}},
    {"scold_mature_force",
     {0x00,0x00,0x00,0x00,0x00,0x00,0x00,0x00,0x00,0x00,0x00,0x00,
    0x00,0x00,0x00,0x00,0x00,0x00,0x00,0x00,0x00,0x00,0x00,0x00,
    0x00,0x00,0x00,0x00,0x00,0x00,0x00,0x00,0x00,0x00,0x00,0x00,
    0x00,0x00,0x00,0x00,0x00,0x00,0x00,0x00,0x00,0x00,0x00,0x00,
    0x00,0x00,0x00,0x00,0x00,0x00,0x00,0x00,0x00,0x00,0x00,0x00,
    0x00,0x00,0x00,0x00,0x00,0x00,0x00,0x00,0x00,0x00,0x00,0x00,
    0x00,0x00,0x00,0x00,0x00,0x00,0x00,0x00,0x00,0x00,0x00,0x00,
    0x00,0x00,0x00,0x00,0x00,0x00,0x00,0x00,0x00,0x00,0x00,0x00,
    0x00,0x00,0x00,0x00,0x00,0x00,0x00,0x00,0x00,0x00,0x00,0x00,
    0x00,0x00,0x00,0x00,0x00,0x00,0x00,0x00,0x00,0x00,0x00,0x00,
    0x00,0x00,0x00,0x00,0x00,0x00,0x00,0x00,0x00,0x00,0x00,0x00,
    0x00,0x00,0x00,0x00,0x00,0x00,0x00,0x00,0x00,0x00,0x00,0x00,
    0x00,0x00,0x00,0x00,0x00,0x00,0x00,0x00,0x00,0x00,0x00,0x00,
    0x00,0x00,0x00,0x00,0x00,0x00,0x00,0x00,0x00,0x00,0x00,0x00,
    0x00,0x00,0x00,0x00,0x00,0x00,0x00,0x00,0x00,0x00,0x00,0x00,
    0x00,0x00,0x00,0x00,0x00,0x00,0x00,0x00,0x00,0x00,0x00,0x00,
    0x00,0x00,0x00,0x00,0x00,0x50,0x00,0x00,0x00,0x00,0x00,0x00,
    0x00,0x00,0x00,0x00,0x00,0x00,0x00,0x00,0x00,0x00,0x00,0x00,
    0x00,0x00,0x00,0x00,0x00,0x05,0x00,0x00,0x00,0x00,0x00,0x00,
    0x00,0x00,0x00,0x00,0x00,0x00,0x00,0x00,0x00,0x00,0x00,0x00,
    0x00,0x00,0x00,0x00,0x05,0x00,0x00,0x01,0x00,0x00,0x00,0x00,
    0x00,0x00,0x00,0x00,0x01,0x00,0x00,0x00,0x00,0x00,0x00,0x00,
    0x00,0x00,0x00,0x00,0x00,0x00,0x50,0x19,0x10,0x00,0x00,0x00,
    0x00,0x00,0x00,0x00,0x19,0x10,0x00,0x00,0x00,0x00,0x00,0x00,
    0x00,0x00,0x00,0x00,0x00,0x50,0x01,0x95,0x91,0x00,0x00,0x00,
    0x10,0x00,0x00,0x01,0x95,0x91,0x00,0x00,0x00,0x00,0x00,0x00,
    0x00,0x00,0x00,0x00,0x00,0x00,0x01,0x95,0x91,0x00,0x11,0x11,
    0x91,0x11,0x10,0x01,0x95,0x91,0x00,0x00,0x00,0x00,0x00,0x00,
    0x00,0x00,0x00,0x00,0x00,0x00,0x19,0x55,0x59,0x11,0x99,0x99,
    0x99,0x99,0x91,0x19,0x55,0x59,0x10,0x00,0x00,0x00,0x00,0x00,
    0x00,0x00,0x00,0x00,0x00,0x00,0x01,0x95,0x99,0x99,0x99,0x99,
    0x99,0x99,0x99,0x99,0x95,0x91,0x00,0x00,0x00,0x00,0x00,0x00,
    0x00,0x00,0x00,0x00,0x00,0x00,0x01,0x95,0x99,0x99,0x99,0x99,
    0x99,0x99,0x99,0x99,0x95,0x91,0x00,0x00,0x00,0x00,0x00,0x00,
    0x00,0x00,0x00,0x00,0x00,0x00,0x00,0x19,0x99,0x99,0x99,0x99,
    0x99,0x99,0x99,0x99,0x99,0x10,0x00,0x00,0x00,0x00,0x00,0x00,
    0x00,0x00,0x00,0x00,0x00,0x00,0x00,0x19,0x99,0x99,0x99,0x99,
    0x99,0x99,0x99,0x99,0x99,0x10,0x00,0x00,0x00,0x00,0x00,0x00,
    0x00,0x00,0x00,0x00,0x00,0x00,0x01,0x99,0x99,0x99,0x99,0x99,
    0x99,0x99,0x99,0x99,0x99,0x91,0x00,0x00,0x00,0x00,0x00,0x00,
    0x00,0x00,0x00,0x00,0x00,0x00,0x01,0x99,0x99,0x99,0x99,0x99,
    0x99,0x99,0x99,0x99,0x99,0x91,0x00,0x00,0x00,0x00,0x00,0x00,
    0x00,0x00,0x00,0x00,0x00,0x00,0x19,0x99,0x99,0x99,0x99,0x99,
    0x99,0x99,0x99,0x99,0x99,0x99,0x10,0x00,0x00,0x00,0x00,0x00,
    0x00,0x00,0x00,0x00,0x00,0x00,0x19,0x99,0x99,0x19,0x99,0x99,
    0x99,0x99,0x99,0x19,0x99,0x99,0x10,0x00,0x00,0x00,0x00,0x00,
    0x00,0x00,0x00,0x00,0x00,0x00,0x19,0x99,0x91,0x11,0x99,0x99,
    0x99,0x99,0x91,0x11,0x99,0x99,0x10,0x00,0x00,0x00,0x00,0x00,
    0x00,0x00,0x00,0x00,0x00,0x00,0x19,0x99,0x91,0x21,0x99,0x99,
    0x99,0x99,0x91,0x21,0x99,0x99,0x10,0x00,0x00,0x00,0x00,0x00,
    0x00,0x00,0x00,0x00,0x00,0x00,0x19,0x99,0x11,0x11,0x19,0x99,
    0x39,0x99,0x11,0x11,0x19,0x99,0x10,0x00,0x00,0x00,0x00,0x00,
    0x00,0x00,0x00,0x00,0x00,0x01,0x99,0x99,0x91,0x11,0x33,0x33,
    0x33,0x33,0x31,0x11,0x99,0x99,0x91,0x00,0x00,0x00,0x00,0x00,
    0x00,0x00,0x00,0x00,0x00,0x00,0x19,0x99,0x91,0x11,0x33,0x33,
    0x33,0x33,0x31,0x11,0x99,0x99,0x10,0x00,0x00,0x00,0x00,0x00,
    0x00,0x00,0x00,0x00,0x00,0x00,0x19,0x99,0x99,0x13,0x33,0x33,
    0x33,0x33,0x33,0x19,0x99,0x99,0x10,0x00,0x00,0x00,0x00,0x00,
    0x00,0x00,0x00,0x00,0x00,0x00,0x19,0x99,0x93,0x63,0x33,0x33,
    0x33,0x33,0x33,0x63,0x99,0x99,0x10,0x00,0x00,0x00,0x00,0x00,
    0x00,0x00,0x00,0x00,0x00,0x00,0x19,0x99,0x93,0x63,0x33,0x33,
    0x33,0x33,0x33,0x63,0x99,0x99,0x10,0x00,0x00,0x00,0x00,0x00,
    0x00,0x00,0x00,0x00,0x00,0x00,0x19,0x99,0x33,0x33,0x33,0x31,
    0x31,0x33,0x33,0x33,0x39,0x99,0x10,0x00,0x00,0x00,0x00,0x00,
    0x00,0x00,0x00,0x00,0x00,0x00,0x01,0x99,0x93,0x33,0x33,0x13,
    0x13,0x13,0x33,0x33,0x99,0x91,0x00,0x00,0x00,0x00,0x00,0x00,
    0x00,0x00,0x00,0x00,0x00,0x00,0x01,0x99,0x93,0x33,0x33,0x33,
    0x33,0x33,0x33,0x33,0x99,0x91,0x00,0x00,0x00,0x00,0x00,0x00,
    0x00,0x00,0x00,0x00,0x00,0x00,0x00,0x19,0x99,0x33,0x33,0x33,
    0x33,0x33,0x33,0x39,0x99,0x10,0x00,0x00,0x00,0x00,0x00,0x00,
    0x00,0x00,0x00,0x00,0x00,0x00,0x00,0x01,0x99,0x93,0x33,0x33,
    0x33,0x33,0x33,0x99,0x91,0x00,0x00,0x00,0x00,0x00,0x00,0x00,
    0x00,0x00,0x00,0x00,0x00,0x00,0x00,0x01,0x99,0x99,0x33,0x33,
    0x33,0x33,0x39,0x99,0x91,0x00,0x00,0x00,0x00,0x00,0x00,0x00,
    0x00,0x00,0x00,0x00,0x00,0x00,0x00,0x00,0x11,0x99,0x99,0x99,
    0x39,0x99,0x99,0x91,0x10,0x00,0x00,0x00,0x00,0x00,0x00,0x00,
    0x00,0x00,0x00,0x00,0x00,0x00,0x00,0x00,0x00,0x19,0x99,0x99,
    0x99,0x99,0x99,0x10,0x00,0x00,0x00,0x00,0x00,0x00,0x00,0x00,
    0x00,0x00,0x00,0x00,0x00,0x00,0x00,0x00,0x00,0x01,0x99,0x11,
    0x91,0x19,0x91,0x00,0x00,0x00,0x00,0x00,0x00,0x00,0x00,0x00,
    0x00,0x00,0x00,0x00,0x00,0x00,0x00,0x00,0x01,0x19,0x91,0x00,
    0x10,0x01,0x99,0x11,0x00,0x00,0x00,0x00,0x00,0x00,0x00,0x00,
    0x00,0x00,0x00,0x00,0x00,0x00,0x00,0x00,0x19,0x99,0x99,0x10,
    0x00,0x19,0x99,0x99,0x10,0x00,0x00,0x00,0x00,0x00,0x00,0x00,
    0x00,0x00,0x00,0x00,0x00,0x00,0x00,0x00,0x01,0x19,0x11,0x00,
    0x00,0x01,0x19,0x11,0x00,0x00,0x00,0x00,0x00,0x00,0x00,0x00,
    0x00,0x00,0x00,0x00,0x00,0x00,0x00,0x00,0x00,0x01,0x00,0x00,
    0x00,0x00,0x01,0x00,0x00,0x00,0x00,0x00,0x00,0x00,0x00,0x00,
    0x00,0x00,0x00,0x00,0x00,0x00,0x00,0x00,0x00,0x00,0x00,0x00,
    0x00,0x00,0x00,0x00,0x00,0x00,0x00,0x00,0x00,0x00,0x00,0x00,
    0x00,0x00,0x00,0x00,0x00,0x00,0x00,0x00,0x00,0x00,0x00,0x00,
    0x00,0x00,0x00,0x00,0x00,0x00,0x00,0x00,0x00,0x00,0x00,0x00,
    0x00,0x00,0x00,0x00,0x00,0x00,0x00,0x00,0x00,0x00,0x00,0x00,
    0x00,0x00,0x00,0x00,0x00,0x00,0x00,0x00,0x00,0x00,0x00,0x00,
    0x00,0x00,0x00,0x00,0x00,0x00,0x00,0x00,0x00,0x00,0x00,0x00,
    0x00,0x00,0x00,0x00,0x00,0x00,0x00,0x00,0x00,0x00,0x00,0x00}},
    {"sick_mature_force",
     {0x00,0x00,0x00,0x00,0x00,0x00,0x00,0x00,0x00,0x00,0x00,0x00,
    0x00,0x00,0x00,0x00,0x00,0x00,0x00,0x00,0x00,0x00,0x00,0x00,
    0x00,0x00,0x00,0x00,0x00,0x00,0x00,0x00,0x00,0x00,0x00,0x00,
    0x00,0x00,0x00,0x00,0x00,0x00,0x00,0x00,0x00,0x00,0x00,0x00,
    0x00,0x00,0x00,0x00,0x00,0x00,0x00,0x00,0x00,0x00,0x00,0x00,
    0x00,0x00,0x00,0x00,0x00,0x00,0x00,0x00,0x00,0x00,0x00,0x00,
    0x00,0x00,0x00,0x00,0x00,0x00,0x00,0x00,0x00,0x00,0x00,0x00,
    0x00,0x00,0x00,0x00,0x00,0x00,0x00,0x00,0x00,0x00,0x00,0x00,
    0x00,0x00,0x00,0x00,0x00,0x00,0x00,0x00,0x00,0x00,0x00,0x00,
    0x00,0x00,0x00,0x00,0x00,0x00,0x00,0x00,0x00,0x00,0x00,0x00,
    0x00,0x00,0x00,0x00,0x00,0x00,0x00,0x00,0x00,0x00,0x00,0x00,
    0x00,0x00,0x00,0x00,0x00,0x00,0x00,0x00,0x00,0x00,0x00,0x00,
    0x00,0x00,0x00,0x00,0x00,0x00,0x00,0x00,0x00,0x00,0x00,0x00,
    0x00,0x00,0x00,0x00,0x00,0x00,0x00,0x00,0x00,0x00,0x00,0x00,
    0x00,0x00,0x00,0x00,0x00,0x00,0x00,0x00,0x00,0x00,0x00,0x00,
    0x00,0x00,0x00,0x00,0x00,0x00,0x00,0x00,0x00,0x00,0x00,0x00,
    0x00,0x00,0x00,0x00,0x00,0x00,0x00,0x00,0x00,0x00,0x00,0x00,
    0x00,0x00,0x00,0x00,0x00,0x00,0x00,0x00,0x00,0x00,0x00,0x00,
    0x00,0x00,0x00,0x00,0x00,0x00,0x00,0x00,0x00,0x00,0x00,0x00,
    0x00,0x00,0x00,0x00,0x00,0x00,0x00,0x00,0x00,0x00,0x00,0x00,
    0x00,0x00,0x00,0x00,0x00,0x00,0x00,0x01,0x00,0x00,0x00,0x00,
    0x00,0x00,0x00,0x00,0x01,0x00,0x00,0x00,0x00,0x00,0x00,0x00,
    0x00,0x00,0x00,0x00,0x00,0x00,0x00,0x19,0x10,0x00,0x00,0x00,
    0x00,0x00,0x00,0x00,0x19,0x10,0x00,0x00,0x00,0x00,0x00,0x00,
    0x00,0x00,0x00,0x00,0x00,0x00,0x01,0x95,0x91,0x00,0x00,0x00,
    0x10,0x00,0x00,0x01,0x95,0x91,0x00,0x00,0x00,0x00,0x00,0x00,
    0x00,0x00,0x00,0x00,0x00,0x00,0x01,0x95,0x91,0x00,0x11,0x11,
    0x91,0x11,0x10,0x01,0x95,0x91,0x00,0x00,0x00,0x00,0x00,0x00,
    0x00,0x00,0x00,0x00,0x00,0x00,0x19,0x55,0x59,0x11,0x99,0x99,
    0x99,0x99,0x91,0x19,0x55,0x59,0x10,0x00,0x00,0x00,0x00,0x00,
    0x00,0x00,0x00,0x00,0x00,0x00,0x01,0x95,0x99,0x99,0x99,0x99,
    0x99,0x99,0x99,0x99,0x95,0x91,0x00,0x00,0x00,0x00,0x00,0x00,
    0x00,0x00,0x00,0x00,0x00,0x00,0x01,0x95,0x99,0x99,0x99,0x99,
    0x99,0x99,0x99,0x99,0x95,0x96,0x00,0x00,0x00,0x00,0x00,0x00,
    0x00,0x00,0x00,0x00,0x00,0x00,0x00,0x19,0x99,0x99,0x99,0x99,
    0x99,0x99,0x99,0x99,0x99,0x10,0x60,0x00,0x00,0x00,0x00,0x00,
    0x00,0x00,0x00,0x00,0x00,0x00,0x00,0x19,0x99,0x99,0x99,0x99,
    0x99,0x99,0x99,0x99,0x99,0x16,0x00,0x00,0x00,0x00,0x00,0x00,
    0x00,0x00,0x00,0x00,0x00,0x00,0x01,0x99,0x19,0x99,0x99,0x99,
    0x99,0x99,0x19,0x99,0x99,0x91,0x00,0x00,0x00,0x00,0x00,0x00,
    0x00,0x00,0x00,0x00,0x00,0x00,0x01,0x99,0x91,0x99,0x99,0x99,
    0x99,0x99,0x91,0x99,0x99,0x91,0x00,0x00,0x00,0x00,0x00,0x00,
    0x00,0x00,0x00,0x00,0x00,0x00,0x19,0x99,0x99,0x19,0x19,0x99,
    0x99,0x99,0x99,0x19,0x19,0x99,0x10,0x00,0x00,0x00,0x00,0x00,
    0x00,0x00,0x00,0x00,0x00,0x00,0x19,0x99,0x99,0x91,0x99,0x99,
    0x99,0x99,0x99,0x91,0x99,0x99,0x10,0x00,0x00,0x00,0x00,0x00,
    0x00,0x00,0x00,0x00,0x00,0x00,0x19,0x99,0x99,0x19,0x19,0x99,
    0x99,0x99,0x99,0x19,0x19,0x99,0x10,0x00,0x00,0x00,0x00,0x00,
    0x00,0x00,0x00,0x00,0x00,0x00,0x19,0x99,0x91,0x99,0x99,0x99,
    0x99,0x99,0x91,0x99,0x99,0x99,0x10,0x00,0x00,0x00,0x00,0x00,
    0x00,0x00,0x00,0x00,0x00,0x00,0x19,0x99,0x19,0x99,0x99,0x99,
    0x39,0x99,0x19,0x99,0x99,0x99,0x10,0x00,0x00,0x00,0x00,0x00,
    0x00,0x00,0x00,0x00,0x22,0x01,0x99,0x99,0x99,0x99,0x33,0x33,
    0x33,0x33,0x39,0x99,0x99,0x99,0x91,0x00,0x00,0x00,0x00,0x00,
    0x00,0x00,0x00,0x00,0x22,0x00,0x19,0x99,0x99,0x93,0x33,0x33,
    0x33,0x33,0x33,0x99,0x99,0x99,0x10,0x00,0x00,0x00,0x00,0x00,
    0x00,0x00,0x00,0x00,0x22,0x00,0x19,0x99,0x99,0x33,0x33,0x33,
    0x33,0x33,0x33,0x39,0x99,0x99,0x10,0x00,0x00,0x00,0x00,0x00,
    0x00,0x00,0x00,0x00,0x22,0x00,0x19,0x99,0x93,0x33,0x33,0x13,
    0x13,0x13,0x33,0x33,0x99,0x99,0x10,0x00,0x00,0x00,0x00,0x00,
    0x00,0x00,0x00,0x00,0x22,0x00,0x19,0x99,0x93,0x33,0x33,0x31,
    0x31,0x33,0x33,0x33,0x99,0x99,0x10,0x00,0x00,0x00,0x00,0x00,
    0x00,0x00,0x00,0x00,0x22,0x00,0x19,0x99,0x33,0x33,0x33,0x33,
    0x33,0x33,0x33,0x33,0x39,0x99,0x10,0x00,0x00,0x00,0x00,0x00,
    0x00,0x00,0x00,0x00,0x22,0x00,0x01,0x99,0x93,0x33,0x33,0x33,
    0x33,0x33,0x33,0x33,0x99,0x91,0x00,0x00,0x00,0x00,0x00,0x00,
    0x00,0x00,0x00,0x00,0x22,0x00,0x01,0x99,0x93,0x33,0x33,0x33,
    0x33,0x33,0x33,0x33,0x99,0x91,0x00,0x00,0x00,0x00,0x00,0x00,
    0x00,0x00,0x00,0x00,0x22,0x00,0x00,0x19,0x99,0x33,0x33,0x33,
    0x33,0x33,0x33,0x39,0x99,0x10,0x00,0x00,0x00,0x00,0x00,0x00,
    0x00,0x00,0x00,0x00,0x22,0x00,0x00,0x01,0x99,0x93,0x33,0x33,
    0x33,0x33,0x33,0x99,0x91,0x00,0x00,0x00,0x00,0x00,0x00,0x00,
    0x00,0x00,0x00,0x00,0x22,0x00,0x00,0x01,0x99,0x99,0x33,0x33,
    0x33,0x33,0x39,0x99,0x91,0x00,0x00,0x00,0x00,0x00,0x00,0x00,
    0x00,0x00,0x00,0x00,0x22,0x00,0x00,0x00,0x11,0x99,0x99,0x99,
    0x39,0x99,0x99,0x91,0x10,0x00,0x00,0x00,0x00,0x00,0x00,0x00,
    0x00,0x00,0x00,0x00,0x52,0x00,0x00,0x00,0x00,0x19,0x99,0x99,
    0x99,0x99,0x99,0x10,0x00,0x00,0x00,0x00,0x00,0x00,0x00,0x00,
    0x00,0x00,0x00,0x05,0x55,0x00,0x00,0x00,0x00,0x01,0x99,0x11,
    0x91,0x19,0x91,0x00,0x00,0x00,0x00,0x00,0x00,0x00,0x00,0x00,
    0x00,0x00,0x00,0x55,0x55,0x50,0x00,0x00,0x01,0x19,0x91,0x00,
    0x10,0x01,0x99,0x11,0x00,0x00,0x00,0x00,0x00,0x00,0x00,0x00,
    0x00,0x00,0x00,0x05,0x55,0x00,0x00,0x00,0x19,0x99,0x99,0x10,
    0x00,0x19,0x99,0x99,0x10,0x00,0x00,0x00,0x00,0x00,0x00,0x00,
    0x00,0x00,0x00,0x00,0x50,0x00,0x00,0x00,0x01,0x19,0x11,0x00,
    0x00,0x01,0x19,0x11,0x00,0x00,0x00,0x00,0x00,0x00,0x00,0x00,
    0x00,0x00,0x00,0x00,0x00,0x00,0x00,0x00,0x00,0x01,0x00,0x00,
    0x00,0x00,0x01,0x00,0x00,0x00,0x00,0x00,0x00,0x00,0x00,0x00,
    0x00,0x00,0x00,0x00,0x00,0x00,0x00,0x00,0x00,0x00,0x00,0x00,
    0x00,0x00,0x00,0x00,0x00,0x00,0x00,0x00,0x00,0x00,0x00,0x00,
    0x00,0x00,0x00,0x00,0x00,0x00,0x00,0x00,0x00,0x00,0x00,0x00,
    0x00,0x00,0x00,0x00,0x00,0x00,0x00,0x00,0x00,0x00,0x00,0x00,
    0x00,0x00,0x00,0x00,0x00,0x00,0x00,0x00,0x00,0x00,0x00,0x00,
    0x00,0x00,0x00,0x00,0x00,0x00,0x00,0x00,0x00,0x00,0x00,0x00,
    0x00,0x00,0x00,0x00,0x00,0x00,0x00,0x00,0x00,0x00,0x00,0x00,
    0x00,0x00,0x00,0x00,0x00,0x00,0x00,0x00,0x00,0x00,0x00,0x00}},
    {"happy_mature_magic",
     {0x00,0x00,0x00,0x00,0x00,0x00,0x00,0x00,0x00,0x00,0x00,0x00,
    0x00,0x00,0x00,0x00,0x00,0x00,0x00,0x00,0x00,0x00,0x00,0x00,
    0x00,0x00,0x00,0x00,0x00,0x00,0x00,0x00,0x00,0x00,0x00,0x00,
    0x00,0x00,0x00,0x00,0x00,0x00,0x00,0x00,0x00,0x00,0x00,0x00,
    0x00,0x00,0x00,0x00,0x00,0x00,0x00,0x00,0x00,0x00,0x00,0x00,
    0x00,0x00,0x00,0x00,0x00,0x00,0x00,0x00,0x00,0x00,0x00,0x00,
    0x00,0x00,0x00,0x00,0x00,0x00,0x00,0x00,0x00,0x00,0x00,0x00,
    0x00,0x00,0x00,0x00,0x00,0x00,0x00,0x00,0x00,0x00,0x10,0x00,
    0x00,0x00,0x00,0x00,0x00,0x00,0x00,0x00,0x00,0x00,0x00,0x00,
    0x00,0x00,0x00,0x00,0x00,0x00,0x00,0x00,0x00,0x01,0x00,0x00,
    0x00,0x00,0x00,0x00,0x00,0x00,0x00,0x00,0x00,0x00,0x00,0x00,
    0x00,0x00,0x00,0x00,0x00,0x00,0x00,0x00,0x00,0x01,0x00,0x00,
    0x00,0x00,0x00,0x00,0x00,0x00,0x00,0x01,0x00,0x00,0x00,0x00,
    0x00,0x00,0x00,0x00,0x01,0x00,0x00,0x00,0x00,0x11,0x00,0x00,
    0x00,0x00,0x00,0x00,0x00,0x00,0x00,0x18,0x10,0x00,0x00,0x00,
    0x00,0x00,0x00,0x00,0x18,0x10,0x00,0x00,0x11,0x00,0x00,0x00,
    0x00,0x00,0x00,0x00,0x10,0x00,0x01,0x88,0x81,0x00,0x00,0x00,
    0x10,0x00,0x00,0x01,0x88,0x81,0x00,0x00,0x10,0x00,0x00,0x00,
    0x00,0x00,0x00,0x01,0x81,0x00,0x01,0x88,0x81,0x00,0x11,0x11,
    0x81,0x11,0x10,0x01,0x88,0x81,0x00,0x01,0x81,0x00,0x00,0x00,
    0x00,0x00,0x00,0x18,0x88,0x10,0x18,0x88,0x88,0x11,0x88,0x88,
    0x88,0x88,0x81,0x18,0x88,0x88,0x10,0x18,0x88,0x10,0x00,0x00,
    0x00,0x00,0x00,0x18,0x88,0x10,0x01,0x88,0x88,0x88,0x88,0x88,
    0x88,0x88,0x88,0x88,0x88,0x81,0x00,0x18,0x88,0x10,0x00,0x00,
    0x00,0x00,0x01,0x88,0x88,0x81,0x01,0x88,0x88,0x88,0x88,0x88,
    0x88,0x88,0x88,0x88,0x88,0x81,0x01,0x88,0x88,0x81,0x00,0x00,
    0x00,0x00,0x00,0x18,0x88,0x10,0x00,0x18,0x88,0x88,0x88,0x88,
    0x88,0x88,0x88,0x88,0x88,0x10,0x00,0x18,0x88,0x10,0x00,0x00,
    0x00,0x00,0x00,0x18,0x88,0x10,0x00,0x18,0x88,0x88,0x88,0x88,
    0x88,0x88,0x88,0x88,0x88,0x10,0x00,0x18,0x88,0x10,0x00,0x00,
    0x00,0x00,0x00,0x01,0x81,0x00,0x01,0x88,0x88,0x88,0x88,0x88,
    0x88,0x88,0x88,0x88,0x88,0x81,0x00,0x01,0x81,0x00,0x00,0x00,
    0x00,0x00,0x00,0x00,0x10,0x00,0x01,0x88,0x88,0x88,0x88,0x88,
    0x88,0x88,0x88,0x88,0x88,0x81,0x00,0x00,0x10,0x00,0x00,0x00,
    0x00,0x00,0x00,0x00,0x00,0x00,0x18,0x88,0x88,0x88,0x88,0x88,
    0x88,0x88,0x88,0x88,0x88,0x88,0x10,0x00,0x00,0x00,0x00,0x00,
    0x00,0x00,0x00,0x00,0x00,0x00,0x18,0x88,0x81,0x18,0x88,0x88,
    0x88,0x88,0x81,0x18,0x88,0x88,0x10,0x00,0x00,0x00,0x00,0x00,
    0x00,0x00,0x00,0x00,0x00,0x00,0x18,0x88,0x18,0x81,0x88,0x88,
    0x88,0x88,0x18,0x81,0x88,0x88,0x10,0x00,0x00,0x00,0x00,0x00,
    0x00,0x00,0x00,0x00,0x00,0x00,0x18,0x88,0x88,0x88,0x88,0x88,
    0x88,0x88,0x88,0x88,0x88,0x88,0x10,0x00,0x00,0x00,0x00,0x00,
    0x00,0x00,0x00,0x00,0x00,0x00,0x18,0x88,0x88,0x88,0x88,0x88,
    0x38,0x88,0x88,0x88,0x88,0x88,0x10,0x00,0x00,0x00,0x00,0x00,
    0x00,0x00,0x00,0x00,0x00,0x01,0x88,0x58,0x88,0x88,0x33,0x33,
    0x13,0x33,0x38,0x88,0x88,0x58,0x81,0x00,0x00,0x00,0x00,0x00,
    0x00,0x00,0x00,0x00,0x00,0x00,0x15,0x55,0x58,0x83,0x33,0x11,
    0x11,0x13,0x33,0x88,0x55,0x55,0x10,0x00,0x00,0x00,0x00,0x00,
    0x00,0x00,0x00,0x00,0x00,0x01,0x55,0x55,0x55,0x33,0x31,0x11,
    0x11,0x11,0x33,0x35,0x55,0x55,0x51,0x00,0x00,0x00,0x00,0x00,
    0x00,0x00,0x00,0x00,0x00,0x00,0x15,0x55,0x53,0x33,0x33,0x11,
    0x11,0x13,0x33,0x33,0x55,0x55,0x10,0x00,0x00,0x00,0x00,0x00,
    0x00,0x00,0x00,0x00,0x00,0x00,0x18,0x58,0x83,0x33,0x33,0x33,
    0x13,0x33,0x33,0x33,0x88,0x58,0x10,0x00,0x00,0x00,0x00,0x00,
    0x00,0x00,0x00,0x00,0x00,0x00,0x18,0x88,0x33,0x33,0x33,0x33,
    0x33,0x33,0x33,0x33,0x38,0x88,0x10,0x00,0x00,0x00,0x00,0x00,
    0x00,0x00,0x00,0x00,0x00,0x00,0x01,0x88,0x83,0x33,0x33,0x33,
    0x33,0x33,0x33,0x33,0x88,0x81,0x00,0x00,0x00,0x00,0x00,0x00,
    0x00,0x00,0x00,0x00,0x00,0x00,0x01,0x88,0x83,0x33,0x33,0x33,
    0x33,0x33,0x33,0x33,0x88,0x81,0x00,0x00,0x00,0x00,0x00,0x00,
    0x00,0x00,0x00,0x00,0x00,0x00,0x00,0x18,0x88,0x33,0x33,0x33,
    0x33,0x33,0x33,0x38,0x88,0x10,0x00,0x00,0x00,0x00,0x00,0x00,
    0x00,0x00,0x00,0x00,0x00,0x00,0x00,0x01,0x88,0x83,0x33,0x33,
    0x33,0x33,0x33,0x88,0x81,0x00,0x00,0x00,0x00,0x00,0x00,0x00,
    0x00,0x00,0x00,0x00,0x00,0x00,0x00,0x01,0x88,0x88,0x33,0x33,
    0x33,0x33,0x38,0x88,0x81,0x00,0x00,0x00,0x00,0x00,0x00,0x00,
    0x00,0x00,0x00,0x00,0x00,0x00,0x00,0x00,0x11,0x88,0x88,0x88,
    0x38,0x88,0x88,0x81,0x10,0x00,0x00,0x00,0x00,0x00,0x00,0x00,
    0x00,0x00,0x00,0x00,0x00,0x00,0x00,0x00,0x00,0x11,0x88,0x88,
    0x88,0x88,0x81,0x10,0x00,0x00,0x00,0x00,0x00,0x00,0x00,0x00,
    0x00,0x00,0x00,0x00,0x00,0x00,0x00,0x00,0x00,0x00,0x11,0x11,
    0x81,0x11,0x10,0x00,0x00,0x00,0x00,0x00,0x00,0x00,0x00,0x00,
    0x00,0x00,0x00,0x00,0x00,0x00,0x00,0x00,0x00,0x00,0x00,0x00,
    0x10,0x00,0x00,0x00,0x00,0x00,0x00,0x00,0x00,0x00,0x00,0x00,
    0x00,0x00,0x00,0x00,0x00,0x00,0x00,0x00,0x00,0x01,0x00,0x00,
    0x00,0x00,0x01,0x00,0x00,0x00,0x00,0x00,0x00,0x00,0x00,0x00,
    0x00,0x00,0x00,0x00,0x00,0x00,0x00,0x00,0x01,0x18,0x11,0x00,
    0x00,0x01,0x18,0x11,0x00,0x00,0x00,0x00,0x00,0x00,0x00,0x00,
    0x00,0x00,0x00,0x00,0x00,0x00,0x00,0x00,0x18,0x88,0x88,0x10,
    0x00,0x18,0x88,0x88,0x10,0x00,0x00,0x00,0x00,0x00,0x00,0x00,
    0x00,0x00,0x00,0x00,0x00,0x00,0x00,0x00,0x01,0x18,0x11,0x00,
    0x00,0x01,0x18,0x11,0x00,0x00,0x00,0x00,0x00,0x00,0x00,0x00,
    0x00,0x00,0x00,0x00,0x00,0x00,0x00,0x00,0x00,0x01,0x00,0x00,
    0x00,0x00,0x01,0x00,0x00,0x00,0x00,0x00,0x00,0x00,0x00,0x00,
    0x00,0x00,0x00,0x00,0x00,0x00,0x00,0x00,0x00,0x00,0x00,0x00,
    0x00,0x00,0x00,0x00,0x00,0x00,0x00,0x00,0x00,0x00,0x00,0x00,
    0x00,0x00,0x00,0x00,0x00,0x00,0x00,0x00,0x00,0x00,0x00,0x00,
    0x00,0x00,0x00,0x00,0x00,0x00,0x00,0x00,0x00,0x00,0x00,0x00,
    0x00,0x00,0x00,0x00,0x00,0x00,0x00,0x00,0x00,0x00,0x00,0x00,
    0x00,0x00,0x00,0x00,0x00,0x00,0x00,0x00,0x00,0x00,0x00,0x00,
    0x00,0x00,0x00,0x00,0x00,0x00,0x00,0x00,0x00,0x00,0x00,0x00,
    0x00,0x00,0x00,0x00,0x00,0x00,0x00,0x00,0x00,0x00,0x00,0x00,
    0x00,0x00,0x00,0x00,0x00,0x00,0x00,0x00,0x00,0x00,0x00,0x00,
    0x00,0x00,0x00,0x00,0x00,0x00,0x00,0x00,0x00,0x00,0x00,0x00,
    0x00,0x00,0x00,0x00,0x00,0x00,0x00,0x00,0x00,0x00,0x00,0x00,
    0x00,0x00,0x00,0x00,0x00,0x00,0x00,0x00,0x00,0x00,0x00,0x00}},
    {"eat_mature_magic",
     {0x00,0x00,0x00,0x00,0x00,0x00,0x00,0x00,0x00,0x00,0x00,0x00,
    0x00,0x00,0x00,0x00,0x00,0x00,0x00,0x00,0x00,0x00,0x00,0x00,
    0x00,0x00,0x00,0x00,0x00,0x00,0x00,0x00,0x00,0x00,0x00,0x00,
    0x00,0x00,0x00,0x00,0x00,0x00,0x00,0x00,0x00,0x00,0x00,0x00,
    0x00,0x00,0x00,0x00,0x00,0x00,0x00,0x00,0x00,0x00,0x00,0x00,
    0x00,0x00,0x00,0x00,0x00,0x00,0x00,0x00,0x00,0x00,0x00,0x00,
    0x00,0x00,0x00,0x00,0x00,0x00,0x00,0x00,0x00,0x00,0x00,0x00,
    0x00,0x00,0x00,0x00,0x00,0x00,0x00,0x00,0x00,0x00,0x00,0x00,
    0x00,0x00,0x00,0x00,0x00,0x00,0x00,0x00,0x00,0x00,0x00,0x00,
    0x00,0x00,0x00,0x00,0x00,0x00,0x00,0x00,0x00,0x00,0x00,0x00,
    0x00,0x00,0x00,0x00,0x00,0x00,0x00,0x00,0x00,0x00,0x00,0x00,
    0x00,0x00,0x00,0x00,0x00,0x00,0x00,0x00,0x00,0x00,0x00,0x00,
    0x00,0x00,0x00,0x00,0x00,0x00,0x00,0x00,0x00,0x00,0x00,0x00,
    0x00,0x00,0x00,0x00,0x00,0x00,0x00,0x00,0x00,0x00,0x00,0x00,
    0x00,0x00,0x00,0x00,0x00,0x00,0x00,0x00,0x00,0x00,0x00,0x00,
    0x00,0x00,0x00,0x00,0x00,0x00,0x00,0x00,0x00,0x00,0x00,0x00,
    0x00,0x00,0x00,0x00,0x00,0x00,0x00,0x00,0x00,0x00,0x00,0x00,
    0x00,0x00,0x00,0x00,0x00,0x00,0x00,0x00,0x00,0x00,0x00,0x00,
    0x00,0x00,0x00,0x00,0x00,0x00,0x00,0x00,0x00,0x00,0x00,0x00,
    0x00,0x00,0x00,0x00,0x00,0x00,0x00,0x00,0x00,0x00,0x00,0x00,
    0x00,0x00,0x00,0x00,0x00,0x00,0x00,0x01,0x00,0x00,0x00,0x00,
    0x00,0x00,0x00,0x00,0x01,0x00,0x00,0x00,0x00,0x00,0x00,0x00,
    0x00,0x00,0x00,0x00,0x00,0x00,0x00,0x18,0x10,0x00,0x00,0x00,
    0x00,0x00,0x00,0x00,0x18,0x10,0x00,0x00,0x00,0x00,0x00,0x00,
    0x00,0x00,0x00,0x00,0x00,0x00,0x01,0x85,0x81,0x00,0x00,0x00,
    0x10,0x00,0x00,0x01,0x85,0x81,0x00,0x00,0x00,0x00,0x00,0x00,
    0x00,0x00,0x00,0x00,0x00,0x00,0x01,0x85,0x81,0x00,0x11,0x11,
    0x81,0x11,0x10,0x01,0x85,0x81,0x00,0x00,0x00,0x00,0x00,0x00,
    0x00,0x00,0x00,0x00,0x00,0x00,0x18,0x55,0x58,0x11,0x88,0x88,
    0x88,0x88,0x81,0x18,0x55,0x58,0x10,0x00,0x00,0x00,0x00,0x00,
    0x00,0x00,0x00,0x00,0x00,0x00,0x01,0x85,0x88,0x88,0x88,0x88,
    0x88,0x88,0x88,0x88,0x85,0x81,0x00,0x00,0x01,0x00,0x00,0x00,
    0x00,0x00,0x00,0x00,0x00,0x00,0x01,0x85,0x88,0x88,0x88,0x88,
    0x88,0x88,0x88,0x88,0x85,0x81,0x00,0x00,0x00,0x00,0x00,0x00,
    0x00,0x00,0x00,0x00,0x00,0x00,0x00,0x18,0x88,0x88,0x88,0x88,
    0x88,0x88,0x88,0x88,0x88,0x10,0x00,0x00,0x00,0x00,0x00,0x00,
    0x00,0x00,0x00,0x00,0x00,0x00,0x00,0x18,0x88,0x88,0x88,0x88,
    0x88,0x88,0x88,0x88,0x88,0x10,0x00,0x00,0x11,0x10,0x00,0x00,
    0x00,0x00,0x00,0x00,0x00,0x00,0x01,0x88,0x88,0x88,0x88,0x88,
    0x88,0x88,0x88,0x88,0x88,0x81,0x00,0x01,0x33,0x31,0x00,0x00,
    0x00,0x00,0x00,0x00,0x00,0x00,0x01,0x88,0x81,0x18,0x88,0x88,
    0x88,0x88,0x81,0x18,0x88,0x81,0x00,0x13,0x33,0x33,0x10,0x00,
    0x00,0x00,0x00,0x00,0x00,0x00,0x18,0x88,0x18,0x81,0x88,0x88,
    0x88,0x88,0x18,0x81,0x88,0x88,0x10,0x13,0x11,0x13,0x10,0x00,
    0x00,0x00,0x00,0x00,0x00,0x00,0x18,0x88,0x88,0x88,0x88,0x88,
    0x88,0x88,0x88,0x88,0x88,0x88,0x10,0x13,0x11,0x13,0x10,0x00,
    0x00,0x00,0x00,0x00,0x00,0x00,0x18,0x88,0x88,0x88,0x88,0x88,
    0x88,0x88,0x88,0x88,0x88,0x88,0x10,0x11,0x11,0x11,0x10,0x00,
    0x00,0x00,0x00,0x00,0x00,0x00,0x18,0x88,0x88,0x88,0x88,0x88,
    0x88,0x88,0x88,0x88,0x88,0x88,0x10,0x00,0x00,0x00,0x00,0x00,
    0x00,0x00,0x00,0x00,0x00,0x00,0x18,0x88,0x88,0x88,0x88,0x88,
    0x18,0x88,0x88,0x88,0x88,0x88,0x10,0x00,0x00,0x00,0x00,0x00,
    0x00,0x00,0x00,0x00,0x00,0x01,0x88,0x88,0x88,0x88,0x33,0x11,
    0x11,0x13,0x38,0x88,0x88,0x88,0x81,0x00,0x00,0x00,0x00,0x00,
    0x00,0x00,0x00,0x00,0x00,0x00,0x18,0x88,0x88,0x83,0x31,0x11,
    0x11,0x11,0x33,0x88,0x88,0x88,0x10,0x00,0x00,0x00,0x00,0x00,
    0x00,0x00,0x00,0x00,0x00,0x00,0x18,0x88,0x88,0x33,0x11,0x11,
    0x51,0x11,0x13,0x38,0x88,0x88,0x10,0x00,0x00,0x00,0x00,0x00,
    0x00,0x00,0x00,0x00,0x00,0x00,0x18,0x88,0x83,0x33,0x31,0x55,
    0x55,0x51,0x33,0x33,0x88,0x88,0x10,0x00,0x00,0x00,0x00,0x00,
    0x00,0x00,0x00,0x00,0x00,0x00,0x18,0x88,0x83,0x33,0x33,0x11,
    0x51,0x13,0x33,0x33,0x88,0x88,0x10,0x00,0x00,0x00,0x00,0x00,
    0x00,0x00,0x00,0x00,0x00,0x00,0x18,0x88,0x33,0x33,0x33,0x33,
    0x13,0x33,0x33,0x33,0x38,0x88,0x10,0x00,0x00,0x00,0x00,0x00,
    0x00,0x00,0x00,0x00,0x00,0x00,0x01,0x88,0x83,0x33,0x33,0x33,
    0x33,0x33,0x33,0x33,0x88,0x81,0x00,0x00,0x00,0x00,0x00,0x00,
    0x00,0x00,0x00,0x00,0x00,0x00,0x01,0x88,0x83,0x33,0x33,0x33,
    0x33,0x33,0x33,0x33,0x88,0x81,0x00,0x00,0x00,0x00,0x00,0x00,
    0x00,0x00,0x00,0x00,0x00,0x00,0x00,0x18,0x88,0x33,0x33,0x33,
    0x33,0x33,0x33,0x38,0x88,0x10,0x00,0x00,0x00,0x00,0x00,0x00,
    0x00,0x00,0x00,0x00,0x00,0x00,0x00,0x01,0x88,0x83,0x33,0x33,
    0x33,0x33,0x33,0x88,0x81,0x00,0x00,0x00,0x00,0x00,0x00,0x00,
    0x00,0x00,0x00,0x00,0x00,0x00,0x00,0x01,0x88,0x88,0x33,0x33,
    0x33,0x33,0x38,0x88,0x81,0x00,0x00,0x00,0x00,0x00,0x00,0x00,
    0x00,0x00,0x00,0x00,0x00,0x00,0x00,0x00,0x11,0x88,0x88,0x88,
    0x38,0x88,0x88,0x81,0x10,0x00,0x00,0x00,0x00,0x00,0x00,0x00,
    0x00,0x00,0x00,0x00,0x00,0x00,0x00,0x00,0x00,0x18,0x88,0x88,
    0x88,0x88,0x88,0x10,0x00,0x00,0x00,0x00,0x00,0x00,0x00,0x00,
    0x00,0x00,0x00,0x00,0x00,0x00,0x00,0x00,0x00,0x01,0x88,0x11,
    0x81,0x18,0x81,0x00,0x00,0x00,0x00,0x00,0x00,0x00,0x00,0x00,
    0x00,0x00,0x00,0x00,0x00,0x00,0x00,0x00,0x01,0x18,0x81,0x00,
    0x10,0x01,0x88,0x11,0x00,0x00,0x00,0x00,0x00,0x00,0x00,0x00,
    0x00,0x00,0x00,0x00,0x00,0x00,0x00,0x00,0x18,0x88,0x88,0x10,
    0x00,0x18,0x88,0x88,0x10,0x00,0x00,0x00,0x00,0x00,0x00,0x00,
    0x00,0x00,0x00,0x00,0x00,0x00,0x00,0x00,0x01,0x18,0x11,0x00,
    0x00,0x01,0x18,0x11,0x00,0x00,0x00,0x00,0x00,0x00,0x00,0x00,
    0x00,0x00,0x00,0x00,0x00,0x00,0x00,0x00,0x00,0x01,0x00,0x00,
    0x00,0x00,0x01,0x00,0x00,0x00,0x00,0x00,0x00,0x00,0x00,0x00,
    0x00,0x00,0x00,0x00,0x00,0x00,0x00,0x00,0x00,0x00,0x00,0x00,
    0x00,0x00,0x00,0x00,0x00,0x00,0x00,0x00,0x00,0x00,0x00,0x00,
    0x00,0x00,0x00,0x00,0x00,0x00,0x00,0x00,0x00,0x00,0x00,0x00,
    0x00,0x00,0x00,0x00,0x00,0x00,0x00,0x00,0x00,0x00,0x00,0x00,
    0x00,0x00,0x00,0x00,0x00,0x00,0x00,0x00,0x00,0x00,0x00,0x00,
    0x00,0x00,0x00,0x00,0x00,0x00,0x00,0x00,0x00,0x00,0x00,0x00,
    0x00,0x00,0x00,0x00,0x00,0x00,0x00,0x00,0x00,0x00,0x00,0x00,
    0x00,0x00,0x00,0x00,0x00,0x00,0x00,0x00,0x00,0x00,0x00,0x00}},
    {"zzz_mature_magic",
     {0x00,0x00,0x00,0x00,0x00,0x00,0x00,0x00,0x00,0x00,0x00,0x00,
    0x00,0x00,0x00,0x00,0x00,0x00,0x00,0x00,0x00,0x00,0x00,0x00,
    0x00,0x00,0x00,0x00,0x00,0x00,0x00,0x00,0x00,0x00,0x00,0x00,
    0x00,0x00,0x00,0x00,0x00,0x00,0x00,0x00,0x00,0x00,0x00,0x00,
    0x00,0x00,0x00,0x00,0x00,0x00,0x00,0x00,0x00,0x00,0x00,0x00,
    0x00,0x00,0x00,0x00,0x00,0x00,0x00,0x00,0x00,0x00,0x00,0x00,
    0x00,0x00,0x00,0x00,0x00,0x00,0x00,0x00,0x00,0x00,0x00,0x00,
    0x00,0x00,0x00,0x00,0x00,0x00,0x00,0x00,0x00,0x00,0x00,0x00,
    0x00,0x00,0x00,0x00,0x00,0x00,0x00,0x00,0x11,0x00,0x00,0x00,
    0x00,0x00,0x00,0x00,0x00,0x00,0x00,0x00,0x00,0x00,0x00,0x00,
    0x00,0x00,0x00,0x00,0x00,0x00,0x00,0x00,0x10,0x00,0x00,0x00,
    0x00,0x00,0x00,0x00,0x00,0x00,0x00,0x00,0x00,0x00,0x00,0x00,
    0x00,0x00,0x00,0x00,0x00,0x00,0x00,0x00,0x01,0x00,0x00,0x00,
    0x00,0x00,0x00,0x00,0x00,0x00,0x00,0x00,0x00,0x00,0x00,0x00,
    0x00,0x00,0x00,0x00,0x00,0x01,0x11,0x00,0x11,0x00,0x00,0x00,
    0x00,0x00,0x00,0x00,0x00,0x00,0x00,0x00,0x00,0x00,0x00,0x00,
    0x00,0x00,0x00,0x00,0x00,0x01,0x00,0x00,0x00,0x00,0x00,0x00,
    0x00,0x00,0x00,0x00,0x00,0x00,0x00,0x00,0x00,0x00,0x00,0x00,
    0x00,0x00,0x00,0x00,0x00,0x00,0x10,0x00,0x00,0x00,0x00,0x00,
    0x00,0x00,0x00,0x00,0x00,0x00,0x00,0x00,0x00,0x00,0x00,0x00,
    0x00,0x00,0x00,0x00,0x00,0x00,0x01,0x00,0x00,0x00,0x00,0x00,
    0x00,0x00,0x00,0x00,0x00,0x00,0x00,0x00,0x00,0x00,0x00,0x00,
    0x00,0x00,0x00,0x00,0x00,0x01,0x11,0x00,0x00,0x00,0x00,0x00,
    0x00,0x00,0x00,0x00,0x00,0x00,0x00,0x00,0x00,0x00,0x00,0x00,
    0x00,0x00,0x00,0x11,0x10,0x00,0x00,0x00,0x00,0x00,0x00,0x00,
    0x00,0x00,0x00,0x00,0x00,0x00,0x00,0x00,0x00,0x00,0x00,0x00,
    0x00,0x00,0x00,0x10,0x00,0x00,0x00,0x00,0x00,0x00,0x00,0x00,
    0x00,0x00,0x00,0x00,0x00,0x00,0x00,0x00,0x00,0x00,0x00,0x00,
    0x00,0x00,0x00,0x01,0x00,0x00,0x00,0x00,0x00,0x00,0x00,0x00,
    0x00,0x00,0x00,0x00,0x00,0x00,0x00,0x00,0x00,0x00,0x00,0x00,
    0x00,0x00,0x00,0x00,0x10,0x00,0x00,0x00,0x00,0x00,0x00,0x00,
    0x00,0x00,0x00,0x00,0x00,0x00,0x00,0x00,0x00,0x00,0x00,0x00,
    0x00,0x00,0x00,0x11,0x10,0x00,0x00,0x00,0x00,0x00,0x00,0x00,
    0x00,0x00,0x00,0x00,0x00,0x00,0x00,0x00,0x00,0x00,0x00,0x00,
    0x00,0x00,0x00,0x00,0x00,0x00,0x00,0x00,0x00,0x00,0x00,0x00,
    0x00,0x00,0x00,0x00,0x00,0x00,0x00,0x00,0x00,0x00,0x00,0x00,
    0x00,0x00,0x00,0x00,0x00,0x00,0x00,0x00,0x00,0x00,0x00,0x00,
    0x00,0x00,0x00,0x00,0x00,0x00,0x00,0x00,0x00,0x00,0x00,0x00,
    0x00,0x00,0x00,0x00,0x00,0x00,0x00,0x00,0x00,0x00,0x00,0x00,
    0x00,0x00,0x00,0x00,0x00,0x00,0x00,0x00,0x00,0x00,0x00,0x00,
    0x00,0x00,0x00,0x00,0x00,0x00,0x00,0x00,0x00,0x00,0x00,0x00,
    0x00,0x00,0x00,0x00,0x00,0x00,0x00,0x00,0x00,0x00,0x00,0x00,
    0x00,0x00,0x00,0x00,0x00,0x00,0x00,0x00,0x00,0x00,0x00,0x00,
    0x10,0x00,0x00,0x00,0x00,0x00,0x00,0x00,0x00,0x00,0x00,0x00,
    0x00,0x00,0x00,0x00,0x00,0x00,0x00,0x00,0x00,0x11,0x11,0x11,
    0x81,0x11,0x11,0x10,0x00,0x00,0x00,0x00,0x00,0x00,0x00,0x00,
    0x00,0x00,0x00,0x00,0x00,0x00,0x00,0x01,0x11,0x88,0x88,0x88,
    0x88,0x88,0x88,0x81,0x11,0x00,0x00,0x00,0x00,0x00,0x00,0x00,
    0x00,0x00,0x00,0x00,0x00,0x00,0x00,0x18,0x88,0x88,0x88,0x88,
    0x88,0x88,0x88,0x88,0x88,0x10,0x00,0x00,0x00,0x00,0x00,0x00,
    0x00,0x00,0x00,0x00,0x00,0x00,0x11,0x88,0x88,0x88,0x88,0x88,
    0x88,0x88,0x88,0x88,0x88,0x81,0x10,0x00,0x00,0x00,0x00,0x00,
    0x00,0x00,0x00,0x00,0x00,0x01,0x88,0x88,0x88,0x88,0x88,0x88,
    0x88,0x88,0x88,0x88,0x88,0x88,0x81,0x00,0x00,0x00,0x00,0x00,
    0x00,0x00,0x00,0x00,0x00,0x18,0x88,0x88,0x88,0x88,0x88,0x88,
    0x88,0x88,0x88,0x88,0x88,0x88,0x88,0x10,0x00,0x00,0x00,0x00,
    0x00,0x00,0x00,0x00,0x00,0x18,0x88,0x88,0x88,0x88,0x88,0x88,
    0x88,0x88,0x88,0x88,0x88,0x88,0x88,0x10,0x00,0x00,0x00,0x00,
    0x00,0x00,0x00,0x00,0x01,0x88,0x88,0x81,0x11,0x11,0x18,0x88,
    0x88,0x88,0x11,0x11,0x11,0x88,0x88,0x81,0x00,0x00,0x00,0x00,
    0x00,0x00,0x00,0x00,0x01,0x88,0x88,0x88,0x88,0x88,0x88,0x88,
    0x88,0x88,0x88,0x88,0x88,0x88,0x88,0x81,0x00,0x00,0x00,0x00,
    0x00,0x00,0x00,0x00,0x01,0x88,0x88,0x88,0x88,0x88,0x88,0x88,
    0x38,0x88,0x88,0x88,0x88,0x88,0x88,0x81,0x00,0x00,0x00,0x00,
    0x00,0x00,0x00,0x00,0x18,0x88,0x88,0x88,0x88,0x33,0x33,0x33,
    0x33,0x33,0x33,0x38,0x88,0x88,0x88,0x88,0x10,0x00,0x00,0x00,
    0x00,0x00,0x00,0x00,0x01,0x88,0x88,0x88,0x33,0x33,0x33,0x33,
    0x33,0x33,0x33,0x33,0x38,0x88,0x88,0x81,0x00,0x00,0x00,0x00,
    0x00,0x00,0x00,0x00,0x01,0x88,0x88,0x83,0x33,0x33,0x33,0x33,
    0x33,0x33,0x33,0x33,0x33,0x88,0x88,0x81,0x00,0x00,0x00,0x00,
    0x00,0x00,0x00,0x00,0x01,0x88,0x88,0x83,0x33,0x33,0x33,0x33,
    0x33,0x33,0x33,0x33,0x33,0x88,0x88,0x81,0x00,0x00,0x00,0x00,
    0x00,0x00,0x00,0x00,0x00,0x18,0x88,0x33,0x33,0x33,0x33,0x33,
    0x33,0x33,0x33,0x33,0x33,0x38,0x88,0x10,0x00,0x00,0x00,0x00,
    0x00,0x00,0x00,0x00,0x00,0x18,0x88,0x83,0x33,0x33,0x33,0x33,
    0x33,0x33,0x33,0x33,0x33,0x88,0x88,0x10,0x00,0x00,0x00,0x00,
    0x00,0x00,0x00,0x00,0x00,0x01,0x88,0x83,0x33,0x33,0x33,0x33,
    0x33,0x33,0x33,0x33,0x33,0x88,0x81,0x00,0x00,0x00,0x00,0x00,
    0x00,0x00,0x00,0x00,0x00,0x00,0x11,0x88,0x33,0x33,0x33,0x33,
    0x33,0x33,0x33,0x33,0x38,0x81,0x10,0x00,0x00,0x00,0x00,0x00,
    0x00,0x00,0x00,0x00,0x00,0x00,0x00,0x18,0x88,0x33,0x33,0x33,
    0x33,0x33,0x33,0x38,0x88,0x10,0x00,0x00,0x00,0x00,0x00,0x00,
    0x00,0x00,0x00,0x00,0x00,0x00,0x00,0x01,0x11,0x88,0x88,0x88,
    0x38,0x88,0x88,0x81,0x11,0x00,0x00,0x00,0x00,0x00,0x00,0x00,
    0x00,0x00,0x00,0x00,0x00,0x00,0x00,0x00,0x00,0x11,0x11,0x11,
    0x81,0x11,0x11,0x10,0x00,0x00,0x00,0x00,0x00,0x00,0x00,0x00,
    0x00,0x00,0x00,0x00,0x00,0x00,0x00,0x00,0x00,0x00,0x00,0x00,
    0x10,0x00,0x00,0x00,0x00,0x00,0x00,0x00,0x00,0x00,0x00,0x00,
    0x00,0x00,0x00,0x00,0x00,0x00,0x00,0x00,0x00,0x00,0x00,0x00,
    0x00,0x00,0x00,0x00,0x00,0x00,0x00,0x00,0x00,0x00,0x00,0x00,
    0x00,0x00,0x00,0x00,0x00,0x00,0x00,0x00,0x00,0x00,0x00,0x00,
    0x00,0x00,0x00,0x00,0x00,0x00,0x00,0x00,0x00,0x00,0x00,0x00,
    0x00,0x00,0x00,0x00,0x00,0x00,0x00,0x00,0x00,0x00,0x00,0x00,
    0x00,0x00,0x00,0x00,0x00,0x00,0x00,0x00,0x00,0x00,0x00,0x00,
    0x00,0x00,0x00,0x00,0x00,0x00,0x00,0x00,0x00,0x00,0x00,0x00,
    0x00,0x00,0x00,0x00,0x00,0x00,0x00,0x00,0x00,0x00,0x00,0x00}},
    {"scold_mature_magic",
     {0x00,0x00,0x00,0x00,0x00,0x00,0x00,0x00,0x00,0x00,0x00,0x00,
    0x00,0x00,0x00,0x00,0x00,0x00,0x00,0x00,0x00,0x00,0x00,0x00,
    0x00,0x00,0x00,0x00,0x00,0x00,0x00,0x00,0x00,0x00,0x00,0x00,
    0x00,0x00,0x00,0x00,0x00,0x00,0x00,0x00,0x00,0x00,0x00,0x00,
    0x00,0x00,0x00,0x00,0x00,0x00,0x00,0x00,0x00,0x00,0x00,0x00,
    0x00,0x00,0x00,0x00,0x00,0x00,0x00,0x00,0x00,0x00,0x00,0x00,
    0x00,0x00,0x00,0x00,0x00,0x00,0x00,0x00,0x00,0x00,0x00,0x00,
    0x00,0x00,0x00,0x00,0x00,0x00,0x00,0x00,0x00,0x00,0x00,0x00,
    0x00,0x00,0x00,0x00,0x00,0x00,0x00,0x00,0x00,0x00,0x00,0x00,
    0x00,0x00,0x00,0x00,0x00,0x00,0x00,0x00,0x00,0x00,0x00,0x00,
    0x00,0x00,0x00,0x00,0x00,0x00,0x00,0x00,0x00,0x00,0x00,0x00,
    0x00,0x00,0x00,0x00,0x00,0x00,0x00,0x00,0x00,0x00,0x00,0x00,
    0x00,0x00,0x00,0x00,0x00,0x00,0x00,0x00,0x00,0x00,0x00,0x00,
    0x00,0x00,0x00,0x00,0x00,0x00,0x00,0x00,0x00,0x00,0x00,0x00,
    0x00,0x00,0x00,0x00,0x00,0x00,0x00,0x00,0x00,0x00,0x00,0x00,
    0x00,0x00,0x00,0x00,0x00,0x00,0x00,0x00,0x00,0x00,0x00,0x00,
    0x00,0x00,0x00,0x00,0x00,0x50,0x00,0x00,0x00,0x00,0x00,0x00,
    0x00,0x00,0x00,0x00,0x00,0x00,0x00,0x00,0x00,0x00,0x00,0x00,
    0x00,0x00,0x00,0x00,0x00,0x05,0x00,0x00,0x00,0x00,0x00,0x00,
    0x00,0x00,0x00,0x00,0x00,0x00,0x00,0x00,0x00,0x00,0x00,0x00,
    0x00,0x00,0x00,0x00,0x05,0x00,0x00,0x01,0x00,0x00,0x00,0x00,
    0x00,0x00,0x00,0x00,0x01,0x00,0x00,0x00,0x00,0x00,0x00,0x00,
    0x00,0x00,0x00,0x00,0x00,0x00,0x50,0x18,0x10,0x00,0x00,0x00,
    0x00,0x00,0x00,0x00,0x18,0x10,0x00,0x00,0x00,0x00,0x00,0x00,
    0x00,0x00,0x00,0x00,0x00,0x50,0x01,0x85,0x81,0x00,0x00,0x00,
    0x10,0x00,0x00,0x01,0x85,0x81,0x00,0x00,0x00,0x00,0x00,0x00,
    0x00,0x00,0x00,0x00,0x00,0x00,0x01,0x85,0x81,0x00,0x11,0x11,
    0x81,0x11,0x10,0x01,0x85,0x81,0x00,0x00,0x00,0x00,0x00,0x00,
    0x00,0x00,0x00,0x00,0x00,0x00,0x18,0x55,0x58,0x11,0x88,0x88,
    0x88,0x88,0x81,0x18,0x55,0x58,0x10,0x00,0x00,0x00,0x00,0x00,
    0x00,0x00,0x00,0x00,0x00,0x00,0x01,0x85,0x88,0x88,0x88,0x88,
    0x88,0x88,0x88,0x88,0x85,0x81,0x00,0x00,0x00,0x00,0x00,0x00,
    0x00,0x00,0x00,0x00,0x00,0x00,0x01,0x85,0x88,0x88,0x88,0x88,
    0x88,0x88,0x88,0x88,0x85,0x81,0x00,0x00,0x00,0x00,0x00,0x00,
    0x00,0x00,0x00,0x00,0x00,0x00,0x00,0x18,0x88,0x88,0x88,0x88,
    0x88,0x88,0x88,0x88,0x88,0x10,0x00,0x00,0x00,0x00,0x00,0x00,
    0x00,0x00,0x00,0x00,0x00,0x00,0x00,0x18,0x88,0x88,0x88,0x88,
    0x88,0x88,0x88,0x88,0x88,0x10,0x00,0x00,0x00,0x00,0x00,0x00,
    0x00,0x00,0x00,0x00,0x00,0x00,0x01,0x88,0x88,0x88,0x88,0x88,
    0x88,0x88,0x88,0x88,0x88,0x81,0x00,0x00,0x00,0x00,0x00,0x00,
    0x00,0x00,0x00,0x00,0x00,0x00,0x01,0x88,0x88,0x88,0x88,0x88,
    0x88,0x88,0x88,0x88,0x88,0x81,0x00,0x00,0x00,0x00,0x00,0x00,
    0x00,0x00,0x00,0x00,0x00,0x00,0x18,0x88,0x88,0x88,0x88,0x88,
    0x88,0x88,0x88,0x88,0x88,0x88,0x10,0x00,0x00,0x00,0x00,0x00,
    0x00,0x00,0x00,0x00,0x00,0x00,0x18,0x88,0x88,0x18,0x88,0x88,
    0x88,0x88,0x88,0x18,0x88,0x88,0x10,0x00,0x00,0x00,0x00,0x00,
    0x00,0x00,0x00,0x00,0x00,0x00,0x18,0x88,0x81,0x11,0x88,0x88,
    0x88,0x88,0x81,0x11,0x88,0x88,0x10,0x00,0x00,0x00,0x00,0x00,
    0x00,0x00,0x00,0x00,0x00,0x00,0x18,0x88,0x81,0x21,0x88,0x88,
    0x88,0x88,0x81,0x21,0x88,0x88,0x10,0x00,0x00,0x00,0x00,0x00,
    0x00,0x00,0x00,0x00,0x00,0x00,0x18,0x88,0x11,0x11,0x18,0x88,
    0x38,0x88,0x11,0x11,0x18,0x88,0x10,0x00,0x00,0x00,0x00,0x00,
    0x00,0x00,0x00,0x00,0x00,0x01,0x88,0x88,0x81,0x11,0x33,0x33,
    0x33,0x33,0x31,0x11,0x88,0x88,0x81,0x00,0x00,0x00,0x00,0x00,
    0x00,0x00,0x00,0x00,0x00,0x00,0x18,0x88,0x81,0x11,0x33,0x33,
    0x33,0x33,0x31,0x11,0x88,0x88,0x10,0x00,0x00,0x00,0x00,0x00,
    0x00,0x00,0x00,0x00,0x00,0x00,0x18,0x88,0x88,0x13,0x33,0x33,
    0x33,0x33,0x33,0x18,0x88,0x88,0x10,0x00,0x00,0x00,0x00,0x00,
    0x00,0x00,0x00,0x00,0x00,0x00,0x18,0x88,0x83,0x63,0x33,0x33,
    0x33,0x33,0x33,0x63,0x88,0x88,0x10,0x00,0x00,0x00,0x00,0x00,
    0x00,0x00,0x00,0x00,0x00,0x00,0x18,0x88,0x83,0x63,0x33,0x33,
    0x33,0x33,0x33,0x63,0x88,0x88,0x10,0x00,0x00,0x00,0x00,0x00,
    0x00,0x00,0x00,0x00,0x00,0x00,0x18,0x88,0x33,0x33,0x33,0x31,
    0x31,0x33,0x33,0x33,0x38,0x88,0x10,0x00,0x00,0x00,0x00,0x00,
    0x00,0x00,0x00,0x00,0x00,0x00,0x01,0x88,0x83,0x33,0x33,0x13,
    0x13,0x13,0x33,0x33,0x88,0x81,0x00,0x00,0x00,0x00,0x00,0x00,
    0x00,0x00,0x00,0x00,0x00,0x00,0x01,0x88,0x83,0x33,0x33,0x33,
    0x33,0x33,0x33,0x33,0x88,0x81,0x00,0x00,0x00,0x00,0x00,0x00,
    0x00,0x00,0x00,0x00,0x00,0x00,0x00,0x18,0x88,0x33,0x33,0x33,
    0x33,0x33,0x33,0x38,0x88,0x10,0x00,0x00,0x00,0x00,0x00,0x00,
    0x00,0x00,0x00,0x00,0x00,0x00,0x00,0x01,0x88,0x83,0x33,0x33,
    0x33,0x33,0x33,0x88,0x81,0x00,0x00,0x00,0x00,0x00,0x00,0x00,
    0x00,0x00,0x00,0x00,0x00,0x00,0x00,0x01,0x88,0x88,0x33,0x33,
    0x33,0x33,0x38,0x88,0x81,0x00,0x00,0x00,0x00,0x00,0x00,0x00,
    0x00,0x00,0x00,0x00,0x00,0x00,0x00,0x00,0x11,0x88,0x88,0x88,
    0x38,0x88,0x88,0x81,0x10,0x00,0x00,0x00,0x00,0x00,0x00,0x00,
    0x00,0x00,0x00,0x00,0x00,0x00,0x00,0x00,0x00,0x18,0x88,0x88,
    0x88,0x88,0x88,0x10,0x00,0x00,0x00,0x00,0x00,0x00,0x00,0x00,
    0x00,0x00,0x00,0x00,0x00,0x00,0x00,0x00,0x00,0x01,0x88,0x11,
    0x81,0x18,0x81,0x00,0x00,0x00,0x00,0x00,0x00,0x00,0x00,0x00,
    0x00,0x00,0x00,0x00,0x00,0x00,0x00,0x00,0x01,0x18,0x81,0x00,
    0x10,0x01,0x88,0x11,0x00,0x00,0x00,0x00,0x00,0x00,0x00,0x00,
    0x00,0x00,0x00,0x00,0x00,0x00,0x00,0x00,0x18,0x88,0x88,0x10,
    0x00,0x18,0x88,0x88,0x10,0x00,0x00,0x00,0x00,0x00,0x00,0x00,
    0x00,0x00,0x00,0x00,0x00,0x00,0x00,0x00,0x01,0x18,0x11,0x00,
    0x00,0x01,0x18,0x11,0x00,0x00,0x00,0x00,0x00,0x00,0x00,0x00,
    0x00,0x00,0x00,0x00,0x00,0x00,0x00,0x00,0x00,0x01,0x00,0x00,
    0x00,0x00,0x01,0x00,0x00,0x00,0x00,0x00,0x00,0x00,0x00,0x00,
    0x00,0x00,0x00,0x00,0x00,0x00,0x00,0x00,0x00,0x00,0x00,0x00,
    0x00,0x00,0x00,0x00,0x00,0x00,0x00,0x00,0x00,0x00,0x00,0x00,
    0x00,0x00,0x00,0x00,0x00,0x00,0x00,0x00,0x00,0x00,0x00,0x00,
    0x00,0x00,0x00,0x00,0x00,0x00,0x00,0x00,0x00,0x00,0x00,0x00,
    0x00,0x00,0x00,0x00,0x00,0x00,0x00,0x00,0x00,0x00,0x00,0x00,
    0x00,0x00,0x00,0x00,0x00,0x00,0x00,0x00,0x00,0x00,0x00,0x00,
    0x00,0x00,0x00,0x00,0x00,0x00,0x00,0x00,0x00,0x00,0x00,0x00,
    0x00,0x00,0x00,0x00,0x00,0x00,0x00,0x00,0x00,0x00,0x00,0x00}},
    {"sick_mature_magic",
     {0x00,0x00,0x00,0x00,0x00,0x00,0x00,0x00,0x00,0x00,0x00,0x00,
    0x00,0x00,0x00,0x00,0x00,0x00,0x00,0x00,0x00,0x00,0x00,0x00,
    0x00,0x00,0x00,0x00,0x00,0x00,0x00,0x00,0x00,0x00,0x00,0x00,
    0x00,0x00,0x00,0x00,0x00,0x00,0x00,0x00,0x00,0x00,0x00,0x00,
    0x00,0x00,0x00,0x00,0x00,0x00,0x00,0x00,0x00,0x00,0x00,0x00,
    0x00,0x00,0x00,0x00,0x00,0x00,0x00,0x00,0x00,0x00,0x00,0x00,
    0x00,0x00,0x00,0x00,0x00,0x00,0x00,0x00,0x00,0x00,0x00,0x00,
    0x00,0x00,0x00,0x00,0x00,0x00,0x00,0x00,0x00,0x00,0x00,0x00,
    0x00,0x00,0x00,0x00,0x00,0x00,0x00,0x00,0x00,0x00,0x00,0x00,
    0x00,0x00,0x00,0x00,0x00,0x00,0x00,0x00,0x00,0x00,0x00,0x00,
    0x00,0x00,0x00,0x00,0x00,0x00,0x00,0x00,0x00,0x00,0x00,0x00,
    0x00,0x00,0x00,0x00,0x00,0x00,0x00,0x00,0x00,0x00,0x00,0x00,
    0x00,0x00,0x00,0x00,0x00,0x00,0x00,0x00,0x00,0x00,0x00,0x00,
    0x00,0x00,0x00,0x00,0x00,0x00,0x00,0x00,0x00,0x00,0x00,0x00,
    0x00,0x00,0x00,0x00,0x00,0x00,0x00,0x00,0x00,0x00,0x00,0x00,
    0x00,0x00,0x00,0x00,0x00,0x00,0x00,0x00,0x00,0x00,0x00,0x00,
    0x00,0x00,0x00,0x00,0x00,0x00,0x00,0x00,0x00,0x00,0x00,0x00,
    0x00,0x00,0x00,0x00,0x00,0x00,0x00,0x00,0x00,0x00,0x00,0x00,
    0x00,0x00,0x00,0x00,0x00,0x00,0x00,0x00,0x00,0x00,0x00,0x00,
    0x00,0x00,0x00,0x00,0x00,0x00,0x00,0x00,0x00,0x00,0x00,0x00,
    0x00,0x00,0x00,0x00,0x00,0x00,0x00,0x01,0x00,0x00,0x00,0x00,
    0x00,0x00,0x00,0x00,0x01,0x00,0x00,0x00,0x00,0x00,0x00,0x00,
    0x00,0x00,0x00,0x00,0x00,0x00,0x00,0x18,0x10,0x00,0x00,0x00,
    0x00,0x00,0x00,0x00,0x18,0x10,0x00,0x00,0x00,0x00,0x00,0x00,
    0x00,0x00,0x00,0x00,0x00,0x00,0x01,0x85,0x81,0x00,0x00,0x00,
    0x10,0x00,0x00,0x01,0x85,0x81,0x00,0x00,0x00,0x00,0x00,0x00,
    0x00,0x00,0x00,0x00,0x00,0x00,0x01,0x85,0x81,0x00,0x11,0x11,
    0x81,0x11,0x10,0x01,0x85,0x81,0x00,0x00,0x00,0x00,0x00,0x00,
    0x00,0x00,0x00,0x00,0x00,0x00,0x18,0x55,0x58,0x11,0x88,0x88,
    0x88,0x88,0x81,0x18,0x55,0x58,0x10,0x00,0x00,0x00,0x00,0x00,
    0x00,0x00,0x00,0x00,0x00,0x00,0x01,0x85,0x88,0x88,0x88,0x88,
    0x88,0x88,0x88,0x88,0x85,0x81,0x00,0x00,0x00,0x00,0x00,0x00,
    0x00,0x00,0x00,0x00,0x00,0x00,0x01,0x85,0x88,0x88,0x88,0x88,
    0x88,0x88,0x88,0x88,0x85,0x86,0x00,0x00,0x00,0x00,0x00,0x00,
    0x00,0x00,0x00,0x00,0x00,0x00,0x00,0x18,0x88,0x88,0x88,0x88,
    0x88,0x88,0x88,0x88,0x88,0x10,0x60,0x00,0x00,0x00,0x00,0x00,
    0x00,0x00,0x00,0x00,0x00,0x00,0x00,0x18,0x88,0x88,0x88,0x88,
    0x88,0x88,0x88,0x88,0x88,0x16,0x00,0x00,0x00,0x00,0x00,0x00,
    0x00,0x00,0x00,0x00,0x00,0x00,0x01,0x88,0x18,0x88,0x88,0x88,
    0x88,0x88,0x18,0x88,0x88,0x81,0x00,0x00,0x00,0x00,0x00,0x00,
    0x00,0x00,0x00,0x00,0x00,0x00,0x01,0x88,0x81,0x88,0x88,0x88,
    0x88,0x88,0x81,0x88,0x88,0x81,0x00,0x00,0x00,0x00,0x00,0x00,
    0x00,0x00,0x00,0x00,0x00,0x00,0x18,0x88,0x88,0x18,0x18,0x88,
    0x88,0x88,0x88,0x18,0x18,0x88,0x10,0x00,0x00,0x00,0x00,0x00,
    0x00,0x00,0x00,0x00,0x00,0x00,0x18,0x88,0x88,0x81,0x88,0x88,
    0x88,0x88,0x88,0x81,0x88,0x88,0x10,0x00,0x00,0x00,0x00,0x00,
    0x00,0x00,0x00,0x00,0x00,0x00,0x18,0x88,0x88,0x18,0x18,0x88,
    0x88,0x88,0x88,0x18,0x18,0x88,0x10,0x00,0x00,0x00,0x00,0x00,
    0x00,0x00,0x00,0x00,0x00,0x00,0x18,0x88,0x81,0x88,0x88,0x88,
    0x88,0x88,0x81,0x88,0x88,0x88,0x10,0x00,0x00,0x00,0x00,0x00,
    0x00,0x00,0x00,0x00,0x00,0x00,0x18,0x88,0x18,0x88,0x88,0x88,
    0x38,0x88,0x18,0x88,0x88,0x88,0x10,0x00,0x00,0x00,0x00,0x00,
    0x00,0x00,0x00,0x00,0x22,0x01,0x88,0x88,0x88,0x88,0x33,0x33,
    0x33,0x33,0x38,0x88,0x88,0x88,0x81,0x00,0x00,0x00,0x00,0x00,
    0x00,0x00,0x00,0x00,0x22,0x00,0x18,0x88,0x88,0x83,0x33,0x33,
    0x33,0x33,0x33,0x88,0x88,0x88,0x10,0x00,0x00,0x00,0x00,0x00,
    0x00,0x00,0x00,0x00,0x22,0x00,0x18,0x88,0x88,0x33,0x33,0x33,
    0x33,0x33,0x33,0x38,0x88,0x88,0x10,0x00,0x00,0x00,0x00,0x00,
    0x00,0x00,0x00,0x00,0x22,0x00,0x18,0x88,0x83,0x33,0x33,0x13,
    0x13,0x13,0x33,0x33,0x88,0x88,0x10,0x00,0x00,0x00,0x00,0x00,
    0x00,0x00,0x00,0x00,0x22,0x00,0x18,0x88,0x83,0x33,0x33,0x31,
    0x31,0x33,0x33,0x33,0x88,0x88,0x10,0x00,0x00,0x00,0x00,0x00,
    0x00,0x00,0x00,0x00,0x22,0x00,0x18,0x88,0x33,0x33,0x33,0x33,
    0x33,0x33,0x33,0x33,0x38,0x88,0x10,0x00,0x00,0x00,0x00,0x00,
    0x00,0x00,0x00,0x00,0x22,0x00,0x01,0x88,0x83,0x33,0x33,0x33,
    0x33,0x33,0x33,0x33,0x88,0x81,0x00,0x00,0x00,0x00,0x00,0x00,
    0x00,0x00,0x00,0x00,0x22,0x00,0x01,0x88,0x83,0x33,0x33,0x33,
    0x33,0x33,0x33,0x33,0x88,0x81,0x00,0x00,0x00,0x00,0x00,0x00,
    0x00,0x00,0x00,0x00,0x22,0x00,0x00,0x18,0x88,0x33,0x33,0x33,
    0x33,0x33,0x33,0x38,0x88,0x10,0x00,0x00,0x00,0x00,0x00,0x00,
    0x00,0x00,0x00,0x00,0x22,0x00,0x00,0x01,0x88,0x83,0x33,0x33,
    0x33,0x33,0x33,0x88,0x81,0x00,0x00,0x00,0x00,0x00,0x00,0x00,
    0x00,0x00,0x00,0x00,0x22,0x00,0x00,0x01,0x88,0x88,0x33,0x33,
    0x33,0x33,0x38,0x88,0x81,0x00,0x00,0x00,0x00,0x00,0x00,0x00,
    0x00,0x00,0x00,0x00,0x22,0x00,0x00,0x00,0x11,0x88,0x88,0x88,
    0x38,0x88,0x88,0x81,0x10,0x00,0x00,0x00,0x00,0x00,0x00,0x00,
    0x00,0x00,0x00,0x00,0x52,0x00,0x00,0x00,0x00,0x18,0x88,0x88,
    0x88,0x88,0x88,0x10,0x00,0x00,0x00,0x00,0x00,0x00,0x00,0x00,
    0x00,0x00,0x00,0x05,0x55,0x00,0x00,0x00,0x00,0x01,0x88,0x11,
    0x81,0x18,0x81,0x00,0x00,0x00,0x00,0x00,0x00,0x00,0x00,0x00,
    0x00,0x00,0x00,0x55,0x55,0x50,0x00,0x00,0x01,0x18,0x81,0x00,
    0x10,0x01,0x88,0x11,0x00,0x00,0x00,0x00,0x00,0x00,0x00,0x00,
    0x00,0x00,0x00,0x05,0x55,0x00,0x00,0x00,0x18,0x88,0x88,0x10,
    0x00,0x18,0x88,0x88,0x10,0x00,0x00,0x00,0x00,0x00,0x00,0x00,
    0x00,0x00,0x00,0x00,0x50,0x00,0x00,0x00,0x01,0x18,0x11,0x00,
    0x00,0x01,0x18,0x11,0x00,0x00,0x00,0x00,0x00,0x00,0x00,0x00,
    0x00,0x00,0x00,0x00,0x00,0x00,0x00,0x00,0x00,0x01,0x00,0x00,
    0x00,0x00,0x01,0x00,0x00,0x00,0x00,0x00,0x00,0x00,0x00,0x00,
    0x00,0x00,0x00,0x00,0x00,0x00,0x00,0x00,0x00,0x00,0x00,0x00,
    0x00,0x00,0x00,0x00,0x00,0x00,0x00,0x00,0x00,0x00,0x00,0x00,
    0x00,0x00,0x00,0x00,0x00,0x00,0x00,0x00,0x00,0x00,0x00,0x00,
    0x00,0x00,0x00,0x00,0x00,0x00,0x00,0x00,0x00,0x00,0x00,0x00,
    0x00,0x00,0x00,0x00,0x00,0x00,0x00,0x00,0x00,0x00,0x00,0x00,
    0x00,0x00,0x00,0x00,0x00,0x00,0x00,0x00,0x00,0x00,0x00,0x00,
    0x00,0x00,0x00,0x00,0x00,0x00,0x00,0x00,0x00,0x00,0x00,0x00,
    0x00,0x00,0x00,0x00,0x00,0x00,0x00,0x00,0x00,0x00,0x00,0x00}},
    {"happy_mature_speed",
     {0x00,0x00,0x00,0x00,0x00,0x00,0x00,0x00,0x00,0x00,0x00,0x00,
    0x00,0x00,0x00,0x00,0x00,0x00,0x00,0x00,0x00,0x00,0x00,0x00,
    0x00,0x00,0x00,0x00,0x00,0x00,0x00,0x00,0x00,0x00,0x00,0x00,
    0x00,0x00,0x00,0x00,0x00,0x00,0x00,0x00,0x00,0x00,0x00,0x00,
    0x00,0x00,0x00,0x00,0x00,0x00,0x00,0x00,0x00,0x00,0x00,0x00,
    0x00,0x00,0x00,0x00,0x00,0x00,0x00,0x00,0x00,0x00,0x00,0x00,
    0x00,0x00,0x00,0x00,0x00,0x00,0x00,0x00,0x00,0x00,0x00,0x00,
    0x00,0x00,0x00,0x00,0x00,0x00,0x00,0x00,0x00,0x00,0x10,0x00,
    0x00,0x00,0x00,0x00,0x00,0x00,0x00,0x00,0x00,0x00,0x00,0x00,
    0x00,0x00,0x00,0x00,0x00,0x00,0x00,0x00,0x00,0x01,0x00,0x00,
    0x00,0x00,0x00,0x00,0x00,0x00,0x00,0x00,0x00,0x00,0x00,0x00,
    0x00,0x00,0x00,0x00,0x00,0x00,0x00,0x00,0x00,0x01,0x00,0x00,
    0x00,0x00,0x00,0x00,0x00,0x00,0x00,0x01,0x00,0x00,0x00,0x00,
    0x00,0x00,0x00,0x00,0x01,0x00,0x00,0x00,0x00,0x11,0x00,0x00,
    0x00,0x00,0x00,0x00,0x00,0x00,0x00,0x1D,0x10,0x00,0x00,0x00,
    0x00,0x00,0x00,0x00,0x1D,0x10,0x00,0x00,0x11,0x00,0x00,0x00,
    0x00,0x00,0x00,0x00,0x10,0x00,0x01,0xDD,0xD1,0x00,0x00,0x00,
    0x10,0x00,0x00,0x01,0xDD,0xD1,0x00,0x00,0x10,0x00,0x00,0x00,
    0x00,0x00,0x00,0x01,0xD1,0x00,0x01,0xDD,0xD1,0x00,0x11,0x11,
    0xD1,0x11,0x10,0x01,0xDD,0xD1,0x00,0x01,0xD1,0x00,0x00,0x00,
    0x00,0x00,0x00,0x1D,0xDD,0x10,0x1D,0xDD,0xDD,0x11,0xDD,0xDD,
    0xDD,0xDD,0xD1,0x1D,0xDD,0xDD,0x10,0x1D,0xDD,0x10,0x00,0x00,
    0x00,0x00,0x00,0x1D,0xDD,0x10,0x01,0xDD,0xDD,0xDD,0xDD,0xDD,
    0xDD,0xDD,0xDD,0xDD,0xDD,0xD1,0x00,0x1D,0xDD,0x10,0x00,0x00,
    0x00,0x00,0x01,0xDD,0xDD,0xD1,0x01,0xDD,0xDD,0xDD,0xDD,0xDD,
    0xDD,0xDD,0xDD,0xDD,0xDD,0xD1,0x01,0xDD,0xDD,0xD1,0x00,0x00,
    0x00,0x00,0x00,0x1D,0xDD,0x10,0x00,0x1D,0xDD,0xDD,0xDD,0xDD,
    0xDD,0xDD,0xDD,0xDD,0xDD,0x10,0x00,0x1D,0xDD,0x10,0x00,0x00,
    0x00,0x00,0x00,0x1D,0xDD,0x10,0x00,0x1D,0xDD,0xDD,0xDD,0xDD,
    0xDD,0xDD,0xDD,0xDD,0xDD,0x10,0x00,0x1D,0xDD,0x10,0x00,0x00,
    0x00,0x00,0x00,0x01,0xD1,0x00,0x01,0xDD,0xDD,0xDD,0xDD,0xDD,
    0xDD,0xDD,0xDD,0xDD,0xDD,0xD1,0x00,0x01,0xD1,0x00,0x00,0x00,
    0x00,0x00,0x00,0x00,0x10,0x00,0x01,0xDD,0xDD,0xDD,0xDD,0xDD,
    0xDD,0xDD,0xDD,0xDD,0xDD,0xD1,0x00,0x00,0x10,0x00,0x00,0x00,
    0x00,0x00,0x00,0x00,0x00,0x00,0x1D,0xDD,0xDD,0xDD,0xDD,0xDD,
    0xDD,0xDD,0xDD,0xDD,0xDD,0xDD,0x10,0x00,0x00,0x00,0x00,0x00,
    0x00,0x00,0x00,0x00,0x00,0x00,0x1D,0xDD,0xD1,0x1D,0xDD,0xDD,
    0xDD,0xDD,0xD1,0x1D,0xDD,0xDD,0x10,0x00,0x00,0x00,0x00,0x00,
    0x00,0x00,0x00,0x00,0x00,0x00,0x1D,0xDD,0x1D,0xD1,0xDD,0xDD,
    0xDD,0xDD,0x1D,0xD1,0xDD,0xDD,0x10,0x00,0x00,0x00,0x00,0x00,
    0x00,0x00,0x00,0x00,0x00,0x00,0x1D,0xDD,0xDD,0xDD,0xDD,0xDD,
    0xDD,0xDD,0xDD,0xDD,0xDD,0xDD,0x10,0x00,0x00,0x00,0x00,0x00,
    0x00,0x00,0x00,0x00,0x00,0x00,0x1D,0xDD,0xDD,0xDD,0xDD,0xDD,
    0x3D,0xDD,0xDD,0xDD,0xDD,0xDD,0x10,0x00,0x00,0x00,0x00,0x00,
    0x00,0x00,0x00,0x00,0x00,0x01,0xDD,0x5D,0xDD,0xDD,0x33,0x33,
    0x13,0x33,0x3D,0xDD,0xDD,0x5D,0xD1,0x00,0x00,0x00,0x00,0x00,
    0x00,0x00,0x00,0x00,0x00,0x00,0x15,0x55,0x5D,0xD3,0x33,0x11,
    0x11,0x13,0x33,0xDD,0x55,0x55,0x10,0x00,0x00,0x00,0x00,0x00,
    0x00,0x00,0x00,0x00,0x00,0x01,0x55,0x55,0x55,0x33,0x31,0x11,
    0x11,0x11,0x33,0x35,0x55,0x55,0x51,0x00,0x00,0x00,0x00,0x00,
    0x00,0x00,0x00,0x00,0x00,0x00,0x15,0x55,0x53,0x33,0x33,0x11,
    0x11,0x13,0x33,0x33,0x55,0x55,0x10,0x00,0x00,0x00,0x00,0x00,
    0x00,0x00,0x00,0x00,0x00,0x00,0x1D,0x5D,0xD3,0x33,0x33,0x33,
    0x13,0x33,0x33,0x33,0xDD,0x5D,0x10,0x00,0x00,0x00,0x00,0x00,
    0x00,0x00,0x00,0x00,0x00,0x00,0x1D,0xDD,0x33,0x33,0x33,0x33,
    0x33,0x33,0x33,0x33,0x3D,0xDD,0x10,0x00,0x00,0x00,0x00,0x00,
    0x00,0x00,0x00,0x00,0x00,0x00,0x01,0xDD,0xD3,0x33,0x33,0x33,
    0x33,0x33,0x33,0x33,0xDD,0xD1,0x00,0x00,0x00,0x00,0x00,0x00,
    0x00,0x00,0x00,0x00,0x00,0x00,0x01,0xDD,0xD3,0x33,0x33,0x33,
    0x33,0x33,0x33,0x33,0xDD,0xD1,0x00,0x00,0x00,0x00,0x00,0x00,
    0x00,0x00,0x00,0x00,0x00,0x00,0x00,0x1D,0xDD,0x33,0x33,0x33,
    0x33,0x33,0x33,0x3D,0xDD,0x10,0x00,0x00,0x00,0x00,0x00,0x00,
    0x00,0x00,0x00,0x00,0x00,0x00,0x00,0x01,0xDD,0xD3,0x33,0x33,
    0x33,0x33,0x33,0xDD,0xD1,0x00,0x00,0x00,0x00,0x00,0x00,0x00,
    0x00,0x00,0x00,0x00,0x00,0x00,0x00,0x01,0xDD,0xDD,0x33,0x33,
    0x33,0x33,0x3D,0xDD,0xD1,0x00,0x00,0x00,0x00,0x00,0x00,0x00,
    0x00,0x00,0x00,0x00,0x00,0x00,0x00,0x00,0x11,0xDD,0xDD,0xDD,
    0x3D,0xDD,0xDD,0xD1,0x10,0x00,0x00,0x00,0x00,0x00,0x00,0x00,
    0x00,0x00,0x00,0x00,0x00,0x00,0x00,0x00,0x00,0x11,0xDD,0xDD,
    0xDD,0xDD,0xD1,0x10,0x00,0x00,0x00,0x00,0x00,0x00,0x00,0x00,
    0x00,0x00,0x00,0x00,0x00,0x00,0x00,0x00,0x00,0x00,0x11,0x11,
    0xD1,0x11,0x10,0x00,0x00,0x00,0x00,0x00,0x00,0x00,0x00,0x00,
    0x00,0x00,0x00,0x00,0x00,0x00,0x00,0x00,0x00,0x00,0x00,0x00,
    0x10,0x00,0x00,0x00,0x00,0x00,0x00,0x00,0x00,0x00,0x00,0x00,
    0x00,0x00,0x00,0x00,0x00,0x00,0x00,0x00,0x00,0x01,0x00,0x00,
    0x00,0x00,0x01,0x00,0x00,0x00,0x00,0x00,0x00,0x00,0x00,0x00,
    0x00,0x00,0x00,0x00,0x00,0x00,0x00,0x00,0x01,0x1D,0x11,0x00,
    0x00,0x01,0x1D,0x11,0x00,0x00,0x00,0x00,0x00,0x00,0x00,0x00,
    0x00,0x00,0x00,0x00,0x00,0x00,0x00,0x00,0x1D,0xDD,0xDD,0x10,
    0x00,0x1D,0xDD,0xDD,0x10,0x00,0x00,0x00,0x00,0x00,0x00,0x00,
    0x00,0x00,0x00,0x00,0x00,0x00,0x00,0x00,0x01,0x1D,0x11,0x00,
    0x00,0x01,0x1D,0x11,0x00,0x00,0x00,0x00,0x00,0x00,0x00,0x00,
    0x00,0x00,0x00,0x00,0x00,0x00,0x00,0x00,0x00,0x01,0x00,0x00,
    0x00,0x00,0x01,0x00,0x00,0x00,0x00,0x00,0x00,0x00,0x00,0x00,
    0x00,0x00,0x00,0x00,0x00,0x00,0x00,0x00,0x00,0x00,0x00,0x00,
    0x00,0x00,0x00,0x00,0x00,0x00,0x00,0x00,0x00,0x00,0x00,0x00,
    0x00,0x00,0x00,0x00,0x00,0x00,0x00,0x00,0x00,0x00,0x00,0x00,
    0x00,0x00,0x00,0x00,0x00,0x00,0x00,0x00,0x00,0x00,0x00,0x00,
    0x00,0x00,0x00,0x00,0x00,0x00,0x00,0x00,0x00,0x00,0x00,0x00,
    0x00,0x00,0x00,0x00,0x00,0x00,0x00,0x00,0x00,0x00,0x00,0x00,
    0x00,0x00,0x00,0x00,0x00,0x00,0x00,0x00,0x00,0x00,0x00,0x00,
    0x00,0x00,0x00,0x00,0x00,0x00,0x00,0x00,0x00,0x00,0x00,0x00,
    0x00,0x00,0x00,0x00,0x00,0x00,0x00,0x00,0x00,0x00,0x00,0x00,
    0x00,0x00,0x00,0x00,0x00,0x00,0x00,0x00,0x00,0x00,0x00,0x00,
    0x00,0x00,0x00,0x00,0x00,0x00,0x00,0x00,0x00,0x00,0x00,0x00,
    0x00,0x00,0x00,0x00,0x00,0x00,0x00,0x00,0x00,0x00,0x00,0x00}},
    {"eat_mature_speed",
     {0x00,0x00,0x00,0x00,0x00,0x00,0x00,0x00,0x00,0x00,0x00,0x00,
    0x00,0x00,0x00,0x00,0x00,0x00,0x00,0x00,0x00,0x00,0x00,0x00,
    0x00,0x00,0x00,0x00,0x00,0x00,0x00,0x00,0x00,0x00,0x00,0x00,
    0x00,0x00,0x00,0x00,0x00,0x00,0x00,0x00,0x00,0x00,0x00,0x00,
    0x00,0x00,0x00,0x00,0x00,0x00,0x00,0x00,0x00,0x00,0x00,0x00,
    0x00,0x00,0x00,0x00,0x00,0x00,0x00,0x00,0x00,0x00,0x00,0x00,
    0x00,0x00,0x00,0x00,0x00,0x00,0x00,0x00,0x00,0x00,0x00,0x00,
    0x00,0x00,0x00,0x00,0x00,0x00,0x00,0x00,0x00,0x00,0x00,0x00,
    0x00,0x00,0x00,0x00,0x00,0x00,0x00,0x00,0x00,0x00,0x00,0x00,
    0x00,0x00,0x00,0x00,0x00,0x00,0x00,0x00,0x00,0x00,0x00,0x00,
    0x00,0x00,0x00,0x00,0x00,0x00,0x00,0x00,0x00,0x00,0x00,0x00,
    0x00,0x00,0x00,0x00,0x00,0x00,0x00,0x00,0x00,0x00,0x00,0x00,
    0x00,0x00,0x00,0x00,0x00,0x00,0x00,0x00,0x00,0x00,0x00,0x00,
    0x00,0x00,0x00,0x00,0x00,0x00,0x00,0x00,0x00,0x00,0x00,0x00,
    0x00,0x00,0x00,0x00,0x00,0x00,0x00,0x00,0x00,0x00,0x00,0x00,
    0x00,0x00,0x00,0x00,0x00,0x00,0x00,0x00,0x00,0x00,0x00,0x00,
    0x00,0x00,0x00,0x00,0x00,0x00,0x00,0x00,0x00,0x00,0x00,0x00,
    0x00,0x00,0x00,0x00,0x00,0x00,0x00,0x00,0x00,0x00,0x00,0x00,
    0x00,0x00,0x00,0x00,0x00,0x00,0x00,0x00,0x00,0x00,0x00,0x00,
    0x00,0x00,0x00,0x00,0x00,0x00,0x00,0x00,0x00,0x00,0x00,0x00,
    0x00,0x00,0x00,0x00,0x00,0x00,0x00,0x01,0x00,0x00,0x00,0x00,
    0x00,0x00,0x00,0x00,0x01,0x00,0x00,0x00,0x00,0x00,0x00,0x00,
    0x00,0x00,0x00,0x00,0x00,0x00,0x00,0x1D,0x10,0x00,0x00,0x00,
    0x00,0x00,0x00,0x00,0x1D,0x10,0x00,0x00,0x00,0x00,0x00,0x00,
    0x00,0x00,0x00,0x00,0x00,0x00,0x01,0xD5,0xD1,0x00,0x00,0x00,
    0x10,0x00,0x00,0x01,0xD5,0xD1,0x00,0x00,0x00,0x00,0x00,0x00,
    0x00,0x00,0x00,0x00,0x00,0x00,0x01,0xD5,0xD1,0x00,0x11,0x11,
    0xD1,0x11,0x10,0x01,0xD5,0xD1,0x00,0x00,0x00,0x00,0x00,0x00,
    0x00,0x00,0x00,0x00,0x00,0x00,0x1D,0x55,0x5D,0x11,0xDD,0xDD,
    0xDD,0xDD,0xD1,0x1D,0x55,0x5D,0x10,0x00,0x00,0x00,0x00,0x00,
    0x00,0x00,0x00,0x00,0x00,0x00,0x01,0xD5,0xDD,0xDD,0xDD,0xDD,
    0xDD,0xDD,0xDD,0xDD,0xD5,0xD1,0x00,0x00,0x01,0x00,0x00,0x00,
    0x00,0x00,0x00,0x00,0x00,0x00,0x01,0xD5,0xDD,0xDD,0xDD,0xDD,
    0xDD,0xDD,0xDD,0xDD,0xD5,0xD1,0x00,0x00,0x00,0x00,0x00,0x00,
    0x00,0x00,0x00,0x00,0x00,0x00,0x00,0x1D,0xDD,0xDD,0xDD,0xDD,
    0xDD,0xDD,0xDD,0xDD,0xDD,0x10,0x00,0x00,0x00,0x00,0x00,0x00,
    0x00,0x00,0x00,0x00,0x00,0x00,0x00,0x1D,0xDD,0xDD,0xDD,0xDD,
    0xDD,0xDD,0xDD,0xDD,0xDD,0x10,0x00,0x00,0x11,0x10,0x00,0x00,
    0x00,0x00,0x00,0x00,0x00,0x00,0x01,0xDD,0xDD,0xDD,0xDD,0xDD,
    0xDD,0xDD,0xDD,0xDD,0xDD,0xD1,0x00,0x01,0x33,0x31,0x00,0x00,
    0x00,0x00,0x00,0x00,0x00,0x00,0x01,0xDD,0xD1,0x1D,0xDD,0xDD,
    0xDD,0xDD,0xD1,0x1D,0xDD,0xD1,0x00,0x13,0x33,0x33,0x10,0x00,
    0x00,0x00,0x00,0x00,0x00,0x00,0x1D,0xDD,0x1D,0xD1,0xDD,0xDD,
    0xDD,0xDD,0x1D,0xD1,0xDD,0xDD,0x10,0x13,0x11,0x13,0x10,0x00,
    0x00,0x00,0x00,0x00,0x00,0x00,0x1D,0xDD,0xDD,0xDD,0xDD,0xDD,
    0xDD,0xDD,0xDD,0xDD,0xDD,0xDD,0x10,0x13,0x11,0x13,0x10,0x00,
    0x00,0x00,0x00,0x00,0x00,0x00,0x1D,0xDD,0xDD,0xDD,0xDD,0xDD,
    0xDD,0xDD,0xDD,0xDD,0xDD,0xDD,0x10,0x11,0x11,0x11,0x10,0x00,
    0x00,0x00,0x00,0x00,0x00,0x00,0x1D,0xDD,0xDD,0xDD,0xDD,0xDD,
    0xDD,0xDD,0xDD,0xDD,0xDD,0xDD,0x10,0x00,0x00,0x00,0x00,0x00,
    0x00,0x00,0x00,0x00,0x00,0x00,0x1D,0xDD,0xDD,0xDD,0xDD,0xDD,
    0x1D,0xDD,0xDD,0xDD,0xDD,0xDD,0x10,0x00,0x00,0x00,0x00,0x00,
    0x00,0x00,0x00,0x00,0x00,0x01,0xDD,0xDD,0xDD,0xDD,0x33,0x11,
    0x11,0x13,0x3D,0xDD,0xDD,0xDD,0xD1,0x00,0x00,0x00,0x00,0x00,
    0x00,0x00,0x00,0x00,0x00,0x00,0x1D,0xDD,0xDD,0xD3,0x31,0x11,
    0x11,0x11,0x33,0xDD,0xDD,0xDD,0x10,0x00,0x00,0x00,0x00,0x00,
    0x00,0x00,0x00,0x00,0x00,0x00,0x1D,0xDD,0xDD,0x33,0x11,0x11,
    0x51,0x11,0x13,0x3D,0xDD,0xDD,0x10,0x00,0x00,0x00,0x00,0x00,
    0x00,0x00,0x00,0x00,0x00,0x00,0x1D,0xDD,0xD3,0x33,0x31,0x55,
    0x55,0x51,0x33,0x33,0xDD,0xDD,0x10,0x00,0x00,0x00,0x00,0x00,
    0x00,0x00,0x00,0x00,0x00,0x00,0x1D,0xDD,0xD3,0x33,0x33,0x11,
    0x51,0x13,0x33,0x33,0xDD,0xDD,0x10,0x00,0x00,0x00,0x00,0x00,
    0x00,0x00,0x00,0x00,0x00,0x00,0x1D,0xDD,0x33,0x33,0x33,0x33,
    0x13,0x33,0x33,0x33,0x3D,0xDD,0x10,0x00,0x00,0x00,0x00,0x00,
    0x00,0x00,0x00,0x00,0x00,0x00,0x01,0xDD,0xD3,0x33,0x33,0x33,
    0x33,0x33,0x33,0x33,0xDD,0xD1,0x00,0x00,0x00,0x00,0x00,0x00,
    0x00,0x00,0x00,0x00,0x00,0x00,0x01,0xDD,0xD3,0x33,0x33,0x33,
    0x33,0x33,0x33,0x33,0xDD,0xD1,0x00,0x00,0x00,0x00,0x00,0x00,
    0x00,0x00,0x00,0x00,0x00,0x00,0x00,0x1D,0xDD,0x33,0x33,0x33,
    0x33,0x33,0x33,0x3D,0xDD,0x10,0x00,0x00,0x00,0x00,0x00,0x00,
    0x00,0x00,0x00,0x00,0x00,0x00,0x00,0x01,0xDD,0xD3,0x33,0x33,
    0x33,0x33,0x33,0xDD,0xD1,0x00,0x00,0x00,0x00,0x00,0x00,0x00,
    0x00,0x00,0x00,0x00,0x00,0x00,0x00,0x01,0xDD,0xDD,0x33,0x33,
    0x33,0x33,0x3D,0xDD,0xD1,0x00,0x00,0x00,0x00,0x00,0x00,0x00,
    0x00,0x00,0x00,0x00,0x00,0x00,0x00,0x00,0x11,0xDD,0xDD,0xDD,
    0x3D,0xDD,0xDD,0xD1,0x10,0x00,0x00,0x00,0x00,0x00,0x00,0x00,
    0x00,0x00,0x00,0x00,0x00,0x00,0x00,0x00,0x00,0x1D,0xDD,0xDD,
    0xDD,0xDD,0xDD,0x10,0x00,0x00,0x00,0x00,0x00,0x00,0x00,0x00,
    0x00,0x00,0x00,0x00,0x00,0x00,0x00,0x00,0x00,0x01,0xDD,0x11,
    0xD1,0x1D,0xD1,0x00,0x00,0x00,0x00,0x00,0x00,0x00,0x00,0x00,
    0x00,0x00,0x00,0x00,0x00,0x00,0x00,0x00,0x01,0x1D,0xD1,0x00,
    0x10,0x01,0xDD,0x11,0x00,0x00,0x00,0x00,0x00,0x00,0x00,0x00,
    0x00,0x00,0x00,0x00,0x00,0x00,0x00,0x00,0x1D,0xDD,0xDD,0x10,
    0x00,0x1D,0xDD,0xDD,0x10,0x00,0x00,0x00,0x00,0x00,0x00,0x00,
    0x00,0x00,0x00,0x00,0x00,0x00,0x00,0x00,0x01,0x1D,0x11,0x00,
    0x00,0x01,0x1D,0x11,0x00,0x00,0x00,0x00,0x00,0x00,0x00,0x00,
    0x00,0x00,0x00,0x00,0x00,0x00,0x00,0x00,0x00,0x01,0x00,0x00,
    0x00,0x00,0x01,0x00,0x00,0x00,0x00,0x00,0x00,0x00,0x00,0x00,
    0x00,0x00,0x00,0x00,0x00,0x00,0x00,0x00,0x00,0x00,0x00,0x00,
    0x00,0x00,0x00,0x00,0x00,0x00,0x00,0x00,0x00,0x00,0x00,0x00,
    0x00,0x00,0x00,0x00,0x00,0x00,0x00,0x00,0x00,0x00,0x00,0x00,
    0x00,0x00,0x00,0x00,0x00,0x00,0x00,0x00,0x00,0x00,0x00,0x00,
    0x00,0x00,0x00,0x00,0x00,0x00,0x00,0x00,0x00,0x00,0x00,0x00,
    0x00,0x00,0x00,0x00,0x00,0x00,0x00,0x00,0x00,0x00,0x00,0x00,
    0x00,0x00,0x00,0x00,0x00,0x00,0x00,0x00,0x00,0x00,0x00,0x00,
    0x00,0x00,0x00,0x00,0x00,0x00,0x00,0x00,0x00,0x00,0x00,0x00}},
    {"zzz_mature_speed",
     {0x00,0x00,0x00,0x00,0x00,0x00,0x00,0x00,0x00,0x00,0x00,0x00,
    0x00,0x00,0x00,0x00,0x00,0x00,0x00,0x00,0x00,0x00,0x00,0x00,
    0x00,0x00,0x00,0x00,0x00,0x00,0x00,0x00,0x00,0x00,0x00,0x00,
    0x00,0x00,0x00,0x00,0x00,0x00,0x00,0x00,0x00,0x00,0x00,0x00,
    0x00,0x00,0x00,0x00,0x00,0x00,0x00,0x00,0x00,0x00,0x00,0x00,
    0x00,0x00,0x00,0x00,0x00,0x00,0x00,0x00,0x00,0x00,0x00,0x00,
    0x00,0x00,0x00,0x00,0x00,0x00,0x00,0x00,0x00,0x00,0x00,0x00,
    0x00,0x00,0x00,0x00,0x00,0x00,0x00,0x00,0x00,0x00,0x00,0x00,
    0x00,0x00,0x00,0x00,0x00,0x00,0x00,0x00,0x11,0x00,0x00,0x00,
    0x00,0x00,0x00,0x00,0x00,0x00,0x00,0x00,0x00,0x00,0x00,0x00,
    0x00,0x00,0x00,0x00,0x00,0x00,0x00,0x00,0x10,0x00,0x00,0x00,
    0x00,0x00,0x00,0x00,0x00,0x00,0x00,0x00,0x00,0x00,0x00,0x00,
    0x00,0x00,0x00,0x00,0x00,0x00,0x00,0x00,0x01,0x00,0x00,0x00,
    0x00,0x00,0x00,0x00,0x00,0x00,0x00,0x00,0x00,0x00,0x00,0x00,
    0x00,0x00,0x00,0x00,0x00,0x01,0x11,0x00,0x11,0x00,0x00,0x00,
    0x00,0x00,0x00,0x00,0x00,0x00,0x00,0x00,0x00,0x00,0x00,0x00,
    0x00,0x00,0x00,0x00,0x00,0x01,0x00,0x00,0x00,0x00,0x00,0x00,
    0x00,0x00,0x00,0x00,0x00,0x00,0x00,0x00,0x00,0x00,0x00,0x00,
    0x00,0x00,0x00,0x00,0x00,0x00,0x10,0x00,0x00,0x00,0x00,0x00,
    0x00,0x00,0x00,0x00,0x00,0x00,0x00,0x00,0x00,0x00,0x00,0x00,
    0x00,0x00,0x00,0x00,0x00,0x00,0x01,0x00,0x00,0x00,0x00,0x00,
    0x00,0x00,0x00,0x00,0x00,0x00,0x00,0x00,0x00,0x00,0x00,0x00,
    0x00,0x00,0x00,0x00,0x00,0x01,0x11,0x00,0x00,0x00,0x00,0x00,
    0x00,0x00,0x00,0x00,0x00,0x00,0x00,0x00,0x00,0x00,0x00,0x00,
    0x00,0x00,0x00,0x11,0x10,0x00,0x00,0x00,0x00,0x00,0x00,0x00,
    0x00,0x00,0x00,0x00,0x00,0x00,0x00,0x00,0x00,0x00,0x00,0x00,
    0x00,0x00,0x00,0x10,0x00,0x00,0x00,0x00,0x00,0x00,0x00,0x00,
    0x00,0x00,0x00,0x00,0x00,0x00,0x00,0x00,0x00,0x00,0x00,0x00,
    0x00,0x00,0x00,0x01,0x00,0x00,0x00,0x00,0x00,0x00,0x00,0x00,
    0x00,0x00,0x00,0x00,0x00,0x00,0x00,0x00,0x00,0x00,0x00,0x00,
    0x00,0x00,0x00,0x00,0x10,0x00,0x00,0x00,0x00,0x00,0x00,0x00,
    0x00,0x00,0x00,0x00,0x00,0x00,0x00,0x00,0x00,0x00,0x00,0x00,
    0x00,0x00,0x00,0x11,0x10,0x00,0x00,0x00,0x00,0x00,0x00,0x00,
    0x00,0x00,0x00,0x00,0x00,0x00,0x00,0x00,0x00,0x00,0x00,0x00,
    0x00,0x00,0x00,0x00,0x00,0x00,0x00,0x00,0x00,0x00,0x00,0x00,
    0x00,0x00,0x00,0x00,0x00,0x00,0x00,0x00,0x00,0x00,0x00,0x00,
    0x00,0x00,0x00,0x00,0x00,0x00,0x00,0x00,0x00,0x00,0x00,0x00,
    0x00,0x00,0x00,0x00,0x00,0x00,0x00,0x00,0x00,0x00,0x00,0x00,
    0x00,0x00,0x00,0x00,0x00,0x00,0x00,0x00,0x00,0x00,0x00,0x00,
    0x00,0x00,0x00,0x00,0x00,0x00,0x00,0x00,0x00,0x00,0x00,0x00,
    0x00,0x00,0x00,0x00,0x00,0x00,0x00,0x00,0x00,0x00,0x00,0x00,
    0x00,0x00,0x00,0x00,0x00,0x00,0x00,0x00,0x00,0x00,0x00,0x00,
    0x00,0x00,0x00,0x00,0x00,0x00,0x00,0x00,0x00,0x00,0x00,0x00,
    0x10,0x00,0x00,0x00,0x00,0x00,0x00,0x00,0x00,0x00,0x00,0x00,
    0x00,0x00,0x00,0x00,0x00,0x00,0x00,0x00,0x00,0x11,0x11,0x11,
    0xD1,0x11,0x11,0x10,0x00,0x00,0x00,0x00,0x00,0x00,0x00,0x00,
    0x00,0x00,0x00,0x00,0x00,0x00,0x00,0x01,0x11,0xDD,0xDD,0xDD,
    0xDD,0xDD,0xDD,0xD1,0x11,0x00,0x00,0x00,0x00,0x00,0x00,0x00,
    0x00,0x00,0x00,0x00,0x00,0x00,0x00,0x1D,0xDD,0xDD,0xDD,0xDD,
    0xDD,0xDD,0xDD,0xDD,0xDD,0x10,0x00,0x00,0x00,0x00,0x00,0x00,
    0x00,0x00,0x00,0x00,0x00,0x00,0x11,0xDD,0xDD,0xDD,0xDD,0xDD,
    0xDD,0xDD,0xDD,0xDD,0xDD,0xD1,0x10,0x00,0x00,0x00,0x00,0x00,
    0x00,0x00,0x00,0x00,0x00,0x01,0xDD,0xDD,0xDD,0xDD,0xDD,0xDD,
    0xDD,0xDD,0xDD,0xDD,0xDD,0xDD,0xD1,0x00,0x00,0x00,0x00,0x00,
    0x00,0x00,0x00,0x00,0x00,0x1D,0xDD,0xDD,0xDD,0xDD,0xDD,0xDD,
    0xDD,0xDD,0xDD,0xDD,0xDD,0xDD,0xDD,0x10,0x00,0x00,0x00,0x00,
    0x00,0x00,0x00,0x00,0x00,0x1D,0xDD,0xDD,0xDD,0xDD,0xDD,0xDD,
    0xDD,0xDD,0xDD,0xDD,0xDD,0xDD,0xDD,0x10,0x00,0x00,0x00,0x00,
    0x00,0x00,0x00,0x00,0x01,0xDD,0xDD,0xD1,0x11,0x11,0x1D,0xDD,
    0xDD,0xDD,0x11,0x11,0x11,0xDD,0xDD,0xD1,0x00,0x00,0x00,0x00,
    0x00,0x00,0x00,0x00,0x01,0xDD,0xDD,0xDD,0xDD,0xDD,0xDD,0xDD,
    0xDD,0xDD,0xDD,0xDD,0xDD,0xDD,0xDD,0xD1,0x00,0x00,0x00,0x00,
    0x00,0x00,0x00,0x00,0x01,0xDD,0xDD,0xDD,0xDD,0xDD,0xDD,0xDD,
    0x3D,0xDD,0xDD,0xDD,0xDD,0xDD,0xDD,0xD1,0x00,0x00,0x00,0x00,
    0x00,0x00,0x00,0x00,0x1D,0xDD,0xDD,0xDD,0xDD,0x33,0x33,0x33,
    0x33,0x33,0x33,0x3D,0xDD,0xDD,0xDD,0xDD,0x10,0x00,0x00,0x00,
    0x00,0x00,0x00,0x00,0x01,0xDD,0xDD,0xDD,0x33,0x33,0x33,0x33,
    0x33,0x33,0x33,0x33,0x3D,0xDD,0xDD,0xD1,0x00,0x00,0x00,0x00,
    0x00,0x00,0x00,0x00,0x01,0xDD,0xDD,0xD3,0x33,0x33,0x33,0x33,
    0x33,0x33,0x33,0x33,0x33,0xDD,0xDD,0xD1,0x00,0x00,0x00,0x00,
    0x00,0x00,0x00,0x00,0x01,0xDD,0xDD,0xD3,0x33,0x33,0x33,0x33,
    0x33,0x33,0x33,0x33,0x33,0xDD,0xDD,0xD1,0x00,0x00,0x00,0x00,
    0x00,0x00,0x00,0x00,0x00,0x1D,0xDD,0x33,0x33,0x33,0x33,0x33,
    0x33,0x33,0x33,0x33,0x33,0x3D,0xDD,0x10,0x00,0x00,0x00,0x00,
    0x00,0x00,0x00,0x00,0x00,0x1D,0xDD,0xD3,0x33,0x33,0x33,0x33,
    0x33,0x33,0x33,0x33,0x33,0xDD,0xDD,0x10,0x00,0x00,0x00,0x00,
    0x00,0x00,0x00,0x00,0x00,0x01,0xDD,0xD3,0x33,0x33,0x33,0x33,
    0x33,0x33,0x33,0x33,0x33,0xDD,0xD1,0x00,0x00,0x00,0x00,0x00,
    0x00,0x00,0x00,0x00,0x00,0x00,0x11,0xDD,0x33,0x33,0x33,0x33,
    0x33,0x33,0x33,0x33,0x3D,0xD1,0x10,0x00,0x00,0x00,0x00,0x00,
    0x00,0x00,0x00,0x00,0x00,0x00,0x00,0x1D,0xDD,0x33,0x33,0x33,
    0x33,0x33,0x33,0x3D,0xDD,0x10,0x00,0x00,0x00,0x00,0x00,0x00,
    0x00,0x00,0x00,0x00,0x00,0x00,0x00,0x01,0x11,0xDD,0xDD,0xDD,
    0x3D,0xDD,0xDD,0xD1,0x11,0x00,0x00,0x00,0x00,0x00,0x00,0x00,
    0x00,0x00,0x00,0x00,0x00,0x00,0x00,0x00,0x00,0x11,0x11,0x11,
    0xD1,0x11,0x11,0x10,0x00,0x00,0x00,0x00,0x00,0x00,0x00,0x00,
    0x00,0x00,0x00,0x00,0x00,0x00,0x00,0x00,0x00,0x00,0x00,0x00,
    0x10,0x00,0x00,0x00,0x00,0x00,0x00,0x00,0x00,0x00,0x00,0x00,
    0x00,0x00,0x00,0x00,0x00,0x00,0x00,0x00,0x00,0x00,0x00,0x00,
    0x00,0x00,0x00,0x00,0x00,0x00,0x00,0x00,0x00,0x00,0x00,0x00,
    0x00,0x00,0x00,0x00,0x00,0x00,0x00,0x00,0x00,0x00,0x00,0x00,
    0x00,0x00,0x00,0x00,0x00,0x00,0x00,0x00,0x00,0x00,0x00,0x00,
    0x00,0x00,0x00,0x00,0x00,0x00,0x00,0x00,0x00,0x00,0x00,0x00,
    0x00,0x00,0x00,0x00,0x00,0x00,0x00,0x00,0x00,0x00,0x00,0x00,
    0x00,0x00,0x00,0x00,0x00,0x00,0x00,0x00,0x00,0x00,0x00,0x00,
    0x00,0x00,0x00,0x00,0x00,0x00,0x00,0x00,0x00,0x00,0x00,0x00}},
    {"scold_mature_speed",
     {0x00,0x00,0x00,0x00,0x00,0x00,0x00,0x00,0x00,0x00,0x00,0x00,
    0x00,0x00,0x00,0x00,0x00,0x00,0x00,0x00,0x00,0x00,0x00,0x00,
    0x00,0x00,0x00,0x00,0x00,0x00,0x00,0x00,0x00,0x00,0x00,0x00,
    0x00,0x00,0x00,0x00,0x00,0x00,0x00,0x00,0x00,0x00,0x00,0x00,
    0x00,0x00,0x00,0x00,0x00,0x00,0x00,0x00,0x00,0x00,0x00,0x00,
    0x00,0x00,0x00,0x00,0x00,0x00,0x00,0x00,0x00,0x00,0x00,0x00,
    0x00,0x00,0x00,0x00,0x00,0x00,0x00,0x00,0x00,0x00,0x00,0x00,
    0x00,0x00,0x00,0x00,0x00,0x00,0x00,0x00,0x00,0x00,0x00,0x00,
    0x00,0x00,0x00,0x00,0x00,0x00,0x00,0x00,0x00,0x00,0x00,0x00,
    0x00,0x00,0x00,0x00,0x00,0x00,0x00,0x00,0x00,0x00,0x00,0x00,
    0x00,0x00,0x00,0x00,0x00,0x00,0x00,0x00,0x00,0x00,0x00,0x00,
    0x00,0x00,0x00,0x00,0x00,0x00,0x00,0x00,0x00,0x00,0x00,0x00,
    0x00,0x00,0x00,0x00,0x00,0x00,0x00,0x00,0x00,0x00,0x00,0x00,
    0x00,0x00,0x00,0x00,0x00,0x00,0x00,0x00,0x00,0x00,0x00,0x00,
    0x00,0x00,0x00,0x00,0x00,0x00,0x00,0x00,0x00,0x00,0x00,0x00,
    0x00,0x00,0x00,0x00,0x00,0x00,0x00,0x00,0x00,0x00,0x00,0x00,
    0x00,0x00,0x00,0x00,0x00,0x50,0x00,0x00,0x00,0x00,0x00,0x00,
    0x00,0x00,0x00,0x00,0x00,0x00,0x00,0x00,0x00,0x00,0x00,0x00,
    0x00,0x00,0x00,0x00,0x00,0x05,0x00,0x00,0x00,0x00,0x00,0x00,
    0x00,0x00,0x00,0x00,0x00,0x00,0x00,0x00,0x00,0x00,0x00,0x00,
    0x00,0x00,0x00,0x00,0x05,0x00,0x00,0x01,0x00,0x00,0x00,0x00,
    0x00,0x00,0x00,0x00,0x01,0x00,0x00,0x00,0x00,0x00,0x00,0x00,
    0x00,0x00,0x00,0x00,0x00,0x00,0x50,0x1D,0x10,0x00,0x00,0x00,
    0x00,0x00,0x00,0x00,0x1D,0x10,0x00,0x00,0x00,0x00,0x00,0x00,
    0x00,0x00,0x00,0x00,0x00,0x50,0x01,0xD5,0xD1,0x00,0x00,0x00,
    0x10,0x00,0x00,0x01,0xD5,0xD1,0x00,0x00,0x00,0x00,0x00,0x00,
    0x00,0x00,0x00,0x00,0x00,0x00,0x01,0xD5,0xD1,0x00,0x11,0x11,
    0xD1,0x11,0x10,0x01,0xD5,0xD1,0x00,0x00,0x00,0x00,0x00,0x00,
    0x00,0x00,0x00,0x00,0x00,0x00,0x1D,0x55,0x5D,0x11,0xDD,0xDD,
    0xDD,0xDD,0xD1,0x1D,0x55,0x5D,0x10,0x00,0x00,0x00,0x00,0x00,
    0x00,0x00,0x00,0x00,0x00,0x00,0x01,0xD5,0xDD,0xDD,0xDD,0xDD,
    0xDD,0xDD,0xDD,0xDD,0xD5,0xD1,0x00,0x00,0x00,0x00,0x00,0x00,
    0x00,0x00,0x00,0x00,0x00,0x00,0x01,0xD5,0xDD,0xDD,0xDD,0xDD,
    0xDD,0xDD,0xDD,0xDD,0xD5,0xD1,0x00,0x00,0x00,0x00,0x00,0x00,
    0x00,0x00,0x00,0x00,0x00,0x00,0x00,0x1D,0xDD,0xDD,0xDD,0xDD,
    0xDD,0xDD,0xDD,0xDD,0xDD,0x10,0x00,0x00,0x00,0x00,0x00,0x00,
    0x00,0x00,0x00,0x00,0x00,0x00,0x00,0x1D,0xDD,0xDD,0xDD,0xDD,
    0xDD,0xDD,0xDD,0xDD,0xDD,0x10,0x00,0x00,0x00,0x00,0x00,0x00,
    0x00,0x00,0x00,0x00,0x00,0x00,0x01,0xDD,0xDD,0xDD,0xDD,0xDD,
    0xDD,0xDD,0xDD,0xDD,0xDD,0xD1,0x00,0x00,0x00,0x00,0x00,0x00,
    0x00,0x00,0x00,0x00,0x00,0x00,0x01,0xDD,0xDD,0xDD,0xDD,0xDD,
    0xDD,0xDD,0xDD,0xDD,0xDD,0xD1,0x00,0x00,0x00,0x00,0x00,0x00,
    0x00,0x00,0x00,0x00,0x00,0x00,0x1D,0xDD,0xDD,0xDD,0xDD,0xDD,
    0xDD,0xDD,0xDD,0xDD,0xDD,0xDD,0x10,0x00,0x00,0x00,0x00,0x00,
    0x00,0x00,0x00,0x00,0x00,0x00,0x1D,0xDD,0xDD,0x1D,0xDD,0xDD,
    0xDD,0xDD,0xDD,0x1D,0xDD,0xDD,0x10,0x00,0x00,0x00,0x00,0x00,
    0x00,0x00,0x00,0x00,0x00,0x00,0x1D,0xDD,0xD1,0x11,0xDD,0xDD,
    0xDD,0xDD,0xD1,0x11,0xDD,0xDD,0x10,0x00,0x00,0x00,0x00,0x00,
    0x00,0x00,0x00,0x00,0x00,0x00,0x1D,0xDD,0xD1,0x21,0xDD,0xDD,
    0xDD,0xDD,0xD1,0x21,0xDD,0xDD,0x10,0x00,0x00,0x00,0x00,0x00,
    0x00,0x00,0x00,0x00,0x00,0x00,0x1D,0xDD,0x11,0x11,0x1D,0xDD,
    0x3D,0xDD,0x11,0x11,0x1D,0xDD,0x10,0x00,0x00,0x00,0x00,0x00,
    0x00,0x00,0x00,0x00,0x00,0x01,0xDD,0xDD,0xD1,0x11,0x33,0x33,
    0x33,0x33,0x31,0x11,0xDD,0xDD,0xD1,0x00,0x00,0x00,0x00,0x00,
    0x00,0x00,0x00,0x00,0x00,0x00,0x1D,0xDD,0xD1,0x11,0x33,0x33,
    0x33,0x33,0x31,0x11,0xDD,0xDD,0x10,0x00,0x00,0x00,0x00,0x00,
    0x00,0x00,0x00,0x00,0x00,0x00,0x1D,0xDD,0xDD,0x13,0x33,0x33,
    0x33,0x33,0x33,0x1D,0xDD,0xDD,0x10,0x00,0x00,0x00,0x00,0x00,
    0x00,0x00,0x00,0x00,0x00,0x00,0x1D,0xDD,0xD3,0x63,0x33,0x33,
    0x33,0x33,0x33,0x63,0xDD,0xDD,0x10,0x00,0x00,0x00,0x00,0x00,
    0x00,0x00,0x00,0x00,0x00,0x00,0x1D,0xDD,0xD3,0x63,0x33,0x33,
    0x33,0x33,0x33,0x63,0xDD,0xDD,0x10,0x00,0x00,0x00,0x00,0x00,
    0x00,0x00,0x00,0x00,0x00,0x00,0x1D,0xDD,0x33,0x33,0x33,0x31,
    0x31,0x33,0x33,0x33,0x3D,0xDD,0x10,0x00,0x00,0x00,0x00,0x00,
    0x00,0x00,0x00,0x00,0x00,0x00,0x01,0xDD,0xD3,0x33,0x33,0x13,
    0x13,0x13,0x33,0x33,0xDD,0xD1,0x00,0x00,0x00,0x00,0x00,0x00,
    0x00,0x00,0x00,0x00,0x00,0x00,0x01,0xDD,0xD3,0x33,0x33,0x33,
    0x33,0x33,0x33,0x33,0xDD,0xD1,0x00,0x00,0x00,0x00,0x00,0x00,
    0x00,0x00,0x00,0x00,0x00,0x00,0x00,0x1D,0xDD,0x33,0x33,0x33,
    0x33,0x33,0x33,0x3D,0xDD,0x10,0x00,0x00,0x00,0x00,0x00,0x00,
    0x00,0x00,0x00,0x00,0x00,0x00,0x00,0x01,0xDD,0xD3,0x33,0x33,
    0x33,0x33,0x33,0xDD,0xD1,0x00,0x00,0x00,0x00,0x00,0x00,0x00,
    0x00,0x00,0x00,0x00,0x00,0x00,0x00,0x01,0xDD,0xDD,0x33,0x33,
    0x33,0x33,0x3D,0xDD,0xD1,0x00,0x00,0x00,0x00,0x00,0x00,0x00,
    0x00,0x00,0x00,0x00,0x00,0x00,0x00,0x00,0x11,0xDD,0xDD,0xDD,
    0x3D,0xDD,0xDD,0xD1,0x10,0x00,0x00,0x00,0x00,0x00,0x00,0x00,
    0x00,0x00,0x00,0x00,0x00,0x00,0x00,0x00,0x00,0x1D,0xDD,0xDD,
    0xDD,0xDD,0xDD,0x10,0x00,0x00,0x00,0x00,0x00,0x00,0x00,0x00,
    0x00,0x00,0x00,0x00,0x00,0x00,0x00,0x00,0x00,0x01,0xDD,0x11,
    0xD1,0x1D,0xD1,0x00,0x00,0x00,0x00,0x00,0x00,0x00,0x00,0x00,
    0x00,0x00,0x00,0x00,0x00,0x00,0x00,0x00,0x01,0x1D,0xD1,0x00,
    0x10,0x01,0xDD,0x11,0x00,0x00,0x00,0x00,0x00,0x00,0x00,0x00,
    0x00,0x00,0x00,0x00,0x00,0x00,0x00,0x00,0x1D,0xDD,0xDD,0x10,
    0x00,0x1D,0xDD,0xDD,0x10,0x00,0x00,0x00,0x00,0x00,0x00,0x00,
    0x00,0x00,0x00,0x00,0x00,0x00,0x00,0x00,0x01,0x1D,0x11,0x00,
    0x00,0x01,0x1D,0x11,0x00,0x00,0x00,0x00,0x00,0x00,0x00,0x00,
    0x00,0x00,0x00,0x00,0x00,0x00,0x00,0x00,0x00,0x01,0x00,0x00,
    0x00,0x00,0x01,0x00,0x00,0x00,0x00,0x00,0x00,0x00,0x00,0x00,
    0x00,0x00,0x00,0x00,0x00,0x00,0x00,0x00,0x00,0x00,0x00,0x00,
    0x00,0x00,0x00,0x00,0x00,0x00,0x00,0x00,0x00,0x00,0x00,0x00,
    0x00,0x00,0x00,0x00,0x00,0x00,0x00,0x00,0x00,0x00,0x00,0x00,
    0x00,0x00,0x00,0x00,0x00,0x00,0x00,0x00,0x00,0x00,0x00,0x00,
    0x00,0x00,0x00,0x00,0x00,0x00,0x00,0x00,0x00,0x00,0x00,0x00,
    0x00,0x00,0x00,0x00,0x00,0x00,0x00,0x00,0x00,0x00,0x00,0x00,
    0x00,0x00,0x00,0x00,0x00,0x00,0x00,0x00,0x00,0x00,0x00,0x00,
    0x00,0x00,0x00,0x00,0x00,0x00,0x00,0x00,0x00,0x00,0x00,0x00}},
    {"sick_mature_speed",
     {0x00,0x00,0x00,0x00,0x00,0x00,0x00,0x00,0x00,0x00,0x00,0x00,
    0x00,0x00,0x00,0x00,0x00,0x00,0x00,0x00,0x00,0x00,0x00,0x00,
    0x00,0x00,0x00,0x00,0x00,0x00,0x00,0x00,0x00,0x00,0x00,0x00,
    0x00,0x00,0x00,0x00,0x00,0x00,0x00,0x00,0x00,0x00,0x00,0x00,
    0x00,0x00,0x00,0x00,0x00,0x00,0x00,0x00,0x00,0x00,0x00,0x00,
    0x00,0x00,0x00,0x00,0x00,0x00,0x00,0x00,0x00,0x00,0x00,0x00,
    0x00,0x00,0x00,0x00,0x00,0x00,0x00,0x00,0x00,0x00,0x00,0x00,
    0x00,0x00,0x00,0x00,0x00,0x00,0x00,0x00,0x00,0x00,0x00,0x00,
    0x00,0x00,0x00,0x00,0x00,0x00,0x00,0x00,0x00,0x00,0x00,0x00,
    0x00,0x00,0x00,0x00,0x00,0x00,0x00,0x00,0x00,0x00,0x00,0x00,
    0x00,0x00,0x00,0x00,0x00,0x00,0x00,0x00,0x00,0x00,0x00,0x00,
    0x00,0x00,0x00,0x00,0x00,0x00,0x00,0x00,0x00,0x00,0x00,0x00,
    0x00,0x00,0x00,0x00,0x00,0x00,0x00,0x00,0x00,0x00,0x00,0x00,
    0x00,0x00,0x00,0x00,0x00,0x00,0x00,0x00,0x00,0x00,0x00,0x00,
    0x00,0x00,0x00,0x00,0x00,0x00,0x00,0x00,0x00,0x00,0x00,0x00,
    0x00,0x00,0x00,0x00,0x00,0x00,0x00,0x00,0x00,0x00,0x00,0x00,
    0x00,0x00,0x00,0x00,0x00,0x00,0x00,0x00,0x00,0x00,0x00,0x00,
    0x00,0x00,0x00,0x00,0x00,0x00,0x00,0x00,0x00,0x00,0x00,0x00,
    0x00,0x00,0x00,0x00,0x00,0x00,0x00,0x00,0x00,0x00,0x00,0x00,
    0x00,0x00,0x00,0x00,0x00,0x00,0x00,0x00,0x00,0x00,0x00,0x00,
    0x00,0x00,0x00,0x00,0x00,0x00,0x00,0x01,0x00,0x00,0x00,0x00,
    0x00,0x00,0x00,0x00,0x01,0x00,0x00,0x00,0x00,0x00,0x00,0x00,
    0x00,0x00,0x00,0x00,0x00,0x00,0x00,0x1D,0x10,0x00,0x00,0x00,
    0x00,0x00,0x00,0x00,0x1D,0x10,0x00,0x00,0x00,0x00,0x00,0x00,
    0x00,0x00,0x00,0x00,0x00,0x00,0x01,0xD5,0xD1,0x00,0x00,0x00,
    0x10,0x00,0x00,0x01,0xD5,0xD1,0x00,0x00,0x00,0x00,0x00,0x00,
    0x00,0x00,0x00,0x00,0x00,0x00,0x01,0xD5,0xD1,0x00,0x11,0x11,
    0xD1,0x11,0x10,0x01,0xD5,0xD1,0x00,0x00,0x00,0x00,0x00,0x00,
    0x00,0x00,0x00,0x00,0x00,0x00,0x1D,0x55,0x5D,0x11,0xDD,0xDD,
    0xDD,0xDD,0xD1,0x1D,0x55,0x5D,0x10,0x00,0x00,0x00,0x00,0x00,
    0x00,0x00,0x00,0x00,0x00,0x00,0x01,0xD5,0xDD,0xDD,0xDD,0xDD,
    0xDD,0xDD,0xDD,0xDD,0xD5,0xD1,0x00,0x00,0x00,0x00,0x00,0x00,
    0x00,0x00,0x00,0x00,0x00,0x00,0x01,0xD5,0xDD,0xDD,0xDD,0xDD,
    0xDD,0xDD,0xDD,0xDD,0xD5,0xD6,0x00,0x00,0x00,0x00,0x00,0x00,
    0x00,0x00,0x00,0x00,0x00,0x00,0x00,0x1D,0xDD,0xDD,0xDD,0xDD,
    0xDD,0xDD,0xDD,0xDD,0xDD,0x10,0x60,0x00,0x00,0x00,0x00,0x00,
    0x00,0x00,0x00,0x00,0x00,0x00,0x00,0x1D,0xDD,0xDD,0xDD,0xDD,
    0xDD,0xDD,0xDD,0xDD,0xDD,0x16,0x00,0x00,0x00,0x00,0x00,0x00,
    0x00,0x00,0x00,0x00,0x00,0x00,0x01,0xDD,0x1D,0xDD,0xDD,0xDD,
    0xDD,0xDD,0x1D,0xDD,0xDD,0xD1,0x00,0x00,0x00,0x00,0x00,0x00,
    0x00,0x00,0x00,0x00,0x00,0x00,0x01,0xDD,0xD1,0xDD,0xDD,0xDD,
    0xDD,0xDD,0xD1,0xDD,0xDD,0xD1,0x00,0x00,0x00,0x00,0x00,0x00,
    0x00,0x00,0x00,0x00,0x00,0x00,0x1D,0xDD,0xDD,0x1D,0x1D,0xDD,
    0xDD,0xDD,0xDD,0x1D,0x1D,0xDD,0x10,0x00,0x00,0x00,0x00,0x00,
    0x00,0x00,0x00,0x00,0x00,0x00,0x1D,0xDD,0xDD,0xD1,0xDD,0xDD,
    0xDD,0xDD,0xDD,0xD1,0xDD,0xDD,0x10,0x00,0x00,0x00,0x00,0x00,
    0x00,0x00,0x00,0x00,0x00,0x00,0x1D,0xDD,0xDD,0x1D,0x1D,0xDD,
    0xDD,0xDD,0xDD,0x1D,0x1D,0xDD,0x10,0x00,0x00,0x00,0x00,0x00,
    0x00,0x00,0x00,0x00,0x00,0x00,0x1D,0xDD,0xD1,0xDD,0xDD,0xDD,
    0xDD,0xDD,0xD1,0xDD,0xDD,0xDD,0x10,0x00,0x00,0x00,0x00,0x00,
    0x00,0x00,0x00,0x00,0x00,0x00,0x1D,0xDD,0x1D,0xDD,0xDD,0xDD,
    0x3D,0xDD,0x1D,0xDD,0xDD,0xDD,0x10,0x00,0x00,0x00,0x00,0x00,
    0x00,0x00,0x00,0x00,0x22,0x01,0xDD,0xDD,0xDD,0xDD,0x33,0x33,
    0x33,0x33,0x3D,0xDD,0xDD,0xDD,0xD1,0x00,0x00,0x00,0x00,0x00,
    0x00,0x00,0x00,0x00,0x22,0x00,0x1D,0xDD,0xDD,0xD3,0x33,0x33,
    0x33,0x33,0x33,0xDD,0xDD,0xDD,0x10,0x00,0x00,0x00,0x00,0x00,
    0x00,0x00,0x00,0x00,0x22,0x00,0x1D,0xDD,0xDD,0x33,0x33,0x33,
    0x33,0x33,0x33,0x3D,0xDD,0xDD,0x10,0x00,0x00,0x00,0x00,0x00,
    0x00,0x00,0x00,0x00,0x22,0x00,0x1D,0xDD,0xD3,0x33,0x33,0x13,
    0x13,0x13,0x33,0x33,0xDD,0xDD,0x10,0x00,0x00,0x00,0x00,0x00,
    0x00,0x00,0x00,0x00,0x22,0x00,0x1D,0xDD,0xD3,0x33,0x33,0x31,
    0x31,0x33,0x33,0x33,0xDD,0xDD,0x10,0x00,0x00,0x00,0x00,0x00,
    0x00,0x00,0x00,0x00,0x22,0x00,0x1D,0xDD,0x33,0x33,0x33,0x33,
    0x33,0x33,0x33,0x33,0x3D,0xDD,0x10,0x00,0x00,0x00,0x00,0x00,
    0x00,0x00,0x00,0x00,0x22,0x00,0x01,0xDD,0xD3,0x33,0x33,0x33,
    0x33,0x33,0x33,0x33,0xDD,0xD1,0x00,0x00,0x00,0x00,0x00,0x00,
    0x00,0x00,0x00,0x00,0x22,0x00,0x01,0xDD,0xD3,0x33,0x33,0x33,
    0x33,0x33,0x33,0x33,0xDD,0xD1,0x00,0x00,0x00,0x00,0x00,0x00,
    0x00,0x00,0x00,0x00,0x22,0x00,0x00,0x1D,0xDD,0x33,0x33,0x33,
    0x33,0x33,0x33,0x3D,0xDD,0x10,0x00,0x00,0x00,0x00,0x00,0x00,
    0x00,0x00,0x00,0x00,0x22,0x00,0x00,0x01,0xDD,0xD3,0x33,0x33,
    0x33,0x33,0x33,0xDD,0xD1,0x00,0x00,0x00,0x00,0x00,0x00,0x00,
    0x00,0x00,0x00,0x00,0x22,0x00,0x00,0x01,0xDD,0xDD,0x33,0x33,
    0x33,0x33,0x3D,0xDD,0xD1,0x00,0x00,0x00,0x00,0x00,0x00,0x00,
    0x00,0x00,0x00,0x00,0x22,0x00,0x00,0x00,0x11,0xDD,0xDD,0xDD,
    0x3D,0xDD,0xDD,0xD1,0x10,0x00,0x00,0x00,0x00,0x00,0x00,0x00,
    0x00,0x00,0x00,0x00,0x52,0x00,0x00,0x00,0x00,0x1D,0xDD,0xDD,
    0xDD,0xDD,0xDD,0x10,0x00,0x00,0x00,0x00,0x00,0x00,0x00,0x00,
    0x00,0x00,0x00,0x05,0x55,0x00,0x00,0x00,0x00,0x01,0xDD,0x11,
    0xD1,0x1D,0xD1,0x00,0x00,0x00,0x00,0x00,0x00,0x00,0x00,0x00,
    0x00,0x00,0x00,0x55,0x55,0x50,0x00,0x00,0x01,0x1D,0xD1,0x00,
    0x10,0x01,0xDD,0x11,0x00,0x00,0x00,0x00,0x00,0x00,0x00,0x00,
    0x00,0x00,0x00,0x05,0x55,0x00,0x00,0x00,0x1D,0xDD,0xDD,0x10,
    0x00,0x1D,0xDD,0xDD,0x10,0x00,0x00,0x00,0x00,0x00,0x00,0x00,
    0x00,0x00,0x00,0x00,0x50,0x00,0x00,0x00,0x01,0x1D,0x11,0x00,
    0x00,0x01,0x1D,0x11,0x00,0x00,0x00,0x00,0x00,0x00,0x00,0x00,
    0x00,0x00,0x00,0x00,0x00,0x00,0x00,0x00,0x00,0x01,0x00,0x00,
    0x00,0x00,0x01,0x00,0x00,0x00,0x00,0x00,0x00,0x00,0x00,0x00,
    0x00,0x00,0x00,0x00,0x00,0x00,0x00,0x00,0x00,0x00,0x00,0x00,
    0x00,0x00,0x00,0x00,0x00,0x00,0x00,0x00,0x00,0x00,0x00,0x00,
    0x00,0x00,0x00,0x00,0x00,0x00,0x00,0x00,0x00,0x00,0x00,0x00,
    0x00,0x00,0x00,0x00,0x00,0x00,0x00,0x00,0x00,0x00,0x00,0x00,
    0x00,0x00,0x00,0x00,0x00,0x00,0x00,0x00,0x00,0x00,0x00,0x00,
    0x00,0x00,0x00,0x00,0x00,0x00,0x00,0x00,0x00,0x00,0x00,0x00,
    0x00,0x00,0x00,0x00,0x00,0x00,0x00,0x00,0x00,0x00,0x00,0x00,
    0x00,0x00,0x00,0x00,0x00,0x00,0x00,0x00,0x00,0x00,0x00,0x00}},
    {"happy_ultimate_force",
     {0x00,0x00,0x00,0x00,0x00,0x00,0x00,0x00,0x00,0x00,0x00,0x00,
    0x00,0x00,0x00,0x00,0x00,0x00,0x00,0x00,0x00,0x00,0x00,0x00,
    0x00,0x00,0x00,0x00,0x00,0x00,0x00,0x00,0x00,0x00,0x00,0x00,
    0x00,0x00,0x00,0x00,0x00,0x00,0x00,0x00,0x00,0x00,0x00,0x00,
    0x00,0x00,0x00,0x00,0x00,0x00,0x00,0x00,0x00,0x00,0x00,0x00,
    0x00,0x00,0x00,0x00,0x00,0x00,0x00,0x00,0x00,0x00,0x00,0x00,
    0x00,0x00,0x00,0x00,0x00,0x00,0x00,0x00,0x00,0x00,0x00,0x00,
    0x00,0x00,0x00,0x00,0x00,0x00,0x00,0x00,0x00,0x00,0x10,0x00,
    0x00,0x00,0x00,0x00,0x00,0x00,0x00,0x00,0x00,0x00,0x00,0x00,
    0x00,0x00,0x00,0x00,0x00,0x00,0x00,0x00,0x00,0x01,0x00,0x00,
    0x00,0x00,0x00,0x00,0x00,0x00,0x00,0x00,0x00,0x00,0x00,0x00,
    0x00,0x00,0x00,0x00,0x00,0x00,0x00,0x00,0x00,0x01,0x00,0x00,
    0x00,0x00,0x00,0x00,0x00,0x00,0x00,0x01,0x00,0x00,0x00,0x00,
    0x00,0x00,0x00,0x00,0x01,0x00,0x00,0x00,0x00,0x11,0x00,0x00,
    0x00,0x00,0x00,0x00,0x00,0x00,0x00,0x19,0x10,0x00,0x00,0x00,
    0x00,0x00,0x00,0x00,0x19,0x10,0x00,0x00,0x11,0x00,0x00,0x00,
    0x00,0x00,0x00,0x00,0x10,0x00,0x01,0x99,0x91,0x00,0x00,0x00,
    0x10,0x00,0x00,0x01,0x99,0x91,0x00,0x00,0x10,0x00,0x00,0x00,
    0x00,0x00,0x00,0x01,0x91,0x00,0x01,0x99,0x91,0x00,0x11,0x11,
    0x91,0x11,0x10,0x01,0x99,0x91,0x00,0x01,0x91,0x00,0x00,0x00,
    0x00,0x00,0x00,0x19,0x99,0x10,0x19,0x99,0x99,0x11,0x99,0x99,
    0x99,0x99,0x91,0x19,0x99,0x99,0x10,0x19,0x99,0x10,0x00,0x00,
    0x00,0x00,0x00,0x19,0x99,0x10,0x01,0x99,0x99,0x99,0x99,0x99,
    0x99,0x99,0x99,0x99,0x99,0x91,0x00,0x19,0x99,0x10,0x00,0x00,
    0x00,0x00,0x01,0x99,0x99,0x91,0x01,0x99,0x99,0x99,0x99,0x99,
    0x99,0x99,0x99,0x99,0x99,0x91,0x01,0x99,0x99,0x91,0x00,0x00,
    0x00,0x00,0x00,0x19,0x99,0x10,0x00,0x19,0x99,0x99,0x99,0x99,
    0x99,0x99,0x99,0x99,0x99,0x10,0x00,0x19,0x99,0x10,0x00,0x00,
    0x00,0x00,0x00,0x19,0x99,0x10,0x00,0x19,0x99,0x99,0x99,0x99,
    0x99,0x99,0x99,0x99,0x99,0x10,0x00,0x19,0x99,0x10,0x00,0x00,
    0x00,0x00,0x00,0x01,0x91,0x00,0x01,0x99,0x99,0x99,0x99,0x99,
    0x99,0x99,0x99,0x99,0x99,0x91,0x00,0x01,0x91,0x00,0x00,0x00,
    0x00,0x00,0x00,0x00,0x10,0x00,0x01,0x99,0x99,0x99,0x99,0x99,
    0x99,0x99,0x99,0x99,0x99,0x91,0x00,0x00,0x10,0x00,0x00,0x00,
    0x00,0x00,0x00,0x00,0x00,0x00,0x19,0x99,0x99,0x99,0x99,0x99,
    0x99,0x99,0x99,0x99,0x99,0x99,0x10,0x00,0x00,0x00,0x00,0x00,
    0x00,0x00,0x00,0x00,0x00,0x00,0x19,0x99,0x91,0x19,0x99,0x99,
    0x99,0x99,0x91,0x19,0x99,0x99,0x10,0x00,0x00,0x00,0x00,0x00,
    0x00,0x00,0x00,0x00,0x00,0x00,0x19,0x99,0x19,0x91,0x99,0x99,
    0x99,0x99,0x19,0x91,0x99,0x99,0x10,0x00,0x00,0x00,0x00,0x00,
    0x00,0x00,0x00,0x00,0x00,0x00,0x19,0x99,0x99,0x99,0x99,0x99,
    0x99,0x99,0x99,0x99,0x99,0x99,0x10,0x00,0x00,0x00,0x00,0x00,
    0x00,0x00,0x00,0x00,0x00,0x00,0x19,0x99,0x99,0x99,0x99,0x99,
    0x39,0x99,0x99,0x99,0x99,0x99,0x10,0x00,0x00,0x00,0x00,0x00,
    0x00,0x00,0x00,0x00,0x00,0x01,0x99,0x59,0x99,0x99,0x33,0x33,
    0x13,0x33,0x39,0x99,0x99,0x59,0x91,0x00,0x00,0x00,0x00,0x00,
    0x00,0x00,0x00,0x00,0x00,0x00,0x15,0x55,0x59,0x93,0x33,0x11,
    0x11,0x13,0x33,0x99,0x55,0x55,0x10,0x00,0x00,0x00,0x00,0x00,
    0x00,0x00,0x00,0x00,0x00,0x01,0x55,0x55,0x55,0x33,0x31,0x11,
    0x11,0x11,0x33,0x35,0x55,0x55,0x51,0x00,0x00,0x00,0x00,0x00,
    0x00,0x00,0x00,0x00,0x00,0x00,0x15,0x55,0x53,0x33,0x33,0x11,
    0x11,0x13,0x33,0x33,0x55,0x55,0x10,0x00,0x00,0x00,0x00,0x00,
    0x00,0x00,0x00,0x00,0x00,0x00,0x19,0x59,0x93,0x33,0x33,0x33,
    0x13,0x33,0x33,0x33,0x99,0x59,0x10,0x00,0x00,0x00,0x00,0x00,
    0x00,0x00,0x00,0x00,0x00,0x00,0x19,0x99,0x33,0x33,0x33,0x33,
    0x33,0x33,0x33,0x33,0x39,0x99,0x10,0x00,0x00,0x00,0x00,0x00,
    0x00,0x00,0x00,0x00,0x00,0x00,0x01,0x99,0x93,0x33,0x33,0x33,
    0x33,0x33,0x33,0x33,0x99,0x91,0x00,0x00,0x00,0x00,0x00,0x00,
    0x00,0x00,0x00,0x00,0x00,0x00,0x01,0x99,0x93,0x33,0x33,0x33,
    0x33,0x33,0x33,0x33,0x99,0x91,0x00,0x00,0x00,0x00,0x00,0x00,
    0x00,0x00,0x00,0x00,0x00,0x00,0x00,0x19,0x99,0x33,0x33,0x33,
    0x33,0x33,0x33,0x39,0x99,0x10,0x00,0x00,0x00,0x00,0x00,0x00,
    0x00,0x00,0x00,0x00,0x00,0x00,0x00,0x01,0x99,0x93,0x33,0x33,
    0x33,0x33,0x33,0x99,0x91,0x00,0x00,0x00,0x00,0x00,0x00,0x00,
    0x00,0x00,0x00,0x00,0x00,0x00,0x00,0x01,0x99,0x99,0x33,0x33,
    0x33,0x33,0x39,0x99,0x91,0x00,0x00,0x00,0x00,0x00,0x00,0x00,
    0x00,0x00,0x00,0x00,0x00,0x00,0x00,0x00,0x11,0x99,0x99,0x99,
    0x39,0x99,0x99,0x91,0x10,0x00,0x00,0x00,0x00,0x00,0x00,0x00,
    0x00,0x00,0x00,0x00,0x00,0x00,0x00,0x00,0x00,0x11,0x99,0x99,
    0x99,0x99,0x91,0x10,0x00,0x00,0x00,0x00,0x00,0x00,0x00,0x00,
    0x00,0x00,0x00,0x00,0x00,0x00,0x00,0x00,0x00,0x00,0x11,0x11,
    0x91,0x11,0x10,0x00,0x00,0x00,0x00,0x00,0x00,0x00,0x00,0x00,
    0x00,0x00,0x00,0x00,0x00,0x00,0x00,0x00,0x00,0x00,0x00,0x00,
    0x10,0x00,0x00,0x00,0x00,0x00,0x00,0x00,0x00,0x00,0x00,0x00,
    0x00,0x00,0x00,0x00,0x00,0x00,0x00,0x00,0x00,0x01,0x00,0x00,
    0x00,0x00,0x01,0x00,0x00,0x00,0x00,0x00,0x00,0x00,0x00,0x00,
    0x00,0x00,0x00,0x00,0x00,0x00,0x00,0x00,0x01,0x19,0x11,0x00,
    0x00,0x01,0x19,0x11,0x00,0x00,0x00,0x00,0x00,0x00,0x00,0x00,
    0x00,0x00,0x00,0x00,0x00,0x00,0x00,0x00,0x19,0x99,0x99,0x10,
    0x00,0x19,0x99,0x99,0x10,0x00,0x00,0x00,0x00,0x00,0x00,0x00,
    0x00,0x00,0x00,0x00,0x00,0x00,0x00,0x00,0x01,0x19,0x11,0x00,
    0x00,0x01,0x19,0x11,0x00,0x00,0x00,0x00,0x00,0x00,0x00,0x00,
    0x00,0x00,0x00,0x00,0x00,0x00,0x00,0x00,0x00,0x01,0x00,0x00,
    0x00,0x00,0x01,0x00,0x00,0x00,0x00,0x00,0x00,0x00,0x00,0x00,
    0x00,0x00,0x00,0x00,0x00,0x00,0x00,0x00,0x00,0x00,0x00,0x00,
    0x00,0x00,0x00,0x00,0x00,0x00,0x00,0x00,0x00,0x00,0x00,0x00,
    0x00,0x00,0x00,0x00,0x00,0x00,0x00,0x00,0x00,0x00,0x00,0x00,
    0x00,0x00,0x00,0x00,0x00,0x00,0x00,0x00,0x00,0x00,0x00,0x00,
    0x00,0x00,0x00,0x00,0x00,0x00,0x00,0x00,0x00,0x00,0x00,0x00,
    0x00,0x00,0x00,0x00,0x00,0x00,0x00,0x00,0x00,0x00,0x00,0x00,
    0x00,0x00,0x00,0x00,0x00,0x00,0x00,0x00,0x00,0x00,0x00,0x00,
    0x00,0x00,0x00,0x00,0x00,0x00,0x00,0x00,0x00,0x00,0x00,0x00,
    0x00,0x00,0x00,0x00,0x00,0x00,0x00,0x00,0x00,0x00,0x00,0x00,
    0x00,0x00,0x00,0x00,0x00,0x00,0x00,0x00,0x00,0x00,0x00,0x00,
    0x00,0x00,0x00,0x00,0x00,0x00,0x00,0x00,0x00,0x00,0x00,0x00,
    0x00,0x00,0x00,0x00,0x00,0x00,0x00,0x00,0x00,0x00,0x00,0x00}},
    {"eat_ultimate_force",
     {0x00,0x00,0x00,0x00,0x00,0x00,0x00,0x00,0x00,0x00,0x00,0x00,
    0x00,0x00,0x00,0x00,0x00,0x00,0x00,0x00,0x00,0x00,0x00,0x00,
    0x00,0x00,0x00,0x00,0x00,0x00,0x00,0x00,0x00,0x00,0x00,0x00,
    0x00,0x00,0x00,0x00,0x00,0x00,0x00,0x00,0x00,0x00,0x00,0x00,
    0x00,0x00,0x00,0x00,0x00,0x00,0x00,0x00,0x00,0x00,0x00,0x00,
    0x00,0x00,0x00,0x00,0x00,0x00,0x00,0x00,0x00,0x00,0x00,0x00,
    0x00,0x00,0x00,0x00,0x00,0x00,0x00,0x00,0x00,0x00,0x00,0x00,
    0x00,0x00,0x00,0x00,0x00,0x00,0x00,0x00,0x00,0x00,0x00,0x00,
    0x00,0x00,0x00,0x00,0x00,0x00,0x00,0x00,0x00,0x00,0x00,0x00,
    0x00,0x00,0x00,0x00,0x00,0x00,0x00,0x00,0x00,0x00,0x00,0x00,
    0x00,0x00,0x00,0x00,0x00,0x00,0x00,0x00,0x00,0x00,0x00,0x00,
    0x00,0x00,0x00,0x00,0x00,0x00,0x00,0x00,0x00,0x00,0x00,0x00,
    0x00,0x00,0x00,0x00,0x00,0x00,0x00,0x00,0x00,0x00,0x00,0x00,
    0x00,0x00,0x00,0x00,0x00,0x00,0x00,0x00,0x00,0x00,0x00,0x00,
    0x00,0x00,0x00,0x00,0x00,0x00,0x00,0x00,0x00,0x00,0x00,0x00,
    0x00,0x00,0x00,0x00,0x00,0x00,0x00,0x00,0x00,0x00,0x00,0x00,
    0x00,0x00,0x00,0x00,0x00,0x00,0x00,0x00,0x00,0x00,0x00,0x00,
    0x00,0x00,0x00,0x00,0x00,0x00,0x00,0x00,0x00,0x00,0x00,0x00,
    0x00,0x00,0x00,0x00,0x00,0x00,0x00,0x00,0x00,0x00,0x00,0x00,
    0x00,0x00,0x00,0x00,0x00,0x00,0x00,0x00,0x00,0x00,0x00,0x00,
    0x00,0x00,0x00,0x00,0x00,0x00,0x00,0x01,0x00,0x00,0x00,0x00,
    0x00,0x00,0x00,0x00,0x01,0x00,0x00,0x00,0x00,0x00,0x00,0x00,
    0x00,0x00,0x00,0x00,0x00,0x00,0x00,0x19,0x10,0x00,0x00,0x00,
    0x00,0x00,0x00,0x00,0x19,0x10,0x00,0x00,0x00,0x00,0x00,0x00,
    0x00,0x00,0x00,0x00,0x00,0x00,0x01,0x95,0x91,0x00,0x00,0x00,
    0x10,0x00,0x00,0x01,0x95,0x91,0x00,0x00,0x00,0x00,0x00,0x00,
    0x00,0x00,0x00,0x00,0x00,0x00,0x01,0x95,0x91,0x00,0x11,0x11,
    0x91,0x11,0x10,0x01,0x95,0x91,0x00,0x00,0x00,0x00,0x00,0x00,
    0x00,0x00,0x00,0x00,0x00,0x00,0x19,0x55,0x59,0x11,0x99,0x99,
    0x99,0x99,0x91,0x19,0x55,0x59,0x10,0x00,0x00,0x00,0x00,0x00,
    0x00,0x00,0x00,0x00,0x00,0x00,0x01,0x95,0x99,0x99,0x99,0x99,
    0x99,0x99,0x99,0x99,0x95,0x91,0x00,0x00,0x01,0x00,0x00,0x00,
    0x00,0x00,0x00,0x00,0x00,0x00,0x01,0x95,0x99,0x99,0x99,0x99,
    0x99,0x99,0x99,0x99,0x95,0x91,0x00,0x00,0x00,0x00,0x00,0x00,
    0x00,0x00,0x00,0x00,0x00,0x00,0x00,0x19,0x99,0x99,0x99,0x99,
    0x99,0x99,0x99,0x99,0x99,0x10,0x00,0x00,0x00,0x00,0x00,0x00,
    0x00,0x00,0x00,0x00,0x00,0x00,0x00,0x19,0x99,0x99,0x99,0x99,
    0x99,0x99,0x99,0x99,0x99,0x10,0x00,0x00,0x11,0x10,0x00,0x00,
    0x00,0x00,0x00,0x00,0x00,0x00,0x01,0x99,0x99,0x99,0x99,0x99,
    0x99,0x99,0x99,0x99,0x99,0x91,0x00,0x01,0x33,0x31,0x00,0x00,
    0x00,0x00,0x00,0x00,0x00,0x00,0x01,0x99,0x91,0x19,0x99,0x99,
    0x99,0x99,0x91,0x19,0x99,0x91,0x00,0x13,0x33,0x33,0x10,0x00,
    0x00,0x00,0x00,0x00,0x00,0x00,0x19,0x99,0x19,0x91,0x99,0x99,
    0x99,0x99,0x19,0x91,0x99,0x99,0x10,0x13,0x11,0x13,0x10,0x00,
    0x00,0x00,0x00,0x00,0x00,0x00,0x19,0x99,0x99,0x99,0x99,0x99,
    0x99,0x99,0x99,0x99,0x99,0x99,0x10,0x13,0x11,0x13,0x10,0x00,
    0x00,0x00,0x00,0x00,0x00,0x00,0x19,0x99,0x99,0x99,0x99,0x99,
    0x99,0x99,0x99,0x99,0x99,0x99,0x10,0x11,0x11,0x11,0x10,0x00,
    0x00,0x00,0x00,0x00,0x00,0x00,0x19,0x99,0x99,0x99,0x99,0x99,
    0x99,0x99,0x99,0x99,0x99,0x99,0x10,0x00,0x00,0x00,0x00,0x00,
    0x00,0x00,0x00,0x00,0x00,0x00,0x19,0x99,0x99,0x99,0x99,0x99,
    0x19,0x99,0x99,0x99,0x99,0x99,0x10,0x00,0x00,0x00,0x00,0x00,
    0x00,0x00,0x00,0x00,0x00,0x01,0x99,0x99,0x99,0x99,0x33,0x11,
    0x11,0x13,0x39,0x99,0x99,0x99,0x91,0x00,0x00,0x00,0x00,0x00,
    0x00,0x00,0x00,0x00,0x00,0x00,0x19,0x99,0x99,0x93,0x31,0x11,
    0x11,0x11,0x33,0x99,0x99,0x99,0x10,0x00,0x00,0x00,0x00,0x00,
    0x00,0x00,0x00,0x00,0x00,0x00,0x19,0x99,0x99,0x33,0x11,0x11,
    0x51,0x11,0x13,0x39,0x99,0x99,0x10,0x00,0x00,0x00,0x00,0x00,
    0x00,0x00,0x00,0x00,0x00,0x00,0x19,0x99,0x93,0x33,0x31,0x55,
    0x55,0x51,0x33,0x33,0x99,0x99,0x10,0x00,0x00,0x00,0x00,0x00,
    0x00,0x00,0x00,0x00,0x00,0x00,0x19,0x99,0x93,0x33,0x33,0x11,
    0x51,0x13,0x33,0x33,0x99,0x99,0x10,0x00,0x00,0x00,0x00,0x00,
    0x00,0x00,0x00,0x00,0x00,0x00,0x19,0x99,0x33,0x33,0x33,0x33,
    0x13,0x33,0x33,0x33,0x39,0x99,0x10,0x00,0x00,0x00,0x00,0x00,
    0x00,0x00,0x00,0x00,0x00,0x00,0x01,0x99,0x93,0x33,0x33,0x33,
    0x33,0x33,0x33,0x33,0x99,0x91,0x00,0x00,0x00,0x00,0x00,0x00,
    0x00,0x00,0x00,0x00,0x00,0x00,0x01,0x99,0x93,0x33,0x33,0x33,
    0x33,0x33,0x33,0x33,0x99,0x91,0x00,0x00,0x00,0x00,0x00,0x00,
    0x00,0x00,0x00,0x00,0x00,0x00,0x00,0x19,0x99,0x33,0x33,0x33,
    0x33,0x33,0x33,0x39,0x99,0x10,0x00,0x00,0x00,0x00,0x00,0x00,
    0x00,0x00,0x00,0x00,0x00,0x00,0x00,0x01,0x99,0x93,0x33,0x33,
    0x33,0x33,0x33,0x99,0x91,0x00,0x00,0x00,0x00,0x00,0x00,0x00,
    0x00,0x00,0x00,0x00,0x00,0x00,0x00,0x01,0x99,0x99,0x33,0x33,
    0x33,0x33,0x39,0x99,0x91,0x00,0x00,0x00,0x00,0x00,0x00,0x00,
    0x00,0x00,0x00,0x00,0x00,0x00,0x00,0x00,0x11,0x99,0x99,0x99,
    0x39,0x99,0x99,0x91,0x10,0x00,0x00,0x00,0x00,0x00,0x00,0x00,
    0x00,0x00,0x00,0x00,0x00,0x00,0x00,0x00,0x00,0x19,0x99,0x99,
    0x99,0x99,0x99,0x10,0x00,0x00,0x00,0x00,0x00,0x00,0x00,0x00,
    0x00,0x00,0x00,0x00,0x00,0x00,0x00,0x00,0x00,0x01,0x99,0x11,
    0x91,0x19,0x91,0x00,0x00,0x00,0x00,0x00,0x00,0x00,0x00,0x00,
    0x00,0x00,0x00,0x00,0x00,0x00,0x00,0x00,0x01,0x19,0x91,0x00,
    0x10,0x01,0x99,0x11,0x00,0x00,0x00,0x00,0x00,0x00,0x00,0x00,
    0x00,0x00,0x00,0x00,0x00,0x00,0x00,0x00,0x19,0x99,0x99,0x10,
    0x00,0x19,0x99,0x99,0x10,0x00,0x00,0x00,0x00,0x00,0x00,0x00,
    0x00,0x00,0x00,0x00,0x00,0x00,0x00,0x00,0x01,0x19,0x11,0x00,
    0x00,0x01,0x19,0x11,0x00,0x00,0x00,0x00,0x00,0x00,0x00,0x00,
    0x00,0x00,0x00,0x00,0x00,0x00,0x00,0x00,0x00,0x01,0x00,0x00,
    0x00,0x00,0x01,0x00,0x00,0x00,0x00,0x00,0x00,0x00,0x00,0x00,
    0x00,0x00,0x00,0x00,0x00,0x00,0x00,0x00,0x00,0x00,0x00,0x00,
    0x00,0x00,0x00,0x00,0x00,0x00,0x00,0x00,0x00,0x00,0x00,0x00,
    0x00,0x00,0x00,0x00,0x00,0x00,0x00,0x00,0x00,0x00,0x00,0x00,
    0x00,0x00,0x00,0x00,0x00,0x00,0x00,0x00,0x00,0x00,0x00,0x00,
    0x00,0x00,0x00,0x00,0x00,0x00,0x00,0x00,0x00,0x00,0x00,0x00,
    0x00,0x00,0x00,0x00,0x00,0x00,0x00,0x00,0x00,0x00,0x00,0x00,
    0x00,0x00,0x00,0x00,0x00,0x00,0x00,0x00,0x00,0x00,0x00,0x00,
    0x00,0x00,0x00,0x00,0x00,0x00,0x00,0x00,0x00,0x00,0x00,0x00}},
    {"zzz_ultimate_force",
     {0x00,0x00,0x00,0x00,0x00,0x00,0x00,0x00,0x00,0x00,0x00,0x00,
    0x00,0x00,0x00,0x00,0x00,0x00,0x00,0x00,0x00,0x00,0x00,0x00,
    0x00,0x00,0x00,0x00,0x00,0x00,0x00,0x00,0x00,0x00,0x00,0x00,
    0x00,0x00,0x00,0x00,0x00,0x00,0x00,0x00,0x00,0x00,0x00,0x00,
    0x00,0x00,0x00,0x00,0x00,0x00,0x00,0x00,0x00,0x00,0x00,0x00,
    0x00,0x00,0x00,0x00,0x00,0x00,0x00,0x00,0x00,0x00,0x00,0x00,
    0x00,0x00,0x00,0x00,0x00,0x00,0x00,0x00,0x00,0x00,0x00,0x00,
    0x00,0x00,0x00,0x00,0x00,0x00,0x00,0x00,0x00,0x00,0x00,0x00,
    0x00,0x00,0x00,0x00,0x00,0x00,0x00,0x00,0x11,0x00,0x00,0x00,
    0x00,0x00,0x00,0x00,0x00,0x00,0x00,0x00,0x00,0x00,0x00,0x00,
    0x00,0x00,0x00,0x00,0x00,0x00,0x00,0x00,0x10,0x00,0x00,0x00,
    0x00,0x00,0x00,0x00,0x00,0x00,0x00,0x00,0x00,0x00,0x00,0x00,
    0x00,0x00,0x00,0x00,0x00,0x00,0x00,0x00,0x01,0x00,0x00,0x00,
    0x00,0x00,0x00,0x00,0x00,0x00,0x00,0x00,0x00,0x00,0x00,0x00,
    0x00,0x00,0x00,0x00,0x00,0x01,0x11,0x00,0x11,0x00,0x00,0x00,
    0x00,0x00,0x00,0x00,0x00,0x00,0x00,0x00,0x00,0x00,0x00,0x00,
    0x00,0x00,0x00,0x00,0x00,0x01,0x00,0x00,0x00,0x00,0x00,0x00,
    0x00,0x00,0x00,0x00,0x00,0x00,0x00,0x00,0x00,0x00,0x00,0x00,
    0x00,0x00,0x00,0x00,0x00,0x00,0x10,0x00,0x00,0x00,0x00,0x00,
    0x00,0x00,0x00,0x00,0x00,0x00,0x00,0x00,0x00,0x00,0x00,0x00,
    0x00,0x00,0x00,0x00,0x00,0x00,0x01,0x00,0x00,0x00,0x00,0x00,
    0x00,0x00,0x00,0x00,0x00,0x00,0x00,0x00,0x00,0x00,0x00,0x00,
    0x00,0x00,0x00,0x00,0x00,0x01,0x11,0x00,0x00,0x00,0x00,0x00,
    0x00,0x00,0x00,0x00,0x00,0x00,0x00,0x00,0x00,0x00,0x00,0x00,
    0x00,0x00,0x00,0x11,0x10,0x00,0x00,0x00,0x00,0x00,0x00,0x00,
    0x00,0x00,0x00,0x00,0x00,0x00,0x00,0x00,0x00,0x00,0x00,0x00,
    0x00,0x00,0x00,0x10,0x00,0x00,0x00,0x00,0x00,0x00,0x00,0x00,
    0x00,0x00,0x00,0x00,0x00,0x00,0x00,0x00,0x00,0x00,0x00,0x00,
    0x00,0x00,0x00,0x01,0x00,0x00,0x00,0x00,0x00,0x00,0x00,0x00,
    0x00,0x00,0x00,0x00,0x00,0x00,0x00,0x00,0x00,0x00,0x00,0x00,
    0x00,0x00,0x00,0x00,0x10,0x00,0x00,0x00,0x00,0x00,0x00,0x00,
    0x00,0x00,0x00,0x00,0x00,0x00,0x00,0x00,0x00,0x00,0x00,0x00,
    0x00,0x00,0x00,0x11,0x10,0x00,0x00,0x00,0x00,0x00,0x00,0x00,
    0x00,0x00,0x00,0x00,0x00,0x00,0x00,0x00,0x00,0x00,0x00,0x00,
    0x00,0x00,0x00,0x00,0x00,0x00,0x00,0x00,0x00,0x00,0x00,0x00,
    0x00,0x00,0x00,0x00,0x00,0x00,0x00,0x00,0x00,0x00,0x00,0x00,
    0x00,0x00,0x00,0x00,0x00,0x00,0x00,0x00,0x00,0x00,0x00,0x00,
    0x00,0x00,0x00,0x00,0x00,0x00,0x00,0x00,0x00,0x00,0x00,0x00,
    0x00,0x00,0x00,0x00,0x00,0x00,0x00,0x00,0x00,0x00,0x00,0x00,
    0x00,0x00,0x00,0x00,0x00,0x00,0x00,0x00,0x00,0x00,0x00,0x00,
    0x00,0x00,0x00,0x00,0x00,0x00,0x00,0x00,0x00,0x00,0x00,0x00,
    0x00,0x00,0x00,0x00,0x00,0x00,0x00,0x00,0x00,0x00,0x00,0x00,
    0x00,0x00,0x00,0x00,0x00,0x00,0x00,0x00,0x00,0x00,0x00,0x00,
    0x10,0x00,0x00,0x00,0x00,0x00,0x00,0x00,0x00,0x00,0x00,0x00,
    0x00,0x00,0x00,0x00,0x00,0x00,0x00,0x00,0x00,0x11,0x11,0x11,
    0x91,0x11,0x11,0x10,0x00,0x00,0x00,0x00,0x00,0x00,0x00,0x00,
    0x00,0x00,0x00,0x00,0x00,0x00,0x00,0x01,0x11,0x99,0x99,0x99,
    0x99,0x99,0x99,0x91,0x11,0x00,0x00,0x00,0x00,0x00,0x00,0x00,
    0x00,0x00,0x00,0x00,0x00,0x00,0x00,0x19,0x99,0x99,0x99,0x99,
    0x99,0x99,0x99,0x99,0x99,0x10,0x00,0x00,0x00,0x00,0x00,0x00,
    0x00,0x00,0x00,0x00,0x00,0x00,0x11,0x99,0x99,0x99,0x99,0x99,
    0x99,0x99,0x99,0x99,0x99,0x91,0x10,0x00,0x00,0x00,0x00,0x00,
    0x00,0x00,0x00,0x00,0x00,0x01,0x99,0x99,0x99,0x99,0x99,0x99,
    0x99,0x99,0x99,0x99,0x99,0x99,0x91,0x00,0x00,0x00,0x00,0x00,
    0x00,0x00,0x00,0x00,0x00,0x19,0x99,0x99,0x99,0x99,0x99,0x99,
    0x99,0x99,0x99,0x99,0x99,0x99,0x99,0x10,0x00,0x00,0x00,0x00,
    0x00,0x00,0x00,0x00,0x00,0x19,0x99,0x99,0x99,0x99,0x99,0x99,
    0x99,0x99,0x99,0x99,0x99,0x99,0x99,0x10,0x00,0x00,0x00,0x00,
    0x00,0x00,0x00,0x00,0x01,0x99,0x99,0x91,0x11,0x11,0x19,0x99,
    0x99,0x99,0x11,0x11,0x11,0x99,0x99,0x91,0x00,0x00,0x00,0x00,
    0x00,0x00,0x00,0x00,0x01,0x99,0x99,0x99,0x99,0x99,0x99,0x99,
    0x99,0x99,0x99,0x99,0x99,0x99,0x99,0x91,0x00,0x00,0x00,0x00,
    0x00,0x00,0x00,0x00,0x01,0x99,0x99,0x99,0x99,0x99,0x99,0x99,
    0x39,0x99,0x99,0x99,0x99,0x99,0x99,0x91,0x00,0x00,0x00,0x00,
    0x00,0x00,0x00,0x00,0x19,0x99,0x99,0x99,0x99,0x33,0x33,0x33,
    0x33,0x33,0x33,0x39,0x99,0x99,0x99,0x99,0x10,0x00,0x00,0x00,
    0x00,0x00,0x00,0x00,0x01,0x99,0x99,0x99,0x33,0x33,0x33,0x33,
    0x33,0x33,0x33,0x33,0x39,0x99,0x99,0x91,0x00,0x00,0x00,0x00,
    0x00,0x00,0x00,0x00,0x01,0x99,0x99,0x93,0x33,0x33,0x33,0x33,
    0x33,0x33,0x33,0x33,0x33,0x99,0x99,0x91,0x00,0x00,0x00,0x00,
    0x00,0x00,0x00,0x00,0x01,0x99,0x99,0x93,0x33,0x33,0x33,0x33,
    0x33,0x33,0x33,0x33,0x33,0x99,0x99,0x91,0x00,0x00,0x00,0x00,
    0x00,0x00,0x00,0x00,0x00,0x19,0x99,0x33,0x33,0x33,0x33,0x33,
    0x33,0x33,0x33,0x33,0x33,0x39,0x99,0x10,0x00,0x00,0x00,0x00,
    0x00,0x00,0x00,0x00,0x00,0x19,0x99,0x93,0x33,0x33,0x33,0x33,
    0x33,0x33,0x33,0x33,0x33,0x99,0x99,0x10,0x00,0x00,0x00,0x00,
    0x00,0x00,0x00,0x00,0x00,0x01,0x99,0x93,0x33,0x33,0x33,0x33,
    0x33,0x33,0x33,0x33,0x33,0x99,0x91,0x00,0x00,0x00,0x00,0x00,
    0x00,0x00,0x00,0x00,0x00,0x00,0x11,0x99,0x33,0x33,0x33,0x33,
    0x33,0x33,0x33,0x33,0x39,0x91,0x10,0x00,0x00,0x00,0x00,0x00,
    0x00,0x00,0x00,0x00,0x00,0x00,0x00,0x19,0x99,0x33,0x33,0x33,
    0x33,0x33,0x33,0x39,0x99,0x10,0x00,0x00,0x00,0x00,0x00,0x00,
    0x00,0x00,0x00,0x00,0x00,0x00,0x00,0x01,0x11,0x99,0x99,0x99,
    0x39,0x99,0x99,0x91,0x11,0x00,0x00,0x00,0x00,0x00,0x00,0x00,
    0x00,0x00,0x00,0x00,0x00,0x00,0x00,0x00,0x00,0x11,0x11,0x11,
    0x91,0x11,0x11,0x10,0x00,0x00,0x00,0x00,0x00,0x00,0x00,0x00,
    0x00,0x00,0x00,0x00,0x00,0x00,0x00,0x00,0x00,0x00,0x00,0x00,
    0x10,0x00,0x00,0x00,0x00,0x00,0x00,0x00,0x00,0x00,0x00,0x00,
    0x00,0x00,0x00,0x00,0x00,0x00,0x00,0x00,0x00,0x00,0x00,0x00,
    0x00,0x00,0x00,0x00,0x00,0x00,0x00,0x00,0x00,0x00,0x00,0x00,
    0x00,0x00,0x00,0x00,0x00,0x00,0x00,0x00,0x00,0x00,0x00,0x00,
    0x00,0x00,0x00,0x00,0x00,0x00,0x00,0x00,0x00,0x00,0x00,0x00,
    0x00,0x00,0x00,0x00,0x00,0x00,0x00,0x00,0x00,0x00,0x00,0x00,
    0x00,0x00,0x00,0x00,0x00,0x00,0x00,0x00,0x00,0x00,0x00,0x00,
    0x00,0x00,0x00,0x00,0x00,0x00,0x00,0x00,0x00,0x00,0x00,0x00,
    0x00,0x00,0x00,0x00,0x00,0x00,0x00,0x00,0x00,0x00,0x00,0x00}},
    {"scold_ultimate_force",
     {0x00,0x00,0x00,0x00,0x00,0x00,0x00,0x00,0x00,0x00,0x00,0x00,
    0x00,0x00,0x00,0x00,0x00,0x00,0x00,0x00,0x00,0x00,0x00,0x00,
    0x00,0x00,0x00,0x00,0x00,0x00,0x00,0x00,0x00,0x00,0x00,0x00,
    0x00,0x00,0x00,0x00,0x00,0x00,0x00,0x00,0x00,0x00,0x00,0x00,
    0x00,0x00,0x00,0x00,0x00,0x00,0x00,0x00,0x00,0x00,0x00,0x00,
    0x00,0x00,0x00,0x00,0x00,0x00,0x00,0x00,0x00,0x00,0x00,0x00,
    0x00,0x00,0x00,0x00,0x00,0x00,0x00,0x00,0x00,0x00,0x00,0x00,
    0x00,0x00,0x00,0x00,0x00,0x00,0x00,0x00,0x00,0x00,0x00,0x00,
    0x00,0x00,0x00,0x00,0x00,0x00,0x00,0x00,0x00,0x00,0x00,0x00,
    0x00,0x00,0x00,0x00,0x00,0x00,0x00,0x00,0x00,0x00,0x00,0x00,
    0x00,0x00,0x00,0x00,0x00,0x00,0x00,0x00,0x00,0x00,0x00,0x00,
    0x00,0x00,0x00,0x00,0x00,0x00,0x00,0x00,0x00,0x00,0x00,0x00,
    0x00,0x00,0x00,0x00,0x00,0x00,0x00,0x00,0x00,0x00,0x00,0x00,
    0x00,0x00,0x00,0x00,0x00,0x00,0x00,0x00,0x00,0x00,0x00,0x00,
    0x00,0x00,0x00,0x00,0x00,0x00,0x00,0x00,0x00,0x00,0x00,0x00,
    0x00,0x00,0x00,0x00,0x00,0x00,0x00,0x00,0x00,0x00,0x00,0x00,
    0x00,0x00,0x00,0x00,0x00,0x50,0x00,0x00,0x00,0x00,0x00,0x00,
    0x00,0x00,0x00,0x00,0x00,0x00,0x00,0x00,0x00,0x00,0x00,0x00,
    0x00,0x00,0x00,0x00,0x00,0x05,0x00,0x00,0x00,0x00,0x00,0x00,
    0x00,0x00,0x00,0x00,0x00,0x00,0x00,0x00,0x00,0x00,0x00,0x00,
    0x00,0x00,0x00,0x00,0x05,0x00,0x00,0x01,0x00,0x00,0x00,0x00,
    0x00,0x00,0x00,0x00,0x01,0x00,0x00,0x00,0x00,0x00,0x00,0x00,
    0x00,0x00,0x00,0x00,0x00,0x00,0x50,0x19,0x10,0x00,0x00,0x00,
    0x00,0x00,0x00,0x00,0x19,0x10,0x00,0x00,0x00,0x00,0x00,0x00,
    0x00,0x00,0x00,0x00,0x00,0x50,0x01,0x95,0x91,0x00,0x00,0x00,
    0x10,0x00,0x00,0x01,0x95,0x91,0x00,0x00,0x00,0x00,0x00,0x00,
    0x00,0x00,0x00,0x00,0x00,0x00,0x01,0x95,0x91,0x00,0x11,0x11,
    0x91,0x11,0x10,0x01,0x95,0x91,0x00,0x00,0x00,0x00,0x00,0x00,
    0x00,0x00,0x00,0x00,0x00,0x00,0x19,0x55,0x59,0x11,0x99,0x99,
    0x99,0x99,0x91,0x19,0x55,0x59,0x10,0x00,0x00,0x00,0x00,0x00,
    0x00,0x00,0x00,0x00,0x00,0x00,0x01,0x95,0x99,0x99,0x99,0x99,
    0x99,0x99,0x99,0x99,0x95,0x91,0x00,0x00,0x00,0x00,0x00,0x00,
    0x00,0x00,0x00,0x00,0x00,0x00,0x01,0x95,0x99,0x99,0x99,0x99,
    0x99,0x99,0x99,0x99,0x95,0x91,0x00,0x00,0x00,0x00,0x00,0x00,
    0x00,0x00,0x00,0x00,0x00,0x00,0x00,0x19,0x99,0x99,0x99,0x99,
    0x99,0x99,0x99,0x99,0x99,0x10,0x00,0x00,0x00,0x00,0x00,0x00,
    0x00,0x00,0x00,0x00,0x00,0x00,0x00,0x19,0x99,0x99,0x99,0x99,
    0x99,0x99,0x99,0x99,0x99,0x10,0x00,0x00,0x00,0x00,0x00,0x00,
    0x00,0x00,0x00,0x00,0x00,0x00,0x01,0x99,0x99,0x99,0x99,0x99,
    0x99,0x99,0x99,0x99,0x99,0x91,0x00,0x00,0x00,0x00,0x00,0x00,
    0x00,0x00,0x00,0x00,0x00,0x00,0x01,0x99,0x99,0x99,0x99,0x99,
    0x99,0x99,0x99,0x99,0x99,0x91,0x00,0x00,0x00,0x00,0x00,0x00,
    0x00,0x00,0x00,0x00,0x00,0x00,0x19,0x99,0x99,0x99,0x99,0x99,
    0x99,0x99,0x99,0x99,0x99,0x99,0x10,0x00,0x00,0x00,0x00,0x00,
    0x00,0x00,0x00,0x00,0x00,0x00,0x19,0x99,0x99,0x19,0x99,0x99,
    0x99,0x99,0x99,0x19,0x99,0x99,0x10,0x00,0x00,0x00,0x00,0x00,
    0x00,0x00,0x00,0x00,0x00,0x00,0x19,0x99,0x91,0x11,0x99,0x99,
    0x99,0x99,0x91,0x11,0x99,0x99,0x10,0x00,0x00,0x00,0x00,0x00,
    0x00,0x00,0x00,0x00,0x00,0x00,0x19,0x99,0x91,0x21,0x99,0x99,
    0x99,0x99,0x91,0x21,0x99,0x99,0x10,0x00,0x00,0x00,0x00,0x00,
    0x00,0x00,0x00,0x00,0x00,0x00,0x19,0x99,0x11,0x11,0x19,0x99,
    0x39,0x99,0x11,0x11,0x19,0x99,0x10,0x00,0x00,0x00,0x00,0x00,
    0x00,0x00,0x00,0x00,0x00,0x01,0x99,0x99,0x91,0x11,0x33,0x33,
    0x33,0x33,0x31,0x11,0x99,0x99,0x91,0x00,0x00,0x00,0x00,0x00,
    0x00,0x00,0x00,0x00,0x00,0x00,0x19,0x99,0x91,0x11,0x33,0x33,
    0x33,0x33,0x31,0x11,0x99,0x99,0x10,0x00,0x00,0x00,0x00,0x00,
    0x00,0x00,0x00,0x00,0x00,0x00,0x19,0x99,0x99,0x13,0x33,0x33,
    0x33,0x33,0x33,0x19,0x99,0x99,0x10,0x00,0x00,0x00,0x00,0x00,
    0x00,0x00,0x00,0x00,0x00,0x00,0x19,0x99,0x93,0x63,0x33,0x33,
    0x33,0x33,0x33,0x63,0x99,0x99,0x10,0x00,0x00,0x00,0x00,0x00,
    0x00,0x00,0x00,0x00,0x00,0x00,0x19,0x99,0x93,0x63,0x33,0x33,
    0x33,0x33,0x33,0x63,0x99,0x99,0x10,0x00,0x00,0x00,0x00,0x00,
    0x00,0x00,0x00,0x00,0x00,0x00,0x19,0x99,0x33,0x33,0x33,0x31,
    0x31,0x33,0x33,0x33,0x39,0x99,0x10,0x00,0x00,0x00,0x00,0x00,
    0x00,0x00,0x00,0x00,0x00,0x00,0x01,0x99,0x93,0x33,0x33,0x13,
    0x13,0x13,0x33,0x33,0x99,0x91,0x00,0x00,0x00,0x00,0x00,0x00,
    0x00,0x00,0x00,0x00,0x00,0x00,0x01,0x99,0x93,0x33,0x33,0x33,
    0x33,0x33,0x33,0x33,0x99,0x91,0x00,0x00,0x00,0x00,0x00,0x00,
    0x00,0x00,0x00,0x00,0x00,0x00,0x00,0x19,0x99,0x33,0x33,0x33,
    0x33,0x33,0x33,0x39,0x99,0x10,0x00,0x00,0x00,0x00,0x00,0x00,
    0x00,0x00,0x00,0x00,0x00,0x00,0x00,0x01,0x99,0x93,0x33,0x33,
    0x33,0x33,0x33,0x99,0x91,0x00,0x00,0x00,0x00,0x00,0x00,0x00,
    0x00,0x00,0x00,0x00,0x00,0x00,0x00,0x01,0x99,0x99,0x33,0x33,
    0x33,0x33,0x39,0x99,0x91,0x00,0x00,0x00,0x00,0x00,0x00,0x00,
    0x00,0x00,0x00,0x00,0x00,0x00,0x00,0x00,0x11,0x99,0x99,0x99,
    0x39,0x99,0x99,0x91,0x10,0x00,0x00,0x00,0x00,0x00,0x00,0x00,
    0x00,0x00,0x00,0x00,0x00,0x00,0x00,0x00,0x00,0x19,0x99,0x99,
    0x99,0x99,0x99,0x10,0x00,0x00,0x00,0x00,0x00,0x00,0x00,0x00,
    0x00,0x00,0x00,0x00,0x00,0x00,0x00,0x00,0x00,0x01,0x99,0x11,
    0x91,0x19,0x91,0x00,0x00,0x00,0x00,0x00,0x00,0x00,0x00,0x00,
    0x00,0x00,0x00,0x00,0x00,0x00,0x00,0x00,0x01,0x19,0x91,0x00,
    0x10,0x01,0x99,0x11,0x00,0x00,0x00,0x00,0x00,0x00,0x00,0x00,
    0x00,0x00,0x00,0x00,0x00,0x00,0x00,0x00,0x19,0x99,0x99,0x10,
    0x00,0x19,0x99,0x99,0x10,0x00,0x00,0x00,0x00,0x00,0x00,0x00,
    0x00,0x00,0x00,0x00,0x00,0x00,0x00,0x00,0x01,0x19,0x11,0x00,
    0x00,0x01,0x19,0x11,0x00,0x00,0x00,0x00,0x00,0x00,0x00,0x00,
    0x00,0x00,0x00,0x00,0x00,0x00,0x00,0x00,0x00,0x01,0x00,0x00,
    0x00,0x00,0x01,0x00,0x00,0x00,0x00,0x00,0x00,0x00,0x00,0x00,
    0x00,0x00,0x00,0x00,0x00,0x00,0x00,0x00,0x00,0x00,0x00,0x00,
    0x00,0x00,0x00,0x00,0x00,0x00,0x00,0x00,0x00,0x00,0x00,0x00,
    0x00,0x00,0x00,0x00,0x00,0x00,0x00,0x00,0x00,0x00,0x00,0x00,
    0x00,0x00,0x00,0x00,0x00,0x00,0x00,0x00,0x00,0x00,0x00,0x00,
    0x00,0x00,0x00,0x00,0x00,0x00,0x00,0x00,0x00,0x00,0x00,0x00,
    0x00,0x00,0x00,0x00,0x00,0x00,0x00,0x00,0x00,0x00,0x00,0x00,
    0x00,0x00,0x00,0x00,0x00,0x00,0x00,0x00,0x00,0x00,0x00,0x00,
    0x00,0x00,0x00,0x00,0x00,0x00,0x00,0x00,0x00,0x00,0x00,0x00}},
    {"sick_ultimate_force",
     {0x00,0x00,0x00,0x00,0x00,0x00,0x00,0x00,0x00,0x00,0x00,0x00,
    0x00,0x00,0x00,0x00,0x00,0x00,0x00,0x00,0x00,0x00,0x00,0x00,
    0x00,0x00,0x00,0x00,0x00,0x00,0x00,0x00,0x00,0x00,0x00,0x00,
    0x00,0x00,0x00,0x00,0x00,0x00,0x00,0x00,0x00,0x00,0x00,0x00,
    0x00,0x00,0x00,0x00,0x00,0x00,0x00,0x00,0x00,0x00,0x00,0x00,
    0x00,0x00,0x00,0x00,0x00,0x00,0x00,0x00,0x00,0x00,0x00,0x00,
    0x00,0x00,0x00,0x00,0x00,0x00,0x00,0x00,0x00,0x00,0x00,0x00,
    0x00,0x00,0x00,0x00,0x00,0x00,0x00,0x00,0x00,0x00,0x00,0x00,
    0x00,0x00,0x00,0x00,0x00,0x00,0x00,0x00,0x00,0x00,0x00,0x00,
    0x00,0x00,0x00,0x00,0x00,0x00,0x00,0x00,0x00,0x00,0x00,0x00,
    0x00,0x00,0x00,0x00,0x00,0x00,0x00,0x00,0x00,0x00,0x00,0x00,
    0x00,0x00,0x00,0x00,0x00,0x00,0x00,0x00,0x00,0x00,0x00,0x00,
    0x00,0x00,0x00,0x00,0x00,0x00,0x00,0x00,0x00,0x00,0x00,0x00,
    0x00,0x00,0x00,0x00,0x00,0x00,0x00,0x00,0x00,0x00,0x00,0x00,
    0x00,0x00,0x00,0x00,0x00,0x00,0x00,0x00,0x00,0x00,0x00,0x00,
    0x00,0x00,0x00,0x00,0x00,0x00,0x00,0x00,0x00,0x00,0x00,0x00,
    0x00,0x00,0x00,0x00,0x00,0x00,0x00,0x00,0x00,0x00,0x00,0x00,
    0x00,0x00,0x00,0x00,0x00,0x00,0x00,0x00,0x00,0x00,0x00,0x00,
    0x00,0x00,0x00,0x00,0x00,0x00,0x00,0x00,0x00,0x00,0x00,0x00,
    0x00,0x00,0x00,0x00,0x00,0x00,0x00,0x00,0x00,0x00,0x00,0x00,
    0x00,0x00,0x00,0x00,0x00,0x00,0x00,0x01,0x00,0x00,0x00,0x00,
    0x00,0x00,0x00,0x00,0x01,0x00,0x00,0x00,0x00,0x00,0x00,0x00,
    0x00,0x00,0x00,0x00,0x00,0x00,0x00,0x19,0x10,0x00,0x00,0x00,
    0x00,0x00,0x00,0x00,0x19,0x10,0x00,0x00,0x00,0x00,0x00,0x00,
    0x00,0x00,0x00,0x00,0x00,0x00,0x01,0x95,0x91,0x00,0x00,0x00,
    0x10,0x00,0x00,0x01,0x95,0x91,0x00,0x00,0x00,0x00,0x00,0x00,
    0x00,0x00,0x00,0x00,0x00,0x00,0x01,0x95,0x91,0x00,0x11,0x11,
    0x91,0x11,0x10,0x01,0x95,0x91,0x00,0x00,0x00,0x00,0x00,0x00,
    0x00,0x00,0x00,0x00,0x00,0x00,0x19,0x55,0x59,0x11,0x99,0x99,
    0x99,0x99,0x91,0x19,0x55,0x59,0x10,0x00,0x00,0x00,0x00,0x00,
    0x00,0x00,0x00,0x00,0x00,0x00,0x01,0x95,0x99,0x99,0x99,0x99,
    0x99,0x99,0x99,0x99,0x95,0x91,0x00,0x00,0x00,0x00,0x00,0x00,
    0x00,0x00,0x00,0x00,0x00,0x00,0x01,0x95,0x99,0x99,0x99,0x99,
    0x99,0x99,0x99,0x99,0x95,0x96,0x00,0x00,0x00,0x00,0x00,0x00,
    0x00,0x00,0x00,0x00,0x00,0x00,0x00,0x19,0x99,0x99,0x99,0x99,
    0x99,0x99,0x99,0x99,0x99,0x10,0x60,0x00,0x00,0x00,0x00,0x00,
    0x00,0x00,0x00,0x00,0x00,0x00,0x00,0x19,0x99,0x99,0x99,0x99,
    0x99,0x99,0x99,0x99,0x99,0x16,0x00,0x00,0x00,0x00,0x00,0x00,
    0x00,0x00,0x00,0x00,0x00,0x00,0x01,0x99,0x19,0x99,0x99,0x99,
    0x99,0x99,0x19,0x99,0x99,0x91,0x00,0x00,0x00,0x00,0x00,0x00,
    0x00,0x00,0x00,0x00,0x00,0x00,0x01,0x99,0x91,0x99,0x99,0x99,
    0x99,0x99,0x91,0x99,0x99,0x91,0x00,0x00,0x00,0x00,0x00,0x00,
    0x00,0x00,0x00,0x00,0x00,0x00,0x19,0x99,0x99,0x19,0x19,0x99,
    0x99,0x99,0x99,0x19,0x19,0x99,0x10,0x00,0x00,0x00,0x00,0x00,
    0x00,0x00,0x00,0x00,0x00,0x00,0x19,0x99,0x99,0x91,0x99,0x99,
    0x99,0x99,0x99,0x91,0x99,0x99,0x10,0x00,0x00,0x00,0x00,0x00,
    0x00,0x00,0x00,0x00,0x00,0x00,0x19,0x99,0x99,0x19,0x19,0x99,
    0x99,0x99,0x99,0x19,0x19,0x99,0x10,0x00,0x00,0x00,0x00,0x00,
    0x00,0x00,0x00,0x00,0x00,0x00,0x19,0x99,0x91,0x99,0x99,0x99,
    0x99,0x99,0x91,0x99,0x99,0x99,0x10,0x00,0x00,0x00,0x00,0x00,
    0x00,0x00,0x00,0x00,0x00,0x00,0x19,0x99,0x19,0x99,0x99,0x99,
    0x39,0x99,0x19,0x99,0x99,0x99,0x10,0x00,0x00,0x00,0x00,0x00,
    0x00,0x00,0x00,0x00,0x22,0x01,0x99,0x99,0x99,0x99,0x33,0x33,
    0x33,0x33,0x39,0x99,0x99,0x99,0x91,0x00,0x00,0x00,0x00,0x00,
    0x00,0x00,0x00,0x00,0x22,0x00,0x19,0x99,0x99,0x93,0x33,0x33,
    0x33,0x33,0x33,0x99,0x99,0x99,0x10,0x00,0x00,0x00,0x00,0x00,
    0x00,0x00,0x00,0x00,0x22,0x00,0x19,0x99,0x99,0x33,0x33,0x33,
    0x33,0x33,0x33,0x39,0x99,0x99,0x10,0x00,0x00,0x00,0x00,0x00,
    0x00,0x00,0x00,0x00,0x22,0x00,0x19,0x99,0x93,0x33,0x33,0x13,
    0x13,0x13,0x33,0x33,0x99,0x99,0x10,0x00,0x00,0x00,0x00,0x00,
    0x00,0x00,0x00,0x00,0x22,0x00,0x19,0x99,0x93,0x33,0x33,0x31,
    0x31,0x33,0x33,0x33,0x99,0x99,0x10,0x00,0x00,0x00,0x00,0x00,
    0x00,0x00,0x00,0x00,0x22,0x00,0x19,0x99,0x33,0x33,0x33,0x33,
    0x33,0x33,0x33,0x33,0x39,0x99,0x10,0x00,0x00,0x00,0x00,0x00,
    0x00,0x00,0x00,0x00,0x22,0x00,0x01,0x99,0x93,0x33,0x33,0x33,
    0x33,0x33,0x33,0x33,0x99,0x91,0x00,0x00,0x00,0x00,0x00,0x00,
    0x00,0x00,0x00,0x00,0x22,0x00,0x01,0x99,0x93,0x33,0x33,0x33,
    0x33,0x33,0x33,0x33,0x99,0x91,0x00,0x00,0x00,0x00,0x00,0x00,
    0x00,0x00,0x00,0x00,0x22,0x00,0x00,0x19,0x99,0x33,0x33,0x33,
    0x33,0x33,0x33,0x39,0x99,0x10,0x00,0x00,0x00,0x00,0x00,0x00,
    0x00,0x00,0x00,0x00,0x22,0x00,0x00,0x01,0x99,0x93,0x33,0x33,
    0x33,0x33,0x33,0x99,0x91,0x00,0x00,0x00,0x00,0x00,0x00,0x00,
    0x00,0x00,0x00,0x00,0x22,0x00,0x00,0x01,0x99,0x99,0x33,0x33,
    0x33,0x33,0x39,0x99,0x91,0x00,0x00,0x00,0x00,0x00,0x00,0x00,
    0x00,0x00,0x00,0x00,0x22,0x00,0x00,0x00,0x11,0x99,0x99,0x99,
    0x39,0x99,0x99,0x91,0x10,0x00,0x00,0x00,0x00,0x00,0x00,0x00,
    0x00,0x00,0x00,0x00,0x52,0x00,0x00,0x00,0x00,0x19,0x99,0x99,
    0x99,0x99,0x99,0x10,0x00,0x00,0x00,0x00,0x00,0x00,0x00,0x00,
    0x00,0x00,0x00,0x05,0x55,0x00,0x00,0x00,0x00,0x01,0x99,0x11,
    0x91,0x19,0x91,0x00,0x00,0x00,0x00,0x00,0x00,0x00,0x00,0x00,
    0x00,0x00,0x00,0x55,0x55,0x50,0x00,0x00,0x01,0x19,0x91,0x00,
    0x10,0x01,0x99,0x11,0x00,0x00,0x00,0x00,0x00,0x00,0x00,0x00,
    0x00,0x00,0x00,0x05,0x55,0x00,0x00,0x00,0x19,0x99,0x99,0x10,
    0x00,0x19,0x99,0x99,0x10,0x00,0x00,0x00,0x00,0x00,0x00,0x00,
    0x00,0x00,0x00,0x00,0x50,0x00,0x00,0x00,0x01,0x19,0x11,0x00,
    0x00,0x01,0x19,0x11,0x00,0x00,0x00,0x00,0x00,0x00,0x00,0x00,
    0x00,0x00,0x00,0x00,0x00,0x00,0x00,0x00,0x00,0x01,0x00,0x00,
    0x00,0x00,0x01,0x00,0x00,0x00,0x00,0x00,0x00,0x00,0x00,0x00,
    0x00,0x00,0x00,0x00,0x00,0x00,0x00,0x00,0x00,0x00,0x00,0x00,
    0x00,0x00,0x00,0x00,0x00,0x00,0x00,0x00,0x00,0x00,0x00,0x00,
    0x00,0x00,0x00,0x00,0x00,0x00,0x00,0x00,0x00,0x00,0x00,0x00,
    0x00,0x00,0x00,0x00,0x00,0x00,0x00,0x00,0x00,0x00,0x00,0x00,
    0x00,0x00,0x00,0x00,0x00,0x00,0x00,0x00,0x00,0x00,0x00,0x00,
    0x00,0x00,0x00,0x00,0x00,0x00,0x00,0x00,0x00,0x00,0x00,0x00,
    0x00,0x00,0x00,0x00,0x00,0x00,0x00,0x00,0x00,0x00,0x00,0x00,
    0x00,0x00,0x00,0x00,0x00,0x00,0x00,0x00,0x00,0x00,0x00,0x00}},
    {"happy_ultimate_magic",
     {0x00,0x00,0x00,0x00,0x00,0x00,0x00,0x00,0x00,0x00,0x00,0x00,
    0x00,0x00,0x00,0x00,0x00,0x00,0x00,0x00,0x00,0x00,0x00,0x00,
    0x00,0x00,0x00,0x00,0x00,0x00,0x00,0x00,0x00,0x00,0x00,0x00,
    0x00,0x00,0x00,0x00,0x00,0x00,0x00,0x00,0x00,0x00,0x00,0x00,
    0x00,0x00,0x00,0x00,0x00,0x00,0x00,0x00,0x00,0x00,0x00,0x00,
    0x00,0x00,0x00,0x00,0x00,0x00,0x00,0x00,0x00,0x00,0x00,0x00,
    0x00,0x00,0x00,0x00,0x00,0x00,0x00,0x00,0x00,0x00,0x00,0x00,
    0x00,0x00,0x00,0x00,0x00,0x00,0x00,0x00,0x00,0x00,0x10,0x00,
    0x00,0x00,0x00,0x00,0x00,0x00,0x00,0x00,0x00,0x00,0x00,0x00,
    0x00,0x00,0x00,0x00,0x00,0x00,0x00,0x00,0x00,0x01,0x00,0x00,
    0x00,0x00,0x00,0x00,0x00,0x00,0x00,0x00,0x00,0x00,0x00,0x00,
    0x00,0x00,0x00,0x00,0x00,0x00,0x00,0x00,0x00,0x01,0x00,0x00,
    0x00,0x00,0x00,0x00,0x00,0x00,0x00,0x01,0x00,0x00,0x00,0x00,
    0x00,0x00,0x00,0x00,0x01,0x00,0x00,0x00,0x00,0x11,0x00,0x00,
    0x00,0x00,0x00,0x00,0x00,0x00,0x00,0x18,0x10,0x00,0x00,0x00,
    0x00,0x00,0x00,0x00,0x18,0x10,0x00,0x00,0x11,0x00,0x00,0x00,
    0x00,0x00,0x00,0x00,0x10,0x00,0x01,0x88,0x81,0x00,0x00,0x00,
    0x10,0x00,0x00,0x01,0x88,0x81,0x00,0x00,0x10,0x00,0x00,0x00,
    0x00,0x00,0x00,0x01,0x81,0x00,0x01,0x88,0x81,0x00,0x11,0x11,
    0x81,0x11,0x10,0x01,0x88,0x81,0x00,0x01,0x81,0x00,0x00,0x00,
    0x00,0x00,0x00,0x18,0x88,0x10,0x18,0x88,0x88,0x11,0x88,0x88,
    0x88,0x88,0x81,0x18,0x88,0x88,0x10,0x18,0x88,0x10,0x00,0x00,
    0x00,0x00,0x00,0x18,0x88,0x10,0x01,0x88,0x88,0x88,0x88,0x88,
    0x88,0x88,0x88,0x88,0x88,0x81,0x00,0x18,0x88,0x10,0x00,0x00,
    0x00,0x00,0x01,0x88,0x88,0x81,0x01,0x88,0x88,0x88,0x88,0x88,
    0x88,0x88,0x88,0x88,0x88,0x81,0x01,0x88,0x88,0x81,0x00,0x00,
    0x00,0x00,0x00,0x18,0x88,0x10,0x00,0x18,0x88,0x88,0x88,0x88,
    0x88,0x88,0x88,0x88,0x88,0x10,0x00,0x18,0x88,0x10,0x00,0x00,
    0x00,0x00,0x00,0x18,0x88,0x10,0x00,0x18,0x88,0x88,0x88,0x88,
    0x88,0x88,0x88,0x88,0x88,0x10,0x00,0x18,0x88,0x10,0x00,0x00,
    0x00,0x00,0x00,0x01,0x81,0x00,0x01,0x88,0x88,0x88,0x88,0x88,
    0x88,0x88,0x88,0x88,0x88,0x81,0x00,0x01,0x81,0x00,0x00,0x00,
    0x00,0x00,0x00,0x00,0x10,0x00,0x01,0x88,0x88,0x88,0x88,0x88,
    0x88,0x88,0x88,0x88,0x88,0x81,0x00,0x00,0x10,0x00,0x00,0x00,
    0x00,0x00,0x00,0x00,0x00,0x00,0x18,0x88,0x88,0x88,0x88,0x88,
    0x88,0x88,0x88,0x88,0x88,0x88,0x10,0x00,0x00,0x00,0x00,0x00,
    0x00,0x00,0x00,0x00,0x00,0x00,0x18,0x88,0x81,0x18,0x88,0x88,
    0x88,0x88,0x81,0x18,0x88,0x88,0x10,0x00,0x00,0x00,0x00,0x00,
    0x00,0x00,0x00,0x00,0x00,0x00,0x18,0x88,0x18,0x81,0x88,0x88,
    0x88,0x88,0x18,0x81,0x88,0x88,0x10,0x00,0x00,0x00,0x00,0x00,
    0x00,0x00,0x00,0x00,0x00,0x00,0x18,0x88,0x88,0x88,0x88,0x88,
    0x88,0x88,0x88,0x88,0x88,0x88,0x10,0x00,0x00,0x00,0x00,0x00,
    0x00,0x00,0x00,0x00,0x00,0x00,0x18,0x88,0x88,0x88,0x88,0x88,
    0x38,0x88,0x88,0x88,0x88,0x88,0x10,0x00,0x00,0x00,0x00,0x00,
    0x00,0x00,0x00,0x00,0x00,0x01,0x88,0x58,0x88,0x88,0x33,0x33,
    0x13,0x33,0x38,0x88,0x88,0x58,0x81,0x00,0x00,0x00,0x00,0x00,
    0x00,0x00,0x00,0x00,0x00,0x00,0x15,0x55,0x58,0x83,0x33,0x11,
    0x11,0x13,0x33,0x88,0x55,0x55,0x10,0x00,0x00,0x00,0x00,0x00,
    0x00,0x00,0x00,0x00,0x00,0x01,0x55,0x55,0x55,0x33,0x31,0x11,
    0x11,0x11,0x33,0x35,0x55,0x55,0x51,0x00,0x00,0x00,0x00,0x00,
    0x00,0x00,0x00,0x00,0x00,0x00,0x15,0x55,0x53,0x33,0x33,0x11,
    0x11,0x13,0x33,0x33,0x55,0x55,0x10,0x00,0x00,0x00,0x00,0x00,
    0x00,0x00,0x00,0x00,0x00,0x00,0x18,0x58,0x83,0x33,0x33,0x33,
    0x13,0x33,0x33,0x33,0x88,0x58,0x10,0x00,0x00,0x00,0x00,0x00,
    0x00,0x00,0x00,0x00,0x00,0x00,0x18,0x88,0x33,0x33,0x33,0x33,
    0x33,0x33,0x33,0x33,0x38,0x88,0x10,0x00,0x00,0x00,0x00,0x00,
    0x00,0x00,0x00,0x00,0x00,0x00,0x01,0x88,0x83,0x33,0x33,0x33,
    0x33,0x33,0x33,0x33,0x88,0x81,0x00,0x00,0x00,0x00,0x00,0x00,
    0x00,0x00,0x00,0x00,0x00,0x00,0x01,0x88,0x83,0x33,0x33,0x33,
    0x33,0x33,0x33,0x33,0x88,0x81,0x00,0x00,0x00,0x00,0x00,0x00,
    0x00,0x00,0x00,0x00,0x00,0x00,0x00,0x18,0x88,0x33,0x33,0x33,
    0x33,0x33,0x33,0x38,0x88,0x10,0x00,0x00,0x00,0x00,0x00,0x00,
    0x00,0x00,0x00,0x00,0x00,0x00,0x00,0x01,0x88,0x83,0x33,0x33,
    0x33,0x33,0x33,0x88,0x81,0x00,0x00,0x00,0x00,0x00,0x00,0x00,
    0x00,0x00,0x00,0x00,0x00,0x00,0x00,0x01,0x88,0x88,0x33,0x33,
    0x33,0x33,0x38,0x88,0x81,0x00,0x00,0x00,0x00,0x00,0x00,0x00,
    0x00,0x00,0x00,0x00,0x00,0x00,0x00,0x00,0x11,0x88,0x88,0x88,
    0x38,0x88,0x88,0x81,0x10,0x00,0x00,0x00,0x00,0x00,0x00,0x00,
    0x00,0x00,0x00,0x00,0x00,0x00,0x00,0x00,0x00,0x11,0x88,0x88,
    0x88,0x88,0x81,0x10,0x00,0x00,0x00,0x00,0x00,0x00,0x00,0x00,
    0x00,0x00,0x00,0x00,0x00,0x00,0x00,0x00,0x00,0x00,0x11,0x11,
    0x81,0x11,0x10,0x00,0x00,0x00,0x00,0x00,0x00,0x00,0x00,0x00,
    0x00,0x00,0x00,0x00,0x00,0x00,0x00,0x00,0x00,0x00,0x00,0x00,
    0x10,0x00,0x00,0x00,0x00,0x00,0x00,0x00,0x00,0x00,0x00,0x00,
    0x00,0x00,0x00,0x00,0x00,0x00,0x00,0x00,0x00,0x01,0x00,0x00,
    0x00,0x00,0x01,0x00,0x00,0x00,0x00,0x00,0x00,0x00,0x00,0x00,
    0x00,0x00,0x00,0x00,0x00,0x00,0x00,0x00,0x01,0x18,0x11,0x00,
    0x00,0x01,0x18,0x11,0x00,0x00,0x00,0x00,0x00,0x00,0x00,0x00,
    0x00,0x00,0x00,0x00,0x00,0x00,0x00,0x00,0x18,0x88,0x88,0x10,
    0x00,0x18,0x88,0x88,0x10,0x00,0x00,0x00,0x00,0x00,0x00,0x00,
    0x00,0x00,0x00,0x00,0x00,0x00,0x00,0x00,0x01,0x18,0x11,0x00,
    0x00,0x01,0x18,0x11,0x00,0x00,0x00,0x00,0x00,0x00,0x00,0x00,
    0x00,0x00,0x00,0x00,0x00,0x00,0x00,0x00,0x00,0x01,0x00,0x00,
    0x00,0x00,0x01,0x00,0x00,0x00,0x00,0x00,0x00,0x00,0x00,0x00,
    0x00,0x00,0x00,0x00,0x00,0x00,0x00,0x00,0x00,0x00,0x00,0x00,
    0x00,0x00,0x00,0x00,0x00,0x00,0x00,0x00,0x00,0x00,0x00,0x00,
    0x00,0x00,0x00,0x00,0x00,0x00,0x00,0x00,0x00,0x00,0x00,0x00,
    0x00,0x00,0x00,0x00,0x00,0x00,0x00,0x00,0x00,0x00,0x00,0x00,
    0x00,0x00,0x00,0x00,0x00,0x00,0x00,0x00,0x00,0x00,0x00,0x00,
    0x00,0x00,0x00,0x00,0x00,0x00,0x00,0x00,0x00,0x00,0x00,0x00,
    0x00,0x00,0x00,0x00,0x00,0x00,0x00,0x00,0x00,0x00,0x00,0x00,
    0x00,0x00,0x00,0x00,0x00,0x00,0x00,0x00,0x00,0x00,0x00,0x00,
    0x00,0x00,0x00,0x00,0x00,0x00,0x00,0x00,0x00,0x00,0x00,0x00,
    0x00,0x00,0x00,0x00,0x00,0x00,0x00,0x00,0x00,0x00,0x00,0x00,
    0x00,0x00,0x00,0x00,0x00,0x00,0x00,0x00,0x00,0x00,0x00,0x00,
    0x00,0x00,0x00,0x00,0x00,0x00,0x00,0x00,0x00,0x00,0x00,0x00}},
    {"eat_ultimate_magic",
     {0x00,0x00,0x00,0x00,0x00,0x00,0x00,0x00,0x00,0x00,0x00,0x00,
    0x00,0x00,0x00,0x00,0x00,0x00,0x00,0x00,0x00,0x00,0x00,0x00,
    0x00,0x00,0x00,0x00,0x00,0x00,0x00,0x00,0x00,0x00,0x00,0x00,
    0x00,0x00,0x00,0x00,0x00,0x00,0x00,0x00,0x00,0x00,0x00,0x00,
    0x00,0x00,0x00,0x00,0x00,0x00,0x00,0x00,0x00,0x00,0x00,0x00,
    0x00,0x00,0x00,0x00,0x00,0x00,0x00,0x00,0x00,0x00,0x00,0x00,
    0x00,0x00,0x00,0x00,0x00,0x00,0x00,0x00,0x00,0x00,0x00,0x00,
    0x00,0x00,0x00,0x00,0x00,0x00,0x00,0x00,0x00,0x00,0x00,0x00,
    0x00,0x00,0x00,0x00,0x00,0x00,0x00,0x00,0x00,0x00,0x00,0x00,
    0x00,0x00,0x00,0x00,0x00,0x00,0x00,0x00,0x00,0x00,0x00,0x00,
    0x00,0x00,0x00,0x00,0x00,0x00,0x00,0x00,0x00,0x00,0x00,0x00,
    0x00,0x00,0x00,0x00,0x00,0x00,0x00,0x00,0x00,0x00,0x00,0x00,
    0x00,0x00,0x00,0x00,0x00,0x00,0x00,0x00,0x00,0x00,0x00,0x00,
    0x00,0x00,0x00,0x00,0x00,0x00,0x00,0x00,0x00,0x00,0x00,0x00,
    0x00,0x00,0x00,0x00,0x00,0x00,0x00,0x00,0x00,0x00,0x00,0x00,
    0x00,0x00,0x00,0x00,0x00,0x00,0x00,0x00,0x00,0x00,0x00,0x00,
    0x00,0x00,0x00,0x00,0x00,0x00,0x00,0x00,0x00,0x00,0x00,0x00,
    0x00,0x00,0x00,0x00,0x00,0x00,0x00,0x00,0x00,0x00,0x00,0x00,
    0x00,0x00,0x00,0x00,0x00,0x00,0x00,0x00,0x00,0x00,0x00,0x00,
    0x00,0x00,0x00,0x00,0x00,0x00,0x00,0x00,0x00,0x00,0x00,0x00,
    0x00,0x00,0x00,0x00,0x00,0x00,0x00,0x01,0x00,0x00,0x00,0x00,
    0x00,0x00,0x00,0x00,0x01,0x00,0x00,0x00,0x00,0x00,0x00,0x00,
    0x00,0x00,0x00,0x00,0x00,0x00,0x00,0x18,0x10,0x00,0x00,0x00,
    0x00,0x00,0x00,0x00,0x18,0x10,0x00,0x00,0x00,0x00,0x00,0x00,
    0x00,0x00,0x00,0x00,0x00,0x00,0x01,0x85,0x81,0x00,0x00,0x00,
    0x10,0x00,0x00,0x01,0x85,0x81,0x00,0x00,0x00,0x00,0x00,0x00,
    0x00,0x00,0x00,0x00,0x00,0x00,0x01,0x85,0x81,0x00,0x11,0x11,
    0x81,0x11,0x10,0x01,0x85,0x81,0x00,0x00,0x00,0x00,0x00,0x00,
    0x00,0x00,0x00,0x00,0x00,0x00,0x18,0x55,0x58,0x11,0x88,0x88,
    0x88,0x88,0x81,0x18,0x55,0x58,0x10,0x00,0x00,0x00,0x00,0x00,
    0x00,0x00,0x00,0x00,0x00,0x00,0x01,0x85,0x88,0x88,0x88,0x88,
    0x88,0x88,0x88,0x88,0x85,0x81,0x00,0x00,0x01,0x00,0x00,0x00,
    0x00,0x00,0x00,0x00,0x00,0x00,0x01,0x85,0x88,0x88,0x88,0x88,
    0x88,0x88,0x88,0x88,0x85,0x81,0x00,0x00,0x00,0x00,0x00,0x00,
    0x00,0x00,0x00,0x00,0x00,0x00,0x00,0x18,0x88,0x88,0x88,0x88,
    0x88,0x88,0x88,0x88,0x88,0x10,0x00,0x00,0x00,0x00,0x00,0x00,
    0x00,0x00,0x00,0x00,0x00,0x00,0x00,0x18,0x88,0x88,0x88,0x88,
    0x88,0x88,0x88,0x88,0x88,0x10,0x00,0x00,0x11,0x10,0x00,0x00,
    0x00,0x00,0x00,0x00,0x00,0x00,0x01,0x88,0x88,0x88,0x88,0x88,
    0x88,0x88,0x88,0x88,0x88,0x81,0x00,0x01,0x33,0x31,0x00,0x00,
    0x00,0x00,0x00,0x00,0x00,0x00,0x01,0x88,0x81,0x18,0x88,0x88,
    0x88,0x88,0x81,0x18,0x88,0x81,0x00,0x13,0x33,0x33,0x10,0x00,
    0x00,0x00,0x00,0x00,0x00,0x00,0x18,0x88,0x18,0x81,0x88,0x88,
    0x88,0x88,0x18,0x81,0x88,0x88,0x10,0x13,0x11,0x13,0x10,0x00,
    0x00,0x00,0x00,0x00,0x00,0x00,0x18,0x88,0x88,0x88,0x88,0x88,
    0x88,0x88,0x88,0x88,0x88,0x88,0x10,0x13,0x11,0x13,0x10,0x00,
    0x00,0x00,0x00,0x00,0x00,0x00,0x18,0x88,0x88,0x88,0x88,0x88,
    0x88,0x88,0x88,0x88,0x88,0x88,0x10,0x11,0x11,0x11,0x10,0x00,
    0x00,0x00,0x00,0x00,0x00,0x00,0x18,0x88,0x88,0x88,0x88,0x88,
    0x88,0x88,0x88,0x88,0x88,0x88,0x10,0x00,0x00,0x00,0x00,0x00,
    0x00,0x00,0x00,0x00,0x00,0x00,0x18,0x88,0x88,0x88,0x88,0x88,
    0x18,0x88,0x88,0x88,0x88,0x88,0x10,0x00,0x00,0x00,0x00,0x00,
    0x00,0x00,0x00,0x00,0x00,0x01,0x88,0x88,0x88,0x88,0x33,0x11,
    0x11,0x13,0x38,0x88,0x88,0x88,0x81,0x00,0x00,0x00,0x00,0x00,
    0x00,0x00,0x00,0x00,0x00,0x00,0x18,0x88,0x88,0x83,0x31,0x11,
    0x11,0x11,0x33,0x88,0x88,0x88,0x10,0x00,0x00,0x00,0x00,0x00,
    0x00,0x00,0x00,0x00,0x00,0x00,0x18,0x88,0x88,0x33,0x11,0x11,
    0x51,0x11,0x13,0x38,0x88,0x88,0x10,0x00,0x00,0x00,0x00,0x00,
    0x00,0x00,0x00,0x00,0x00,0x00,0x18,0x88,0x83,0x33,0x31,0x55,
    0x55,0x51,0x33,0x33,0x88,0x88,0x10,0x00,0x00,0x00,0x00,0x00,
    0x00,0x00,0x00,0x00,0x00,0x00,0x18,0x88,0x83,0x33,0x33,0x11,
    0x51,0x13,0x33,0x33,0x88,0x88,0x10,0x00,0x00,0x00,0x00,0x00,
    0x00,0x00,0x00,0x00,0x00,0x00,0x18,0x88,0x33,0x33,0x33,0x33,
    0x13,0x33,0x33,0x33,0x38,0x88,0x10,0x00,0x00,0x00,0x00,0x00,
    0x00,0x00,0x00,0x00,0x00,0x00,0x01,0x88,0x83,0x33,0x33,0x33,
    0x33,0x33,0x33,0x33,0x88,0x81,0x00,0x00,0x00,0x00,0x00,0x00,
    0x00,0x00,0x00,0x00,0x00,0x00,0x01,0x88,0x83,0x33,0x33,0x33,
    0x33,0x33,0x33,0x33,0x88,0x81,0x00,0x00,0x00,0x00,0x00,0x00,
    0x00,0x00,0x00,0x00,0x00,0x00,0x00,0x18,0x88,0x33,0x33,0x33,
    0x33,0x33,0x33,0x38,0x88,0x10,0x00,0x00,0x00,0x00,0x00,0x00,
    0x00,0x00,0x00,0x00,0x00,0x00,0x00,0x01,0x88,0x83,0x33,0x33,
    0x33,0x33,0x33,0x88,0x81,0x00,0x00,0x00,0x00,0x00,0x00,0x00,
    0x00,0x00,0x00,0x00,0x00,0x00,0x00,0x01,0x88,0x88,0x33,0x33,
    0x33,0x33,0x38,0x88,0x81,0x00,0x00,0x00,0x00,0x00,0x00,0x00,
    0x00,0x00,0x00,0x00,0x00,0x00,0x00,0x00,0x11,0x88,0x88,0x88,
    0x38,0x88,0x88,0x81,0x10,0x00,0x00,0x00,0x00,0x00,0x00,0x00,
    0x00,0x00,0x00,0x00,0x00,0x00,0x00,0x00,0x00,0x18,0x88,0x88,
    0x88,0x88,0x88,0x10,0x00,0x00,0x00,0x00,0x00,0x00,0x00,0x00,
    0x00,0x00,0x00,0x00,0x00,0x00,0x00,0x00,0x00,0x01,0x88,0x11,
    0x81,0x18,0x81,0x00,0x00,0x00,0x00,0x00,0x00,0x00,0x00,0x00,
    0x00,0x00,0x00,0x00,0x00,0x00,0x00,0x00,0x01,0x18,0x81,0x00,
    0x10,0x01,0x88,0x11,0x00,0x00,0x00,0x00,0x00,0x00,0x00,0x00,
    0x00,0x00,0x00,0x00,0x00,0x00,0x00,0x00,0x18,0x88,0x88,0x10,
    0x00,0x18,0x88,0x88,0x10,0x00,0x00,0x00,0x00,0x00,0x00,0x00,
    0x00,0x00,0x00,0x00,0x00,0x00,0x00,0x00,0x01,0x18,0x11,0x00,
    0x00,0x01,0x18,0x11,0x00,0x00,0x00,0x00,0x00,0x00,0x00,0x00,
    0x00,0x00,0x00,0x00,0x00,0x00,0x00,0x00,0x00,0x01,0x00,0x00,
    0x00,0x00,0x01,0x00,0x00,0x00,0x00,0x00,0x00,0x00,0x00,0x00,
    0x00,0x00,0x00,0x00,0x00,0x00,0x00,0x00,0x00,0x00,0x00,0x00,
    0x00,0x00,0x00,0x00,0x00,0x00,0x00,0x00,0x00,0x00,0x00,0x00,
    0x00,0x00,0x00,0x00,0x00,0x00,0x00,0x00,0x00,0x00,0x00,0x00,
    0x00,0x00,0x00,0x00,0x00,0x00,0x00,0x00,0x00,0x00,0x00,0x00,
    0x00,0x00,0x00,0x00,0x00,0x00,0x00,0x00,0x00,0x00,0x00,0x00,
    0x00,0x00,0x00,0x00,0x00,0x00,0x00,0x00,0x00,0x00,0x00,0x00,
    0x00,0x00,0x00,0x00,0x00,0x00,0x00,0x00,0x00,0x00,0x00,0x00,
    0x00,0x00,0x00,0x00,0x00,0x00,0x00,0x00,0x00,0x00,0x00,0x00}},
    {"zzz_ultimate_magic",
     {0x00,0x00,0x00,0x00,0x00,0x00,0x00,0x00,0x00,0x00,0x00,0x00,
    0x00,0x00,0x00,0x00,0x00,0x00,0x00,0x00,0x00,0x00,0x00,0x00,
    0x00,0x00,0x00,0x00,0x00,0x00,0x00,0x00,0x00,0x00,0x00,0x00,
    0x00,0x00,0x00,0x00,0x00,0x00,0x00,0x00,0x00,0x00,0x00,0x00,
    0x00,0x00,0x00,0x00,0x00,0x00,0x00,0x00,0x00,0x00,0x00,0x00,
    0x00,0x00,0x00,0x00,0x00,0x00,0x00,0x00,0x00,0x00,0x00,0x00,
    0x00,0x00,0x00,0x00,0x00,0x00,0x00,0x00,0x00,0x00,0x00,0x00,
    0x00,0x00,0x00,0x00,0x00,0x00,0x00,0x00,0x00,0x00,0x00,0x00,
    0x00,0x00,0x00,0x00,0x00,0x00,0x00,0x00,0x11,0x00,0x00,0x00,
    0x00,0x00,0x00,0x00,0x00,0x00,0x00,0x00,0x00,0x00,0x00,0x00,
    0x00,0x00,0x00,0x00,0x00,0x00,0x00,0x00,0x10,0x00,0x00,0x00,
    0x00,0x00,0x00,0x00,0x00,0x00,0x00,0x00,0x00,0x00,0x00,0x00,
    0x00,0x00,0x00,0x00,0x00,0x00,0x00,0x00,0x01,0x00,0x00,0x00,
    0x00,0x00,0x00,0x00,0x00,0x00,0x00,0x00,0x00,0x00,0x00,0x00,
    0x00,0x00,0x00,0x00,0x00,0x01,0x11,0x00,0x11,0x00,0x00,0x00,
    0x00,0x00,0x00,0x00,0x00,0x00,0x00,0x00,0x00,0x00,0x00,0x00,
    0x00,0x00,0x00,0x00,0x00,0x01,0x00,0x00,0x00,0x00,0x00,0x00,
    0x00,0x00,0x00,0x00,0x00,0x00,0x00,0x00,0x00,0x00,0x00,0x00,
    0x00,0x00,0x00,0x00,0x00,0x00,0x10,0x00,0x00,0x00,0x00,0x00,
    0x00,0x00,0x00,0x00,0x00,0x00,0x00,0x00,0x00,0x00,0x00,0x00,
    0x00,0x00,0x00,0x00,0x00,0x00,0x01,0x00,0x00,0x00,0x00,0x00,
    0x00,0x00,0x00,0x00,0x00,0x00,0x00,0x00,0x00,0x00,0x00,0x00,
    0x00,0x00,0x00,0x00,0x00,0x01,0x11,0x00,0x00,0x00,0x00,0x00,
    0x00,0x00,0x00,0x00,0x00,0x00,0x00,0x00,0x00,0x00,0x00,0x00,
    0x00,0x00,0x00,0x11,0x10,0x00,0x00,0x00,0x00,0x00,0x00,0x00,
    0x00,0x00,0x00,0x00,0x00,0x00,0x00,0x00,0x00,0x00,0x00,0x00,
    0x00,0x00,0x00,0x10,0x00,0x00,0x00,0x00,0x00,0x00,0x00,0x00,
    0x00,0x00,0x00,0x00,0x00,0x00,0x00,0x00,0x00,0x00,0x00,0x00,
    0x00,0x00,0x00,0x01,0x00,0x00,0x00,0x00,0x00,0x00,0x00,0x00,
    0x00,0x00,0x00,0x00,0x00,0x00,0x00,0x00,0x00,0x00,0x00,0x00,
    0x00,0x00,0x00,0x00,0x10,0x00,0x00,0x00,0x00,0x00,0x00,0x00,
    0x00,0x00,0x00,0x00,0x00,0x00,0x00,0x00,0x00,0x00,0x00,0x00,
    0x00,0x00,0x00,0x11,0x10,0x00,0x00,0x00,0x00,0x00,0x00,0x00,
    0x00,0x00,0x00,0x00,0x00,0x00,0x00,0x00,0x00,0x00,0x00,0x00,
    0x00,0x00,0x00,0x00,0x00,0x00,0x00,0x00,0x00,0x00,0x00,0x00,
    0x00,0x00,0x00,0x00,0x00,0x00,0x00,0x00,0x00,0x00,0x00,0x00,
    0x00,0x00,0x00,0x00,0x00,0x00,0x00,0x00,0x00,0x00,0x00,0x00,
    0x00,0x00,0x00,0x00,0x00,0x00,0x00,0x00,0x00,0x00,0x00,0x00,
    0x00,0x00,0x00,0x00,0x00,0x00,0x00,0x00,0x00,0x00,0x00,0x00,
    0x00,0x00,0x00,0x00,0x00,0x00,0x00,0x00,0x00,0x00,0x00,0x00,
    0x00,0x00,0x00,0x00,0x00,0x00,0x00,0x00,0x00,0x00,0x00,0x00,
    0x00,0x00,0x00,0x00,0x00,0x00,0x00,0x00,0x00,0x00,0x00,0x00,
    0x00,0x00,0x00,0x00,0x00,0x00,0x00,0x00,0x00,0x00,0x00,0x00,
    0x10,0x00,0x00,0x00,0x00,0x00,0x00,0x00,0x00,0x00,0x00,0x00,
    0x00,0x00,0x00,0x00,0x00,0x00,0x00,0x00,0x00,0x11,0x11,0x11,
    0x81,0x11,0x11,0x10,0x00,0x00,0x00,0x00,0x00,0x00,0x00,0x00,
    0x00,0x00,0x00,0x00,0x00,0x00,0x00,0x01,0x11,0x88,0x88,0x88,
    0x88,0x88,0x88,0x81,0x11,0x00,0x00,0x00,0x00,0x00,0x00,0x00,
    0x00,0x00,0x00,0x00,0x00,0x00,0x00,0x18,0x88,0x88,0x88,0x88,
    0x88,0x88,0x88,0x88,0x88,0x10,0x00,0x00,0x00,0x00,0x00,0x00,
    0x00,0x00,0x00,0x00,0x00,0x00,0x11,0x88,0x88,0x88,0x88,0x88,
    0x88,0x88,0x88,0x88,0x88,0x81,0x10,0x00,0x00,0x00,0x00,0x00,
    0x00,0x00,0x00,0x00,0x00,0x01,0x88,0x88,0x88,0x88,0x88,0x88,
    0x88,0x88,0x88,0x88,0x88,0x88,0x81,0x00,0x00,0x00,0x00,0x00,
    0x00,0x00,0x00,0x00,0x00,0x18,0x88,0x88,0x88,0x88,0x88,0x88,
    0x88,0x88,0x88,0x88,0x88,0x88,0x88,0x10,0x00,0x00,0x00,0x00,
    0x00,0x00,0x00,0x00,0x00,0x18,0x88,0x88,0x88,0x88,0x88,0x88,
    0x88,0x88,0x88,0x88,0x88,0x88,0x88,0x10,0x00,0x00,0x00,0x00,
    0x00,0x00,0x00,0x00,0x01,0x88,0x88,0x81,0x11,0x11,0x18,0x88,
    0x88,0x88,0x11,0x11,0x11,0x88,0x88,0x81,0x00,0x00,0x00,0x00,
    0x00,0x00,0x00,0x00,0x01,0x88,0x88,0x88,0x88,0x88,0x88,0x88,
    0x88,0x88,0x88,0x88,0x88,0x88,0x88,0x81,0x00,0x00,0x00,0x00,
    0x00,0x00,0x00,0x00,0x01,0x88,0x88,0x88,0x88,0x88,0x88,0x88,
    0x38,0x88,0x88,0x88,0x88,0x88,0x88,0x81,0x00,0x00,0x00,0x00,
    0x00,0x00,0x00,0x00,0x18,0x88,0x88,0x88,0x88,0x33,0x33,0x33,
    0x33,0x33,0x33,0x38,0x88,0x88,0x88,0x88,0x10,0x00,0x00,0x00,
    0x00,0x00,0x00,0x00,0x01,0x88,0x88,0x88,0x33,0x33,0x33,0x33,
    0x33,0x33,0x33,0x33,0x38,0x88,0x88,0x81,0x00,0x00,0x00,0x00,
    0x00,0x00,0x00,0x00,0x01,0x88,0x88,0x83,0x33,0x33,0x33,0x33,
    0x33,0x33,0x33,0x33,0x33,0x88,0x88,0x81,0x00,0x00,0x00,0x00,
    0x00,0x00,0x00,0x00,0x01,0x88,0x88,0x83,0x33,0x33,0x33,0x33,
    0x33,0x33,0x33,0x33,0x33,0x88,0x88,0x81,0x00,0x00,0x00,0x00,
    0x00,0x00,0x00,0x00,0x00,0x18,0x88,0x33,0x33,0x33,0x33,0x33,
    0x33,0x33,0x33,0x33,0x33,0x38,0x88,0x10,0x00,0x00,0x00,0x00,
    0x00,0x00,0x00,0x00,0x00,0x18,0x88,0x83,0x33,0x33,0x33,0x33,
    0x33,0x33,0x33,0x33,0x33,0x88,0x88,0x10,0x00,0x00,0x00,0x00,
    0x00,0x00,0x00,0x00,0x00,0x01,0x88,0x83,0x33,0x33,0x33,0x33,
    0x33,0x33,0x33,0x33,0x33,0x88,0x81,0x00,0x00,0x00,0x00,0x00,
    0x00,0x00,0x00,0x00,0x00,0x00,0x11,0x88,0x33,0x33,0x33,0x33,
    0x33,0x33,0x33,0x33,0x38,0x81,0x10,0x00,0x00,0x00,0x00,0x00,
    0x00,0x00,0x00,0x00,0x00,0x00,0x00,0x18,0x88,0x33,0x33,0x33,
    0x33,0x33,0x33,0x38,0x88,0x10,0x00,0x00,0x00,0x00,0x00,0x00,
    0x00,0x00,0x00,0x00,0x00,0x00,0x00,0x01,0x11,0x88,0x88,0x88,
    0x38,0x88,0x88,0x81,0x11,0x00,0x00,0x00,0x00,0x00,0x00,0x00,
    0x00,0x00,0x00,0x00,0x00,0x00,0x00,0x00,0x00,0x11,0x11,0x11,
    0x81,0x11,0x11,0x10,0x00,0x00,0x00,0x00,0x00,0x00,0x00,0x00,
    0x00,0x00,0x00,0x00,0x00,0x00,0x00,0x00,0x00,0x00,0x00,0x00,
    0x10,0x00,0x00,0x00,0x00,0x00,0x00,0x00,0x00,0x00,0x00,0x00,
    0x00,0x00,0x00,0x00,0x00,0x00,0x00,0x00,0x00,0x00,0x00,0x00,
    0x00,0x00,0x00,0x00,0x00,0x00,0x00,0x00,0x00,0x00,0x00,0x00,
    0x00,0x00,0x00,0x00,0x00,0x00,0x00,0x00,0x00,0x00,0x00,0x00,
    0x00,0x00,0x00,0x00,0x00,0x00,0x00,0x00,0x00,0x00,0x00,0x00,
    0x00,0x00,0x00,0x00,0x00,0x00,0x00,0x00,0x00,0x00,0x00,0x00,
    0x00,0x00,0x00,0x00,0x00,0x00,0x00,0x00,0x00,0x00,0x00,0x00,
    0x00,0x00,0x00,0x00,0x00,0x00,0x00,0x00,0x00,0x00,0x00,0x00,
    0x00,0x00,0x00,0x00,0x00,0x00,0x00,0x00,0x00,0x00,0x00,0x00}},
    {"scold_ultimate_magic",
     {0x00,0x00,0x00,0x00,0x00,0x00,0x00,0x00,0x00,0x00,0x00,0x00,
    0x00,0x00,0x00,0x00,0x00,0x00,0x00,0x00,0x00,0x00,0x00,0x00,
    0x00,0x00,0x00,0x00,0x00,0x00,0x00,0x00,0x00,0x00,0x00,0x00,
    0x00,0x00,0x00,0x00,0x00,0x00,0x00,0x00,0x00,0x00,0x00,0x00,
    0x00,0x00,0x00,0x00,0x00,0x00,0x00,0x00,0x00,0x00,0x00,0x00,
    0x00,0x00,0x00,0x00,0x00,0x00,0x00,0x00,0x00,0x00,0x00,0x00,
    0x00,0x00,0x00,0x00,0x00,0x00,0x00,0x00,0x00,0x00,0x00,0x00,
    0x00,0x00,0x00,0x00,0x00,0x00,0x00,0x00,0x00,0x00,0x00,0x00,
    0x00,0x00,0x00,0x00,0x00,0x00,0x00,0x00,0x00,0x00,0x00,0x00,
    0x00,0x00,0x00,0x00,0x00,0x00,0x00,0x00,0x00,0x00,0x00,0x00,
    0x00,0x00,0x00,0x00,0x00,0x00,0x00,0x00,0x00,0x00,0x00,0x00,
    0x00,0x00,0x00,0x00,0x00,0x00,0x00,0x00,0x00,0x00,0x00,0x00,
    0x00,0x00,0x00,0x00,0x00,0x00,0x00,0x00,0x00,0x00,0x00,0x00,
    0x00,0x00,0x00,0x00,0x00,0x00,0x00,0x00,0x00,0x00,0x00,0x00,
    0x00,0x00,0x00,0x00,0x00,0x00,0x00,0x00,0x00,0x00,0x00,0x00,
    0x00,0x00,0x00,0x00,0x00,0x00,0x00,0x00,0x00,0x00,0x00,0x00,
    0x00,0x00,0x00,0x00,0x00,0x50,0x00,0x00,0x00,0x00,0x00,0x00,
    0x00,0x00,0x00,0x00,0x00,0x00,0x00,0x00,0x00,0x00,0x00,0x00,
    0x00,0x00,0x00,0x00,0x00,0x05,0x00,0x00,0x00,0x00,0x00,0x00,
    0x00,0x00,0x00,0x00,0x00,0x00,0x00,0x00,0x00,0x00,0x00,0x00,
    0x00,0x00,0x00,0x00,0x05,0x00,0x00,0x01,0x00,0x00,0x00,0x00,
    0x00,0x00,0x00,0x00,0x01,0x00,0x00,0x00,0x00,0x00,0x00,0x00,
    0x00,0x00,0x00,0x00,0x00,0x00,0x50,0x18,0x10,0x00,0x00,0x00,
    0x00,0x00,0x00,0x00,0x18,0x10,0x00,0x00,0x00,0x00,0x00,0x00,
    0x00,0x00,0x00,0x00,0x00,0x50,0x01,0x85,0x81,0x00,0x00,0x00,
    0x10,0x00,0x00,0x01,0x85,0x81,0x00,0x00,0x00,0x00,0x00,0x00,
    0x00,0x00,0x00,0x00,0x00,0x00,0x01,0x85,0x81,0x00,0x11,0x11,
    0x81,0x11,0x10,0x01,0x85,0x81,0x00,0x00,0x00,0x00,0x00,0x00,
    0x00,0x00,0x00,0x00,0x00,0x00,0x18,0x55,0x58,0x11,0x88,0x88,
    0x88,0x88,0x81,0x18,0x55,0x58,0x10,0x00,0x00,0x00,0x00,0x00,
    0x00,0x00,0x00,0x00,0x00,0x00,0x01,0x85,0x88,0x88,0x88,0x88,
    0x88,0x88,0x88,0x88,0x85,0x81,0x00,0x00,0x00,0x00,0x00,0x00,
    0x00,0x00,0x00,0x00,0x00,0x00,0x01,0x85,0x88,0x88,0x88,0x88,
    0x88,0x88,0x88,0x88,0x85,0x81,0x00,0x00,0x00,0x00,0x00,0x00,
    0x00,0x00,0x00,0x00,0x00,0x00,0x00,0x18,0x88,0x88,0x88,0x88,
    0x88,0x88,0x88,0x88,0x88,0x10,0x00,0x00,0x00,0x00,0x00,0x00,
    0x00,0x00,0x00,0x00,0x00,0x00,0x00,0x18,0x88,0x88,0x88,0x88,
    0x88,0x88,0x88,0x88,0x88,0x10,0x00,0x00,0x00,0x00,0x00,0x00,
    0x00,0x00,0x00,0x00,0x00,0x00,0x01,0x88,0x88,0x88,0x88,0x88,
    0x88,0x88,0x88,0x88,0x88,0x81,0x00,0x00,0x00,0x00,0x00,0x00,
    0x00,0x00,0x00,0x00,0x00,0x00,0x01,0x88,0x88,0x88,0x88,0x88,
    0x88,0x88,0x88,0x88,0x88,0x81,0x00,0x00,0x00,0x00,0x00,0x00,
    0x00,0x00,0x00,0x00,0x00,0x00,0x18,0x88,0x88,0x88,0x88,0x88,
    0x88,0x88,0x88,0x88,0x88,0x88,0x10,0x00,0x00,0x00,0x00,0x00,
    0x00,0x00,0x00,0x00,0x00,0x00,0x18,0x88,0x88,0x18,0x88,0x88,
    0x88,0x88,0x88,0x18,0x88,0x88,0x10,0x00,0x00,0x00,0x00,0x00,
    0x00,0x00,0x00,0x00,0x00,0x00,0x18,0x88,0x81,0x11,0x88,0x88,
    0x88,0x88,0x81,0x11,0x88,0x88,0x10,0x00,0x00,0x00,0x00,0x00,
    0x00,0x00,0x00,0x00,0x00,0x00,0x18,0x88,0x81,0x21,0x88,0x88,
    0x88,0x88,0x81,0x21,0x88,0x88,0x10,0x00,0x00,0x00,0x00,0x00,
    0x00,0x00,0x00,0x00,0x00,0x00,0x18,0x88,0x11,0x11,0x18,0x88,
    0x38,0x88,0x11,0x11,0x18,0x88,0x10,0x00,0x00,0x00,0x00,0x00,
    0x00,0x00,0x00,0x00,0x00,0x01,0x88,0x88,0x81,0x11,0x33,0x33,
    0x33,0x33,0x31,0x11,0x88,0x88,0x81,0x00,0x00,0x00,0x00,0x00,
    0x00,0x00,0x00,0x00,0x00,0x00,0x18,0x88,0x81,0x11,0x33,0x33,
    0x33,0x33,0x31,0x11,0x88,0x88,0x10,0x00,0x00,0x00,0x00,0x00,
    0x00,0x00,0x00,0x00,0x00,0x00,0x18,0x88,0x88,0x13,0x33,0x33,
    0x33,0x33,0x33,0x18,0x88,0x88,0x10,0x00,0x00,0x00,0x00,0x00,
    0x00,0x00,0x00,0x00,0x00,0x00,0x18,0x88,0x83,0x63,0x33,0x33,
    0x33,0x33,0x33,0x63,0x88,0x88,0x10,0x00,0x00,0x00,0x00,0x00,
    0x00,0x00,0x00,0x00,0x00,0x00,0x18,0x88,0x83,0x63,0x33,0x33,
    0x33,0x33,0x33,0x63,0x88,0x88,0x10,0x00,0x00,0x00,0x00,0x00,
    0x00,0x00,0x00,0x00,0x00,0x00,0x18,0x88,0x33,0x33,0x33,0x31,
    0x31,0x33,0x33,0x33,0x38,0x88,0x10,0x00,0x00,0x00,0x00,0x00,
    0x00,0x00,0x00,0x00,0x00,0x00,0x01,0x88,0x83,0x33,0x33,0x13,
    0x13,0x13,0x33,0x33,0x88,0x81,0x00,0x00,0x00,0x00,0x00,0x00,
    0x00,0x00,0x00,0x00,0x00,0x00,0x01,0x88,0x83,0x33,0x33,0x33,
    0x33,0x33,0x33,0x33,0x88,0x81,0x00,0x00,0x00,0x00,0x00,0x00,
    0x00,0x00,0x00,0x00,0x00,0x00,0x00,0x18,0x88,0x33,0x33,0x33,
    0x33,0x33,0x33,0x38,0x88,0x10,0x00,0x00,0x00,0x00,0x00,0x00,
    0x00,0x00,0x00,0x00,0x00,0x00,0x00,0x01,0x88,0x83,0x33,0x33,
    0x33,0x33,0x33,0x88,0x81,0x00,0x00,0x00,0x00,0x00,0x00,0x00,
    0x00,0x00,0x00,0x00,0x00,0x00,0x00,0x01,0x88,0x88,0x33,0x33,
    0x33,0x33,0x38,0x88,0x81,0x00,0x00,0x00,0x00,0x00,0x00,0x00,
    0x00,0x00,0x00,0x00,0x00,0x00,0x00,0x00,0x11,0x88,0x88,0x88,
    0x38,0x88,0x88,0x81,0x10,0x00,0x00,0x00,0x00,0x00,0x00,0x00,
    0x00,0x00,0x00,0x00,0x00,0x00,0x00,0x00,0x00,0x18,0x88,0x88,
    0x88,0x88,0x88,0x10,0x00,0x00,0x00,0x00,0x00,0x00,0x00,0x00,
    0x00,0x00,0x00,0x00,0x00,0x00,0x00,0x00,0x00,0x01,0x88,0x11,
    0x81,0x18,0x81,0x00,0x00,0x00,0x00,0x00,0x00,0x00,0x00,0x00,
    0x00,0x00,0x00,0x00,0x00,0x00,0x00,0x00,0x01,0x18,0x81,0x00,
    0x10,0x01,0x88,0x11,0x00,0x00,0x00,0x00,0x00,0x00,0x00,0x00,
    0x00,0x00,0x00,0x00,0x00,0x00,0x00,0x00,0x18,0x88,0x88,0x10,
    0x00,0x18,0x88,0x88,0x10,0x00,0x00,0x00,0x00,0x00,0x00,0x00,
    0x00,0x00,0x00,0x00,0x00,0x00,0x00,0x00,0x01,0x18,0x11,0x00,
    0x00,0x01,0x18,0x11,0x00,0x00,0x00,0x00,0x00,0x00,0x00,0x00,
    0x00,0x00,0x00,0x00,0x00,0x00,0x00,0x00,0x00,0x01,0x00,0x00,
    0x00,0x00,0x01,0x00,0x00,0x00,0x00,0x00,0x00,0x00,0x00,0x00,
    0x00,0x00,0x00,0x00,0x00,0x00,0x00,0x00,0x00,0x00,0x00,0x00,
    0x00,0x00,0x00,0x00,0x00,0x00,0x00,0x00,0x00,0x00,0x00,0x00,
    0x00,0x00,0x00,0x00,0x00,0x00,0x00,0x00,0x00,0x00,0x00,0x00,
    0x00,0x00,0x00,0x00,0x00,0x00,0x00,0x00,0x00,0x00,0x00,0x00,
    0x00,0x00,0x00,0x00,0x00,0x00,0x00,0x00,0x00,0x00,0x00,0x00,
    0x00,0x00,0x00,0x00,0x00,0x00,0x00,0x00,0x00,0x00,0x00,0x00,
    0x00,0x00,0x00,0x00,0x00,0x00,0x00,0x00,0x00,0x00,0x00,0x00,
    0x00,0x00,0x00,0x00,0x00,0x00,0x00,0x00,0x00,0x00,0x00,0x00}},
    {"sick_ultimate_magic",
     {0x00,0x00,0x00,0x00,0x00,0x00,0x00,0x00,0x00,0x00,0x00,0x00,
    0x00,0x00,0x00,0x00,0x00,0x00,0x00,0x00,0x00,0x00,0x00,0x00,
    0x00,0x00,0x00,0x00,0x00,0x00,0x00,0x00,0x00,0x00,0x00,0x00,
    0x00,0x00,0x00,0x00,0x00,0x00,0x00,0x00,0x00,0x00,0x00,0x00,
    0x00,0x00,0x00,0x00,0x00,0x00,0x00,0x00,0x00,0x00,0x00,0x00,
    0x00,0x00,0x00,0x00,0x00,0x00,0x00,0x00,0x00,0x00,0x00,0x00,
    0x00,0x00,0x00,0x00,0x00,0x00,0x00,0x00,0x00,0x00,0x00,0x00,
    0x00,0x00,0x00,0x00,0x00,0x00,0x00,0x00,0x00,0x00,0x00,0x00,
    0x00,0x00,0x00,0x00,0x00,0x00,0x00,0x00,0x00,0x00,0x00,0x00,
    0x00,0x00,0x00,0x00,0x00,0x00,0x00,0x00,0x00,0x00,0x00,0x00,
    0x00,0x00,0x00,0x00,0x00,0x00,0x00,0x00,0x00,0x00,0x00,0x00,
    0x00,0x00,0x00,0x00,0x00,0x00,0x00,0x00,0x00,0x00,0x00,0x00,
    0x00,0x00,0x00,0x00,0x00,0x00,0x00,0x00,0x00,0x00,0x00,0x00,
    0x00,0x00,0x00,0x00,0x00,0x00,0x00,0x00,0x00,0x00,0x00,0x00,
    0x00,0x00,0x00,0x00,0x00,0x00,0x00,0x00,0x00,0x00,0x00,0x00,
    0x00,0x00,0x00,0x00,0x00,0x00,0x00,0x00,0x00,0x00,0x00,0x00,
    0x00,0x00,0x00,0x00,0x00,0x00,0x00,0x00,0x00,0x00,0x00,0x00,
    0x00,0x00,0x00,0x00,0x00,0x00,0x00,0x00,0x00,0x00,0x00,0x00,
    0x00,0x00,0x00,0x00,0x00,0x00,0x00,0x00,0x00,0x00,0x00,0x00,
    0x00,0x00,0x00,0x00,0x00,0x00,0x00,0x00,0x00,0x00,0x00,0x00,
    0x00,0x00,0x00,0x00,0x00,0x00,0x00,0x01,0x00,0x00,0x00,0x00,
    0x00,0x00,0x00,0x00,0x01,0x00,0x00,0x00,0x00,0x00,0x00,0x00,
    0x00,0x00,0x00,0x00,0x00,0x00,0x00,0x18,0x10,0x00,0x00,0x00,
    0x00,0x00,0x00,0x00,0x18,0x10,0x00,0x00,0x00,0x00,0x00,0x00,
    0x00,0x00,0x00,0x00,0x00,0x00,0x01,0x85,0x81,0x00,0x00,0x00,
    0x10,0x00,0x00,0x01,0x85,0x81,0x00,0x00,0x00,0x00,0x00,0x00,
    0x00,0x00,0x00,0x00,0x00,0x00,0x01,0x85,0x81,0x00,0x11,0x11,
    0x81,0x11,0x10,0x01,0x85,0x81,0x00,0x00,0x00,0x00,0x00,0x00,
    0x00,0x00,0x00,0x00,0x00,0x00,0x18,0x55,0x58,0x11,0x88,0x88,
    0x88,0x88,0x81,0x18,0x55,0x58,0x10,0x00,0x00,0x00,0x00,0x00,
    0x00,0x00,0x00,0x00,0x00,0x00,0x01,0x85,0x88,0x88,0x88,0x88,
    0x88,0x88,0x88,0x88,0x85,0x81,0x00,0x00,0x00,0x00,0x00,0x00,
    0x00,0x00,0x00,0x00,0x00,0x00,0x01,0x85,0x88,0x88,0x88,0x88,
    0x88,0x88,0x88,0x88,0x85,0x86,0x00,0x00,0x00,0x00,0x00,0x00,
    0x00,0x00,0x00,0x00,0x00,0x00,0x00,0x18,0x88,0x88,0x88,0x88,
    0x88,0x88,0x88,0x88,0x88,0x10,0x60,0x00,0x00,0x00,0x00,0x00,
    0x00,0x00,0x00,0x00,0x00,0x00,0x00,0x18,0x88,0x88,0x88,0x88,
    0x88,0x88,0x88,0x88,0x88,0x16,0x00,0x00,0x00,0x00,0x00,0x00,
    0x00,0x00,0x00,0x00,0x00,0x00,0x01,0x88,0x18,0x88,0x88,0x88,
    0x88,0x88,0x18,0x88,0x88,0x81,0x00,0x00,0x00,0x00,0x00,0x00,
    0x00,0x00,0x00,0x00,0x00,0x00,0x01,0x88,0x81,0x88,0x88,0x88,
    0x88,0x88,0x81,0x88,0x88,0x81,0x00,0x00,0x00,0x00,0x00,0x00,
    0x00,0x00,0x00,0x00,0x00,0x00,0x18,0x88,0x88,0x18,0x18,0x88,
    0x88,0x88,0x88,0x18,0x18,0x88,0x10,0x00,0x00,0x00,0x00,0x00,
    0x00,0x00,0x00,0x00,0x00,0x00,0x18,0x88,0x88,0x81,0x88,0x88,
    0x88,0x88,0x88,0x81,0x88,0x88,0x10,0x00,0x00,0x00,0x00,0x00,
    0x00,0x00,0x00,0x00,0x00,0x00,0x18,0x88,0x88,0x18,0x18,0x88,
    0x88,0x88,0x88,0x18,0x18,0x88,0x10,0x00,0x00,0x00,0x00,0x00,
    0x00,0x00,0x00,0x00,0x00,0x00,0x18,0x88,0x81,0x88,0x88,0x88,
    0x88,0x88,0x81,0x88,0x88,0x88,0x10,0x00,0x00,0x00,0x00,0x00,
    0x00,0x00,0x00,0x00,0x00,0x00,0x18,0x88,0x18,0x88,0x88,0x88,
    0x38,0x88,0x18,0x88,0x88,0x88,0x10,0x00,0x00,0x00,0x00,0x00,
    0x00,0x00,0x00,0x00,0x22,0x01,0x88,0x88,0x88,0x88,0x33,0x33,
    0x33,0x33,0x38,0x88,0x88,0x88,0x81,0x00,0x00,0x00,0x00,0x00,
    0x00,0x00,0x00,0x00,0x22,0x00,0x18,0x88,0x88,0x83,0x33,0x33,
    0x33,0x33,0x33,0x88,0x88,0x88,0x10,0x00,0x00,0x00,0x00,0x00,
    0x00,0x00,0x00,0x00,0x22,0x00,0x18,0x88,0x88,0x33,0x33,0x33,
    0x33,0x33,0x33,0x38,0x88,0x88,0x10,0x00,0x00,0x00,0x00,0x00,
    0x00,0x00,0x00,0x00,0x22,0x00,0x18,0x88,0x83,0x33,0x33,0x13,
    0x13,0x13,0x33,0x33,0x88,0x88,0x10,0x00,0x00,0x00,0x00,0x00,
    0x00,0x00,0x00,0x00,0x22,0x00,0x18,0x88,0x83,0x33,0x33,0x31,
    0x31,0x33,0x33,0x33,0x88,0x88,0x10,0x00,0x00,0x00,0x00,0x00,
    0x00,0x00,0x00,0x00,0x22,0x00,0x18,0x88,0x33,0x33,0x33,0x33,
    0x33,0x33,0x33,0x33,0x38,0x88,0x10,0x00,0x00,0x00,0x00,0x00,
    0x00,0x00,0x00,0x00,0x22,0x00,0x01,0x88,0x83,0x33,0x33,0x33,
    0x33,0x33,0x33,0x33,0x88,0x81,0x00,0x00,0x00,0x00,0x00,0x00,
    0x00,0x00,0x00,0x00,0x22,0x00,0x01,0x88,0x83,0x33,0x33,0x33,
    0x33,0x33,0x33,0x33,0x88,0x81,0x00,0x00,0x00,0x00,0x00,0x00,
    0x00,0x00,0x00,0x00,0x22,0x00,0x00,0x18,0x88,0x33,0x33,0x33,
    0x33,0x33,0x33,0x38,0x88,0x10,0x00,0x00,0x00,0x00,0x00,0x00,
    0x00,0x00,0x00,0x00,0x22,0x00,0x00,0x01,0x88,0x83,0x33,0x33,
    0x33,0x33,0x33,0x88,0x81,0x00,0x00,0x00,0x00,0x00,0x00,0x00,
    0x00,0x00,0x00,0x00,0x22,0x00,0x00,0x01,0x88,0x88,0x33,0x33,
    0x33,0x33,0x38,0x88,0x81,0x00,0x00,0x00,0x00,0x00,0x00,0x00,
    0x00,0x00,0x00,0x00,0x22,0x00,0x00,0x00,0x11,0x88,0x88,0x88,
    0x38,0x88,0x88,0x81,0x10,0x00,0x00,0x00,0x00,0x00,0x00,0x00,
    0x00,0x00,0x00,0x00,0x52,0x00,0x00,0x00,0x00,0x18,0x88,0x88,
    0x88,0x88,0x88,0x10,0x00,0x00,0x00,0x00,0x00,0x00,0x00,0x00,
    0x00,0x00,0x00,0x05,0x55,0x00,0x00,0x00,0x00,0x01,0x88,0x11,
    0x81,0x18,0x81,0x00,0x00,0x00,0x00,0x00,0x00,0x00,0x00,0x00,
    0x00,0x00,0x00,0x55,0x55,0x50,0x00,0x00,0x01,0x18,0x81,0x00,
    0x10,0x01,0x88,0x11,0x00,0x00,0x00,0x00,0x00,0x00,0x00,0x00,
    0x00,0x00,0x00,0x05,0x55,0x00,0x00,0x00,0x18,0x88,0x88,0x10,
    0x00,0x18,0x88,0x88,0x10,0x00,0x00,0x00,0x00,0x00,0x00,0x00,
    0x00,0x00,0x00,0x00,0x50,0x00,0x00,0x00,0x01,0x18,0x11,0x00,
    0x00,0x01,0x18,0x11,0x00,0x00,0x00,0x00,0x00,0x00,0x00,0x00,
    0x00,0x00,0x00,0x00,0x00,0x00,0x00,0x00,0x00,0x01,0x00,0x00,
    0x00,0x00,0x01,0x00,0x00,0x00,0x00,0x00,0x00,0x00,0x00,0x00,
    0x00,0x00,0x00,0x00,0x00,0x00,0x00,0x00,0x00,0x00,0x00,0x00,
    0x00,0x00,0x00,0x00,0x00,0x00,0x00,0x00,0x00,0x00,0x00,0x00,
    0x00,0x00,0x00,0x00,0x00,0x00,0x00,0x00,0x00,0x00,0x00,0x00,
    0x00,0x00,0x00,0x00,0x00,0x00,0x00,0x00,0x00,0x00,0x00,0x00,
    0x00,0x00,0x00,0x00,0x00,0x00,0x00,0x00,0x00,0x00,0x00,0x00,
    0x00,0x00,0x00,0x00,0x00,0x00,0x00,0x00,0x00,0x00,0x00,0x00,
    0x00,0x00,0x00,0x00,0x00,0x00,0x00,0x00,0x00,0x00,0x00,0x00,
    0x00,0x00,0x00,0x00,0x00,0x00,0x00,0x00,0x00,0x00,0x00,0x00}},
    {"happy_ultimate_speed",
     {0x00,0x00,0x00,0x00,0x00,0x00,0x00,0x00,0x00,0x00,0x00,0x00,
    0x00,0x00,0x00,0x00,0x00,0x00,0x00,0x00,0x00,0x00,0x00,0x00,
    0x00,0x00,0x00,0x00,0x00,0x00,0x00,0x00,0x00,0x00,0x00,0x00,
    0x00,0x00,0x00,0x00,0x00,0x00,0x00,0x00,0x00,0x00,0x00,0x00,
    0x00,0x00,0x00,0x00,0x00,0x00,0x00,0x00,0x00,0x00,0x00,0x00,
    0x00,0x00,0x00,0x00,0x00,0x00,0x00,0x00,0x00,0x00,0x00,0x00,
    0x00,0x00,0x00,0x00,0x00,0x00,0x00,0x00,0x00,0x00,0x00,0x00,
    0x00,0x00,0x00,0x00,0x00,0x00,0x00,0x00,0x00,0x00,0x10,0x00,
    0x00,0x00,0x00,0x00,0x00,0x00,0x00,0x00,0x00,0x00,0x00,0x00,
    0x00,0x00,0x00,0x00,0x00,0x00,0x00,0x00,0x00,0x01,0x00,0x00,
    0x00,0x00,0x00,0x00,0x00,0x00,0x00,0x00,0x00,0x00,0x00,0x00,
    0x00,0x00,0x00,0x00,0x00,0x00,0x00,0x00,0x00,0x01,0x00,0x00,
    0x00,0x00,0x00,0x00,0x00,0x00,0x00,0x01,0x00,0x00,0x00,0x00,
    0x00,0x00,0x00,0x00,0x01,0x00,0x00,0x00,0x00,0x11,0x00,0x00,
    0x00,0x00,0x00,0x00,0x00,0x00,0x00,0x1D,0x10,0x00,0x00,0x00,
    0x00,0x00,0x00,0x00,0x1D,0x10,0x00,0x00,0x11,0x00,0x00,0x00,
    0x00,0x00,0x00,0x00,0x10,0x00,0x01,0xDD,0xD1,0x00,0x00,0x00,
    0x10,0x00,0x00,0x01,0xDD,0xD1,0x00,0x00,0x10,0x00,0x00,0x00,
    0x00,0x00,0x00,0x01,0xD1,0x00,0x01,0xDD,0xD1,0x00,0x11,0x11,
    0xD1,0x11,0x10,0x01,0xDD,0xD1,0x00,0x01,0xD1,0x00,0x00,0x00,
    0x00,0x00,0x00,0x1D,0xDD,0x10,0x1D,0xDD,0xDD,0x11,0xDD,0xDD,
    0xDD,0xDD,0xD1,0x1D,0xDD,0xDD,0x10,0x1D,0xDD,0x10,0x00,0x00,
    0x00,0x00,0x00,0x1D,0xDD,0x10,0x01,0xDD,0xDD,0xDD,0xDD,0xDD,
    0xDD,0xDD,0xDD,0xDD,0xDD,0xD1,0x00,0x1D,0xDD,0x10,0x00,0x00,
    0x00,0x00,0x01,0xDD,0xDD,0xD1,0x01,0xDD,0xDD,0xDD,0xDD,0xDD,
    0xDD,0xDD,0xDD,0xDD,0xDD,0xD1,0x01,0xDD,0xDD,0xD1,0x00,0x00,
    0x00,0x00,0x00,0x1D,0xDD,0x10,0x00,0x1D,0xDD,0xDD,0xDD,0xDD,
    0xDD,0xDD,0xDD,0xDD,0xDD,0x10,0x00,0x1D,0xDD,0x10,0x00,0x00,
    0x00,0x00,0x00,0x1D,0xDD,0x10,0x00,0x1D,0xDD,0xDD,0xDD,0xDD,
    0xDD,0xDD,0xDD,0xDD,0xDD,0x10,0x00,0x1D,0xDD,0x10,0x00,0x00,
    0x00,0x00,0x00,0x01,0xD1,0x00,0x01,0xDD,0xDD,0xDD,0xDD,0xDD,
    0xDD,0xDD,0xDD,0xDD,0xDD,0xD1,0x00,0x01,0xD1,0x00,0x00,0x00,
    0x00,0x00,0x00,0x00,0x10,0x00,0x01,0xDD,0xDD,0xDD,0xDD,0xDD,
    0xDD,0xDD,0xDD,0xDD,0xDD,0xD1,0x00,0x00,0x10,0x00,0x00,0x00,
    0x00,0x00,0x00,0x00,0x00,0x00,0x1D,0xDD,0xDD,0xDD,0xDD,0xDD,
    0xDD,0xDD,0xDD,0xDD,0xDD,0xDD,0x10,0x00,0x00,0x00,0x00,0x00,
    0x00,0x00,0x00,0x00,0x00,0x00,0x1D,0xDD,0xD1,0x1D,0xDD,0xDD,
    0xDD,0xDD,0xD1,0x1D,0xDD,0xDD,0x10,0x00,0x00,0x00,0x00,0x00,
    0x00,0x00,0x00,0x00,0x00,0x00,0x1D,0xDD,0x1D,0xD1,0xDD,0xDD,
    0xDD,0xDD,0x1D,0xD1,0xDD,0xDD,0x10,0x00,0x00,0x00,0x00,0x00,
    0x00,0x00,0x00,0x00,0x00,0x00,0x1D,0xDD,0xDD,0xDD,0xDD,0xDD,
    0xDD,0xDD,0xDD,0xDD,0xDD,0xDD,0x10,0x00,0x00,0x00,0x00,0x00,
    0x00,0x00,0x00,0x00,0x00,0x00,0x1D,0xDD,0xDD,0xDD,0xDD,0xDD,
    0x3D,0xDD,0xDD,0xDD,0xDD,0xDD,0x10,0x00,0x00,0x00,0x00,0x00,
    0x00,0x00,0x00,0x00,0x00,0x01,0xDD,0x5D,0xDD,0xDD,0x33,0x33,
    0x13,0x33,0x3D,0xDD,0xDD,0x5D,0xD1,0x00,0x00,0x00,0x00,0x00,
    0x00,0x00,0x00,0x00,0x00,0x00,0x15,0x55,0x5D,0xD3,0x33,0x11,
    0x11,0x13,0x33,0xDD,0x55,0x55,0x10,0x00,0x00,0x00,0x00,0x00,
    0x00,0x00,0x00,0x00,0x00,0x01,0x55,0x55,0x55,0x33,0x31,0x11,
    0x11,0x11,0x33,0x35,0x55,0x55,0x51,0x00,0x00,0x00,0x00,0x00,
    0x00,0x00,0x00,0x00,0x00,0x00,0x15,0x55,0x53,0x33,0x33,0x11,
    0x11,0x13,0x33,0x33,0x55,0x55,0x10,0x00,0x00,0x00,0x00,0x00,
    0x00,0x00,0x00,0x00,0x00,0x00,0x1D,0x5D,0xD3,0x33,0x33,0x33,
    0x13,0x33,0x33,0x33,0xDD,0x5D,0x10,0x00,0x00,0x00,0x00,0x00,
    0x00,0x00,0x00,0x00,0x00,0x00,0x1D,0xDD,0x33,0x33,0x33,0x33,
    0x33,0x33,0x33,0x33,0x3D,0xDD,0x10,0x00,0x00,0x00,0x00,0x00,
    0x00,0x00,0x00,0x00,0x00,0x00,0x01,0xDD,0xD3,0x33,0x33,0x33,
    0x33,0x33,0x33,0x33,0xDD,0xD1,0x00,0x00,0x00,0x00,0x00,0x00,
    0x00,0x00,0x00,0x00,0x00,0x00,0x01,0xDD,0xD3,0x33,0x33,0x33,
    0x33,0x33,0x33,0x33,0xDD,0xD1,0x00,0x00,0x00,0x00,0x00,0x00,
    0x00,0x00,0x00,0x00,0x00,0x00,0x00,0x1D,0xDD,0x33,0x33,0x33,
    0x33,0x33,0x33,0x3D,0xDD,0x10,0x00,0x00,0x00,0x00,0x00,0x00,
    0x00,0x00,0x00,0x00,0x00,0x00,0x00,0x01,0xDD,0xD3,0x33,0x33,
    0x33,0x33,0x33,0xDD,0xD1,0x00,0x00,0x00,0x00,0x00,0x00,0x00,
    0x00,0x00,0x00,0x00,0x00,0x00,0x00,0x01,0xDD,0xDD,0x33,0x33,
    0x33,0x33,0x3D,0xDD,0xD1,0x00,0x00,0x00,0x00,0x00,0x00,0x00,
    0x00,0x00,0x00,0x00,0x00,0x00,0x00,0x00,0x11,0xDD,0xDD,0xDD,
    0x3D,0xDD,0xDD,0xD1,0x10,0x00,0x00,0x00,0x00,0x00,0x00,0x00,
    0x00,0x00,0x00,0x00,0x00,0x00,0x00,0x00,0x00,0x11,0xDD,0xDD,
    0xDD,0xDD,0xD1,0x10,0x00,0x00,0x00,0x00,0x00,0x00,0x00,0x00,
    0x00,0x00,0x00,0x00,0x00,0x00,0x00,0x00,0x00,0x00,0x11,0x11,
    0xD1,0x11,0x10,0x00,0x00,0x00,0x00,0x00,0x00,0x00,0x00,0x00,
    0x00,0x00,0x00,0x00,0x00,0x00,0x00,0x00,0x00,0x00,0x00,0x00,
    0x10,0x00,0x00,0x00,0x00,0x00,0x00,0x00,0x00,0x00,0x00,0x00,
    0x00,0x00,0x00,0x00,0x00,0x00,0x00,0x00,0x00,0x01,0x00,0x00,
    0x00,0x00,0x01,0x00,0x00,0x00,0x00,0x00,0x00,0x00,0x00,0x00,
    0x00,0x00,0x00,0x00,0x00,0x00,0x00,0x00,0x01,0x1D,0x11,0x00,
    0x00,0x01,0x1D,0x11,0x00,0x00,0x00,0x00,0x00,0x00,0x00,0x00,
    0x00,0x00,0x00,0x00,0x00,0x00,0x00,0x00,0x1D,0xDD,0xDD,0x10,
    0x00,0x1D,0xDD,0xDD,0x10,0x00,0x00,0x00,0x00,0x00,0x00,0x00,
    0x00,0x00,0x00,0x00,0x00,0x00,0x00,0x00,0x01,0x1D,0x11,0x00,
    0x00,0x01,0x1D,0x11,0x00,0x00,0x00,0x00,0x00,0x00,0x00,0x00,
    0x00,0x00,0x00,0x00,0x00,0x00,0x00,0x00,0x00,0x01,0x00,0x00,
    0x00,0x00,0x01,0x00,0x00,0x00,0x00,0x00,0x00,0x00,0x00,0x00,
    0x00,0x00,0x00,0x00,0x00,0x00,0x00,0x00,0x00,0x00,0x00,0x00,
    0x00,0x00,0x00,0x00,0x00,0x00,0x00,0x00,0x00,0x00,0x00,0x00,
    0x00,0x00,0x00,0x00,0x00,0x00,0x00,0x00,0x00,0x00,0x00,0x00,
    0x00,0x00,0x00,0x00,0x00,0x00,0x00,0x00,0x00,0x00,0x00,0x00,
    0x00,0x00,0x00,0x00,0x00,0x00,0x00,0x00,0x00,0x00,0x00,0x00,
    0x00,0x00,0x00,0x00,0x00,0x00,0x00,0x00,0x00,0x00,0x00,0x00,
    0x00,0x00,0x00,0x00,0x00,0x00,0x00,0x00,0x00,0x00,0x00,0x00,
    0x00,0x00,0x00,0x00,0x00,0x00,0x00,0x00,0x00,0x00,0x00,0x00,
    0x00,0x00,0x00,0x00,0x00,0x00,0x00,0x00,0x00,0x00,0x00,0x00,
    0x00,0x00,0x00,0x00,0x00,0x00,0x00,0x00,0x00,0x00,0x00,0x00,
    0x00,0x00,0x00,0x00,0x00,0x00,0x00,0x00,0x00,0x00,0x00,0x00,
    0x00,0x00,0x00,0x00,0x00,0x00,0x00,0x00,0x00,0x00,0x00,0x00}},
    {"eat_ultimate_speed",
     {0x00,0x00,0x00,0x00,0x00,0x00,0x00,0x00,0x00,0x00,0x00,0x00,
    0x00,0x00,0x00,0x00,0x00,0x00,0x00,0x00,0x00,0x00,0x00,0x00,
    0x00,0x00,0x00,0x00,0x00,0x00,0x00,0x00,0x00,0x00,0x00,0x00,
    0x00,0x00,0x00,0x00,0x00,0x00,0x00,0x00,0x00,0x00,0x00,0x00,
    0x00,0x00,0x00,0x00,0x00,0x00,0x00,0x00,0x00,0x00,0x00,0x00,
    0x00,0x00,0x00,0x00,0x00,0x00,0x00,0x00,0x00,0x00,0x00,0x00,
    0x00,0x00,0x00,0x00,0x00,0x00,0x00,0x00,0x00,0x00,0x00,0x00,
    0x00,0x00,0x00,0x00,0x00,0x00,0x00,0x00,0x00,0x00,0x00,0x00,
    0x00,0x00,0x00,0x00,0x00,0x00,0x00,0x00,0x00,0x00,0x00,0x00,
    0x00,0x00,0x00,0x00,0x00,0x00,0x00,0x00,0x00,0x00,0x00,0x00,
    0x00,0x00,0x00,0x00,0x00,0x00,0x00,0x00,0x00,0x00,0x00,0x00,
    0x00,0x00,0x00,0x00,0x00,0x00,0x00,0x00,0x00,0x00,0x00,0x00,
    0x00,0x00,0x00,0x00,0x00,0x00,0x00,0x00,0x00,0x00,0x00,0x00,
    0x00,0x00,0x00,0x00,0x00,0x00,0x00,0x00,0x00,0x00,0x00,0x00,
    0x00,0x00,0x00,0x00,0x00,0x00,0x00,0x00,0x00,0x00,0x00,0x00,
    0x00,0x00,0x00,0x00,0x00,0x00,0x00,0x00,0x00,0x00,0x00,0x00,
    0x00,0x00,0x00,0x00,0x00,0x00,0x00,0x00,0x00,0x00,0x00,0x00,
    0x00,0x00,0x00,0x00,0x00,0x00,0x00,0x00,0x00,0x00,0x00,0x00,
    0x00,0x00,0x00,0x00,0x00,0x00,0x00,0x00,0x00,0x00,0x00,0x00,
    0x00,0x00,0x00,0x00,0x00,0x00,0x00,0x00,0x00,0x00,0x00,0x00,
    0x00,0x00,0x00,0x00,0x00,0x00,0x00,0x01,0x00,0x00,0x00,0x00,
    0x00,0x00,0x00,0x00,0x01,0x00,0x00,0x00,0x00,0x00,0x00,0x00,
    0x00,0x00,0x00,0x00,0x00,0x00,0x00,0x1D,0x10,0x00,0x00,0x00,
    0x00,0x00,0x00,0x00,0x1D,0x10,0x00,0x00,0x00,0x00,0x00,0x00,
    0x00,0x00,0x00,0x00,0x00,0x00,0x01,0xD5,0xD1,0x00,0x00,0x00,
    0x10,0x00,0x00,0x01,0xD5,0xD1,0x00,0x00,0x00,0x00,0x00,0x00,
    0x00,0x00,0x00,0x00,0x00,0x00,0x01,0xD5,0xD1,0x00,0x11,0x11,
    0xD1,0x11,0x10,0x01,0xD5,0xD1,0x00,0x00,0x00,0x00,0x00,0x00,
    0x00,0x00,0x00,0x00,0x00,0x00,0x1D,0x55,0x5D,0x11,0xDD,0xDD,
    0xDD,0xDD,0xD1,0x1D,0x55,0x5D,0x10,0x00,0x00,0x00,0x00,0x00,
    0x00,0x00,0x00,0x00,0x00,0x00,0x01,0xD5,0xDD,0xDD,0xDD,0xDD,
    0xDD,0xDD,0xDD,0xDD,0xD5,0xD1,0x00,0x00,0x01,0x00,0x00,0x00,
    0x00,0x00,0x00,0x00,0x00,0x00,0x01,0xD5,0xDD,0xDD,0xDD,0xDD,
    0xDD,0xDD,0xDD,0xDD,0xD5,0xD1,0x00,0x00,0x00,0x00,0x00,0x00,
    0x00,0x00,0x00,0x00,0x00,0x00,0x00,0x1D,0xDD,0xDD,0xDD,0xDD,
    0xDD,0xDD,0xDD,0xDD,0xDD,0x10,0x00,0x00,0x00,0x00,0x00,0x00,
    0x00,0x00,0x00,0x00,0x00,0x00,0x00,0x1D,0xDD,0xDD,0xDD,0xDD,
    0xDD,0xDD,0xDD,0xDD,0xDD,0x10,0x00,0x00,0x11,0x10,0x00,0x00,
    0x00,0x00,0x00,0x00,0x00,0x00,0x01,0xDD,0xDD,0xDD,0xDD,0xDD,
    0xDD,0xDD,0xDD,0xDD,0xDD,0xD1,0x00,0x01,0x33,0x31,0x00,0x00,
    0x00,0x00,0x00,0x00,0x00,0x00,0x01,0xDD,0xD1,0x1D,0xDD,0xDD,
    0xDD,0xDD,0xD1,0x1D,0xDD,0xD1,0x00,0x13,0x33,0x33,0x10,0x00,
    0x00,0x00,0x00,0x00,0x00,0x00,0x1D,0xDD,0x1D,0xD1,0xDD,0xDD,
    0xDD,0xDD,0x1D,0xD1,0xDD,0xDD,0x10,0x13,0x11,0x13,0x10,0x00,
    0x00,0x00,0x00,0x00,0x00,0x00,0x1D,0xDD,0xDD,0xDD,0xDD,0xDD,
    0xDD,0xDD,0xDD,0xDD,0xDD,0xDD,0x10,0x13,0x11,0x13,0x10,0x00,
    0x00,0x00,0x00,0x00,0x00,0x00,0x1D,0xDD,0xDD,0xDD,0xDD,0xDD,
    0xDD,0xDD,0xDD,0xDD,0xDD,0xDD,0x10,0x11,0x11,0x11,0x10,0x00,
    0x00,0x00,0x00,0x00,0x00,0x00,0x1D,0xDD,0xDD,0xDD,0xDD,0xDD,
    0xDD,0xDD,0xDD,0xDD,0xDD,0xDD,0x10,0x00,0x00,0x00,0x00,0x00,
    0x00,0x00,0x00,0x00,0x00,0x00,0x1D,0xDD,0xDD,0xDD,0xDD,0xDD,
    0x1D,0xDD,0xDD,0xDD,0xDD,0xDD,0x10,0x00,0x00,0x00,0x00,0x00,
    0x00,0x00,0x00,0x00,0x00,0x01,0xDD,0xDD,0xDD,0xDD,0x33,0x11,
    0x11,0x13,0x3D,0xDD,0xDD,0xDD,0xD1,0x00,0x00,0x00,0x00,0x00,
    0x00,0x00,0x00,0x00,0x00,0x00,0x1D,0xDD,0xDD,0xD3,0x31,0x11,
    0x11,0x11,0x33,0xDD,0xDD,0xDD,0x10,0x00,0x00,0x00,0x00,0x00,
    0x00,0x00,0x00,0x00,0x00,0x00,0x1D,0xDD,0xDD,0x33,0x11,0x11,
    0x51,0x11,0x13,0x3D,0xDD,0xDD,0x10,0x00,0x00,0x00,0x00,0x00,
    0x00,0x00,0x00,0x00,0x00,0x00,0x1D,0xDD,0xD3,0x33,0x31,0x55,
    0x55,0x51,0x33,0x33,0xDD,0xDD,0x10,0x00,0x00,0x00,0x00,0x00,
    0x00,0x00,0x00,0x00,0x00,0x00,0x1D,0xDD,0xD3,0x33,0x33,0x11,
    0x51,0x13,0x33,0x33,0xDD,0xDD,0x10,0x00,0x00,0x00,0x00,0x00,
    0x00,0x00,0x00,0x00,0x00,0x00,0x1D,0xDD,0x33,0x33,0x33,0x33,
    0x13,0x33,0x33,0x33,0x3D,0xDD,0x10,0x00,0x00,0x00,0x00,0x00,
    0x00,0x00,0x00,0x00,0x00,0x00,0x01,0xDD,0xD3,0x33,0x33,0x33,
    0x33,0x33,0x33,0x33,0xDD,0xD1,0x00,0x00,0x00,0x00,0x00,0x00,
    0x00,0x00,0x00,0x00,0x00,0x00,0x01,0xDD,0xD3,0x33,0x33,0x33,
    0x33,0x33,0x33,0x33,0xDD,0xD1,0x00,0x00,0x00,0x00,0x00,0x00,
    0x00,0x00,0x00,0x00,0x00,0x00,0x00,0x1D,0xDD,0x33,0x33,0x33,
    0x33,0x33,0x33,0x3D,0xDD,0x10,0x00,0x00,0x00,0x00,0x00,0x00,
    0x00,0x00,0x00,0x00,0x00,0x00,0x00,0x01,0xDD,0xD3,0x33,0x33,
    0x33,0x33,0x33,0xDD,0xD1,0x00,0x00,0x00,0x00,0x00,0x00,0x00,
    0x00,0x00,0x00,0x00,0x00,0x00,0x00,0x01,0xDD,0xDD,0x33,0x33,
    0x33,0x33,0x3D,0xDD,0xD1,0x00,0x00,0x00,0x00,0x00,0x00,0x00,
    0x00,0x00,0x00,0x00,0x00,0x00,0x00,0x00,0x11,0xDD,0xDD,0xDD,
    0x3D,0xDD,0xDD,0xD1,0x10,0x00,0x00,0x00,0x00,0x00,0x00,0x00,
    0x00,0x00,0x00,0x00,0x00,0x00,0x00,0x00,0x00,0x1D,0xDD,0xDD,
    0xDD,0xDD,0xDD,0x10,0x00,0x00,0x00,0x00,0x00,0x00,0x00,0x00,
    0x00,0x00,0x00,0x00,0x00,0x00,0x00,0x00,0x00,0x01,0xDD,0x11,
    0xD1,0x1D,0xD1,0x00,0x00,0x00,0x00,0x00,0x00,0x00,0x00,0x00,
    0x00,0x00,0x00,0x00,0x00,0x00,0x00,0x00,0x01,0x1D,0xD1,0x00,
    0x10,0x01,0xDD,0x11,0x00,0x00,0x00,0x00,0x00,0x00,0x00,0x00,
    0x00,0x00,0x00,0x00,0x00,0x00,0x00,0x00,0x1D,0xDD,0xDD,0x10,
    0x00,0x1D,0xDD,0xDD,0x10,0x00,0x00,0x00,0x00,0x00,0x00,0x00,
    0x00,0x00,0x00,0x00,0x00,0x00,0x00,0x00,0x01,0x1D,0x11,0x00,
    0x00,0x01,0x1D,0x11,0x00,0x00,0x00,0x00,0x00,0x00,0x00,0x00,
    0x00,0x00,0x00,0x00,0x00,0x00,0x00,0x00,0x00,0x01,0x00,0x00,
    0x00,0x00,0x01,0x00,0x00,0x00,0x00,0x00,0x00,0x00,0x00,0x00,
    0x00,0x00,0x00,0x00,0x00,0x00,0x00,0x00,0x00,0x00,0x00,0x00,
    0x00,0x00,0x00,0x00,0x00,0x00,0x00,0x00,0x00,0x00,0x00,0x00,
    0x00,0x00,0x00,0x00,0x00,0x00,0x00,0x00,0x00,0x00,0x00,0x00,
    0x00,0x00,0x00,0x00,0x00,0x00,0x00,0x00,0x00,0x00,0x00,0x00,
    0x00,0x00,0x00,0x00,0x00,0x00,0x00,0x00,0x00,0x00,0x00,0x00,
    0x00,0x00,0x00,0x00,0x00,0x00,0x00,0x00,0x00,0x00,0x00,0x00,
    0x00,0x00,0x00,0x00,0x00,0x00,0x00,0x00,0x00,0x00,0x00,0x00,
    0x00,0x00,0x00,0x00,0x00,0x00,0x00,0x00,0x00,0x00,0x00,0x00}},
    {"zzz_ultimate_speed",
     {0x00,0x00,0x00,0x00,0x00,0x00,0x00,0x00,0x00,0x00,0x00,0x00,
    0x00,0x00,0x00,0x00,0x00,0x00,0x00,0x00,0x00,0x00,0x00,0x00,
    0x00,0x00,0x00,0x00,0x00,0x00,0x00,0x00,0x00,0x00,0x00,0x00,
    0x00,0x00,0x00,0x00,0x00,0x00,0x00,0x00,0x00,0x00,0x00,0x00,
    0x00,0x00,0x00,0x00,0x00,0x00,0x00,0x00,0x00,0x00,0x00,0x00,
    0x00,0x00,0x00,0x00,0x00,0x00,0x00,0x00,0x00,0x00,0x00,0x00,
    0x00,0x00,0x00,0x00,0x00,0x00,0x00,0x00,0x00,0x00,0x00,0x00,
    0x00,0x00,0x00,0x00,0x00,0x00,0x00,0x00,0x00,0x00,0x00,0x00,
    0x00,0x00,0x00,0x00,0x00,0x00,0x00,0x00,0x11,0x00,0x00,0x00,
    0x00,0x00,0x00,0x00,0x00,0x00,0x00,0x00,0x00,0x00,0x00,0x00,
    0x00,0x00,0x00,0x00,0x00,0x00,0x00,0x00,0x10,0x00,0x00,0x00,
    0x00,0x00,0x00,0x00,0x00,0x00,0x00,0x00,0x00,0x00,0x00,0x00,
    0x00,0x00,0x00,0x00,0x00,0x00,0x00,0x00,0x01,0x00,0x00,0x00,
    0x00,0x00,0x00,0x00,0x00,0x00,0x00,0x00,0x00,0x00,0x00,0x00,
    0x00,0x00,0x00,0x00,0x00,0x01,0x11,0x00,0x11,0x00,0x00,0x00,
    0x00,0x00,0x00,0x00,0x00,0x00,0x00,0x00,0x00,0x00,0x00,0x00,
    0x00,0x00,0x00,0x00,0x00,0x01,0x00,0x00,0x00,0x00,0x00,0x00,
    0x00,0x00,0x00,0x00,0x00,0x00,0x00,0x00,0x00,0x00,0x00,0x00,
    0x00,0x00,0x00,0x00,0x00,0x00,0x10,0x00,0x00,0x00,0x00,0x00,
    0x00,0x00,0x00,0x00,0x00,0x00,0x00,0x00,0x00,0x00,0x00,0x00,
    0x00,0x00,0x00,0x00,0x00,0x00,0x01,0x00,0x00,0x00,0x00,0x00,
    0x00,0x00,0x00,0x00,0x00,0x00,0x00,0x00,0x00,0x00,0x00,0x00,
    0x00,0x00,0x00,0x00,0x00,0x01,0x11,0x00,0x00,0x00,0x00,0x00,
    0x00,0x00,0x00,0x00,0x00,0x00,0x00,0x00,0x00,0x00,0x00,0x00,
    0x00,0x00,0x00,0x11,0x10,0x00,0x00,0x00,0x00,0x00,0x00,0x00,
    0x00,0x00,0x00,0x00,0x00,0x00,0x00,0x00,0x00,0x00,0x00,0x00,
    0x00,0x00,0x00,0x10,0x00,0x00,0x00,0x00,0x00,0x00,0x00,0x00,
    0x00,0x00,0x00,0x00,0x00,0x00,0x00,0x00,0x00,0x00,0x00,0x00,
    0x00,0x00,0x00,0x01,0x00,0x00,0x00,0x00,0x00,0x00,0x00,0x00,
    0x00,0x00,0x00,0x00,0x00,0x00,0x00,0x00,0x00,0x00,0x00,0x00,
    0x00,0x00,0x00,0x00,0x10,0x00,0x00,0x00,0x00,0x00,0x00,0x00,
    0x00,0x00,0x00,0x00,0x00,0x00,0x00,0x00,0x00,0x00,0x00,0x00,
    0x00,0x00,0x00,0x11,0x10,0x00,0x00,0x00,0x00,0x00,0x00,0x00,
    0x00,0x00,0x00,0x00,0x00,0x00,0x00,0x00,0x00,0x00,0x00,0x00,
    0x00,0x00,0x00,0x00,0x00,0x00,0x00,0x00,0x00,0x00,0x00,0x00,
    0x00,0x00,0x00,0x00,0x00,0x00,0x00,0x00,0x00,0x00,0x00,0x00,
    0x00,0x00,0x00,0x00,0x00,0x00,0x00,0x00,0x00,0x00,0x00,0x00,
    0x00,0x00,0x00,0x00,0x00,0x00,0x00,0x00,0x00,0x00,0x00,0x00,
    0x00,0x00,0x00,0x00,0x00,0x00,0x00,0x00,0x00,0x00,0x00,0x00,
    0x00,0x00,0x00,0x00,0x00,0x00,0x00,0x00,0x00,0x00,0x00,0x00,
    0x00,0x00,0x00,0x00,0x00,0x00,0x00,0x00,0x00,0x00,0x00,0x00,
    0x00,0x00,0x00,0x00,0x00,0x00,0x00,0x00,0x00,0x00,0x00,0x00,
    0x00,0x00,0x00,0x00,0x00,0x00,0x00,0x00,0x00,0x00,0x00,0x00,
    0x10,0x00,0x00,0x00,0x00,0x00,0x00,0x00,0x00,0x00,0x00,0x00,
    0x00,0x00,0x00,0x00,0x00,0x00,0x00,0x00,0x00,0x11,0x11,0x11,
    0xD1,0x11,0x11,0x10,0x00,0x00,0x00,0x00,0x00,0x00,0x00,0x00,
    0x00,0x00,0x00,0x00,0x00,0x00,0x00,0x01,0x11,0xDD,0xDD,0xDD,
    0xDD,0xDD,0xDD,0xD1,0x11,0x00,0x00,0x00,0x00,0x00,0x00,0x00,
    0x00,0x00,0x00,0x00,0x00,0x00,0x00,0x1D,0xDD,0xDD,0xDD,0xDD,
    0xDD,0xDD,0xDD,0xDD,0xDD,0x10,0x00,0x00,0x00,0x00,0x00,0x00,
    0x00,0x00,0x00,0x00,0x00,0x00,0x11,0xDD,0xDD,0xDD,0xDD,0xDD,
    0xDD,0xDD,0xDD,0xDD,0xDD,0xD1,0x10,0x00,0x00,0x00,0x00,0x00,
    0x00,0x00,0x00,0x00,0x00,0x01,0xDD,0xDD,0xDD,0xDD,0xDD,0xDD,
    0xDD,0xDD,0xDD,0xDD,0xDD,0xDD,0xD1,0x00,0x00,0x00,0x00,0x00,
    0x00,0x00,0x00,0x00,0x00,0x1D,0xDD,0xDD,0xDD,0xDD,0xDD,0xDD,
    0xDD,0xDD,0xDD,0xDD,0xDD,0xDD,0xDD,0x10,0x00,0x00,0x00,0x00,
    0x00,0x00,0x00,0x00,0x00,0x1D,0xDD,0xDD,0xDD,0xDD,0xDD,0xDD,
    0xDD,0xDD,0xDD,0xDD,0xDD,0xDD,0xDD,0x10,0x00,0x00,0x00,0x00,
    0x00,0x00,0x00,0x00,0x01,0xDD,0xDD,0xD1,0x11,0x11,0x1D,0xDD,
    0xDD,0xDD,0x11,0x11,0x11,0xDD,0xDD,0xD1,0x00,0x00,0x00,0x00,
    0x00,0x00,0x00,0x00,0x01,0xDD,0xDD,0xDD,0xDD,0xDD,0xDD,0xDD,
    0xDD,0xDD,0xDD,0xDD,0xDD,0xDD,0xDD,0xD1,0x00,0x00,0x00,0x00,
    0x00,0x00,0x00,0x00,0x01,0xDD,0xDD,0xDD,0xDD,0xDD,0xDD,0xDD,
    0x3D,0xDD,0xDD,0xDD,0xDD,0xDD,0xDD,0xD1,0x00,0x00,0x00,0x00,
    0x00,0x00,0x00,0x00,0x1D,0xDD,0xDD,0xDD,0xDD,0x33,0x33,0x33,
    0x33,0x33,0x33,0x3D,0xDD,0xDD,0xDD,0xDD,0x10,0x00,0x00,0x00,
    0x00,0x00,0x00,0x00,0x01,0xDD,0xDD,0xDD,0x33,0x33,0x33,0x33,
    0x33,0x33,0x33,0x33,0x3D,0xDD,0xDD,0xD1,0x00,0x00,0x00,0x00,
    0x00,0x00,0x00,0x00,0x01,0xDD,0xDD,0xD3,0x33,0x33,0x33,0x33,
    0x33,0x33,0x33,0x33,0x33,0xDD,0xDD,0xD1,0x00,0x00,0x00,0x00,
    0x00,0x00,0x00,0x00,0x01,0xDD,0xDD,0xD3,0x33,0x33,0x33,0x33,
    0x33,0x33,0x33,0x33,0x33,0xDD,0xDD,0xD1,0x00,0x00,0x00,0x00,
    0x00,0x00,0x00,0x00,0x00,0x1D,0xDD,0x33,0x33,0x33,0x33,0x33,
    0x33,0x33,0x33,0x33,0x33,0x3D,0xDD,0x10,0x00,0x00,0x00,0x00,
    0x00,0x00,0x00,0x00,0x00,0x1D,0xDD,0xD3,0x33,0x33,0x33,0x33,
    0x33,0x33,0x33,0x33,0x33,0xDD,0xDD,0x10,0x00,0x00,0x00,0x00,
    0x00,0x00,0x00,0x00,0x00,0x01,0xDD,0xD3,0x33,0x33,0x33,0x33,
    0x33,0x33,0x33,0x33,0x33,0xDD,0xD1,0x00,0x00,0x00,0x00,0x00,
    0x00,0x00,0x00,0x00,0x00,0x00,0x11,0xDD,0x33,0x33,0x33,0x33,
    0x33,0x33,0x33,0x33,0x3D,0xD1,0x10,0x00,0x00,0x00,0x00,0x00,
    0x00,0x00,0x00,0x00,0x00,0x00,0x00,0x1D,0xDD,0x33,0x33,0x33,
    0x33,0x33,0x33,0x3D,0xDD,0x10,0x00,0x00,0x00,0x00,0x00,0x00,
    0x00,0x00,0x00,0x00,0x00,0x00,0x00,0x01,0x11,0xDD,0xDD,0xDD,
    0x3D,0xDD,0xDD,0xD1,0x11,0x00,0x00,0x00,0x00,0x00,0x00,0x00,
    0x00,0x00,0x00,0x00,0x00,0x00,0x00,0x00,0x00,0x11,0x11,0x11,
    0xD1,0x11,0x11,0x10,0x00,0x00,0x00,0x00,0x00,0x00,0x00,0x00,
    0x00,0x00,0x00,0x00,0x00,0x00,0x00,0x00,0x00,0x00,0x00,0x00,
    0x10,0x00,0x00,0x00,0x00,0x00,0x00,0x00,0x00,0x00,0x00,0x00,
    0x00,0x00,0x00,0x00,0x00,0x00,0x00,0x00,0x00,0x00,0x00,0x00,
    0x00,0x00,0x00,0x00,0x00,0x00,0x00,0x00,0x00,0x00,0x00,0x00,
    0x00,0x00,0x00,0x00,0x00,0x00,0x00,0x00,0x00,0x00,0x00,0x00,
    0x00,0x00,0x00,0x00,0x00,0x00,0x00,0x00,0x00,0x00,0x00,0x00,
    0x00,0x00,0x00,0x00,0x00,0x00,0x00,0x00,0x00,0x00,0x00,0x00,
    0x00,0x00,0x00,0x00,0x00,0x00,0x00,0x00,0x00,0x00,0x00,0x00,
    0x00,0x00,0x00,0x00,0x00,0x00,0x00,0x00,0x00,0x00,0x00,0x00,
    0x00,0x00,0x00,0x00,0x00,0x00,0x00,0x00,0x00,0x00,0x00,0x00}},
    {"scold_ultimate_speed",
     {0x00,0x00,0x00,0x00,0x00,0x00,0x00,0x00,0x00,0x00,0x00,0x00,
    0x00,0x00,0x00,0x00,0x00,0x00,0x00,0x00,0x00,0x00,0x00,0x00,
    0x00,0x00,0x00,0x00,0x00,0x00,0x00,0x00,0x00,0x00,0x00,0x00,
    0x00,0x00,0x00,0x00,0x00,0x00,0x00,0x00,0x00,0x00,0x00,0x00,
    0x00,0x00,0x00,0x00,0x00,0x00,0x00,0x00,0x00,0x00,0x00,0x00,
    0x00,0x00,0x00,0x00,0x00,0x00,0x00,0x00,0x00,0x00,0x00,0x00,
    0x00,0x00,0x00,0x00,0x00,0x00,0x00,0x00,0x00,0x00,0x00,0x00,
    0x00,0x00,0x00,0x00,0x00,0x00,0x00,0x00,0x00,0x00,0x00,0x00,
    0x00,0x00,0x00,0x00,0x00,0x00,0x00,0x00,0x00,0x00,0x00,0x00,
    0x00,0x00,0x00,0x00,0x00,0x00,0x00,0x00,0x00,0x00,0x00,0x00,
    0x00,0x00,0x00,0x00,0x00,0x00,0x00,0x00,0x00,0x00,0x00,0x00,
    0x00,0x00,0x00,0x00,0x00,0x00,0x00,0x00,0x00,0x00,0x00,0x00,
    0x00,0x00,0x00,0x00,0x00,0x00,0x00,0x00,0x00,0x00,0x00,0x00,
    0x00,0x00,0x00,0x00,0x00,0x00,0x00,0x00,0x00,0x00,0x00,0x00,
    0x00,0x00,0x00,0x00,0x00,0x00,0x00,0x00,0x00,0x00,0x00,0x00,
    0x00,0x00,0x00,0x00,0x00,0x00,0x00,0x00,0x00,0x00,0x00,0x00,
    0x00,0x00,0x00,0x00,0x00,0x50,0x00,0x00,0x00,0x00,0x00,0x00,
    0x00,0x00,0x00,0x00,0x00,0x00,0x00,0x00,0x00,0x00,0x00,0x00,
    0x00,0x00,0x00,0x00,0x00,0x05,0x00,0x00,0x00,0x00,0x00,0x00,
    0x00,0x00,0x00,0x00,0x00,0x00,0x00,0x00,0x00,0x00,0x00,0x00,
    0x00,0x00,0x00,0x00,0x05,0x00,0x00,0x01,0x00,0x00,0x00,0x00,
    0x00,0x00,0x00,0x00,0x01,0x00,0x00,0x00,0x00,0x00,0x00,0x00,
    0x00,0x00,0x00,0x00,0x00,0x00,0x50,0x1D,0x10,0x00,0x00,0x00,
    0x00,0x00,0x00,0x00,0x1D,0x10,0x00,0x00,0x00,0x00,0x00,0x00,
    0x00,0x00,0x00,0x00,0x00,0x50,0x01,0xD5,0xD1,0x00,0x00,0x00,
    0x10,0x00,0x00,0x01,0xD5,0xD1,0x00,0x00,0x00,0x00,0x00,0x00,
    0x00,0x00,0x00,0x00,0x00,0x00,0x01,0xD5,0xD1,0x00,0x11,0x11,
    0xD1,0x11,0x10,0x01,0xD5,0xD1,0x00,0x00,0x00,0x00,0x00,0x00,
    0x00,0x00,0x00,0x00,0x00,0x00,0x1D,0x55,0x5D,0x11,0xDD,0xDD,
    0xDD,0xDD,0xD1,0x1D,0x55,0x5D,0x10,0x00,0x00,0x00,0x00,0x00,
    0x00,0x00,0x00,0x00,0x00,0x00,0x01,0xD5,0xDD,0xDD,0xDD,0xDD,
    0xDD,0xDD,0xDD,0xDD,0xD5,0xD1,0x00,0x00,0x00,0x00,0x00,0x00,
    0x00,0x00,0x00,0x00,0x00,0x00,0x01,0xD5,0xDD,0xDD,0xDD,0xDD,
    0xDD,0xDD,0xDD,0xDD,0xD5,0xD1,0x00,0x00,0x00,0x00,0x00,0x00,
    0x00,0x00,0x00,0x00,0x00,0x00,0x00,0x1D,0xDD,0xDD,0xDD,0xDD,
    0xDD,0xDD,0xDD,0xDD,0xDD,0x10,0x00,0x00,0x00,0x00,0x00,0x00,
    0x00,0x00,0x00,0x00,0x00,0x00,0x00,0x1D,0xDD,0xDD,0xDD,0xDD,
    0xDD,0xDD,0xDD,0xDD,0xDD,0x10,0x00,0x00,0x00,0x00,0x00,0x00,
    0x00,0x00,0x00,0x00,0x00,0x00,0x01,0xDD,0xDD,0xDD,0xDD,0xDD,
    0xDD,0xDD,0xDD,0xDD,0xDD,0xD1,0x00,0x00,0x00,0x00,0x00,0x00,
    0x00,0x00,0x00,0x00,0x00,0x00,0x01,0xDD,0xDD,0xDD,0xDD,0xDD,
    0xDD,0xDD,0xDD,0xDD,0xDD,0xD1,0x00,0x00,0x00,0x00,0x00,0x00,
    0x00,0x00,0x00,0x00,0x00,0x00,0x1D,0xDD,0xDD,0xDD,0xDD,0xDD,
    0xDD,0xDD,0xDD,0xDD,0xDD,0xDD,0x10,0x00,0x00,0x00,0x00,0x00,
    0x00,0x00,0x00,0x00,0x00,0x00,0x1D,0xDD,0xDD,0x1D,0xDD,0xDD,
    0xDD,0xDD,0xDD,0x1D,0xDD,0xDD,0x10,0x00,0x00,0x00,0x00,0x00,
    0x00,0x00,0x00,0x00,0x00,0x00,0x1D,0xDD,0xD1,0x11,0xDD,0xDD,
    0xDD,0xDD,0xD1,0x11,0xDD,0xDD,0x10,0x00,0x00,0x00,0x00,0x00,
    0x00,0x00,0x00,0x00,0x00,0x00,0x1D,0xDD,0xD1,0x21,0xDD,0xDD,
    0xDD,0xDD,0xD1,0x21,0xDD,0xDD,0x10,0x00,0x00,0x00,0x00,0x00,
    0x00,0x00,0x00,0x00,0x00,0x00,0x1D,0xDD,0x11,0x11,0x1D,0xDD,
    0x3D,0xDD,0x11,0x11,0x1D,0xDD,0x10,0x00,0x00,0x00,0x00,0x00,
    0x00,0x00,0x00,0x00,0x00,0x01,0xDD,0xDD,0xD1,0x11,0x33,0x33,
    0x33,0x33,0x31,0x11,0xDD,0xDD,0xD1,0x00,0x00,0x00,0x00,0x00,
    0x00,0x00,0x00,0x00,0x00,0x00,0x1D,0xDD,0xD1,0x11,0x33,0x33,
    0x33,0x33,0x31,0x11,0xDD,0xDD,0x10,0x00,0x00,0x00,0x00,0x00,
    0x00,0x00,0x00,0x00,0x00,0x00,0x1D,0xDD,0xDD,0x13,0x33,0x33,
    0x33,0x33,0x33,0x1D,0xDD,0xDD,0x10,0x00,0x00,0x00,0x00,0x00,
    0x00,0x00,0x00,0x00,0x00,0x00,0x1D,0xDD,0xD3,0x63,0x33,0x33,
    0x33,0x33,0x33,0x63,0xDD,0xDD,0x10,0x00,0x00,0x00,0x00,0x00,
    0x00,0x00,0x00,0x00,0x00,0x00,0x1D,0xDD,0xD3,0x63,0x33,0x33,
    0x33,0x33,0x33,0x63,0xDD,0xDD,0x10,0x00,0x00,0x00,0x00,0x00,
    0x00,0x00,0x00,0x00,0x00,0x00,0x1D,0xDD,0x33,0x33,0x33,0x31,
    0x31,0x33,0x33,0x33,0x3D,0xDD,0x10,0x00,0x00,0x00,0x00,0x00,
    0x00,0x00,0x00,0x00,0x00,0x00,0x01,0xDD,0xD3,0x33,0x33,0x13,
    0x13,0x13,0x33,0x33,0xDD,0xD1,0x00,0x00,0x00,0x00,0x00,0x00,
    0x00,0x00,0x00,0x00,0x00,0x00,0x01,0xDD,0xD3,0x33,0x33,0x33,
    0x33,0x33,0x33,0x33,0xDD,0xD1,0x00,0x00,0x00,0x00,0x00,0x00,
    0x00,0x00,0x00,0x00,0x00,0x00,0x00,0x1D,0xDD,0x33,0x33,0x33,
    0x33,0x33,0x33,0x3D,0xDD,0x10,0x00,0x00,0x00,0x00,0x00,0x00,
    0x00,0x00,0x00,0x00,0x00,0x00,0x00,0x01,0xDD,0xD3,0x33,0x33,
    0x33,0x33,0x33,0xDD,0xD1,0x00,0x00,0x00,0x00,0x00,0x00,0x00,
    0x00,0x00,0x00,0x00,0x00,0x00,0x00,0x01,0xDD,0xDD,0x33,0x33,
    0x33,0x33,0x3D,0xDD,0xD1,0x00,0x00,0x00,0x00,0x00,0x00,0x00,
    0x00,0x00,0x00,0x00,0x00,0x00,0x00,0x00,0x11,0xDD,0xDD,0xDD,
    0x3D,0xDD,0xDD,0xD1,0x10,0x00,0x00,0x00,0x00,0x00,0x00,0x00,
    0x00,0x00,0x00,0x00,0x00,0x00,0x00,0x00,0x00,0x1D,0xDD,0xDD,
    0xDD,0xDD,0xDD,0x10,0x00,0x00,0x00,0x00,0x00,0x00,0x00,0x00,
    0x00,0x00,0x00,0x00,0x00,0x00,0x00,0x00,0x00,0x01,0xDD,0x11,
    0xD1,0x1D,0xD1,0x00,0x00,0x00,0x00,0x00,0x00,0x00,0x00,0x00,
    0x00,0x00,0x00,0x00,0x00,0x00,0x00,0x00,0x01,0x1D,0xD1,0x00,
    0x10,0x01,0xDD,0x11,0x00,0x00,0x00,0x00,0x00,0x00,0x00,0x00,
    0x00,0x00,0x00,0x00,0x00,0x00,0x00,0x00,0x1D,0xDD,0xDD,0x10,
    0x00,0x1D,0xDD,0xDD,0x10,0x00,0x00,0x00,0x00,0x00,0x00,0x00,
    0x00,0x00,0x00,0x00,0x00,0x00,0x00,0x00,0x01,0x1D,0x11,0x00,
    0x00,0x01,0x1D,0x11,0x00,0x00,0x00,0x00,0x00,0x00,0x00,0x00,
    0x00,0x00,0x00,0x00,0x00,0x00,0x00,0x00,0x00,0x01,0x00,0x00,
    0x00,0x00,0x01,0x00,0x00,0x00,0x00,0x00,0x00,0x00,0x00,0x00,
    0x00,0x00,0x00,0x00,0x00,0x00,0x00,0x00,0x00,0x00,0x00,0x00,
    0x00,0x00,0x00,0x00,0x00,0x00,0x00,0x00,0x00,0x00,0x00,0x00,
    0x00,0x00,0x00,0x00,0x00,0x00,0x00,0x00,0x00,0x00,0x00,0x00,
    0x00,0x00,0x00,0x00,0x00,0x00,0x00,0x00,0x00,0x00,0x00,0x00,
    0x00,0x00,0x00,0x00,0x00,0x00,0x00,0x00,0x00,0x00,0x00,0x00,
    0x00,0x00,0x00,0x00,0x00,0x00,0x00,0x00,0x00,0x00,0x00,0x00,
    0x00,0x00,0x00,0x00,0x00,0x00,0x00,0x00,0x00,0x00,0x00,0x00,
    0x00,0x00,0x00,0x00,0x00,0x00,0x00,0x00,0x00,0x00,0x00,0x00}},
    {"sick_ultimate_speed",
     {0x00,0x00,0x00,0x00,0x00,0x00,0x00,0x00,0x00,0x00,0x00,0x00,
    0x00,0x00,0x00,0x00,0x00,0x00,0x00,0x00,0x00,0x00,0x00,0x00,
    0x00,0x00,0x00,0x00,0x00,0x00,0x00,0x00,0x00,0x00,0x00,0x00,
    0x00,0x00,0x00,0x00,0x00,0x00,0x00,0x00,0x00,0x00,0x00,0x00,
    0x00,0x00,0x00,0x00,0x00,0x00,0x00,0x00,0x00,0x00,0x00,0x00,
    0x00,0x00,0x00,0x00,0x00,0x00,0x00,0x00,0x00,0x00,0x00,0x00,
    0x00,0x00,0x00,0x00,0x00,0x00,0x00,0x00,0x00,0x00,0x00,0x00,
    0x00,0x00,0x00,0x00,0x00,0x00,0x00,0x00,0x00,0x00,0x00,0x00,
    0x00,0x00,0x00,0x00,0x00,0x00,0x00,0x00,0x00,0x00,0x00,0x00,
    0x00,0x00,0x00,0x00,0x00,0x00,0x00,0x00,0x00,0x00,0x00,0x00,
    0x00,0x00,0x00,0x00,0x00,0x00,0x00,0x00,0x00,0x00,0x00,0x00,
    0x00,0x00,0x00,0x00,0x00,0x00,0x00,0x00,0x00,0x00,0x00,0x00,
    0x00,0x00,0x00,0x00,0x00,0x00,0x00,0x00,0x00,0x00,0x00,0x00,
    0x00,0x00,0x00,0x00,0x00,0x00,0x00,0x00,0x00,0x00,0x00,0x00,
    0x00,0x00,0x00,0x00,0x00,0x00,0x00,0x00,0x00,0x00,0x00,0x00,
    0x00,0x00,0x00,0x00,0x00,0x00,0x00,0x00,0x00,0x00,0x00,0x00,
    0x00,0x00,0x00,0x00,0x00,0x00,0x00,0x00,0x00,0x00,0x00,0x00,
    0x00,0x00,0x00,0x00,0x00,0x00,0x00,0x00,0x00,0x00,0x00,0x00,
    0x00,0x00,0x00,0x00,0x00,0x00,0x00,0x00,0x00,0x00,0x00,0x00,
    0x00,0x00,0x00,0x00,0x00,0x00,0x00,0x00,0x00,0x00,0x00,0x00,
    0x00,0x00,0x00,0x00,0x00,0x00,0x00,0x01,0x00,0x00,0x00,0x00,
    0x00,0x00,0x00,0x00,0x01,0x00,0x00,0x00,0x00,0x00,0x00,0x00,
    0x00,0x00,0x00,0x00,0x00,0x00,0x00,0x1D,0x10,0x00,0x00,0x00,
    0x00,0x00,0x00,0x00,0x1D,0x10,0x00,0x00,0x00,0x00,0x00,0x00,
    0x00,0x00,0x00,0x00,0x00,0x00,0x01,0xD5,0xD1,0x00,0x00,0x00,
    0x10,0x00,0x00,0x01,0xD5,0xD1,0x00,0x00,0x00,0x00,0x00,0x00,
    0x00,0x00,0x00,0x00,0x00,0x00,0x01,0xD5,0xD1,0x00,0x11,0x11,
    0xD1,0x11,0x10,0x01,0xD5,0xD1,0x00,0x00,0x00,0x00,0x00,0x00,
    0x00,0x00,0x00,0x00,0x00,0x00,0x1D,0x55,0x5D,0x11,0xDD,0xDD,
    0xDD,0xDD,0xD1,0x1D,0x55,0x5D,0x10,0x00,0x00,0x00,0x00,0x00,
    0x00,0x00,0x00,0x00,0x00,0x00,0x01,0xD5,0xDD,0xDD,0xDD,0xDD,
    0xDD,0xDD,0xDD,0xDD,0xD5,0xD1,0x00,0x00,0x00,0x00,0x00,0x00,
    0x00,0x00,0x00,0x00,0x00,0x00,0x01,0xD5,0xDD,0xDD,0xDD,0xDD,
    0xDD,0xDD,0xDD,0xDD,0xD5,0xD6,0x00,0x00,0x00,0x00,0x00,0x00,
    0x00,0x00,0x00,0x00,0x00,0x00,0x00,0x1D,0xDD,0xDD,0xDD,0xDD,
    0xDD,0xDD,0xDD,0xDD,0xDD,0x10,0x60,0x00,0x00,0x00,0x00,0x00,
    0x00,0x00,0x00,0x00,0x00,0x00,0x00,0x1D,0xDD,0xDD,0xDD,0xDD,
    0xDD,0xDD,0xDD,0xDD,0xDD,0x16,0x00,0x00,0x00,0x00,0x00,0x00,
    0x00,0x00,0x00,0x00,0x00,0x00,0x01,0xDD,0x1D,0xDD,0xDD,0xDD,
    0xDD,0xDD,0x1D,0xDD,0xDD,0xD1,0x00,0x00,0x00,0x00,0x00,0x00,
    0x00,0x00,0x00,0x00,0x00,0x00,0x01,0xDD,0xD1,0xDD,0xDD,0xDD,
    0xDD,0xDD,0xD1,0xDD,0xDD,0xD1,0x00,0x00,0x00,0x00,0x00,0x00,
    0x00,0x00,0x00,0x00,0x00,0x00,0x1D,0xDD,0xDD,0x1D,0x1D,0xDD,
    0xDD,0xDD,0xDD,0x1D,0x1D,0xDD,0x10,0x00,0x00,0x00,0x00,0x00,
    0x00,0x00,0x00,0x00,0x00,0x00,0x1D,0xDD,0xDD,0xD1,0xDD,0xDD,
    0xDD,0xDD,0xDD,0xD1,0xDD,0xDD,0x10,0x00,0x00,0x00,0x00,0x00,
    0x00,0x00,0x00,0x00,0x00,0x00,0x1D,0xDD,0xDD,0x1D,0x1D,0xDD,
    0xDD,0xDD,0xDD,0x1D,0x1D,0xDD,0x10,0x00,0x00,0x00,0x00,0x00,
    0x00,0x00,0x00,0x00,0x00,0x00,0x1D,0xDD,0xD1,0xDD,0xDD,0xDD,
    0xDD,0xDD,0xD1,0xDD,0xDD,0xDD,0x10,0x00,0x00,0x00,0x00,0x00,
    0x00,0x00,0x00,0x00,0x00,0x00,0x1D,0xDD,0x1D,0xDD,0xDD,0xDD,
    0x3D,0xDD,0x1D,0xDD,0xDD,0xDD,0x10,0x00,0x00,0x00,0x00,0x00,
    0x00,0x00,0x00,0x00,0x22,0x01,0xDD,0xDD,0xDD,0xDD,0x33,0x33,
    0x33,0x33,0x3D,0xDD,0xDD,0xDD,0xD1,0x00,0x00,0x00,0x00,0x00,
    0x00,0x00,0x00,0x00,0x22,0x00,0x1D,0xDD,0xDD,0xD3,0x33,0x33,
    0x33,0x33,0x33,0xDD,0xDD,0xDD,0x10,0x00,0x00,0x00,0x00,0x00,
    0x00,0x00,0x00,0x00,0x22,0x00,0x1D,0xDD,0xDD,0x33,0x33,0x33,
    0x33,0x33,0x33,0x3D,0xDD,0xDD,0x10,0x00,0x00,0x00,0x00,0x00,
    0x00,0x00,0x00,0x00,0x22,0x00,0x1D,0xDD,0xD3,0x33,0x33,0x13,
    0x13,0x13,0x33,0x33,0xDD,0xDD,0x10,0x00,0x00,0x00,0x00,0x00,
    0x00,0x00,0x00,0x00,0x22,0x00,0x1D,0xDD,0xD3,0x33,0x33,0x31,
    0x31,0x33,0x33,0x33,0xDD,0xDD,0x10,0x00,0x00,0x00,0x00,0x00,
    0x00,0x00,0x00,0x00,0x22,0x00,0x1D,0xDD,0x33,0x33,0x33,0x33,
    0x33,0x33,0x33,0x33,0x3D,0xDD,0x10,0x00,0x00,0x00,0x00,0x00,
    0x00,0x00,0x00,0x00,0x22,0x00,0x01,0xDD,0xD3,0x33,0x33,0x33,
    0x33,0x33,0x33,0x33,0xDD,0xD1,0x00,0x00,0x00,0x00,0x00,0x00,
    0x00,0x00,0x00,0x00,0x22,0x00,0x01,0xDD,0xD3,0x33,0x33,0x33,
    0x33,0x33,0x33,0x33,0xDD,0xD1,0x00,0x00,0x00,0x00,0x00,0x00,
    0x00,0x00,0x00,0x00,0x22,0x00,0x00,0x1D,0xDD,0x33,0x33,0x33,
    0x33,0x33,0x33,0x3D,0xDD,0x10,0x00,0x00,0x00,0x00,0x00,0x00,
    0x00,0x00,0x00,0x00,0x22,0x00,0x00,0x01,0xDD,0xD3,0x33,0x33,
    0x33,0x33,0x33,0xDD,0xD1,0x00,0x00,0x00,0x00,0x00,0x00,0x00,
    0x00,0x00,0x00,0x00,0x22,0x00,0x00,0x01,0xDD,0xDD,0x33,0x33,
    0x33,0x33,0x3D,0xDD,0xD1,0x00,0x00,0x00,0x00,0x00,0x00,0x00,
    0x00,0x00,0x00,0x00,0x22,0x00,0x00,0x00,0x11,0xDD,0xDD,0xDD,
    0x3D,0xDD,0xDD,0xD1,0x10,0x00,0x00,0x00,0x00,0x00,0x00,0x00,
    0x00,0x00,0x00,0x00,0x52,0x00,0x00,0x00,0x00,0x1D,0xDD,0xDD,
    0xDD,0xDD,0xDD,0x10,0x00,0x00,0x00,0x00,0x00,0x00,0x00,0x00,
    0x00,0x00,0x00,0x05,0x55,0x00,0x00,0x00,0x00,0x01,0xDD,0x11,
    0xD1,0x1D,0xD1,0x00,0x00,0x00,0x00,0x00,0x00,0x00,0x00,0x00,
    0x00,0x00,0x00,0x55,0x55,0x50,0x00,0x00,0x01,0x1D,0xD1,0x00,
    0x10,0x01,0xDD,0x11,0x00,0x00,0x00,0x00,0x00,0x00,0x00,0x00,
    0x00,0x00,0x00,0x05,0x55,0x00,0x00,0x00,0x1D,0xDD,0xDD,0x10,
    0x00,0x1D,0xDD,0xDD,0x10,0x00,0x00,0x00,0x00,0x00,0x00,0x00,
    0x00,0x00,0x00,0x00,0x50,0x00,0x00,0x00,0x01,0x1D,0x11,0x00,
    0x00,0x01,0x1D,0x11,0x00,0x00,0x00,0x00,0x00,0x00,0x00,0x00,
    0x00,0x00,0x00,0x00,0x00,0x00,0x00,0x00,0x00,0x01,0x00,0x00,
    0x00,0x00,0x01,0x00,0x00,0x00,0x00,0x00,0x00,0x00,0x00,0x00,
    0x00,0x00,0x00,0x00,0x00,0x00,0x00,0x00,0x00,0x00,0x00,0x00,
    0x00,0x00,0x00,0x00,0x00,0x00,0x00,0x00,0x00,0x00,0x00,0x00,
    0x00,0x00,0x00,0x00,0x00,0x00,0x00,0x00,0x00,0x00,0x00,0x00,
    0x00,0x00,0x00,0x00,0x00,0x00,0x00,0x00,0x00,0x00,0x00,0x00,
    0x00,0x00,0x00,0x00,0x00,0x00,0x00,0x00,0x00,0x00,0x00,0x00,
    0x00,0x00,0x00,0x00,0x00,0x00,0x00,0x00,0x00,0x00,0x00,0x00,
    0x00,0x00,0x00,0x00,0x00,0x00,0x00,0x00,0x00,0x00,0x00,0x00,
    0x00,0x00,0x00,0x00,0x00,0x00,0x00,0x00,0x00,0x00,0x00,0x00}},
};
const int kform_count = 76;

const Sprite ksenior_frames[] = {
    {"senior",
     {0x00,0x00,0x00,0x00,0x00,0x00,0x00,0x00,0x00,0x00,0x00,0x00,
    0x00,0x00,0x00,0x00,0x00,0x00,0x00,0x00,0x00,0x00,0x00,0x00,
    0x00,0x00,0x00,0x00,0x00,0x00,0x00,0x00,0x00,0x00,0x00,0x00,
    0x00,0x00,0x00,0x00,0x00,0x00,0x00,0x00,0x00,0x00,0x00,0x00,
    0x00,0x00,0x00,0x00,0x00,0x00,0x00,0x00,0x00,0x00,0x00,0x00,
    0x00,0x00,0x00,0x00,0x00,0x00,0x00,0x00,0x00,0x00,0x00,0x00,
    0x00,0x00,0x00,0x00,0x00,0x00,0x00,0x00,0x00,0x00,0x00,0x00,
    0x00,0x00,0x00,0x00,0x00,0x00,0x00,0x00,0x00,0x00,0x00,0x00,
    0x00,0x00,0x00,0x00,0x00,0x00,0x00,0x00,0x00,0x00,0x00,0x00,
    0x00,0x00,0x00,0x00,0x00,0x00,0x00,0x00,0x00,0x00,0x00,0x00,
    0x00,0x00,0x00,0x00,0x00,0x00,0x00,0x00,0x00,0x00,0x00,0x00,
    0x00,0x00,0x00,0x00,0x00,0x00,0x00,0x00,0x00,0x00,0x00,0x00,
    0x00,0x00,0x00,0x00,0x00,0x00,0x00,0x00,0x00,0x00,0x00,0x00,
    0x00,0x00,0x00,0x00,0x00,0x00,0x00,0x00,0x00,0x00,0x00,0x00,
    0x00,0x00,0x00,0x00,0x00,0x00,0x00,0x00,0x00,0x00,0x00,0x00,
    0x00,0x00,0x00,0x00,0x00,0x00,0x00,0x00,0x00,0x00,0x00,0x00,
    0x00,0x00,0x00,0x00,0x00,0x00,0x00,0x00,0x00,0x00,0x00,0x00,
    0x00,0x00,0x00,0x00,0x00,0x00,0x00,0x00,0x00,0x00,0x00,0x00,
    0x00,0x00,0x00,0x00,0x00,0x00,0x00,0x00,0x00,0x00,0x00,0x00,
    0x00,0x00,0x00,0x00,0x00,0x00,0x00,0x00,0x00,0x00,0x00,0x00,
    0x00,0x00,0x00,0x00,0x00,0x00,0x00,0x00,0x00,0x00,0x00,0x00,
    0x00,0x00,0x00,0x00,0x00,0x00,0x00,0x00,0x00,0x00,0x00,0x00,
    0x00,0x00,0x00,0x00,0x00,0x00,0x00,0x00,0x00,0x00,0x00,0x00,
    0x10,0x00,0x00,0x00,0x00,0x00,0x00,0x00,0x00,0x00,0x00,0x00,
    0x00,0x00,0x00,0x00,0x00,0x00,0x00,0x00,0x00,0x01,0x11,0x11,
    0xE1,0x11,0x11,0x00,0x00,0x00,0x00,0x00,0x00,0x00,0x00,0x00,
    0x00,0x00,0x00,0x00,0x00,0x00,0x00,0x00,0x00,0x1E,0xEE,0xEE,
    0xEE,0xEE,0xEE,0x10,0x00,0x00,0x00,0x00,0x00,0x00,0x00,0x00,
    0x00,0x00,0x00,0x00,0x00,0x00,0x00,0x00,0x11,0xEE,0xEE,0xEE,
    0xEE,0xEE,0xEE,0xE1,0x10,0x00,0x00,0x00,0x00,0x00,0x00,0x00,
    0x00,0x00,0x00,0x00,0x00,0x00,0x00,0x01,0xEE,0xEE,0xEE,0xEE,
    0xEE,0xEE,0xEE,0xEE,0xE1,0x00,0x00,0x00,0x00,0x00,0x00,0x00,
    0x00,0x00,0x00,0x00,0x00,0x00,0x00,0x1E,0xEE,0xEE,0xEE,0xEE,
    0xEE,0xEE,0xEE,0xEE,0xEE,0x10,0x01,0x11,0x11,0x00,0x00,0x00,
    0x00,0x00,0x00,0x00,0x00,0x00,0x01,0xE2,0x22,0x22,0x22,0xEE,
    0xEE,0xE2,0x22,0x22,0x22,0xE1,0x01,0x11,0xC1,0x00,0x00,0x00,
    0x00,0x00,0x00,0x00,0x00,0x00,0x01,0xE2,0x22,0x22,0x22,0xEE,
    0xEE,0xE2,0x22,0x22,0x22,0xE1,0x00,0x00,0x11,0x00,0x00,0x00,
    0x00,0x00,0x00,0x00,0x00,0x00,0x1E,0xEE,0xE1,0xEE,0xEE,0xEE,
    0xEE,0xEE,0xEE,0xE1,0xEE,0xEE,0x10,0x00,0x11,0x00,0x00,0x00,
    0x00,0x00,0x00,0x00,0x00,0x00,0x1E,0xEE,0x11,0x1E,0xEE,0xEE,
    0xEE,0xEE,0xEE,0x11,0x1E,0xEE,0x10,0x00,0x11,0x00,0x00,0x00,
    0x00,0x00,0x00,0x00,0x00,0x01,0xEE,0xEE,0x12,0x2E,0xEE,0xEE,
    0xEE,0xEE,0xEE,0x12,0x2E,0xEE,0xE1,0x00,0x11,0x00,0x00,0x00,
    0x00,0x00,0x00,0x00,0x00,0x01,0xEE,0xE1,0x11,0x11,0xEE,0xEE,
    0xEE,0xEE,0xE1,0x11,0x11,0xEE,0xE1,0x00,0x11,0x00,0x00,0x00,
    0x00,0x00,0x00,0x00,0x00,0x01,0xEE,0xEE,0x11,0x1E,0xEE,0xEE,
    0xEE,0xEE,0xEE,0x11,0x1E,0xEE,0xE1,0x00,0x11,0x00,0x00,0x00,
    0x00,0x00,0x00,0x00,0x00,0x01,0xEE,0xEE,0x11,0x1E,0xEE,0xEE,
    0xEE,0xEE,0xEE,0x11,0x1E,0xEE,0xE1,0x00,0x11,0x00,0x00,0x00,
    0x00,0x00,0x00,0x00,0x00,0x01,0xEE,0xEE,0xE1,0xEE,0xEE,0xEE,
    0xEE,0xEE,0xEE,0xE1,0xEE,0xEE,0xE1,0x00,0x11,0x00,0x00,0x00,
    0x00,0x00,0x00,0x00,0x00,0x1E,0xEE,0xEE,0xEE,0xEE,0xEE,0xEE,
    0x2E,0xEE,0xEE,0xEE,0xEE,0xEE,0xEE,0x10,0x11,0x00,0x00,0x00,
    0x00,0x00,0x00,0x00,0x00,0x01,0xEE,0xEE,0xEE,0xEE,0x22,0x22,
    0x12,0x22,0x2E,0xEE,0xEE,0xEE,0xE1,0x00,0x11,0x00,0x00,0x00,
    0x00,0x00,0x00,0x00,0x00,0x01,0xEE,0xEE,0xEE,0xE2,0x22,0x21,
    0x21,0x22,0x22,0xEE,0xEE,0xEE,0xE1,0x00,0x11,0x00,0x00,0x00,
    0x00,0x00,0x00,0x00,0x00,0x01,0xEE,0xEE,0xEE,0x22,0x22,0x22,
    0x22,0x22,0x22,0x2E,0xEE,0xEE,0xE1,0x00,0x11,0x00,0x00,0x00,
    0x00,0x00,0x00,0x00,0x00,0x01,0xEE,0xEE,0xEE,0x22,0x22,0x22,
    0x22,0x22,0x22,0x2E,0xEE,0xEE,0xE1,0x00,0x11,0x00,0x00,0x00,
    0x00,0x00,0x00,0x00,0x00,0x01,0xEE,0xEE,0xE2,0x22,0x22,0x22,
    0x22,0x22,0x22,0x22,0xEE,0xEE,0xE1,0x00,0x11,0x00,0x00,0x00,
    0x00,0x00,0x00,0x00,0x00,0x00,0x1E,0xEE,0xEE,0x22,0x22,0x22,
    0x22,0x22,0x22,0x2E,0xEE,0xEE,0x10,0x00,0x11,0x00,0x00,0x00,
    0x00,0x00,0x00,0x00,0x00,0x00,0x1E,0xEE,0xEE,0x22,0x22,0x22,
    0x22,0x22,0x22,0x2E,0xEE,0xEE,0x10,0x00,0x11,0x00,0x00,0x00,
    0x00,0x00,0x00,0x00,0x00,0x00,0x01,0xEE,0xEE,0xE2,0x22,0x22,
    0x22,0x22,0x22,0xEE,0xEE,0xE1,0x00,0x00,0x11,0x00,0x00,0x00,
    0x00,0x00,0x00,0x00,0x00,0x00,0x01,0xEE,0xEE,0xEE,0x22,0x22,
    0x22,0x22,0x2E,0xEE,0xEE,0xE1,0x00,0x00,0x11,0x00,0x00,0x00,
    0x00,0x00,0x00,0x00,0x00,0x00,0x00,0x1E,0xEE,0xEE,0xEE,0xEE,
    0x2E,0xEE,0xEE,0xEE,0xEE,0x10,0x00,0x00,0x11,0x00,0x00,0x00,
    0x00,0x00,0x00,0x00,0x00,0x00,0x00,0x01,0xEE,0xEE,0xEE,0xEE,
    0xEE,0xEE,0xEE,0xEE,0xE1,0x00,0x00,0x00,0x11,0x00,0x00,0x00,
    0x00,0x00,0x00,0x00,0x00,0x00,0x00,0x00,0x11,0xEE,0xEE,0xEE,
    0xEE,0xEE,0xEE,0xE1,0x10,0x00,0x00,0x00,0x11,0x00,0x00,0x00,
    0x00,0x00,0x00,0x00,0x00,0x00,0x00,0x00,0x00,0x1E,0xEE,0xEE,
    0xEE,0xEE,0xEE,0x10,0x00,0x00,0x00,0x00,0x11,0x00,0x00,0x00,
    0x00,0x00,0x00,0x00,0x00,0x00,0x00,0x00,0x00,0x01,0xEE,0x11,
    0xE1,0x1E,0xE1,0x00,0x00,0x00,0x00,0x00,0x11,0x00,0x00,0x00,
    0x00,0x00,0x00,0x00,0x00,0x00,0x00,0x00,0x01,0x1E,0xE1,0x00,
    0x10,0x01,0xEE,0x11,0x00,0x00,0x00,0x00,0x11,0x00,0x00,0x00,
    0x00,0x00,0x00,0x00,0x00,0x00,0x00,0x00,0x1E,0xEE,0xEE,0x10,
    0x00,0x1E,0xEE,0xEE,0x10,0x00,0x00,0x00,0x11,0x00,0x00,0x00,
    0x00,0x00,0x00,0x00,0x00,0x00,0x00,0x00,0x01,0x1E,0x11,0x00,
    0x00,0x01,0x1E,0x11,0x00,0x00,0x00,0x00,0x11,0x00,0x00,0x00,
    0x00,0x00,0x00,0x00,0x00,0x00,0x00,0x00,0x00,0x01,0x00,0x00,
    0x00,0x00,0x01,0x00,0x00,0x00,0x00,0x00,0x00,0x00,0x00,0x00,
    0x00,0x00,0x00,0x00,0x00,0x00,0x00,0x00,0x00,0x00,0x00,0x00,
    0x00,0x00,0x00,0x00,0x00,0x00,0x00,0x00,0x00,0x00,0x00,0x00,
    0x00,0x00,0x00,0x00,0x00,0x00,0x00,0x00,0x00,0x00,0x00,0x00,
    0x00,0x00,0x00,0x00,0x00,0x00,0x00,0x00,0x00,0x00,0x00,0x00,
    0x00,0x00,0x00,0x00,0x00,0x00,0x00,0x00,0x00,0x00,0x00,0x00,
    0x00,0x00,0x00,0x00,0x00,0x00,0x00,0x00,0x00,0x00,0x00,0x00}},
    {"sick",
     {0x00,0x00,0x00,0x00,0x00,0x00,0x00,0x00,0x00,0x00,0x00,0x00,
    0x00,0x00,0x00,0x00,0x00,0x00,0x00,0x00,0x00,0x00,0x00,0x00,
    0x00,0x00,0x00,0x00,0x00,0x00,0x00,0x00,0x00,0x00,0x00,0x00,
    0x00,0x00,0x00,0x00,0x00,0x00,0x00,0x00,0x00,0x00,0x00,0x00,
    0x00,0x00,0x00,0x00,0x00,0x00,0x00,0x00,0x00,0x00,0x00,0x00,
    0x00,0x00,0x00,0x00,0x00,0x00,0x00,0x00,0x00,0x00,0x00,0x00,
    0x00,0x00,0x00,0x00,0x00,0x00,0x00,0x00,0x00,0x00,0x00,0x00,
    0x00,0x00,0x00,0x00,0x00,0x00,0x00,0x00,0x00,0x00,0x00,0x00,
    0x00,0x00,0x00,0x00,0x00,0x00,0x00,0x00,0x00,0x00,0x00,0x00,
    0x00,0x00,0x00,0x00,0x00,0x00,0x00,0x00,0x00,0x00,0x00,0x00,
    0x00,0x00,0x00,0x00,0x00,0x00,0x00,0x00,0x00,0x00,0x00,0x00,
    0x00,0x00,0x00,0x00,0x00,0x00,0x00,0x00,0x00,0x00,0x00,0x00,
    0x00,0x00,0x00,0x00,0x00,0x00,0x00,0x00,0x00,0x00,0x00,0x00,
    0x00,0x00,0x00,0x00,0x00,0x00,0x00,0x00,0x00,0x00,0x00,0x00,
    0x00,0x00,0x00,0x00,0x00,0x00,0x00,0x00,0x00,0x00,0x00,0x00,
    0x00,0x00,0x00,0x00,0x00,0x00,0x00,0x00,0x00,0x00,0x00,0x00,
    0x00,0x00,0x00,0x00,0x00,0x00,0x00,0x00,0x00,0x00,0x00,0x00,
    0x00,0x00,0x00,0x00,0x00,0x00,0x00,0x00,0x00,0x00,0x00,0x00,
    0x00,0x00,0x00,0x00,0x00,0x00,0x00,0x00,0x00,0x00,0x00,0x00,
    0x00,0x00,0x00,0x00,0x00,0x00,0x00,0x00,0x00,0x00,0x00,0x00,
    0x00,0x00,0x00,0x00,0x00,0x00,0x00,0x01,0x00,0x00,0x00,0x00,
    0x00,0x00,0x00,0x00,0x01,0x00,0x00,0x00,0x00,0x00,0x00,0x00,
    0x00,0x00,0x00,0x00,0x00,0x00,0x00,0x14,0x10,0x00,0x00,0x00,
    0x00,0x00,0x00,0x00,0x14,0x10,0x00,0x00,0x00,0x00,0x00,0x00,
    0x00,0x00,0x00,0x00,0x00,0x00,0x01,0x45,0x41,0x00,0x00,0x00,
    0x10,0x00,0x00,0x01,0x45,0x41,0x00,0x00,0x00,0x00,0x00,0x00,
    0x00,0x00,0x00,0x00,0x00,0x00,0x01,0x45,0x41,0x00,0x11,0x11,
    0x41,0x11,0x10,0x01,0x45,0x41,0x00,0x00,0x00,0x00,0x00,0x00,
    0x00,0x00,0x00,0x00,0x00,0x00,0x14,0x55,0x54,0x11,0x44,0x44,
    0x44,0x44,0x41,0x14,0x55,0x54,0x10,0x00,0x00,0x00,0x00,0x00,
    0x00,0x00,0x00,0x00,0x00,0x00,0x01,0x45,0x44,0x44,0x44,0x44,
    0x44,0x44,0x44,0x44,0x45,0x41,0x00,0x00,0x00,0x00,0x00,0x00,
    0x00,0x00,0x00,0x00,0x00,0x00,0x01,0x45,0x44,0x44,0x44,0x44,
    0x44,0x44,0x44,0x44,0x45,0x46,0x00,0x00,0x00,0x00,0x00,0x00,
    0x00,0x00,0x00,0x00,0x00,0x00,0x00,0x14,0x44,0x44,0x44,0x44,
    0x44,0x44,0x44,0x44,0x44,0x10,0x60,0x00,0x00,0x00,0x00,0x00,
    0x00,0x00,0x00,0x00,0x00,0x00,0x00,0x14,0x44,0x44,0x44,0x44,
    0x44,0x44,0x44,0x44,0x44,0x16,0x00,0x00,0x00,0x00,0x00,0x00,
    0x00,0x00,0x00,0x00,0x00,0x00,0x01,0x44,0x14,0x44,0x44,0x44,
    0x44,0x44,0x14,0x44,0x44,0x41,0x00,0x00,0x00,0x00,0x00,0x00,
    0x00,0x00,0x00,0x00,0x00,0x00,0x01,0x44,0x41,0x44,0x44,0x44,
    0x44,0x44,0x41,0x44,0x44,0x41,0x00,0x00,0x00,0x00,0x00,0x00,
    0x00,0x00,0x00,0x00,0x00,0x00,0x14,0x44,0x44,0x14,0x14,0x44,
    0x44,0x44,0x44,0x14,0x14,0x44,0x10,0x00,0x00,0x00,0x00,0x00,
    0x00,0x00,0x00,0x00,0x00,0x00,0x14,0x44,0x44,0x41,0x44,0x44,
    0x44,0x44,0x44,0x41,0x44,0x44,0x10,0x00,0x00,0x00,0x00,0x00,
    0x00,0x00,0x00,0x00,0x00,0x00,0x14,0x44,0x44,0x14,0x14,0x44,
    0x44,0x44,0x44,0x14,0x14,0x44,0x10,0x00,0x00,0x00,0x00,0x00,
    0x00,0x00,0x00,0x00,0x00,0x00,0x14,0x44,0x41,0x44,0x44,0x44,
    0x44,0x44,0x41,0x44,0x44,0x44,0x10,0x00,0x00,0x00,0x00,0x00,
    0x00,0x00,0x00,0x00,0x00,0x00,0x14,0x44,0x14,0x44,0x44,0x44,
    0x34,0x44,0x14,0x44,0x44,0x44,0x10,0x00,0x00,0x00,0x00,0x00,
    0x00,0x00,0x00,0x00,0x22,0x01,0x44,0x44,0x44,0x44,0x33,0x33,
    0x33,0x33,0x34,0x44,0x44,0x44,0x41,0x00,0x00,0x00,0x00,0x00,
    0x00,0x00,0x00,0x00,0x22,0x00,0x14,0x44,0x44,0x43,0x33,0x33,
    0x33,0x33,0x33,0x44,0x44,0x44,0x10,0x00,0x00,0x00,0x00,0x00,
    0x00,0x00,0x00,0x00,0x22,0x00,0x14,0x44,0x44,0x33,0x33,0x33,
    0x33,0x33,0x33,0x34,0x44,0x44,0x10,0x00,0x00,0x00,0x00,0x00,
    0x00,0x00,0x00,0x00,0x22,0x00,0x14,0x44,0x43,0x33,0x33,0x13,
    0x13,0x13,0x33,0x33,0x44,0x44,0x10,0x00,0x00,0x00,0x00,0x00,
    0x00,0x00,0x00,0x00,0x22,0x00,0x14,0x44,0x43,0x33,0x33,0x31,
    0x31,0x33,0x33,0x33,0x44,0x44,0x10,0x00,0x00,0x00,0x00,0x00,
    0x00,0x00,0x00,0x00,0x22,0x00,0x14,0x44,0x33,0x33,0x33,0x33,
    0x33,0x33,0x33,0x33,0x34,0x44,0x10,0x00,0x00,0x00,0x00,0x00,
    0x00,0x00,0x00,0x00,0x22,0x00,0x01,0x44,0x43,0x33,0x33,0x33,
    0x33,0x33,0x33,0x33,0x44,0x41,0x00,0x00,0x00,0x00,0x00,0x00,
    0x00,0x00,0x00,0x00,0x22,0x00,0x01,0x44,0x43,0x33,0x33,0x33,
    0x33,0x33,0x33,0x33,0x44,0x41,0x00,0x00,0x00,0x00,0x00,0x00,
    0x00,0x00,0x00,0x00,0x22,0x00,0x00,0x14,0x44,0x33,0x33,0x33,
    0x33,0x33,0x33,0x34,0x44,0x10,0x00,0x00,0x00,0x00,0x00,0x00,
    0x00,0x00,0x00,0x00,0x22,0x00,0x00,0x01,0x44,0x43,0x33,0x33,
    0x33,0x33,0x33,0x44,0x41,0x00,0x00,0x00,0x00,0x00,0x00,0x00,
    0x00,0x00,0x00,0x00,0x22,0x00,0x00,0x01,0x44,0x44,0x33,0x33,
    0x33,0x33,0x34,0x44,0x41,0x00,0x00,0x00,0x00,0x00,0x00,0x00,
    0x00,0x00,0x00,0x00,0x22,0x00,0x00,0x00,0x11,0x44,0x44,0x44,
    0x34,0x44,0x44,0x41,0x10,0x00,0x00,0x00,0x00,0x00,0x00,0x00,
    0x00,0x00,0x00,0x00,0x52,0x00,0x00,0x00,0x00,0x14,0x44,0x44,
    0x44,0x44,0x44,0x10,0x00,0x00,0x00,0x00,0x00,0x00,0x00,0x00,
    0x00,0x00,0x00,0x05,0x55,0x00,0x00,0x00,0x00,0x01,0x44,0x11,
    0x41,0x14,0x41,0x00,0x00,0x00,0x00,0x00,0x00,0x00,0x00,0x00,
    0x00,0x00,0x00,0x55,0x55,0x50,0x00,0x00,0x01,0x14,0x41,0x00,
    0x10,0x01,0x44,0x11,0x00,0x00,0x00,0x00,0x00,0x00,0x00,0x00,
    0x00,0x00,0x00,0x05,0x55,0x00,0x00,0x00,0x14,0x44,0x44,0x10,
    0x00,0x14,0x44,0x44,0x10,0x00,0x00,0x00,0x00,0x00,0x00,0x00,
    0x00,0x00,0x00,0x00,0x50,0x00,0x00,0x00,0x01,0x14,0x11,0x00,
    0x00,0x01,0x14,0x11,0x00,0x00,0x00,0x00,0x00,0x00,0x00,0x00,
    0x00,0x00,0x00,0x00,0x00,0x00,0x00,0x00,0x00,0x01,0x00,0x00,
    0x00,0x00,0x01,0x00,0x00,0x00,0x00,0x00,0x00,0x00,0x00,0x00,
    0x00,0x00,0x00,0x00,0x00,0x00,0x00,0x00,0x00,0x00,0x00,0x00,
    0x00,0x00,0x00,0x00,0x00,0x00,0x00,0x00,0x00,0x00,0x00,0x00,
    0x00,0x00,0x00,0x00,0x00,0x00,0x00,0x00,0x00,0x00,0x00,0x00,
    0x00,0x00,0x00,0x00,0x00,0x00,0x00,0x00,0x00,0x00,0x00,0x00,
    0x00,0x00,0x00,0x00,0x00,0x00,0x00,0x00,0x00,0x00,0x00,0x00,
    0x00,0x00,0x00,0x00,0x00,0x00,0x00,0x00,0x00,0x00,0x00,0x00,
    0x00,0x00,0x00,0x00,0x00,0x00,0x00,0x00,0x00,0x00,0x00,0x00,
    0x00,0x00,0x00,0x00,0x00,0x00,0x00,0x00,0x00,0x00,0x00,0x00}},
    {"scold",
     {0x00,0x00,0x00,0x00,0x00,0x00,0x00,0x00,0x00,0x00,0x00,0x00,
    0x00,0x00,0x00,0x00,0x00,0x00,0x00,0x00,0x00,0x00,0x00,0x00,
    0x00,0x00,0x00,0x00,0x00,0x00,0x00,0x00,0x00,0x00,0x00,0x00,
    0x00,0x00,0x00,0x00,0x00,0x00,0x00,0x00,0x00,0x00,0x00,0x00,
    0x00,0x00,0x00,0x00,0x00,0x00,0x00,0x00,0x00,0x00,0x00,0x00,
    0x00,0x00,0x00,0x00,0x00,0x00,0x00,0x00,0x00,0x00,0x00,0x00,
    0x00,0x00,0x00,0x00,0x00,0x00,0x00,0x00,0x00,0x00,0x00,0x00,
    0x00,0x00,0x00,0x00,0x00,0x00,0x00,0x00,0x00,0x00,0x00,0x00,
    0x00,0x00,0x00,0x00,0x00,0x00,0x00,0x00,0x00,0x00,0x00,0x00,
    0x00,0x00,0x00,0x00,0x00,0x00,0x00,0x00,0x00,0x00,0x00,0x00,
    0x00,0x00,0x00,0x00,0x00,0x00,0x00,0x00,0x00,0x00,0x00,0x00,
    0x00,0x00,0x00,0x00,0x00,0x00,0x00,0x00,0x00,0x00,0x00,0x00,
    0x00,0x00,0x00,0x00,0x00,0x00,0x00,0x00,0x00,0x00,0x00,0x00,
    0x00,0x00,0x00,0x00,0x00,0x00,0x00,0x00,0x00,0x00,0x00,0x00,
    0x00,0x00,0x00,0x00,0x00,0x00,0x00,0x00,0x00,0x00,0x00,0x00,
    0x00,0x00,0x00,0x00,0x00,0x00,0x00,0x00,0x00,0x00,0x00,0x00,
    0x00,0x00,0x00,0x00,0x00,0x50,0x00,0x00,0x00,0x00,0x00,0x00,
    0x00,0x00,0x00,0x00,0x00,0x00,0x00,0x00,0x00,0x00,0x00,0x00,
    0x00,0x00,0x00,0x00,0x00,0x05,0x00,0x00,0x00,0x00,0x00,0x00,
    0x00,0x00,0x00,0x00,0x00,0x00,0x00,0x00,0x00,0x00,0x00,0x00,
    0x00,0x00,0x00,0x00,0x05,0x00,0x00,0x01,0x00,0x00,0x00,0x00,
    0x00,0x00,0x00,0x00,0x01,0x00,0x00,0x00,0x00,0x00,0x00,0x00,
    0x00,0x00,0x00,0x00,0x00,0x00,0x50,0x14,0x10,0x00,0x00,0x00,
    0x00,0x00,0x00,0x00,0x14,0x10,0x00,0x00,0x00,0x00,0x00,0x00,
    0x00,0x00,0x00,0x00,0x00,0x50,0x01,0x45,0x41,0x00,0x00,0x00,
    0x10,0x00,0x00,0x01,0x45,0x41,0x00,0x00,0x00,0x00,0x00,0x00,
    0x00,0x00,0x00,0x00,0x00,0x00,0x01,0x45,0x41,0x00,0x11,0x11,
    0x41,0x11,0x10,0x01,0x45,0x41,0x00,0x00,0x00,0x00,0x00,0x00,
    0x00,0x00,0x00,0x00,0x00,0x00,0x14,0x55,0x54,0x11,0x44,0x44,
    0x44,0x44,0x41,0x14,0x55,0x54,0x10,0x00,0x00,0x00,0x00,0x00,
    0x00,0x00,0x00,0x00,0x00,0x00,0x01,0x45,0x44,0x44,0x44,0x44,
    0x44,0x44,0x44,0x44,0x45,0x41,0x00,0x00,0x00,0x00,0x00,0x00,
    0x00,0x00,0x00,0x00,0x00,0x00,0x01,0x45,0x44,0x44,0x44,0x44,
    0x44,0x44,0x44,0x44,0x45,0x41,0x00,0x00,0x00,0x00,0x00,0x00,
    0x00,0x00,0x00,0x00,0x00,0x00,0x00,0x14,0x44,0x44,0x44,0x44,
    0x44,0x44,0x44,0x44,0x44,0x10,0x00,0x00,0x00,0x00,0x00,0x00,
    0x00,0x00,0x00,0x00,0x00,0x00,0x00,0x14,0x44,0x44,0x44,0x44,
    0x44,0x44,0x44,0x44,0x44,0x10,0x00,0x00,0x00,0x00,0x00,0x00,
    0x00,0x00,0x00,0x00,0x00,0x00,0x01,0x44,0x44,0x44,0x44,0x44,
    0x44,0x44,0x44,0x44,0x44,0x41,0x00,0x00,0x00,0x00,0x00,0x00,
    0x00,0x00,0x00,0x00,0x00,0x00,0x01,0x44,0x44,0x44,0x44,0x44,
    0x44,0x44,0x44,0x44,0x44,0x41,0x00,0x00,0x00,0x00,0x00,0x00,
    0x00,0x00,0x00,0x00,0x00,0x00,0x14,0x44,0x44,0x44,0x44,0x44,
    0x44,0x44,0x44,0x44,0x44,0x44,0x10,0x00,0x00,0x00,0x00,0x00,
    0x00,0x00,0x00,0x00,0x00,0x00,0x14,0x44,0x44,0x14,0x44,0x44,
    0x44,0x44,0x44,0x14,0x44,0x44,0x10,0x00,0x00,0x00,0x00,0x00,
    0x00,0x00,0x00,0x00,0x00,0x00,0x14,0x44,0x41,0x11,0x44,0x44,
    0x44,0x44,0x41,0x11,0x44,0x44,0x10,0x00,0x00,0x00,0x00,0x00,
    0x00,0x00,0x00,0x00,0x00,0x00,0x14,0x44,0x41,0x21,0x44,0x44,
    0x44,0x44,0x41,0x21,0x44,0x44,0x10,0x00,0x00,0x00,0x00,0x00,
    0x00,0x00,0x00,0x00,0x00,0x00,0x14,0x44,0x11,0x11,0x14,0x44,
    0x34,0x44,0x11,0x11,0x14,0x44,0x10,0x00,0x00,0x00,0x00,0x00,
    0x00,0x00,0x00,0x00,0x00,0x01,0x44,0x44,0x41,0x11,0x33,0x33,
    0x33,0x33,0x31,0x11,0x44,0x44,0x41,0x00,0x00,0x00,0x00,0x00,
    0x00,0x00,0x00,0x00,0x00,0x00,0x14,0x44,0x41,0x11,0x33,0x33,
    0x33,0x33,0x31,0x11,0x44,0x44,0x10,0x00,0x00,0x00,0x00,0x00,
    0x00,0x00,0x00,0x00,0x00,0x00,0x14,0x44,0x44,0x13,0x33,0x33,
    0x33,0x33,0x33,0x14,0x44,0x44,0x10,0x00,0x00,0x00,0x00,0x00,
    0x00,0x00,0x00,0x00,0x00,0x00,0x14,0x44,0x43,0x63,0x33,0x33,
    0x33,0x33,0x33,0x63,0x44,0x44,0x10,0x00,0x00,0x00,0x00,0x00,
    0x00,0x00,0x00,0x00,0x00,0x00,0x14,0x44,0x43,0x63,0x33,0x33,
    0x33,0x33,0x33,0x63,0x44,0x44,0x10,0x00,0x00,0x00,0x00,0x00,
    0x00,0x00,0x00,0x00,0x00,0x00,0x14,0x44,0x33,0x33,0x33,0x31,
    0x31,0x33,0x33,0x33,0x34,0x44,0x10,0x00,0x00,0x00,0x00,0x00,
    0x00,0x00,0x00,0x00,0x00,0x00,0x01,0x44,0x43,0x33,0x33,0x13,
    0x13,0x13,0x33,0x33,0x44,0x41,0x00,0x00,0x00,0x00,0x00,0x00,
    0x00,0x00,0x00,0x00,0x00,0x00,0x01,0x44,0x43,0x33,0x33,0x33,
    0x33,0x33,0x33,0x33,0x44,0x41,0x00,0x00,0x00,0x00,0x00,0x00,
    0x00,0x00,0x00,0x00,0x00,0x00,0x00,0x14,0x44,0x33,0x33,0x33,
    0x33,0x33,0x33,0x34,0x44,0x10,0x00,0x00,0x00,0x00,0x00,0x00,
    0x00,0x00,0x00,0x00,0x00,0x00,0x00,0x01,0x44,0x43,0x33,0x33,
    0x33,0x33,0x33,0x44,0x41,0x00,0x00,0x00,0x00,0x00,0x00,0x00,
    0x00,0x00,0x00,0x00,0x00,0x00,0x00,0x01,0x44,0x44,0x33,0x33,
    0x33,0x33,0x34,0x44,0x41,0x00,0x00,0x00,0x00,0x00,0x00,0x00,
    0x00,0x00,0x00,0x00,0x00,0x00,0x00,0x00,0x11,0x44,0x44,0x44,
    0x34,0x44,0x44,0x41,0x10,0x00,0x00,0x00,0x00,0x00,0x00,0x00,
    0x00,0x00,0x00,0x00,0x00,0x00,0x00,0x00,0x00,0x14,0x44,0x44,
    0x44,0x44,0x44,0x10,0x00,0x00,0x00,0x00,0x00,0x00,0x00,0x00,
    0x00,0x00,0x00,0x00,0x00,0x00,0x00,0x00,0x00,0x01,0x44,0x11,
    0x41,0x14,0x41,0x00,0x00,0x00,0x00,0x00,0x00,0x00,0x00,0x00,
    0x00,0x00,0x00,0x00,0x00,0x00,0x00,0x00,0x01,0x14,0x41,0x00,
    0x10,0x01,0x44,0x11,0x00,0x00,0x00,0x00,0x00,0x00,0x00,0x00,
    0x00,0x00,0x00,0x00,0x00,0x00,0x00,0x00,0x14,0x44,0x44,0x10,
    0x00,0x14,0x44,0x44,0x10,0x00,0x00,0x00,0x00,0x00,0x00,0x00,
    0x00,0x00,0x00,0x00,0x00,0x00,0x00,0x00,0x01,0x14,0x11,0x00,
    0x00,0x01,0x14,0x11,0x00,0x00,0x00,0x00,0x00,0x00,0x00,0x00,
    0x00,0x00,0x00,0x00,0x00,0x00,0x00,0x00,0x00,0x01,0x00,0x00,
    0x00,0x00,0x01,0x00,0x00,0x00,0x00,0x00,0x00,0x00,0x00,0x00,
    0x00,0x00,0x00,0x00,0x00,0x00,0x00,0x00,0x00,0x00,0x00,0x00,
    0x00,0x00,0x00,0x00,0x00,0x00,0x00,0x00,0x00,0x00,0x00,0x00,
    0x00,0x00,0x00,0x00,0x00,0x00,0x00,0x00,0x00,0x00,0x00,0x00,
    0x00,0x00,0x00,0x00,0x00,0x00,0x00,0x00,0x00,0x00,0x00,0x00,
    0x00,0x00,0x00,0x00,0x00,0x00,0x00,0x00,0x00,0x00,0x00,0x00,
    0x00,0x00,0x00,0x00,0x00,0x00,0x00,0x00,0x00,0x00,0x00,0x00,
    0x00,0x00,0x00,0x00,0x00,0x00,0x00,0x00,0x00,0x00,0x00,0x00,
    0x00,0x00,0x00,0x00,0x00,0x00,0x00,0x00,0x00,0x00,0x00,0x00}},
    {"dead_grave",
     {0x00,0x00,0x00,0x00,0x00,0x00,0x00,0x00,0x00,0x00,0x00,0x00,
    0x00,0x00,0x00,0x00,0x00,0x00,0x00,0x00,0x00,0x00,0x00,0x00,
    0x00,0x00,0x00,0x00,0x00,0x00,0x00,0x00,0x00,0x00,0x00,0x00,
    0x00,0x00,0x00,0x00,0x00,0x00,0x00,0x00,0x00,0x00,0x00,0x00,
    0x00,0x00,0x00,0x00,0x00,0x00,0x00,0x00,0x00,0x00,0x00,0x00,
    0x00,0x00,0x00,0x00,0x00,0x00,0x00,0x00,0x00,0x00,0x00,0x00,
    0x00,0x00,0x00,0x00,0x00,0x00,0x00,0x00,0x00,0x00,0x00,0x00,
    0x00,0x00,0x00,0x00,0x00,0x00,0x00,0x00,0x00,0x00,0x00,0x00,
    0x00,0x00,0x00,0x00,0x00,0x00,0x00,0x00,0x00,0x00,0x00,0x00,
    0x00,0x00,0x00,0x00,0x00,0x00,0x00,0x00,0x00,0x00,0x00,0x00,
    0x00,0x00,0x00,0x00,0x00,0x00,0x00,0x00,0x00,0x00,0x00,0x00,
    0x00,0x00,0x00,0x00,0x00,0x00,0x00,0x00,0x00,0x00,0x00,0x00,
    0x00,0x00,0x00,0x00,0x00,0x00,0x00,0x00,0x00,0x00,0x00,0x00,
    0x00,0x00,0x00,0x00,0x00,0x00,0x00,0x00,0x00,0x00,0x00,0x00,
    0x00,0x00,0x00,0x00,0x00,0x00,0x00,0x00,0x00,0x00,0x00,0x00,
    0x00,0x00,0x00,0x00,0x00,0x00,0x00,0x00,0x00,0x00,0x00,0x00,
    0x00,0x00,0x00,0x00,0x00,0x00,0x00,0x00,0x00,0x00,0x00,0x00,
    0x00,0x00,0x00,0x00,0x00,0x00,0x00,0x00,0x00,0x00,0x00,0x00,
    0x00,0x00,0x00,0x00,0x00,0x00,0x00,0x00,0x00,0x00,0x00,0x00,
    0x00,0x00,0x00,0x00,0x00,0x00,0x00,0x00,0x00,0x00,0x00,0x00,
    0x00,0x00,0x00,0x00,0x00,0x00,0x00,0x00,0x00,0x00,0x00,0x00,
    0x00,0x00,0x00,0x00,0x00,0x00,0x00,0x00,0x00,0x00,0x00,0x00,
    0x00,0x00,0x00,0x00,0x00,0x00,0x00,0x00,0x00,0x00,0x00,0x00,
    0x00,0x00,0x00,0x00,0x00,0x00,0x00,0x00,0x00,0x00,0x00,0x00,
    0x00,0x00,0x00,0x00,0x00,0x00,0x00,0x00,0x00,0x00,0x00,0x00,
    0x00,0x00,0x00,0x00,0x00,0x00,0x00,0x00,0x00,0x00,0x00,0x00,
    0x00,0x00,0x00,0x00,0x00,0x00,0x00,0x00,0x00,0x00,0x00,0x00,
    0x00,0x00,0x00,0x00,0x00,0x00,0x00,0x00,0x00,0x00,0x00,0x00,
    0x00,0x00,0x00,0x00,0x00,0x00,0x00,0x00,0x00,0x00,0x00,0x00,
    0x00,0x00,0x00,0x00,0x00,0x00,0x00,0x00,0x00,0x00,0x00,0x00,
    0x00,0x00,0x00,0x00,0x00,0x00,0x00,0x00,0x00,0x00,0x00,0x00,
    0x00,0x00,0x00,0x00,0x00,0x00,0x00,0x00,0x00,0x00,0x00,0x00,
    0x00,0x00,0x00,0x00,0x00,0x00,0x00,0x00,0x00,0x00,0x00,0x00,
    0x00,0x00,0x00,0x00,0x00,0x00,0x00,0x00,0x00,0x00,0x00,0x00,
    0x00,0x00,0x00,0x00,0x00,0x00,0x00,0x00,0x00,0x00,0x00,0x00,
    0x00,0x00,0x00,0x00,0x00,0x00,0x00,0x00,0x00,0x00,0x00,0x00,
    0x00,0x00,0x00,0x00,0x00,0x00,0x00,0x00,0x00,0x00,0x00,0x00,
    0x10,0x00,0x00,0x00,0x00,0x00,0x00,0x00,0x00,0x00,0x00,0x00,
    0x00,0x00,0x00,0x00,0x00,0x00,0x00,0x00,0x00,0x01,0x11,0x11,
    0xE1,0x11,0x11,0x00,0x00,0x00,0x00,0x00,0x00,0x00,0x00,0x00,
    0x00,0x00,0x00,0x00,0x00,0x00,0x00,0x00,0x01,0x1E,0xEE,0xEE,
    0xEE,0xEE,0xEE,0x11,0x00,0x00,0x00,0x00,0x00,0x00,0x00,0x00,
    0x00,0x00,0x00,0x00,0x00,0x00,0x00,0x01,0x1E,0xEE,0xEE,0xEE,
    0xEE,0xEE,0xEE,0xEE,0x11,0x00,0x00,0x00,0x00,0x00,0x00,0x00,
    0x00,0x00,0x00,0x00,0x00,0x00,0x00,0x1E,0xEE,0xEE,0xEE,0xEE,
    0xEE,0xEE,0xEE,0xEE,0xEE,0x10,0x00,0x00,0x00,0x00,0x00,0x00,
    0x00,0x00,0x00,0x00,0x00,0x00,0x01,0xEE,0xEE,0xEE,0xEE,0xEE,
    0xEE,0xEE,0xEE,0xEE,0xEE,0xE1,0x00,0x00,0x00,0x00,0x00,0x00,
    0x00,0x00,0x00,0x00,0x00,0x00,0x01,0xEE,0xEE,0xFF,0xFF,0xFF,
    0xFF,0xFF,0xFF,0xFE,0xEE,0xE1,0x00,0x00,0x00,0x00,0x00,0x00,
    0x00,0x00,0x00,0x00,0x00,0x00,0x01,0xEE,0xEE,0xFF,0xFF,0xFF,
    0xFF,0xFF,0xFF,0xFE,0xEE,0xE1,0x00,0x00,0x00,0x00,0x00,0x00,
    0x00,0x00,0x00,0x00,0x00,0x00,0x1E,0xEE,0xEE,0xEE,0xEE,0xEE,
    0xEE,0xEE,0xEE,0xEE,0xEE,0xEE,0x10,0x00,0x00,0x00,0x00,0x00,
    0x00,0x00,0x00,0x00,0x00,0x00,0x1E,0xEE,0xEE,0xEE,0xEE,0xEE,
    0xEE,0xEE,0xEE,0xEE,0xEE,0xEE,0x10,0x00,0x00,0x00,0x00,0x00,
    0x00,0x00,0x00,0x00,0x00,0x00,0x1E,0xEE,0xEE,0xEE,0xEE,0xEE,
    0xEE,0xEE,0xEE,0xEE,0xEE,0xEE,0x10,0x00,0x00,0x00,0x00,0x00,
    0x00,0x00,0x00,0x00,0x00,0x00,0x1E,0xEE,0xEE,0xEE,0xEE,0xEE,
    0xEE,0xEE,0xEE,0xEE,0xEE,0xEE,0x10,0x00,0x00,0x00,0x00,0x00,
    0x00,0x00,0x00,0x00,0x00,0x00,0x1E,0xEE,0xEE,0xEE,0xEE,0xFE,
    0xEE,0xFE,0xEE,0xEE,0xEE,0xEE,0x10,0x00,0x00,0x00,0x00,0x00,
    0x00,0x00,0x00,0x00,0x00,0x00,0x1E,0xEE,0xEE,0xEE,0xEE,0xEE,
    0xEE,0xEE,0xEE,0xEE,0xEE,0xEE,0x10,0x00,0x00,0x00,0x00,0x00,
    0x00,0x00,0x00,0x00,0x00,0x00,0x1E,0xEE,0xEE,0xEE,0xFF,0xFF,
    0xFF,0xFF,0xFE,0xEE,0xEE,0xEE,0x10,0x00,0x00,0x00,0x00,0x00,
    0x00,0x00,0x00,0x00,0x00,0x00,0x1E,0xEE,0xEE,0xEE,0xEE,0xEE,
    0xEE,0xEE,0xEE,0xEE,0xEE,0xEE,0x10,0x00,0x00,0x00,0x00,0x00,
    0x00,0x00,0x00,0x00,0x00,0x00,0x1E,0xEE,0xEE,0xEE,0xEE,0xEE,
    0xEE,0xEE,0xEE,0xEE,0xEE,0xEE,0x10,0x00,0x00,0x00,0x00,0x00,
    0x00,0x00,0x00,0x00,0x00,0x00,0x1E,0xEE,0xEE,0xEE,0xEE,0xEE,
    0xEE,0xEE,0xEE,0xEE,0xEE,0xEE,0x10,0x00,0x00,0x00,0x00,0x00,
    0x00,0x00,0x00,0x00,0x00,0x00,0x1E,0xEE,0xEE,0xEE,0xEE,0xEE,
    0xEE,0xEE,0xEE,0xEE,0xEE,0xEE,0x10,0x00,0x00,0x00,0x00,0x00,
    0x00,0x00,0x00,0x00,0x00,0x00,0x1E,0xEE,0xEE,0xEE,0xEE,0xEE,
    0xEE,0xEE,0xEE,0xEE,0xEE,0xE4,0x41,0x00,0x00,0x00,0x00,0x00,
    0x00,0x00,0x00,0x00,0x00,0x00,0x1E,0xEE,0xEE,0xEE,0xEE,0xEE,
    0xEE,0xEE,0xEE,0xEE,0xEE,0x44,0x44,0x10,0x00,0x00,0x00,0x00,
    0x00,0x00,0x00,0x00,0x00,0x00,0x1E,0xEE,0xEE,0xEE,0xEE,0xEE,
    0xEE,0xEE,0xEE,0xEE,0xEE,0xE4,0x41,0x00,0x00,0x00,0x00,0x00,
    0x00,0x00,0x00,0x00,0x00,0x11,0xFF,0xFF,0xFF,0xFF,0xFF,0xFF,
    0xFF,0xFF,0xFF,0xFF,0xFF,0xFF,0xDF,0x10,0x00,0x00,0x00,0x00,
    0x00,0x00,0x00,0x00,0x00,0x1F,0xFF,0xFF,0xFF,0xFF,0xFF,0xFF,
    0xFF,0xFF,0xFF,0xFF,0xFF,0xFF,0xDF,0x10,0x00,0x00,0x00,0x00,
    0x00,0x00,0x00,0x00,0x00,0x1F,0xFF,0xFF,0xFF,0xFF,0xFF,0xFF,
    0xFF,0xFF,0xFF,0xFF,0xFF,0xFF,0xDF,0x10,0x00,0x00,0x00,0x00,
    0x00,0x00,0x00,0x00,0x00,0x1F,0xFF,0xDF,0xFF,0xDF,0xFF,0xFF,
    0xFF,0xFF,0xFF,0xDF,0xFF,0xDF,0xFF,0x10,0x00,0x00,0x00,0x00,
    0x00,0x00,0x00,0x00,0x00,0x11,0x11,0x11,0x11,0x11,0x11,0x11,
    0x11,0x11,0x11,0x11,0x11,0x11,0x11,0x10,0x00,0x00,0x00,0x00,
    0x00,0x00,0x00,0x00,0x00,0x00,0x00,0x00,0x00,0x00,0x00,0x00,
    0x00,0x00,0x00,0x00,0x00,0x00,0x00,0x00,0x00,0x00,0x00,0x00,
    0x00,0x00,0x00,0x00,0x00,0x00,0x00,0x00,0x00,0x00,0x00,0x00,
    0x00,0x00,0x00,0x00,0x00,0x00,0x00,0x00,0x00,0x00,0x00,0x00,
    0x00,0x00,0x00,0x00,0x00,0x00,0x00,0x00,0x00,0x00,0x00,0x00,
    0x00,0x00,0x00,0x00,0x00,0x00,0x00,0x00,0x00,0x00,0x00,0x00}},
    {"wedding",
     {0x00,0x00,0x00,0x00,0x00,0x00,0x00,0x00,0x00,0x00,0x00,0x00,
    0x00,0x00,0x00,0x00,0x00,0x00,0x00,0x00,0x00,0x00,0x00,0x00,
    0x00,0x00,0x00,0x00,0x00,0x00,0x00,0x00,0x00,0x00,0x00,0x00,
    0x00,0x00,0x00,0x00,0x00,0x00,0x00,0x00,0x00,0x00,0x00,0x00,
    0x00,0x00,0x00,0x00,0x00,0x00,0x00,0x00,0x00,0x00,0x00,0x00,
    0x00,0x00,0x00,0x00,0x00,0x00,0x00,0x00,0x00,0x00,0x00,0x00,
    0x00,0x00,0x00,0x00,0x00,0x00,0x00,0x00,0x00,0x00,0x00,0x00,
    0x00,0x00,0x00,0x00,0x00,0x00,0x00,0x00,0x00,0x00,0x00,0x00,
    0x00,0x00,0x00,0x00,0x00,0x00,0x00,0x00,0x00,0x00,0x00,0x00,
    0x00,0x00,0x00,0x00,0x00,0x00,0x00,0x00,0x00,0x00,0x00,0x00,
    0x00,0x00,0x00,0x00,0x00,0x00,0x00,0x00,0x00,0x00,0x00,0x00,
    0x00,0x00,0x00,0x00,0x00,0x00,0x00,0x00,0x00,0x00,0x00,0x00,
    0x00,0x00,0x00,0x00,0x00,0x00,0x00,0x00,0x00,0x00,0x00,0x00,
    0x00,0x00,0x00,0x00,0x00,0x00,0x00,0x00,0x00,0x00,0x00,0x00,
    0x00,0x00,0x00,0x00,0x00,0x00,0x00,0x00,0x00,0x00,0x00,0x00,
    0x00,0x00,0x00,0x00,0x00,0x00,0x00,0x00,0x00,0x00,0x00,0x00,
    0x00,0x00,0x00,0x00,0x00,0x00,0x00,0x00,0x00,0x00,0x00,0x00,
    0x00,0x00,0x00,0x00,0x00,0x00,0x00,0x00,0x00,0x00,0x00,0x00,
    0x00,0x00,0x00,0x00,0x00,0x00,0x00,0x00,0x00,0x00,0x01,0x10,
    0x00,0x11,0x00,0x00,0x00,0x00,0x00,0x00,0x00,0x00,0x00,0x00,
    0x00,0x00,0x00,0x00,0x00,0x00,0x00,0x00,0x00,0x00,0x11,0x01,
    0x01,0x00,0x10,0x00,0x00,0x00,0x00,0x00,0x00,0x00,0x00,0x00,
    0x00,0x00,0x00,0x00,0x00,0x00,0x00,0x00,0x00,0x01,0x00,0x00,
    0x10,0x00,0x01,0x00,0x00,0x00,0x00,0x00,0x00,0x00,0x00,0x00,
    0x00,0x00,0x00,0x00,0x00,0x00,0x00,0x00,0x00,0x00,0x10,0x01,
    0x11,0x00,0x10,0x00,0x00,0x00,0x00,0x00,0x00,0x00,0x00,0x00,
    0x00,0x00,0x00,0x00,0x00,0x00,0x00,0x00,0x00,0x00,0x01,0x10,
    0x00,0x11,0x00,0x00,0x00,0x00,0x00,0x00,0x00,0x00,0x00,0x00,
    0x00,0x00,0x00,0x00,0x00,0x00,0x00,0x00,0x00,0x00,0x00,0x11,
    0x01,0x10,0x00,0x00,0x00,0x00,0x00,0x00,0x00,0x00,0x00,0x00,
    0x00,0x00,0x00,0x00,0x00,0x00,0x00,0x00,0x00,0x00,0x00,0x01,
    0x11,0x00,0x00,0x00,0x00,0x00,0x00,0x00,0x00,0x00,0x00,0x00,
    0x00,0x00,0x00,0x00,0x00,0x00,0x00,0x00,0x00,0x00,0x00,0x00,
    0x10,0x00,0x00,0x00,0x00,0x00,0x00,0x00,0x00,0x00,0x00,0x00,
    0x00,0x00,0x00,0x00,0x00,0x00,0x00,0x00,0x00,0x00,0x00,0x00,
    0x00,0x00,0x00,0x00,0x00,0x00,0x00,0x00,0x00,0x00,0x00,0x00,
    0x00,0x00,0x00,0x00,0x00,0x00,0x01,0x00,0x00,0x00,0x00,0x00,
    0x00,0x00,0x00,0x00,0x00,0x00,0x00,0x00,0x00,0x00,0x00,0x00,
    0x00,0x00,0x00,0x00,0x01,0x11,0x12,0x11,0x11,0x00,0x00,0x00,
    0x00,0x00,0x00,0x00,0x00,0x00,0x00,0x00,0x00,0x00,0x00,0x00,
    0x00,0x00,0x00,0x00,0x12,0x22,0x22,0x22,0x22,0x10,0x00,0x00,
    0x00,0x00,0x00,0x00,0x00,0x01,0x00,0x00,0x00,0x00,0x00,0x00,
    0x00,0x00,0x00,0x01,0x22,0x22,0x22,0x22,0x22,0x21,0x00,0x00,
    0x00,0x00,0x00,0x00,0x11,0x16,0x11,0x10,0x00,0x00,0x00,0x00,
    0x00,0x00,0x00,0x01,0x22,0x22,0x22,0x22,0x22,0x10,0x00,0x00,
    0x00,0x00,0x00,0x11,0x66,0x66,0x66,0x61,0x10,0x00,0x00,0x00,
    0x00,0x00,0x00,0x14,0x42,0x22,0x22,0x22,0x22,0x41,0x00,0x00,
    0x00,0x00,0x01,0x66,0x66,0x66,0x66,0x66,0x61,0x00,0x00,0x00,
    0x00,0x00,0x01,0x44,0x44,0x44,0x42,0x44,0x44,0x44,0x10,0x00,
    0x00,0x00,0x16,0x66,0x66,0x66,0x66,0x66,0x66,0x10,0x00,0x00,
    0x00,0x00,0x00,0x14,0x44,0x44,0x44,0x44,0x44,0x44,0x10,0x00,
    0x00,0x00,0x16,0x66,0x66,0x66,0x66,0x66,0x66,0x10,0x00,0x00,
    0x00,0x00,0x01,0x44,0x44,0x44,0x44,0x44,0x44,0x44,0x41,0x00,
    0x00,0x01,0x66,0x66,0x66,0x66,0x66,0x66,0x66,0x61,0x00,0x00,
    0x00,0x00,0x01,0x44,0x44,0x14,0x44,0x44,0x14,0x44,0x41,0x00,
    0x00,0x01,0x66,0x66,0x16,0x66,0x66,0x16,0x66,0x61,0x00,0x00,
    0x00,0x00,0x01,0x44,0x41,0x41,0x44,0x41,0x41,0x44,0x41,0x00,
    0x00,0x01,0x66,0x61,0x61,0x66,0x61,0x61,0x66,0x61,0x00,0x00,
    0x00,0x00,0x01,0x44,0x44,0x44,0x44,0x44,0x44,0x44,0x41,0x00,
    0x00,0x01,0x66,0x66,0x66,0x66,0x66,0x66,0x66,0x61,0x00,0x00,
    0x00,0x00,0x14,0x44,0x44,0x44,0x44,0x44,0x44,0x44,0x44,0x10,
    0x00,0x16,0x66,0x66,0x66,0x66,0x66,0x66,0x66,0x66,0x10,0x00,
    0x00,0x00,0x01,0x44,0x54,0x44,0x44,0x44,0x44,0x54,0x41,0x00,
    0x00,0x01,0x66,0x56,0x66,0x66,0x66,0x66,0x56,0x61,0x00,0x00,
    0x00,0x00,0x01,0x44,0x44,0x44,0x44,0x44,0x44,0x44,0x41,0x00,
    0x00,0x01,0x66,0x66,0x66,0x66,0x66,0x66,0x66,0x61,0x00,0x00,
    0x00,0x00,0x01,0x44,0x44,0x44,0x44,0x44,0x44,0x44,0x41,0x00,
    0x00,0x01,0x66,0x66,0x66,0x66,0x66,0x66,0x66,0x61,0x00,0x00,
    0x00,0x00,0x01,0x44,0x44,0x44,0x44,0x44,0x44,0x44,0x41,0x00,
    0x00,0x01,0x66,0x66,0x66,0x66,0x66,0x66,0x66,0x61,0x00,0x00,
    0x00,0x00,0x00,0x14,0x44,0x44,0x44,0x44,0x44,0x44,0x10,0x00,
    0x00,0x00,0x16,0x66,0x66,0x66,0x66,0x66,0x66,0x10,0x00,0x00,
    0x00,0x00,0x00,0x14,0x44,0x44,0x44,0x44,0x44,0x44,0x10,0x00,
    0x00,0x00,0x16,0x66,0x66,0x66,0x66,0x66,0x66,0x10,0x00,0x00,
    0x00,0x00,0x00,0x01,0x44,0x44,0x44,0x44,0x44,0x41,0x00,0x00,
    0x00,0x00,0x01,0x66,0x66,0x66,0x66,0x66,0x61,0x00,0x00,0x00,
    0x00,0x00,0x00,0x00,0x11,0x44,0x44,0x44,0x41,0x10,0x00,0x00,
    0x00,0x00,0x00,0x11,0x66,0x66,0x66,0x61,0x10,0x00,0x00,0x00,
    0x00,0x00,0x00,0x00,0x00,0x11,0x14,0x11,0x10,0x00,0x00,0x00,
    0x00,0x00,0x00,0x00,0x17,0x79,0x77,0x10,0x00,0x00,0x00,0x00,
    0x00,0x00,0x00,0x00,0x00,0x00,0x01,0x00,0x00,0x00,0x00,0x00,
    0x00,0x00,0x00,0x00,0x01,0x11,0x11,0x00,0x00,0x00,0x00,0x00,
    0x00,0x00,0x00,0x00,0x00,0x00,0x00,0x00,0x00,0x00,0x00,0x00,
    0x00,0x00,0x00,0x00,0x00,0x00,0x00,0x00,0x00,0x00,0x00,0x00,
    0x00,0x00,0x01,0x00,0x00,0x00,0x00,0x00,0x00,0x00,0x00,0x00,
    0x00,0x00,0x00,0x00,0x00,0x00,0x00,0x00,0x00,0x10,0x00,0x00,
    0x00,0x00,0x00,0x00,0x00,0x00,0x00,0x01,0x00,0x00,0x00,0x00,
    0x00,0x00,0x00,0x01,0x00,0x00,0x00,0x00,0x00,0x00,0x00,0x00,
    0x00,0x00,0x00,0x00,0x00,0x00,0x00,0x00,0x00,0x00,0x00,0x00,
    0x00,0x00,0x00,0x00,0x00,0x00,0x00,0x00,0x00,0x00,0x00,0x00,
    0x00,0x00,0x00,0x00,0x00,0x00,0x00,0x00,0x00,0x00,0x00,0x00,
    0x00,0x00,0x00,0x00,0x00,0x00,0x00,0x00,0x00,0x00,0x00,0x00,
    0x00,0x00,0x00,0x00,0x00,0x00,0x00,0x00,0x00,0x00,0x00,0x00,
    0x00,0x00,0x00,0x00,0x00,0x00,0x00,0x00,0x00,0x00,0x00,0x00,
    0x00,0x00,0x00,0x00,0x00,0x00,0x00,0x00,0x00,0x00,0x00,0x00,
    0x00,0x00,0x00,0x00,0x00,0x00,0x00,0x00,0x00,0x00,0x00,0x00}},
    {"born",
     {0x00,0x00,0x00,0x00,0x00,0x00,0x00,0x00,0x00,0x00,0x00,0x00,
    0x00,0x00,0x00,0x00,0x00,0x00,0x00,0x00,0x00,0x00,0x00,0x00,
    0x00,0x00,0x00,0x00,0x00,0x00,0x00,0x00,0x00,0x00,0x00,0x00,
    0x00,0x00,0x00,0x00,0x00,0x00,0x00,0x00,0x00,0x00,0x00,0x00,
    0x00,0x00,0x00,0x00,0x00,0x00,0x00,0x00,0x00,0x00,0x00,0x00,
    0x00,0x00,0x00,0x00,0x00,0x00,0x00,0x00,0x00,0x00,0x00,0x00,
    0x00,0x00,0x00,0x00,0x00,0x00,0x00,0x00,0x00,0x00,0x00,0x00,
    0x00,0x00,0x00,0x00,0x00,0x00,0x00,0x00,0x00,0x00,0x00,0x00,
    0x00,0x00,0x00,0x00,0x00,0x00,0x00,0x00,0x00,0x00,0x00,0x00,
    0x00,0x00,0x00,0x00,0x00,0x00,0x00,0x00,0x00,0x00,0x00,0x00,
    0x00,0x00,0x00,0x00,0x00,0x00,0x00,0x00,0x00,0x00,0x00,0x00,
    0x00,0x00,0x00,0x00,0x00,0x00,0x00,0x00,0x00,0x00,0x00,0x00,
    0x00,0x00,0x00,0x00,0x00,0x00,0x00,0x00,0x00,0x00,0x00,0x00,
    0x00,0x00,0x00,0x00,0x00,0x00,0x00,0x00,0x00,0x00,0x00,0x00,
    0x00,0x00,0x00,0x00,0x00,0x00,0x00,0x00,0x00,0x00,0x00,0x00,
    0x00,0x00,0x00,0x00,0x00,0x00,0x00,0x00,0x00,0x00,0x00,0x00,
    0x00,0x00,0x00,0x00,0x00,0x00,0x00,0x00,0x00,0x00,0x00,0x00,
    0x00,0x00,0x00,0x00,0x00,0x00,0x00,0x00,0x00,0x00,0x00,0x00,
    0x00,0x00,0x00,0x00,0x00,0x00,0x00,0x00,0x00,0x00,0x00,0x00,
    0x00,0x00,0x00,0x00,0x00,0x00,0x00,0x00,0x00,0x00,0x00,0x00,
    0x00,0x00,0x00,0x11,0x00,0x00,0x00,0x00,0x00,0x00,0x00,0x00,
    0x00,0x00,0x00,0x00,0x00,0x00,0x00,0x00,0x00,0x00,0x00,0x00,
    0x00,0x00,0x00,0x10,0x00,0x00,0x00,0x00,0x00,0x00,0x00,0x00,
    0x00,0x00,0x00,0x00,0x00,0x00,0x00,0x00,0x00,0x00,0x00,0x00,
    0x00,0x00,0x00,0x00,0x00,0x00,0x00,0x00,0x00,0x00,0x00,0x00,
    0x00,0x00,0x00,0x00,0x00,0x00,0x00,0x00,0x11,0x00,0x00,0x00,
    0x00,0x00,0x00,0x00,0x00,0x00,0x00,0x00,0x00,0x00,0x00,0x00,
    0x10,0x00,0x00,0x00,0x00,0x00,0x00,0x00,0x10,0x00,0x00,0x00,
    0x00,0x00,0x00,0x00,0x00,0x00,0x00,0x00,0x00,0x00,0x00,0x01,
    0x01,0x00,0x00,0x00,0x00,0x00,0x00,0x00,0x00,0x00,0x00,0x00,
    0x00,0x00,0x00,0x00,0x00,0x00,0x00,0x00,0x00,0x00,0x00,0x00,
    0x10,0x00,0x00,0x00,0x00,0x00,0x00,0x00,0x00,0x00,0x00,0x00,
    0x00,0x00,0x00,0x00,0x00,0x00,0x00,0x00,0x00,0x00,0x11,0x11,
    0x41,0x11,0x10,0x00,0x00,0x00,0x00,0x00,0x00,0x00,0x00,0x00,
    0x00,0x00,0x00,0x00,0x00,0x00,0x00,0x00,0x00,0x01,0x44,0x44,
    0x44,0x44,0x41,0x00,0x00,0x00,0x00,0x00,0x00,0x00,0x00,0x00,
    0x00,0x00,0x00,0x00,0x00,0x00,0x00,0x00,0x00,0x14,0x14,0x44,
    0x44,0x44,0x14,0x10,0x00,0x00,0x00,0x00,0x00,0x00,0x00,0x00,
    0x00,0x00,0x00,0x00,0x00,0x00,0x00,0x00,0x01,0x41,0x11,0x44,
    0x44,0x41,0x11,0x41,0x00,0x00,0x00,0x00,0x00,0x00,0x00,0x00,
    0x00,0x00,0x00,0x00,0x00,0x00,0x00,0x00,0x01,0x41,0x22,0x44,
    0x44,0x41,0x22,0x41,0x00,0x00,0x00,0x00,0x00,0x00,0x00,0x00,
    0x00,0x00,0x00,0x00,0x00,0x00,0x00,0x00,0x01,0x11,0x11,0x14,
    0x44,0x11,0x11,0x11,0x00,0x00,0x00,0x00,0x00,0x00,0x00,0x00,
    0x00,0x00,0x00,0x00,0x00,0x00,0x00,0x00,0x14,0x41,0x11,0x44,
    0x44,0x41,0x11,0x44,0x10,0x00,0x00,0x00,0x00,0x00,0x00,0x00,
    0x00,0x00,0x00,0x00,0x00,0x00,0x00,0x00,0x01,0x45,0x11,0x44,
    0x44,0x41,0x15,0x41,0x00,0x00,0x00,0x00,0x00,0x00,0x00,0x00,
    0x00,0x00,0x00,0x00,0x00,0x00,0x00,0x00,0x14,0x44,0x14,0x44,
    0x44,0x44,0x14,0x44,0x10,0x00,0x00,0x00,0x00,0x00,0x00,0x00,
    0x00,0x00,0x00,0x00,0x00,0x00,0x00,0x11,0x34,0x44,0x44,0x44,
    0x14,0x44,0x44,0x44,0x31,0x10,0x00,0x00,0x00,0x00,0x00,0x00,
    0x00,0x00,0x00,0x00,0x00,0x00,0x00,0x11,0x33,0x44,0x44,0x44,
    0x44,0x44,0x44,0x43,0x31,0x10,0x00,0x00,0x00,0x00,0x00,0x00,
    0x00,0x00,0x00,0x00,0x00,0x00,0x11,0x33,0x33,0x14,0x44,0x44,
    0x44,0x44,0x44,0x13,0x33,0x31,0x10,0x00,0x00,0x00,0x00,0x00,
    0x00,0x00,0x00,0x00,0x00,0x00,0x13,0x33,0x33,0x33,0x44,0x44,
    0x44,0x44,0x43,0x33,0x33,0x33,0x10,0x00,0x00,0x00,0x00,0x00,
    0x00,0x00,0x00,0x00,0x00,0x00,0x13,0x33,0x33,0x33,0x33,0x33,
    0x43,0x33,0x33,0x33,0x33,0x33,0x10,0x00,0x00,0x00,0x00,0x00,
    0x00,0x00,0x00,0x00,0x00,0x00,0x13,0x33,0x33,0x33,0x33,0x33,
    0x33,0x33,0x33,0x33,0x33,0x33,0x10,0x00,0x00,0x00,0x00,0x00,
    0x00,0x00,0x00,0x00,0x00,0x00,0x13,0x33,0x33,0x33,0x33,0x33,
    0x33,0x33,0x33,0x33,0x33,0x33,0x10,0x00,0x00,0x00,0x00,0x00,
    0x00,0x00,0x00,0x00,0x00,0x01,0x33,0x33,0x33,0x33,0x33,0x33,
    0x33,0x33,0x33,0x33,0x33,0x33,0x31,0x00,0x00,0x00,0x00,0x00,
    0x00,0x00,0x00,0x00,0x00,0x00,0x13,0x33,0x33,0x33,0x33,0x33,
    0x33,0x33,0x33,0x33,0x33,0x33,0x10,0x00,0x00,0x00,0x00,0x00,
    0x00,0x00,0x00,0x00,0x00,0x00,0x13,0x33,0x33,0x33,0x33,0x33,
    0x33,0x33,0x33,0x33,0x33,0x33,0x10,0x00,0x00,0x00,0x00,0x00,
    0x00,0x00,0x00,0x00,0x00,0x00,0x13,0x33,0x33,0x33,0x33,0x33,
    0x33,0x33,0x33,0x33,0x33,0x33,0x10,0x00,0x00,0x00,0x00,0x00,
    0x00,0x00,0x00,0x00,0x00,0x00,0x13,0x33,0x33,0x33,0x33,0x33,
    0x33,0x33,0x33,0x33,0x33,0x33,0x10,0x11,0x00,0x00,0x00,0x00,
    0x00,0x00,0x00,0x00,0x00,0x00,0x01,0x33,0x33,0x33,0x33,0x33,
    0x33,0x33,0x33,0x33,0x33,0x31,0x00,0x10,0x00,0x00,0x00,0x00,
    0x00,0x00,0x00,0x00,0x00,0x11,0x00,0x13,0x33,0x33,0x33,0x33,
    0x33,0x33,0x33,0x33,0x33,0x10,0x00,0x00,0x00,0x00,0x00,0x00,
    0x00,0x00,0x00,0x00,0x00,0x10,0x00,0x11,0x33,0x33,0x33,0x33,
    0x33,0x33,0x33,0x33,0x31,0x10,0x00,0x00,0x00,0x00,0x00,0x00,
    0x00,0x00,0x00,0x00,0x00,0x00,0x00,0x00,0x13,0x33,0x33,0x33,
    0x33,0x33,0x33,0x33,0x10,0x00,0x00,0x00,0x00,0x00,0x00,0x00,
    0x00,0x00,0x00,0x00,0x00,0x00,0x00,0x00,0x01,0x13,0x33,0x33,
    0x33,0x33,0x33,0x11,0x00,0x00,0x00,0x00,0x00,0x00,0x00,0x00,
    0x00,0x00,0x00,0x00,0x00,0x00,0x00,0x00,0x00,0x01,0x11,0x11,
    0x31,0x11,0x11,0x00,0x00,0x00,0x00,0x00,0x00,0x00,0x00,0x00,
    0x00,0x00,0x00,0x00,0x00,0x00,0x00,0x00,0x00,0x00,0x00,0x00,
    0x10,0x00,0x00,0x00,0x00,0x00,0x00,0x00,0x00,0x00,0x00,0x00,
    0x00,0x00,0x00,0x00,0x00,0x00,0x00,0x00,0x00,0x00,0x00,0x00,
    0x00,0x00,0x00,0x00,0x00,0x00,0x00,0x00,0x00,0x00,0x00,0x00,
    0x00,0x00,0x00,0x00,0x00,0x00,0x00,0x00,0x00,0x00,0x00,0x00,
    0x00,0x00,0x00,0x00,0x00,0x00,0x00,0x00,0x00,0x00,0x00,0x00,
    0x00,0x00,0x00,0x00,0x00,0x00,0x00,0x00,0x00,0x00,0x00,0x00,
    0x00,0x00,0x00,0x00,0x00,0x00,0x00,0x00,0x00,0x00,0x00,0x00,
    0x00,0x00,0x00,0x00,0x00,0x00,0x00,0x00,0x00,0x00,0x00,0x00,
    0x00,0x00,0x00,0x00,0x00,0x00,0x00,0x00,0x00,0x00,0x00,0x00}},
    {"eat",
     {0x00,0x00,0x00,0x00,0x00,0x00,0x00,0x00,0x00,0x00,0x00,0x00,
    0x00,0x00,0x00,0x00,0x00,0x00,0x00,0x00,0x00,0x00,0x00,0x00,
    0x00,0x00,0x00,0x00,0x00,0x00,0x00,0x00,0x00,0x00,0x00,0x00,
    0x00,0x00,0x00,0x00,0x00,0x00,0x00,0x00,0x00,0x00,0x00,0x00,
    0x00,0x00,0x00,0x00,0x00,0x00,0x00,0x00,0x00,0x00,0x00,0x00,
    0x00,0x00,0x00,0x00,0x00,0x00,0x00,0x00,0x00,0x00,0x00,0x00,
    0x00,0x00,0x00,0x00,0x00,0x00,0x00,0x00,0x00,0x00,0x00,0x00,
    0x00,0x00,0x00,0x00,0x00,0x00,0x00,0x00,0x00,0x00,0x00,0x00,
    0x00,0x00,0x00,0x00,0x00,0x00,0x00,0x00,0x00,0x00,0x00,0x00,
    0x00,0x00,0x00,0x00,0x00,0x00,0x00,0x00,0x00,0x00,0x00,0x00,
    0x00,0x00,0x00,0x00,0x00,0x00,0x00,0x00,0x00,0x00,0x00,0x00,
    0x00,0x00,0x00,0x00,0x00,0x00,0x00,0x00,0x00,0x00,0x00,0x00,
    0x00,0x00,0x00,0x00,0x00,0x00,0x00,0x00,0x00,0x00,0x00,0x00,
    0x00,0x00,0x00,0x00,0x00,0x00,0x00,0x00,0x00,0x00,0x00,0x00,
    0x00,0x00,0x00,0x00,0x00,0x00,0x00,0x00,0x00,0x00,0x00,0x00,
    0x00,0x00,0x00,0x00,0x00,0x00,0x00,0x00,0x00,0x00,0x00,0x00,
    0x00,0x00,0x00,0x00,0x00,0x00,0x00,0x00,0x00,0x00,0x00,0x00,
    0x00,0x00,0x00,0x00,0x00,0x00,0x00,0x00,0x00,0x00,0x00,0x00,
    0x00,0x00,0x00,0x00,0x00,0x00,0x00,0x00,0x00,0x00,0x00,0x00,
    0x00,0x00,0x00,0x00,0x00,0x00,0x00,0x00,0x00,0x00,0x00,0x00,
    0x00,0x00,0x00,0x00,0x00,0x00,0x00,0x01,0x00,0x00,0x00,0x00,
    0x00,0x00,0x00,0x00,0x01,0x00,0x00,0x00,0x00,0x00,0x00,0x00,
    0x00,0x00,0x00,0x00,0x00,0x00,0x00,0x14,0x10,0x00,0x00,0x00,
    0x00,0x00,0x00,0x00,0x14,0x10,0x00,0x00,0x00,0x00,0x00,0x00,
    0x00,0x00,0x00,0x00,0x00,0x00,0x01,0x45,0x41,0x00,0x00,0x00,
    0x10,0x00,0x00,0x01,0x45,0x41,0x00,0x00,0x00,0x00,0x00,0x00,
    0x00,0x00,0x00,0x00,0x00,0x00,0x01,0x45,0x41,0x00,0x11,0x11,
    0x41,0x11,0x10,0x01,0x45,0x41,0x00,0x00,0x00,0x00,0x00,0x00,
    0x00,0x00,0x00,0x00,0x00,0x00,0x14,0x55,0x54,0x11,0x44,0x44,
    0x44,0x44,0x41,0x14,0x55,0x54,0x10,0x00,0x00,0x00,0x00,0x00,
    0x00,0x00,0x00,0x00,0x00,0x00,0x01,0x45,0x44,0x44,0x44,0x44,
    0x44,0x44,0x44,0x44,0x45,0x41,0x00,0x00,0x01,0x00,0x00,0x00,
    0x00,0x00,0x00,0x00,0x00,0x00,0x01,0x45,0x44,0x44,0x44,0x44,
    0x44,0x44,0x44,0x44,0x45,0x41,0x00,0x00,0x00,0x00,0x00,0x00,
    0x00,0x00,0x00,0x00,0x00,0x00,0x00,0x14,0x44,0x44,0x44,0x44,
    0x44,0x44,0x44,0x44,0x44,0x10,0x00,0x00,0x00,0x00,0x00,0x00,
    0x00,0x00,0x00,0x00,0x00,0x00,0x00,0x14,0x44,0x44,0x44,0x44,
    0x44,0x44,0x44,0x44,0x44,0x10,0x00,0x00,0x11,0x10,0x00,0x00,
    0x00,0x00,0x00,0x00,0x00,0x00,0x01,0x44,0x44,0x44,0x44,0x44,
    0x44,0x44,0x44,0x44,0x44,0x41,0x00,0x01,0x33,0x31,0x00,0x00,
    0x00,0x00,0x00,0x00,0x00,0x00,0x01,0x44,0x41,0x14,0x44,0x44,
    0x44,0x44,0x41,0x14,0x44,0x41,0x00,0x13,0x33,0x33,0x10,0x00,
    0x00,0x00,0x00,0x00,0x00,0x00,0x14,0x44,0x14,0x41,0x44,0x44,
    0x44,0x44,0x14,0x41,0x44,0x44,0x10,0x13,0x11,0x13,0x10,0x00,
    0x00,0x00,0x00,0x00,0x00,0x00,0x14,0x44,0x44,0x44,0x44,0x44,
    0x44,0x44,0x44,0x44,0x44,0x44,0x10,0x13,0x11,0x13,0x10,0x00,
    0x00,0x00,0x00,0x00,0x00,0x00,0x14,0x44,0x44,0x44,0x44,0x44,
    0x44,0x44,0x44,0x44,0x44,0x44,0x10,0x11,0x11,0x11,0x10,0x00,
    0x00,0x00,0x00,0x00,0x00,0x00,0x14,0x44,0x44,0x44,0x44,0x44,
    0x44,0x44,0x44,0x44,0x44,0x44,0x10,0x00,0x00,0x00,0x00,0x00,
    0x00,0x00,0x00,0x00,0x00,0x00,0x14,0x44,0x44,0x44,0x44,0x44,
    0x14,0x44,0x44,0x44,0x44,0x44,0x10,0x00,0x00,0x00,0x00,0x00,
    0x00,0x00,0x00,0x00,0x00,0x01,0x44,0x44,0x44,0x44,0x33,0x11,
    0x11,0x13,0x34,0x44,0x44,0x44,0x41,0x00,0x00,0x00,0x00,0x00,
    0x00,0x00,0x00,0x00,0x00,0x00,0x14,0x44,0x44,0x43,0x31,0x11,
    0x11,0x11,0x33,0x44,0x44,0x44,0x10,0x00,0x00,0x00,0x00,0x00,
    0x00,0x00,0x00,0x00,0x00,0x00,0x14,0x44,0x44,0x33,0x11,0x11,
    0x51,0x11,0x13,0x34,0x44,0x44,0x10,0x00,0x00,0x00,0x00,0x00,
    0x00,0x00,0x00,0x00,0x00,0x00,0x14,0x44,0x43,0x33,0x31,0x55,
    0x55,0x51,0x33,0x33,0x44,0x44,0x10,0x00,0x00,0x00,0x00,0x00,
    0x00,0x00,0x00,0x00,0x00,0x00,0x14,0x44,0x43,0x33,0x33,0x11,
    0x51,0x13,0x33,0x33,0x44,0x44,0x10,0x00,0x00,0x00,0x00,0x00,
    0x00,0x00,0x00,0x00,0x00,0x00,0x14,0x44,0x33,0x33,0x33,0x33,
    0x13,0x33,0x33,0x33,0x34,0x44,0x10,0x00,0x00,0x00,0x00,0x00,
    0x00,0x00,0x00,0x00,0x00,0x00,0x01,0x44,0x43,0x33,0x33,0x33,
    0x33,0x33,0x33,0x33,0x44,0x41,0x00,0x00,0x00,0x00,0x00,0x00,
    0x00,0x00,0x00,0x00,0x00,0x00,0x01,0x44,0x43,0x33,0x33,0x33,
    0x33,0x33,0x33,0x33,0x44,0x41,0x00,0x00,0x00,0x00,0x00,0x00,
    0x00,0x00,0x00,0x00,0x00,0x00,0x00,0x14,0x44,0x33,0x33,0x33,
    0x33,0x33,0x33,0x34,0x44,0x10,0x00,0x00,0x00,0x00,0x00,0x00,
    0x00,0x00,0x00,0x00,0x00,0x00,0x00,0x01,0x44,0x43,0x33,0x33,
    0x33,0x33,0x33,0x44,0x41,0x00,0x00,0x00,0x00,0x00,0x00,0x00,
    0x00,0x00,0x00,0x00,0x00,0x00,0x00,0x01,0x44,0x44,0x33,0x33,
    0x33,0x33,0x34,0x44,0x41,0x00,0x00,0x00,0x00,0x00,0x00,0x00,
    0x00,0x00,0x00,0x00,0x00,0x00,0x00,0x00,0x11,0x44,0x44,0x44,
    0x34,0x44,0x44,0x41,0x10,0x00,0x00,0x00,0x00,0x00,0x00,0x00,
    0x00,0x00,0x00,0x00,0x00,0x00,0x00,0x00,0x00,0x14,0x44,0x44,
    0x44,0x44,0x44,0x10,0x00,0x00,0x00,0x00,0x00,0x00,0x00,0x00,
    0x00,0x00,0x00,0x00,0x00,0x00,0x00,0x00,0x00,0x01,0x44,0x11,
    0x41,0x14,0x41,0x00,0x00,0x00,0x00,0x00,0x00,0x00,0x00,0x00,
    0x00,0x00,0x00,0x00,0x00,0x00,0x00,0x00,0x01,0x14,0x41,0x00,
    0x10,0x01,0x44,0x11,0x00,0x00,0x00,0x00,0x00,0x00,0x00,0x00,
    0x00,0x00,0x00,0x00,0x00,0x00,0x00,0x00,0x14,0x44,0x44,0x10,
    0x00,0x14,0x44,0x44,0x10,0x00,0x00,0x00,0x00,0x00,0x00,0x00,
    0x00,0x00,0x00,0x00,0x00,0x00,0x00,0x00,0x01,0x14,0x11,0x00,
    0x00,0x01,0x14,0x11,0x00,0x00,0x00,0x00,0x00,0x00,0x00,0x00,
    0x00,0x00,0x00,0x00,0x00,0x00,0x00,0x00,0x00,0x01,0x00,0x00,
    0x00,0x00,0x01,0x00,0x00,0x00,0x00,0x00,0x00,0x00,0x00,0x00,
    0x00,0x00,0x00,0x00,0x00,0x00,0x00,0x00,0x00,0x00,0x00,0x00,
    0x00,0x00,0x00,0x00,0x00,0x00,0x00,0x00,0x00,0x00,0x00,0x00,
    0x00,0x00,0x00,0x00,0x00,0x00,0x00,0x00,0x00,0x00,0x00,0x00,
    0x00,0x00,0x00,0x00,0x00,0x00,0x00,0x00,0x00,0x00,0x00,0x00,
    0x00,0x00,0x00,0x00,0x00,0x00,0x00,0x00,0x00,0x00,0x00,0x00,
    0x00,0x00,0x00,0x00,0x00,0x00,0x00,0x00,0x00,0x00,0x00,0x00,
    0x00,0x00,0x00,0x00,0x00,0x00,0x00,0x00,0x00,0x00,0x00,0x00,
    0x00,0x00,0x00,0x00,0x00,0x00,0x00,0x00,0x00,0x00,0x00,0x00}},
    {"happy",
     {0x00,0x00,0x00,0x00,0x00,0x00,0x00,0x00,0x00,0x00,0x00,0x00,
    0x00,0x00,0x00,0x00,0x00,0x00,0x00,0x00,0x00,0x00,0x00,0x00,
    0x00,0x00,0x00,0x00,0x00,0x00,0x00,0x00,0x00,0x00,0x00,0x00,
    0x00,0x00,0x00,0x00,0x00,0x00,0x00,0x00,0x00,0x00,0x00,0x00,
    0x00,0x00,0x00,0x00,0x00,0x00,0x00,0x00,0x00,0x00,0x00,0x00,
    0x00,0x00,0x00,0x00,0x00,0x00,0x00,0x00,0x00,0x00,0x00,0x00,
    0x00,0x00,0x00,0x00,0x00,0x00,0x00,0x00,0x00,0x00,0x00,0x00,
    0x00,0x00,0x00,0x00,0x00,0x00,0x00,0x00,0x00,0x00,0x10,0x00,
    0x00,0x00,0x00,0x00,0x00,0x00,0x00,0x00,0x00,0x00,0x00,0x00,
    0x00,0x00,0x00,0x00,0x00,0x00,0x00,0x00,0x00,0x01,0x00,0x00,
    0x00,0x00,0x00,0x00,0x00,0x00,0x00,0x00,0x00,0x00,0x00,0x00,
    0x00,0x00,0x00,0x00,0x00,0x00,0x00,0x00,0x00,0x01,0x00,0x00,
    0x00,0x00,0x00,0x00,0x00,0x00,0x00,0x01,0x00,0x00,0x00,0x00,
    0x00,0x00,0x00,0x00,0x01,0x00,0x00,0x00,0x00,0x11,0x00,0x00,
    0x00,0x00,0x00,0x00,0x00,0x00,0x00,0x14,0x10,0x00,0x00,0x00,
    0x00,0x00,0x00,0x00,0x14,0x10,0x00,0x00,0x11,0x00,0x00,0x00,
    0x00,0x00,0x00,0x00,0x10,0x00,0x01,0x44,0x41,0x00,0x00,0x00,
    0x10,0x00,0x00,0x01,0x44,0x41,0x00,0x00,0x10,0x00,0x00,0x00,
    0x00,0x00,0x00,0x01,0x41,0x00,0x01,0x44,0x41,0x00,0x11,0x11,
    0x41,0x11,0x10,0x01,0x44,0x41,0x00,0x01,0x41,0x00,0x00,0x00,
    0x00,0x00,0x00,0x14,0x44,0x10,0x14,0x44,0x44,0x11,0x44,0x44,
    0x44,0x44,0x41,0x14,0x44,0x44,0x10,0x14,0x44,0x10,0x00,0x00,
    0x00,0x00,0x00,0x14,0x44,0x10,0x01,0x44,0x44,0x44,0x44,0x44,
    0x44,0x44,0x44,0x44,0x44,0x41,0x00,0x14,0x44,0x10,0x00,0x00,
    0x00,0x00,0x01,0x44,0x44,0x41,0x01,0x44,0x44,0x44,0x44,0x44,
    0x44,0x44,0x44,0x44,0x44,0x41,0x01,0x44,0x44,0x41,0x00,0x00,
    0x00,0x00,0x00,0x14,0x44,0x10,0x00,0x14,0x44,0x44,0x44,0x44,
    0x44,0x44,0x44,0x44,0x44,0x10,0x00,0x14,0x44,0x10,0x00,0x00,
    0x00,0x00,0x00,0x14,0x44,0x10,0x00,0x14,0x44,0x44,0x44,0x44,
    0x44,0x44,0x44,0x44,0x44,0x10,0x00,0x14,0x44,0x10,0x00,0x00,
    0x00,0x00,0x00,0x01,0x41,0x00,0x01,0x44,0x44,0x44,0x44,0x44,
    0x44,0x44,0x44,0x44,0x44,0x41,0x00,0x01,0x41,0x00,0x00,0x00,
    0x00,0x00,0x00,0x00,0x10,0x00,0x01,0x44,0x44,0x44,0x44,0x44,
    0x44,0x44,0x44,0x44,0x44,0x41,0x00,0x00,0x10,0x00,0x00,0x00,
    0x00,0x00,0x00,0x00,0x00,0x00,0x14,0x44,0x44,0x44,0x44,0x44,
    0x44,0x44,0x44,0x44,0x44,0x44,0x10,0x00,0x00,0x00,0x00,0x00,
    0x00,0x00,0x00,0x00,0x00,0x00,0x14,0x44,0x41,0x14,0x44,0x44,
    0x44,0x44,0x41,0x14,0x44,0x44,0x10,0x00,0x00,0x00,0x00,0x00,
    0x00,0x00,0x00,0x00,0x00,0x00,0x14,0x44,0x14,0x41,0x44,0x44,
    0x44,0x44,0x14,0x41,0x44,0x44,0x10,0x00,0x00,0x00,0x00,0x00,
    0x00,0x00,0x00,0x00,0x00,0x00,0x14,0x44,0x44,0x44,0x44,0x44,
    0x44,0x44,0x44,0x44,0x44,0x44,0x10,0x00,0x00,0x00,0x00,0x00,
    0x00,0x00,0x00,0x00,0x00,0x00,0x14,0x44,0x44,0x44,0x44,0x44,
    0x34,0x44,0x44,0x44,0x44,0x44,0x10,0x00,0x00,0x00,0x00,0x00,
    0x00,0x00,0x00,0x00,0x00,0x01,0x44,0x54,0x44,0x44,0x33,0x33,
    0x13,0x33,0x34,0x44,0x44,0x54,0x41,0x00,0x00,0x00,0x00,0x00,
    0x00,0x00,0x00,0x00,0x00,0x00,0x15,0x55,0x54,0x43,0x33,0x11,
    0x11,0x13,0x33,0x44,0x55,0x55,0x10,0x00,0x00,0x00,0x00,0x00,
    0x00,0x00,0x00,0x00,0x00,0x01,0x55,0x55,0x55,0x33,0x31,0x11,
    0x11,0x11,0x33,0x35,0x55,0x55,0x51,0x00,0x00,0x00,0x00,0x00,
    0x00,0x00,0x00,0x00,0x00,0x00,0x15,0x55,0x53,0x33,0x33,0x11,
    0x11,0x13,0x33,0x33,0x55,0x55,0x10,0x00,0x00,0x00,0x00,0x00,
    0x00,0x00,0x00,0x00,0x00,0x00,0x14,0x54,0x43,0x33,0x33,0x33,
    0x13,0x33,0x33,0x33,0x44,0x54,0x10,0x00,0x00,0x00,0x00,0x00,
    0x00,0x00,0x00,0x00,0x00,0x00,0x14,0x44,0x33,0x33,0x33,0x33,
    0x33,0x33,0x33,0x33,0x34,0x44,0x10,0x00,0x00,0x00,0x00,0x00,
    0x00,0x00,0x00,0x00,0x00,0x00,0x01,0x44,0x43,0x33,0x33,0x33,
    0x33,0x33,0x33,0x33,0x44,0x41,0x00,0x00,0x00,0x00,0x00,0x00,
    0x00,0x00,0x00,0x00,0x00,0x00,0x01,0x44,0x43,0x33,0x33,0x33,
    0x33,0x33,0x33,0x33,0x44,0x41,0x00,0x00,0x00,0x00,0x00,0x00,
    0x00,0x00,0x00,0x00,0x00,0x00,0x00,0x14,0x44,0x33,0x33,0x33,
    0x33,0x33,0x33,0x34,0x44,0x10,0x00,0x00,0x00,0x00,0x00,0x00,
    0x00,0x00,0x00,0x00,0x00,0x00,0x00,0x01,0x44,0x43,0x33,0x33,
    0x33,0x33,0x33,0x44,0x41,0x00,0x00,0x00,0x00,0x00,0x00,0x00,
    0x00,0x00,0x00,0x00,0x00,0x00,0x00,0x01,0x44,0x44,0x33,0x33,
    0x33,0x33,0x34,0x44,0x41,0x00,0x00,0x00,0x00,0x00,0x00,0x00,
    0x00,0x00,0x00,0x00,0x00,0x00,0x00,0x00,0x11,0x44,0x44,0x44,
    0x34,0x44,0x44,0x41,0x10,0x00,0x00,0x00,0x00,0x00,0x00,0x00,
    0x00,0x00,0x00,0x00,0x00,0x00,0x00,0x00,0x00,0x11,0x44,0x44,
    0x44,0x44,0x41,0x10,0x00,0x00,0x00,0x00,0x00,0x00,0x00,0x00,
    0x00,0x00,0x00,0x00,0x00,0x00,0x00,0x00,0x00,0x00,0x11,0x11,
    0x41,0x11,0x10,0x00,0x00,0x00,0x00,0x00,0x00,0x00,0x00,0x00,
    0x00,0x00,0x00,0x00,0x00,0x00,0x00,0x00,0x00,0x00,0x00,0x00,
    0x10,0x00,0x00,0x00,0x00,0x00,0x00,0x00,0x00,0x00,0x00,0x00,
    0x00,0x00,0x00,0x00,0x00,0x00,0x00,0x00,0x00,0x01,0x00,0x00,
    0x00,0x00,0x01,0x00,0x00,0x00,0x00,0x00,0x00,0x00,0x00,0x00,
    0x00,0x00,0x00,0x00,0x00,0x00,0x00,0x00,0x01,0x14,0x11,0x00,
    0x00,0x01,0x14,0x11,0x00,0x00,0x00,0x00,0x00,0x00,0x00,0x00,
    0x00,0x00,0x00,0x00,0x00,0x00,0x00,0x00,0x14,0x44,0x44,0x10,
    0x00,0x14,0x44,0x44,0x10,0x00,0x00,0x00,0x00,0x00,0x00,0x00,
    0x00,0x00,0x00,0x00,0x00,0x00,0x00,0x00,0x01,0x14,0x11,0x00,
    0x00,0x01,0x14,0x11,0x00,0x00,0x00,0x00,0x00,0x00,0x00,0x00,
    0x00,0x00,0x00,0x00,0x00,0x00,0x00,0x00,0x00,0x01,0x00,0x00,
    0x00,0x00,0x01,0x00,0x00,0x00,0x00,0x00,0x00,0x00,0x00,0x00,
    0x00,0x00,0x00,0x00,0x00,0x00,0x00,0x00,0x00,0x00,0x00,0x00,
    0x00,0x00,0x00,0x00,0x00,0x00,0x00,0x00,0x00,0x00,0x00,0x00,
    0x00,0x00,0x00,0x00,0x00,0x00,0x00,0x00,0x00,0x00,0x00,0x00,
    0x00,0x00,0x00,0x00,0x00,0x00,0x00,0x00,0x00,0x00,0x00,0x00,
    0x00,0x00,0x00,0x00,0x00,0x00,0x00,0x00,0x00,0x00,0x00,0x00,
    0x00,0x00,0x00,0x00,0x00,0x00,0x00,0x00,0x00,0x00,0x00,0x00,
    0x00,0x00,0x00,0x00,0x00,0x00,0x00,0x00,0x00,0x00,0x00,0x00,
    0x00,0x00,0x00,0x00,0x00,0x00,0x00,0x00,0x00,0x00,0x00,0x00,
    0x00,0x00,0x00,0x00,0x00,0x00,0x00,0x00,0x00,0x00,0x00,0x00,
    0x00,0x00,0x00,0x00,0x00,0x00,0x00,0x00,0x00,0x00,0x00,0x00,
    0x00,0x00,0x00,0x00,0x00,0x00,0x00,0x00,0x00,0x00,0x00,0x00,
    0x00,0x00,0x00,0x00,0x00,0x00,0x00,0x00,0x00,0x00,0x00,0x00}},
    {"zzz",
     {0x00,0x00,0x00,0x00,0x00,0x00,0x00,0x00,0x00,0x00,0x00,0x00,
    0x00,0x00,0x00,0x00,0x00,0x00,0x00,0x00,0x00,0x00,0x00,0x00,
    0x00,0x00,0x00,0x00,0x00,0x00,0x00,0x00,0x00,0x00,0x00,0x00,
    0x00,0x00,0x00,0x00,0x00,0x00,0x00,0x00,0x00,0x00,0x00,0x00,
    0x00,0x00,0x00,0x00,0x00,0x00,0x00,0x00,0x00,0x00,0x00,0x00,
    0x00,0x00,0x00,0x00,0x00,0x00,0x00,0x00,0x00,0x00,0x00,0x00,
    0x00,0x00,0x00,0x00,0x00,0x00,0x00,0x00,0x00,0x00,0x00,0x00,
    0x00,0x00,0x00,0x00,0x00,0x00,0x00,0x00,0x00,0x00,0x00,0x00,
    0x00,0x00,0x00,0x00,0x00,0x00,0x00,0x00,0x11,0x00,0x00,0x00,
    0x00,0x00,0x00,0x00,0x00,0x00,0x00,0x00,0x00,0x00,0x00,0x00,
    0x00,0x00,0x00,0x00,0x00,0x00,0x00,0x00,0x10,0x00,0x00,0x00,
    0x00,0x00,0x00,0x00,0x00,0x00,0x00,0x00,0x00,0x00,0x00,0x00,
    0x00,0x00,0x00,0x00,0x00,0x00,0x00,0x00,0x01,0x00,0x00,0x00,
    0x00,0x00,0x00,0x00,0x00,0x00,0x00,0x00,0x00,0x00,0x00,0x00,
    0x00,0x00,0x00,0x00,0x00,0x01,0x11,0x00,0x11,0x00,0x00,0x00,
    0x00,0x00,0x00,0x00,0x00,0x00,0x00,0x00,0x00,0x00,0x00,0x00,
    0x00,0x00,0x00,0x00,0x00,0x01,0x00,0x00,0x00,0x00,0x00,0x00,
    0x00,0x00,0x00,0x00,0x00,0x00,0x00,0x00,0x00,0x00,0x00,0x00,
    0x00,0x00,0x00,0x00,0x00,0x00,0x10,0x00,0x00,0x00,0x00,0x00,
    0x00,0x00,0x00,0x00,0x00,0x00,0x00,0x00,0x00,0x00,0x00,0x00,
    0x00,0x00,0x00,0x00,0x00,0x00,0x01,0x00,0x00,0x00,0x00,0x00,
    0x00,0x00,0x00,0x00,0x00,0x00,0x00,0x00,0x00,0x00,0x00,0x00,
    0x00,0x00,0x00,0x00,0x00,0x01,0x11,0x00,0x00,0x00,0x00,0x00,
    0x00,0x00,0x00,0x00,0x00,0x00,0x00,0x00,0x00,0x00,0x00,0x00,
    0x00,0x00,0x00,0x11,0x10,0x00,0x00,0x00,0x00,0x00,0x00,0x00,
    0x00,0x00,0x00,0x00,0x00,0x00,0x00,0x00,0x00,0x00,0x00,0x00,
    0x00,0x00,0x00,0x10,0x00,0x00,0x00,0x00,0x00,0x00,0x00,0x00,
    0x00,0x00,0x00,0x00,0x00,0x00,0x00,0x00,0x00,0x00,0x00,0x00,
    0x00,0x00,0x00,0x01,0x00,0x00,0x00,0x00,0x00,0x00,0x00,0x00,
    0x00,0x00,0x00,0x00,0x00,0x00,0x00,0x00,0x00,0x00,0x00,0x00,
    0x00,0x00,0x00,0x00,0x10,0x00,0x00,0x00,0x00,0x00,0x00,0x00,
    0x00,0x00,0x00,0x00,0x00,0x00,0x00,0x00,0x00,0x00,0x00,0x00,
    0x00,0x00,0x00,0x11,0x10,0x00,0x00,0x00,0x00,0x00,0x00,0x00,
    0x00,0x00,0x00,0x00,0x00,0x00,0x00,0x00,0x00,0x00,0x00,0x00,
    0x00,0x00,0x00,0x00,0x00,0x00,0x00,0x00,0x00,0x00,0x00,0x00,
    0x00,0x00,0x00,0x00,0x00,0x00,0x00,0x00,0x00,0x00,0x00,0x00,
    0x00,0x00,0x00,0x00,0x00,0x00,0x00,0x00,0x00,0x00,0x00,0x00,
    0x00,0x00,0x00,0x00,0x00,0x00,0x00,0x00,0x00,0x00,0x00,0x00,
    0x00,0x00,0x00,0x00,0x00,0x00,0x00,0x00,0x00,0x00,0x00,0x00,
    0x00,0x00,0x00,0x00,0x00,0x00,0x00,0x00,0x00,0x00,0x00,0x00,
    0x00,0x00,0x00,0x00,0x00,0x00,0x00,0x00,0x00,0x00,0x00,0x00,
    0x00,0x00,0x00,0x00,0x00,0x00,0x00,0x00,0x00,0x00,0x00,0x00,
    0x00,0x00,0x00,0x00,0x00,0x00,0x00,0x00,0x00,0x00,0x00,0x00,
    0x10,0x00,0x00,0x00,0x00,0x00,0x00,0x00,0x00,0x00,0x00,0x00,
    0x00,0x00,0x00,0x00,0x00,0x00,0x00,0x00,0x00,0x11,0x11,0x11,
    0x41,0x11,0x11,0x10,0x00,0x00,0x00,0x00,0x00,0x00,0x00,0x00,
    0x00,0x00,0x00,0x00,0x00,0x00,0x00,0x01,0x11,0x44,0x44,0x44,
    0x44,0x44,0x44,0x41,0x11,0x00,0x00,0x00,0x00,0x00,0x00,0x00,
    0x00,0x00,0x00,0x00,0x00,0x00,0x00,0x14,0x44,0x44,0x44,0x44,
    0x44,0x44,0x44,0x44,0x44,0x10,0x00,0x00,0x00,0x00,0x00,0x00,
    0x00,0x00,0x00,0x00,0x00,0x00,0x11,0x44,0x44,0x44,0x44,0x44,
    0x44,0x44,0x44,0x44,0x44,0x41,0x10,0x00,0x00,0x00,0x00,0x00,
    0x00,0x00,0x00,0x00,0x00,0x01,0x44,0x44,0x44,0x44,0x44,0x44,
    0x44,0x44,0x44,0x44,0x44,0x44,0x41,0x00,0x00,0x00,0x00,0x00,
    0x00,0x00,0x00,0x00,0x00,0x14,0x44,0x44,0x44,0x44,0x44,0x44,
    0x44,0x44,0x44,0x44,0x44,0x44,0x44,0x10,0x00,0x00,0x00,0x00,
    0x00,0x00,0x00,0x00,0x00,0x14,0x44,0x44,0x44,0x44,0x44,0x44,
    0x44,0x44,0x44,0x44,0x44,0x44,0x44,0x10,0x00,0x00,0x00,0x00,
    0x00,0x00,0x00,0x00,0x01,0x44,0x44,0x41,0x11,0x11,0x14,0x44,
    0x44,0x44,0x11,0x11,0x11,0x44,0x44,0x41,0x00,0x00,0x00,0x00,
    0x00,0x00,0x00,0x00,0x01,0x44,0x44,0x44,0x44,0x44,0x44,0x44,
    0x44,0x44,0x44,0x44,0x44,0x44,0x44,0x41,0x00,0x00,0x00,0x00,
    0x00,0x00,0x00,0x00,0x01,0x44,0x44,0x44,0x44,0x44,0x44,0x44,
    0x34,0x44,0x44,0x44,0x44,0x44,0x44,0x41,0x00,0x00,0x00,0x00,
    0x00,0x00,0x00,0x00,0x14,0x44,0x44,0x44,0x44,0x33,0x33,0x33,
    0x33,0x33,0x33,0x34,0x44,0x44,0x44,0x44,0x10,0x00,0x00,0x00,
    0x00,0x00,0x00,0x00,0x01,0x44,0x44,0x44,0x33,0x33,0x33,0x33,
    0x33,0x33,0x33,0x33,0x34,0x44,0x44,0x41,0x00,0x00,0x00,0x00,
    0x00,0x00,0x00,0x00,0x01,0x44,0x44,0x43,0x33,0x33,0x33,0x33,
    0x33,0x33,0x33,0x33,0x33,0x44,0x44,0x41,0x00,0x00,0x00,0x00,
    0x00,0x00,0x00,0x00,0x01,0x44,0x44,0x43,0x33,0x33,0x33,0x33,
    0x33,0x33,0x33,0x33,0x33,0x44,0x44,0x41,0x00,0x00,0x00,0x00,
    0x00,0x00,0x00,0x00,0x00,0x14,0x44,0x33,0x33,0x33,0x33,0x33,
    0x33,0x33,0x33,0x33,0x33,0x34,0x44,0x10,0x00,0x00,0x00,0x00,
    0x00,0x00,0x00,0x00,0x00,0x14,0x44,0x43,0x33,0x33,0x33,0x33,
    0x33,0x33,0x33,0x33,0x33,0x44,0x44,0x10,0x00,0x00,0x00,0x00,
    0x00,0x00,0x00,0x00,0x00,0x01,0x44,0x43,0x33,0x33,0x33,0x33,
    0x33,0x33,0x33,0x33,0x33,0x44,0x41,0x00,0x00,0x00,0x00,0x00,
    0x00,0x00,0x00,0x00,0x00,0x00,0x11,0x44,0x33,0x33,0x33,0x33,
    0x33,0x33,0x33,0x33,0x34,0x41,0x10,0x00,0x00,0x00,0x00,0x00,
    0x00,0x00,0x00,0x00,0x00,0x00,0x00,0x14,0x44,0x33,0x33,0x33,
    0x33,0x33,0x33,0x34,0x44,0x10,0x00,0x00,0x00,0x00,0x00,0x00,
    0x00,0x00,0x00,0x00,0x00,0x00,0x00,0x01,0x11,0x44,0x44,0x44,
    0x34,0x44,0x44,0x41,0x11,0x00,0x00,0x00,0x00,0x00,0x00,0x00,
    0x00,0x00,0x00,0x00,0x00,0x00,0x00,0x00,0x00,0x11,0x11,0x11,
    0x41,0x11,0x11,0x10,0x00,0x00,0x00,0x00,0x00,0x00,0x00,0x00,
    0x00,0x00,0x00,0x00,0x00,0x00,0x00,0x00,0x00,0x00,0x00,0x00,
    0x10,0x00,0x00,0x00,0x00,0x00,0x00,0x00,0x00,0x00,0x00,0x00,
    0x00,0x00,0x00,0x00,0x00,0x00,0x00,0x00,0x00,0x00,0x00,0x00,
    0x00,0x00,0x00,0x00,0x00,0x00,0x00,0x00,0x00,0x00,0x00,0x00,
    0x00,0x00,0x00,0x00,0x00,0x00,0x00,0x00,0x00,0x00,0x00,0x00,
    0x00,0x00,0x00,0x00,0x00,0x00,0x00,0x00,0x00,0x00,0x00,0x00,
    0x00,0x00,0x00,0x00,0x00,0x00,0x00,0x00,0x00,0x00,0x00,0x00,
    0x00,0x00,0x00,0x00,0x00,0x00,0x00,0x00,0x00,0x00,0x00,0x00,
    0x00,0x00,0x00,0x00,0x00,0x00,0x00,0x00,0x00,0x00,0x00,0x00,
    0x00,0x00,0x00,0x00,0x00,0x00,0x00,0x00,0x00,0x00,0x00,0x00}},
    {"happy_senior",
     {0x00,0x00,0x00,0x00,0x00,0x00,0x00,0x00,0x00,0x00,0x00,0x00,
    0x00,0x00,0x00,0x00,0x00,0x00,0x00,0x00,0x00,0x00,0x00,0x00,
    0x00,0x00,0x00,0x00,0x00,0x00,0x00,0x00,0x00,0x00,0x00,0x00,
    0x00,0x00,0x00,0x00,0x00,0x00,0x00,0x00,0x00,0x00,0x00,0x00,
    0x00,0x00,0x00,0x00,0x00,0x00,0x00,0x00,0x00,0x00,0x00,0x00,
    0x00,0x00,0x00,0x00,0x00,0x00,0x00,0x00,0x00,0x00,0x00,0x00,
    0x00,0x00,0x00,0x00,0x00,0x00,0x00,0x00,0x00,0x00,0x00,0x00,
    0x00,0x00,0x00,0x00,0x00,0x00,0x00,0x00,0x00,0x00,0x10,0x00,
    0x00,0x00,0x00,0x00,0x00,0x00,0x00,0x00,0x00,0x00,0x00,0x00,
    0x00,0x00,0x00,0x00,0x00,0x00,0x00,0x00,0x00,0x01,0x00,0x00,
    0x00,0x00,0x00,0x00,0x00,0x00,0x00,0x00,0x00,0x00,0x00,0x00,
    0x00,0x00,0x00,0x00,0x00,0x00,0x00,0x00,0x00,0x01,0x00,0x00,
    0x00,0x00,0x00,0x00,0x00,0x00,0x00,0x01,0x00,0x00,0x00,0x00,
    0x00,0x00,0x00,0x00,0x01,0x00,0x00,0x00,0x00,0x11,0x00,0x00,
    0x00,0x00,0x00,0x00,0x00,0x00,0x00,0x1E,0x10,0x00,0x00,0x00,
    0x00,0x00,0x00,0x00,0x1E,0x10,0x00,0x00,0x11,0x00,0x00,0x00,
    0x00,0x00,0x00,0x00,0x10,0x00,0x01,0xEE,0xE1,0x00,0x00,0x00,
    0x10,0x00,0x00,0x01,0xEE,0xE1,0x00,0x00,0x10,0x00,0x00,0x00,
    0x00,0x00,0x00,0x01,0xE1,0x00,0x01,0xEE,0xE1,0x00,0x11,0x11,
    0xE1,0x11,0x10,0x01,0xEE,0xE1,0x00,0x01,0xE1,0x00,0x00,0x00,
    0x00,0x00,0x00,0x1E,0xEE,0x10,0x1E,0xEE,0xEE,0x11,0xEE,0xEE,
    0xEE,0xEE,0xE1,0x1E,0xEE,0xEE,0x10,0x1E,0xEE,0x10,0x00,0x00,
    0x00,0x00,0x00,0x1E,0xEE,0x10,0x01,0xEE,0xEE,0xEE,0xEE,0xEE,
    0xEE,0xEE,0xEE,0xEE,0xEE,0xE1,0x00,0x1E,0xEE,0x10,0x00,0x00,
    0x00,0x00,0x01,0xEE,0xEE,0xE1,0x01,0xEE,0xEE,0xEE,0xEE,0xEE,
    0xEE,0xEE,0xEE,0xEE,0xEE,0xE1,0x01,0xEE,0xEE,0xE1,0x00,0x00,
    0x00,0x00,0x00,0x1E,0xEE,0x10,0x00,0x1E,0xEE,0xEE,0xEE,0xEE,
    0xEE,0xEE,0xEE,0xEE,0xEE,0x10,0x00,0x1E,0xEE,0x10,0x00,0x00,
    0x00,0x00,0x00,0x1E,0xEE,0x10,0x00,0x1E,0xEE,0xEE,0xEE,0xEE,
    0xEE,0xEE,0xEE,0xEE,0xEE,0x10,0x00,0x1E,0xEE,0x10,0x00,0x00,
    0x00,0x00,0x00,0x01,0xE1,0x00,0x01,0xEE,0xEE,0xEE,0xEE,0xEE,
    0xEE,0xEE,0xEE,0xEE,0xEE,0xE1,0x00,0x01,0xE1,0x00,0x00,0x00,
    0x00,0x00,0x00,0x00,0x10,0x00,0x01,0xEE,0xEE,0xEE,0xEE,0xEE,
    0xEE,0xEE,0xEE,0xEE,0xEE,0xE1,0x00,0x00,0x10,0x00,0x00,0x00,
    0x00,0x00,0x00,0x00,0x00,0x00,0x1E,0xEE,0xEE,0xEE,0xEE,0xEE,
    0xEE,0xEE,0xEE,0xEE,0xEE,0xEE,0x10,0x00,0x00,0x00,0x00,0x00,
    0x00,0x00,0x00,0x00,0x00,0x00,0x1E,0xEE,0xE1,0x1E,0xEE,0xEE,
    0xEE,0xEE,0xE1,0x1E,0xEE,0xEE,0x10,0x00,0x00,0x00,0x00,0x00,
    0x00,0x00,0x00,0x00,0x00,0x00,0x1E,0xEE,0x1E,0xE1,0xEE,0xEE,
    0xEE,0xEE,0x1E,0xE1,0xEE,0xEE,0x10,0x00,0x00,0x00,0x00,0x00,
    0x00,0x00,0x00,0x00,0x00,0x00,0x1E,0xEE,0xEE,0xEE,0xEE,0xEE,
    0xEE,0xEE,0xEE,0xEE,0xEE,0xEE,0x10,0x00,0x00,0x00,0x00,0x00,
    0x00,0x00,0x00,0x00,0x00,0x00,0x1E,0xEE,0xEE,0xEE,0xEE,0xEE,
    0x3E,0xEE,0xEE,0xEE,0xEE,0xEE,0x10,0x00,0x00,0x00,0x00,0x00,
    0x00,0x00,0x00,0x00,0x00,0x01,0xEE,0x5E,0xEE,0xEE,0x33,0x33,
    0x13,0x33,0x3E,0xEE,0xEE,0x5E,0xE1,0x00,0x00,0x00,0x00,0x00,
    0x00,0x00,0x00,0x00,0x00,0x00,0x15,0x55,0x5E,0xE3,0x33,0x11,
    0x11,0x13,0x33,0xEE,0x55,0x55,0x10,0x00,0x00,0x00,0x00,0x00,
    0x00,0x00,0x00,0x00,0x00,0x01,0x55,0x55,0x55,0x33,0x31,0x11,
    0x11,0x11,0x33,0x35,0x55,0x55,0x51,0x00,0x00,0x00,0x00,0x00,
    0x00,0x00,0x00,0x00,0x00,0x00,0x15,0x55,0x53,0x33,0x33,0x11,
    0x11,0x13,0x33,0x33,0x55,0x55,0x10,0x00,0x00,0x00,0x00,0x00,
    0x00,0x00,0x00,0x00,0x00,0x00,0x1E,0x5E,0xE3,0x33,0x33,0x33,
    0x13,0x33,0x33,0x33,0xEE,0x5E,0x10,0x00,0x00,0x00,0x00,0x00,
    0x00,0x00,0x00,0x00,0x00,0x00,0x1E,0xEE,0x33,0x33,0x33,0x33,
    0x33,0x33,0x33,0x33,0x3E,0xEE,0x10,0x00,0x00,0x00,0x00,0x00,
    0x00,0x00,0x00,0x00,0x00,0x00,0x01,0xEE,0xE3,0x33,0x33,0x33,
    0x33,0x33,0x33,0x33,0xEE,0xE1,0x00,0x00,0x00,0x00,0x00,0x00,
    0x00,0x00,0x00,0x00,0x00,0x00,0x01,0xEE,0xE3,0x33,0x33,0x33,
    0x33,0x33,0x33,0x33,0xEE,0xE1,0x00,0x00,0x00,0x00,0x00,0x00,
    0x00,0x00,0x00,0x00,0x00,0x00,0x00,0x1E,0xEE,0x33,0x33,0x33,
    0x33,0x33,0x33,0x3E,0xEE,0x10,0x00,0x00,0x00,0x00,0x00,0x00,
    0x00,0x00,0x00,0x00,0x00,0x00,0x00,0x01,0xEE,0xE3,0x33,0x33,
    0x33,0x33,0x33,0xEE,0xE1,0x00,0x00,0x00,0x00,0x00,0x00,0x00,
    0x00,0x00,0x00,0x00,0x00,0x00,0x00,0x01,0xEE,0xEE,0x33,0x33,
    0x33,0x33,0x3E,0xEE,0xE1,0x00,0x00,0x00,0x00,0x00,0x00,0x00,
    0x00,0x00,0x00,0x00,0x00,0x00,0x00,0x00,0x11,0xEE,0xEE,0xEE,
    0x3E,0xEE,0xEE,0xE1,0x10,0x00,0x00,0x00,0x00,0x00,0x00,0x00,
    0x00,0x00,0x00,0x00,0x00,0x00,0x00,0x00,0x00,0x11,0xEE,0xEE,
    0xEE,0xEE,0xE1,0x10,0x00,0x00,0x00,0x00,0x00,0x00,0x00,0x00,
    0x00,0x00,0x00,0x00,0x00,0x00,0x00,0x00,0x00,0x00,0x11,0x11,
    0xE1,0x11,0x10,0x00,0x00,0x00,0x00,0x00,0x00,0x00,0x00,0x00,
    0x00,0x00,0x00,0x00,0x00,0x00,0x00,0x00,0x00,0x00,0x00,0x00,
    0x10,0x00,0x00,0x00,0x00,0x00,0x00,0x00,0x00,0x00,0x00,0x00,
    0x00,0x00,0x00,0x00,0x00,0x00,0x00,0x00,0x00,0x01,0x00,0x00,
    0x00,0x00,0x01,0x00,0x00,0x00,0x00,0x00,0x00,0x00,0x00,0x00,
    0x00,0x00,0x00,0x00,0x00,0x00,0x00,0x00,0x01,0x1E,0x11,0x00,
    0x00,0x01,0x1E,0x11,0x00,0x00,0x00,0x00,0x00,0x00,0x00,0x00,
    0x00,0x00,0x00,0x00,0x00,0x00,0x00,0x00,0x1E,0xEE,0xEE,0x10,
    0x00,0x1E,0xEE,0xEE,0x10,0x00,0x00,0x00,0x00,0x00,0x00,0x00,
    0x00,0x00,0x00,0x00,0x00,0x00,0x00,0x00,0x01,0x1E,0x11,0x00,
    0x00,0x01,0x1E,0x11,0x00,0x00,0x00,0x00,0x00,0x00,0x00,0x00,
    0x00,0x00,0x00,0x00,0x00,0x00,0x00,0x00,0x00,0x01,0x00,0x00,
    0x00,0x00,0x01,0x00,0x00,0x00,0x00,0x00,0x00,0x00,0x00,0x00,
    0x00,0x00,0x00,0x00,0x00,0x00,0x00,0x00,0x00,0x00,0x00,0x00,
    0x00,0x00,0x00,0x00,0x00,0x00,0x00,0x00,0x00,0x00,0x00,0x00,
    0x00,0x00,0x00,0x00,0x00,0x00,0x00,0x00,0x00,0x00,0x00,0x00,
    0x00,0x00,0x00,0x00,0x00,0x00,0x00,0x00,0x00,0x00,0x00,0x00,
    0x00,0x00,0x00,0x00,0x00,0x00,0x00,0x00,0x00,0x00,0x00,0x00,
    0x00,0x00,0x00,0x00,0x00,0x00,0x00,0x00,0x00,0x00,0x00,0x00,
    0x00,0x00,0x00,0x00,0x00,0x00,0x00,0x00,0x00,0x00,0x00,0x00,
    0x00,0x00,0x00,0x00,0x00,0x00,0x00,0x00,0x00,0x00,0x00,0x00,
    0x00,0x00,0x00,0x00,0x00,0x00,0x00,0x00,0x00,0x00,0x00,0x00,
    0x00,0x00,0x00,0x00,0x00,0x00,0x00,0x00,0x00,0x00,0x00,0x00,
    0x00,0x00,0x00,0x00,0x00,0x00,0x00,0x00,0x00,0x00,0x00,0x00,
    0x00,0x00,0x00,0x00,0x00,0x00,0x00,0x00,0x00,0x00,0x00,0x00}},
    {"eat_senior",
     {0x00,0x00,0x00,0x00,0x00,0x00,0x00,0x00,0x00,0x00,0x00,0x00,
    0x00,0x00,0x00,0x00,0x00,0x00,0x00,0x00,0x00,0x00,0x00,0x00,
    0x00,0x00,0x00,0x00,0x00,0x00,0x00,0x00,0x00,0x00,0x00,0x00,
    0x00,0x00,0x00,0x00,0x00,0x00,0x00,0x00,0x00,0x00,0x00,0x00,
    0x00,0x00,0x00,0x00,0x00,0x00,0x00,0x00,0x00,0x00,0x00,0x00,
    0x00,0x00,0x00,0x00,0x00,0x00,0x00,0x00,0x00,0x00,0x00,0x00,
    0x00,0x00,0x00,0x00,0x00,0x00,0x00,0x00,0x00,0x00,0x00,0x00,
    0x00,0x00,0x00,0x00,0x00,0x00,0x00,0x00,0x00,0x00,0x00,0x00,
    0x00,0x00,0x00,0x00,0x00,0x00,0x00,0x00,0x00,0x00,0x00,0x00,
    0x00,0x00,0x00,0x00,0x00,0x00,0x00,0x00,0x00,0x00,0x00,0x00,
    0x00,0x00,0x00,0x00,0x00,0x00,0x00,0x00,0x00,0x00,0x00,0x00,
    0x00,0x00,0x00,0x00,0x00,0x00,0x00,0x00,0x00,0x00,0x00,0x00,
    0x00,0x00,0x00,0x00,0x00,0x00,0x00,0x00,0x00,0x00,0x00,0x00,
    0x00,0x00,0x00,0x00,0x00,0x00,0x00,0x00,0x00,0x00,0x00,0x00,
    0x00,0x00,0x00,0x00,0x00,0x00,0x00,0x00,0x00,0x00,0x00,0x00,
    0x00,0x00,0x00,0x00,0x00,0x00,0x00,0x00,0x00,0x00,0x00,0x00,
    0x00,0x00,0x00,0x00,0x00,0x00,0x00,0x00,0x00,0x00,0x00,0x00,
    0x00,0x00,0x00,0x00,0x00,0x00,0x00,0x00,0x00,0x00,0x00,0x00,
    0x00,0x00,0x00,0x00,0x00,0x00,0x00,0x00,0x00,0x00,0x00,0x00,
    0x00,0x00,0x00,0x00,0x00,0x00,0x00,0x00,0x00,0x00,0x00,0x00,
    0x00,0x00,0x00,0x00,0x00,0x00,0x00,0x01,0x00,0x00,0x00,0x00,
    0x00,0x00,0x00,0x00,0x01,0x00,0x00,0x00,0x00,0x00,0x00,0x00,
    0x00,0x00,0x00,0x00,0x00,0x00,0x00,0x1E,0x10,0x00,0x00,0x00,
    0x00,0x00,0x00,0x00,0x1E,0x10,0x00,0x00,0x00,0x00,0x00,0x00,
    0x00,0x00,0x00,0x00,0x00,0x00,0x01,0xE5,0xE1,0x00,0x00,0x00,
    0x10,0x00,0x00,0x01,0xE5,0xE1,0x00,0x00,0x00,0x00,0x00,0x00,
    0x00,0x00,0x00,0x00,0x00,0x00,0x01,0xE5,0xE1,0x00,0x11,0x11,
    0xE1,0x11,0x10,0x01,0xE5,0xE1,0x00,0x00,0x00,0x00,0x00,0x00,
    0x00,0x00,0x00,0x00,0x00,0x00,0x1E,0x55,0x5E,0x11,0xEE,0xEE,
    0xEE,0xEE,0xE1,0x1E,0x55,0x5E,0x10,0x00,0x00,0x00,0x00,0x00,
    0x00,0x00,0x00,0x00,0x00,0x00,0x01,0xE5,0xEE,0xEE,0xEE,0xEE,
    0xEE,0xEE,0xEE,0xEE,0xE5,0xE1,0x00,0x00,0x01,0x00,0x00,0x00,
    0x00,0x00,0x00,0x00,0x00,0x00,0x01,0xE5,0xEE,0xEE,0xEE,0xEE,
    0xEE,0xEE,0xEE,0xEE,0xE5,0xE1,0x00,0x00,0x00,0x00,0x00,0x00,
    0x00,0x00,0x00,0x00,0x00,0x00,0x00,0x1E,0xEE,0xEE,0xEE,0xEE,
    0xEE,0xEE,0xEE,0xEE,0xEE,0x10,0x00,0x00,0x00,0x00,0x00,0x00,
    0x00,0x00,0x00,0x00,0x00,0x00,0x00,0x1E,0xEE,0xEE,0xEE,0xEE,
    0xEE,0xEE,0xEE,0xEE,0xEE,0x10,0x00,0x00,0x11,0x10,0x00,0x00,
    0x00,0x00,0x00,0x00,0x00,0x00,0x01,0xEE,0xEE,0xEE,0xEE,0xEE,
    0xEE,0xEE,0xEE,0xEE,0xEE,0xE1,0x00,0x01,0x33,0x31,0x00,0x00,
    0x00,0x00,0x00,0x00,0x00,0x00,0x01,0xEE,0xE1,0x1E,0xEE,0xEE,
    0xEE,0xEE,0xE1,0x1E,0xEE,0xE1,0x00,0x13,0x33,0x33,0x10,0x00,
    0x00,0x00,0x00,0x00,0x00,0x00,0x1E,0xEE,0x1E,0xE1,0xEE,0xEE,
    0xEE,0xEE,0x1E,0xE1,0xEE,0xEE,0x10,0x13,0x11,0x13,0x10,0x00,
    0x00,0x00,0x00,0x00,0x00,0x00,0x1E,0xEE,0xEE,0xEE,0xEE,0xEE,
    0xEE,0xEE,0xEE,0xEE,0xEE,0xEE,0x10,0x13,0x11,0x13,0x10,0x00,
    0x00,0x00,0x00,0x00,0x00,0x00,0x1E,0xEE,0xEE,0xEE,0xEE,0xEE,
    0xEE,0xEE,0xEE,0xEE,0xEE,0xEE,0x10,0x11,0x11,0x11,0x10,0x00,
    0x00,0x00,0x00,0x00,0x00,0x00,0x1E,0xEE,0xEE,0xEE,0xEE,0xEE,
    0xEE,0xEE,0xEE,0xEE,0xEE,0xEE,0x10,0x00,0x00,0x00,0x00,0x00,
    0x00,0x00,0x00,0x00,0x00,0x00,0x1E,0xEE,0xEE,0xEE,0xEE,0xEE,
    0x1E,0xEE,0xEE,0xEE,0xEE,0xEE,0x10,0x00,0x00,0x00,0x00,0x00,
    0x00,0x00,0x00,0x00,0x00,0x01,0xEE,0xEE,0xEE,0xEE,0x33,0x11,
    0x11,0x13,0x3E,0xEE,0xEE,0xEE,0xE1,0x00,0x00,0x00,0x00,0x00,
    0x00,0x00,0x00,0x00,0x00,0x00,0x1E,0xEE,0xEE,0xE3,0x31,0x11,
    0x11,0x11,0x33,0xEE,0xEE,0xEE,0x10,0x00,0x00,0x00,0x00,0x00,
    0x00,0x00,0x00,0x00,0x00,0x00,0x1E,0xEE,0xEE,0x33,0x11,0x11,
    0x51,0x11,0x13,0x3E,0xEE,0xEE,0x10,0x00,0x00,0x00,0x00,0x00,
    0x00,0x00,0x00,0x00,0x00,0x00,0x1E,0xEE,0xE3,0x33,0x31,0x55,
    0x55,0x51,0x33,0x33,0xEE,0xEE,0x10,0x00,0x00,0x00,0x00,0x00,
    0x00,0x00,0x00,0x00,0x00,0x00,0x1E,0xEE,0xE3,0x33,0x33,0x11,
    0x51,0x13,0x33,0x33,0xEE,0xEE,0x10,0x00,0x00,0x00,0x00,0x00,
    0x00,0x00,0x00,0x00,0x00,0x00,0x1E,0xEE,0x33,0x33,0x33,0x33,
    0x13,0x33,0x33,0x33,0x3E,0xEE,0x10,0x00,0x00,0x00,0x00,0x00,
    0x00,0x00,0x00,0x00,0x00,0x00,0x01,0xEE,0xE3,0x33,0x33,0x33,
    0x33,0x33,0x33,0x33,0xEE,0xE1,0x00,0x00,0x00,0x00,0x00,0x00,
    0x00,0x00,0x00,0x00,0x00,0x00,0x01,0xEE,0xE3,0x33,0x33,0x33,
    0x33,0x33,0x33,0x33,0xEE,0xE1,0x00,0x00,0x00,0x00,0x00,0x00,
    0x00,0x00,0x00,0x00,0x00,0x00,0x00,0x1E,0xEE,0x33,0x33,0x33,
    0x33,0x33,0x33,0x3E,0xEE,0x10,0x00,0x00,0x00,0x00,0x00,0x00,
    0x00,0x00,0x00,0x00,0x00,0x00,0x00,0x01,0xEE,0xE3,0x33,0x33,
    0x33,0x33,0x33,0xEE,0xE1,0x00,0x00,0x00,0x00,0x00,0x00,0x00,
    0x00,0x00,0x00,0x00,0x00,0x00,0x00,0x01,0xEE,0xEE,0x33,0x33,
    0x33,0x33,0x3E,0xEE,0xE1,0x00,0x00,0x00,0x00,0x00,0x00,0x00,
    0x00,0x00,0x00,0x00,0x00,0x00,0x00,0x00,0x11,0xEE,0xEE,0xEE,
    0x3E,0xEE,0xEE,0xE1,0x10,0x00,0x00,0x00,0x00,0x00,0x00,0x00,
    0x00,0x00,0x00,0x00,0x00,0x00,0x00,0x00,0x00,0x1E,0xEE,0xEE,
    0xEE,0xEE,0xEE,0x10,0x00,0x00,0x00,0x00,0x00,0x00,0x00,0x00,
    0x00,0x00,0x00,0x00,0x00,0x00,0x00,0x00,0x00,0x01,0xEE,0x11,
    0xE1,0x1E,0xE1,0x00,0x00,0x00,0x00,0x00,0x00,0x00,0x00,0x00,
    0x00,0x00,0x00,0x00,0x00,0x00,0x00,0x00,0x01,0x1E,0xE1,0x00,
    0x10,0x01,0xEE,0x11,0x00,0x00,0x00,0x00,0x00,0x00,0x00,0x00,
    0x00,0x00,0x00,0x00,0x00,0x00,0x00,0x00,0x1E,0xEE,0xEE,0x10,
    0x00,0x1E,0xEE,0xEE,0x10,0x00,0x00,0x00,0x00,0x00,0x00,0x00,
    0x00,0x00,0x00,0x00,0x00,0x00,0x00,0x00,0x01,0x1E,0x11,0x00,
    0x00,0x01,0x1E,0x11,0x00,0x00,0x00,0x00,0x00,0x00,0x00,0x00,
    0x00,0x00,0x00,0x00,0x00,0x00,0x00,0x00,0x00,0x01,0x00,0x00,
    0x00,0x00,0x01,0x00,0x00,0x00,0x00,0x00,0x00,0x00,0x00,0x00,
    0x00,0x00,0x00,0x00,0x00,0x00,0x00,0x00,0x00,0x00,0x00,0x00,
    0x00,0x00,0x00,0x00,0x00,0x00,0x00,0x00,0x00,0x00,0x00,0x00,
    0x00,0x00,0x00,0x00,0x00,0x00,0x00,0x00,0x00,0x00,0x00,0x00,
    0x00,0x00,0x00,0x00,0x00,0x00,0x00,0x00,0x00,0x00,0x00,0x00,
    0x00,0x00,0x00,0x00,0x00,0x00,0x00,0x00,0x00,0x00,0x00,0x00,
    0x00,0x00,0x00,0x00,0x00,0x00,0x00,0x00,0x00,0x00,0x00,0x00,
    0x00,0x00,0x00,0x00,0x00,0x00,0x00,0x00,0x00,0x00,0x00,0x00,
    0x00,0x00,0x00,0x00,0x00,0x00,0x00,0x00,0x00,0x00,0x00,0x00}},
    {"zzz_senior",
     {0x00,0x00,0x00,0x00,0x00,0x00,0x00,0x00,0x00,0x00,0x00,0x00,
    0x00,0x00,0x00,0x00,0x00,0x00,0x00,0x00,0x00,0x00,0x00,0x00,
    0x00,0x00,0x00,0x00,0x00,0x00,0x00,0x00,0x00,0x00,0x00,0x00,
    0x00,0x00,0x00,0x00,0x00,0x00,0x00,0x00,0x00,0x00,0x00,0x00,
    0x00,0x00,0x00,0x00,0x00,0x00,0x00,0x00,0x00,0x00,0x00,0x00,
    0x00,0x00,0x00,0x00,0x00,0x00,0x00,0x00,0x00,0x00,0x00,0x00,
    0x00,0x00,0x00,0x00,0x00,0x00,0x00,0x00,0x00,0x00,0x00,0x00,
    0x00,0x00,0x00,0x00,0x00,0x00,0x00,0x00,0x00,0x00,0x00,0x00,
    0x00,0x00,0x00,0x00,0x00,0x00,0x00,0x00,0x11,0x00,0x00,0x00,
    0x00,0x00,0x00,0x00,0x00,0x00,0x00,0x00,0x00,0x00,0x00,0x00,
    0x00,0x00,0x00,0x00,0x00,0x00,0x00,0x00,0x10,0x00,0x00,0x00,
    0x00,0x00,0x00,0x00,0x00,0x00,0x00,0x00,0x00,0x00,0x00,0x00,
    0x00,0x00,0x00,0x00,0x00,0x00,0x00,0x00,0x01,0x00,0x00,0x00,
    0x00,0x00,0x00,0x00,0x00,0x00,0x00,0x00,0x00,0x00,0x00,0x00,
    0x00,0x00,0x00,0x00,0x00,0x01,0x11,0x00,0x11,0x00,0x00,0x00,
    0x00,0x00,0x00,0x00,0x00,0x00,0x00,0x00,0x00,0x00,0x00,0x00,
    0x00,0x00,0x00,0x00,0x00,0x01,0x00,0x00,0x00,0x00,0x00,0x00,
    0x00,0x00,0x00,0x00,0x00,0x00,0x00,0x00,0x00,0x00,0x00,0x00,
    0x00,0x00,0x00,0x00,0x00,0x00,0x10,0x00,0x00,0x00,0x00,0x00,
    0x00,0x00,0x00,0x00,0x00,0x00,0x00,0x00,0x00,0x00,0x00,0x00,
    0x00,0x00,0x00,0x00,0x00,0x00,0x01,0x00,0x00,0x00,0x00,0x00,
    0x00,0x00,0x00,0x00,0x00,0x00,0x00,0x00,0x00,0x00,0x00,0x00,
    0x00,0x00,0x00,0x00,0x00,0x01,0x11,0x00,0x00,0x00,0x00,0x00,
    0x00,0x00,0x00,0x00,0x00,0x00,0x00,0x00,0x00,0x00,0x00,0x00,
    0x00,0x00,0x00,0x11,0x10,0x00,0x00,0x00,0x00,0x00,0x00,0x00,
    0x00,0x00,0x00,0x00,0x00,0x00,0x00,0x00,0x00,0x00,0x00,0x00,
    0x00,0x00,0x00,0x10,0x00,0x00,0x00,0x00,0x00,0x00,0x00,0x00,
    0x00,0x00,0x00,0x00,0x00,0x00,0x00,0x00,0x00,0x00,0x00,0x00,
    0x00,0x00,0x00,0x01,0x00,0x00,0x00,0x00,0x00,0x00,0x00,0x00,
    0x00,0x00,0x00,0x00,0x00,0x00,0x00,0x00,0x00,0x00,0x00,0x00,
    0x00,0x00,0x00,0x00,0x10,0x00,0x00,0x00,0x00,0x00,0x00,0x00,
    0x00,0x00,0x00,0x00,0x00,0x00,0x00,0x00,0x00,0x00,0x00,0x00,
    0x00,0x00,0x00,0x11,0x10,0x00,0x00,0x00,0x00,0x00,0x00,0x00,
    0x00,0x00,0x00,0x00,0x00,0x00,0x00,0x00,0x00,0x00,0x00,0x00,
    0x00,0x00,0x00,0x00,0x00,0x00,0x00,0x00,0x00,0x00,0x00,0x00,
    0x00,0x00,0x00,0x00,0x00,0x00,0x00,0x00,0x00,0x00,0x00,0x00,
    0x00,0x00,0x00,0x00,0x00,0x00,0x00,0x00,0x00,0x00,0x00,0x00,
    0x00,0x00,0x00,0x00,0x00,0x00,0x00,0x00,0x00,0x00,0x00,0x00,
    0x00,0x00,0x00,0x00,0x00,0x00,0x00,0x00,0x00,0x00,0x00,0x00,
    0x00,0x00,0x00,0x00,0x00,0x00,0x00,0x00,0x00,0x00,0x00,0x00,
    0x00,0x00,0x00,0x00,0x00,0x00,0x00,0x00,0x00,0x00,0x00,0x00,
    0x00,0x00,0x00,0x00,0x00,0x00,0x00,0x00,0x00,0x00,0x00,0x00,
    0x00,0x00,0x00,0x00,0x00,0x00,0x00,0x00,0x00,0x00,0x00,0x00,
    0x10,0x00,0x00,0x00,0x00,0x00,0x00,0x00,0x00,0x00,0x00,0x00,
    0x00,0x00,0x00,0x00,0x00,0x00,0x00,0x00,0x00,0x11,0x11,0x11,
    0xE1,0x11,0x11,0x10,0x00,0x00,0x00,0x00,0x00,0x00,0x00,0x00,
    0x00,0x00,0x00,0x00,0x00,0x00,0x00,0x01,0x11,0xEE,0xEE,0xEE,
    0xEE,0xEE,0xEE,0xE1,0x11,0x00,0x00,0x00,0x00,0x00,0x00,0x00,
    0x00,0x00,0x00,0x00,0x00,0x00,0x00,0x1E,0xEE,0xEE,0xEE,0xEE,
    0xEE,0xEE,0xEE,0xEE,0xEE,0x10,0x00,0x00,0x00,0x00,0x00,0x00,
    0x00,0x00,0x00,0x00,0x00,0x00,0x11,0xEE,0xEE,0xEE,0xEE,0xEE,
    0xEE,0xEE,0xEE,0xEE,0xEE,0xE1,0x10,0x00,0x00,0x00,0x00,0x00,
    0x00,0x00,0x00,0x00,0x00,0x01,0xEE,0xEE,0xEE,0xEE,0xEE,0xEE,
    0xEE,0xEE,0xEE,0xEE,0xEE,0xEE,0xE1,0x00,0x00,0x00,0x00,0x00,
    0x00,0x00,0x00,0x00,0x00,0x1E,0xEE,0xEE,0xEE,0xEE,0xEE,0xEE,
    0xEE,0xEE,0xEE,0xEE,0xEE,0xEE,0xEE,0x10,0x00,0x00,0x00,0x00,
    0x00,0x00,0x00,0x00,0x00,0x1E,0xEE,0xEE,0xEE,0xEE,0xEE,0xEE,
    0xEE,0xEE,0xEE,0xEE,0xEE,0xEE,0xEE,0x10,0x00,0x00,0x00,0x00,
    0x00,0x00,0x00,0x00,0x01,0xEE,0xEE,0xE1,0x11,0x11,0x1E,0xEE,
    0xEE,0xEE,0x11,0x11,0x11,0xEE,0xEE,0xE1,0x00,0x00,0x00,0x00,
    0x00,0x00,0x00,0x00,0x01,0xEE,0xEE,0xEE,0xEE,0xEE,0xEE,0xEE,
    0xEE,0xEE,0xEE,0xEE,0xEE,0xEE,0xEE,0xE1,0x00,0x00,0x00,0x00,
    0x00,0x00,0x00,0x00,0x01,0xEE,0xEE,0xEE,0xEE,0xEE,0xEE,0xEE,
    0x3E,0xEE,0xEE,0xEE,0xEE,0xEE,0xEE,0xE1,0x00,0x00,0x00,0x00,
    0x00,0x00,0x00,0x00,0x1E,0xEE,0xEE,0xEE,0xEE,0x33,0x33,0x33,
    0x33,0x33,0x33,0x3E,0xEE,0xEE,0xEE,0xEE,0x10,0x00,0x00,0x00,
    0x00,0x00,0x00,0x00,0x01,0xEE,0xEE,0xEE,0x33,0x33,0x33,0x33,
    0x33,0x33,0x33,0x33,0x3E,0xEE,0xEE,0xE1,0x00,0x00,0x00,0x00,
    0x00,0x00,0x00,0x00,0x01,0xEE,0xEE,0xE3,0x33,0x33,0x33,0x33,
    0x33,0x33,0x33,0x33,0x33,0xEE,0xEE,0xE1,0x00,0x00,0x00,0x00,
    0x00,0x00,0x00,0x00,0x01,0xEE,0xEE,0xE3,0x33,0x33,0x33,0x33,
    0x33,0x33,0x33,0x33,0x33,0xEE,0xEE,0xE1,0x00,0x00,0x00,0x00,
    0x00,0x00,0x00,0x00,0x00,0x1E,0xEE,0x33,0x33,0x33,0x33,0x33,
    0x33,0x33,0x33,0x33,0x33,0x3E,0xEE,0x10,0x00,0x00,0x00,0x00,
    0x00,0x00,0x00,0x00,0x00,0x1E,0xEE,0xE3,0x33,0x33,0x33,0x33,
    0x33,0x33,0x33,0x33,0x33,0xEE,0xEE,0x10,0x00,0x00,0x00,0x00,
    0x00,0x00,0x00,0x00,0x00,0x01,0xEE,0xE3,0x33,0x33,0x33,0x33,
    0x33,0x33,0x33,0x33,0x33,0xEE,0xE1,0x00,0x00,0x00,0x00,0x00,
    0x00,0x00,0x00,0x00,0x00,0x00,0x11,0xEE,0x33,0x33,0x33,0x33,
    0x33,0x33,0x33,0x33,0x3E,0xE1,0x10,0x00,0x00,0x00,0x00,0x00,
    0x00,0x00,0x00,0x00,0x00,0x00,0x00,0x1E,0xEE,0x33,0x33,0x33,
    0x33,0x33,0x33,0x3E,0xEE,0x10,0x00,0x00,0x00,0x00,0x00,0x00,
    0x00,0x00,0x00,0x00,0x00,0x00,0x00,0x01,0x11,0xEE,0xEE,0xEE,
    0x3E,0xEE,0xEE,0xE1,0x11,0x00,0x00,0x00,0x00,0x00,0x00,0x00,
    0x00,0x00,0x00,0x00,0x00,0x00,0x00,0x00,0x00,0x11,0x11,0x11,
    0xE1,0x11,0x11,0x10,0x00,0x00,0x00,0x00,0x00,0x00,0x00,0x00,
    0x00,0x00,0x00,0x00,0x00,0x00,0x00,0x00,0x00,0x00,0x00,0x00,
    0x10,0x00,0x00,0x00,0x00,0x00,0x00,0x00,0x00,0x00,0x00,0x00,
    0x00,0x00,0x00,0x00,0x00,0x00,0x00,0x00,0x00,0x00,0x00,0x00,
    0x00,0x00,0x00,0x00,0x00,0x00,0x00,0x00,0x00,0x00,0x00,0x00,
    0x00,0x00,0x00,0x00,0x00,0x00,0x00,0x00,0x00,0x00,0x00,0x00,
    0x00,0x00,0x00,0x00,0x00,0x00,0x00,0x00,0x00,0x00,0x00,0x00,
    0x00,0x00,0x00,0x00,0x00,0x00,0x00,0x00,0x00,0x00,0x00,0x00,
    0x00,0x00,0x00,0x00,0x00,0x00,0x00,0x00,0x00,0x00,0x00,0x00,
    0x00,0x00,0x00,0x00,0x00,0x00,0x00,0x00,0x00,0x00,0x00,0x00,
    0x00,0x00,0x00,0x00,0x00,0x00,0x00,0x00,0x00,0x00,0x00,0x00}},
    {"scold_senior",
     {0x00,0x00,0x00,0x00,0x00,0x00,0x00,0x00,0x00,0x00,0x00,0x00,
    0x00,0x00,0x00,0x00,0x00,0x00,0x00,0x00,0x00,0x00,0x00,0x00,
    0x00,0x00,0x00,0x00,0x00,0x00,0x00,0x00,0x00,0x00,0x00,0x00,
    0x00,0x00,0x00,0x00,0x00,0x00,0x00,0x00,0x00,0x00,0x00,0x00,
    0x00,0x00,0x00,0x00,0x00,0x00,0x00,0x00,0x00,0x00,0x00,0x00,
    0x00,0x00,0x00,0x00,0x00,0x00,0x00,0x00,0x00,0x00,0x00,0x00,
    0x00,0x00,0x00,0x00,0x00,0x00,0x00,0x00,0x00,0x00,0x00,0x00,
    0x00,0x00,0x00,0x00,0x00,0x00,0x00,0x00,0x00,0x00,0x00,0x00,
    0x00,0x00,0x00,0x00,0x00,0x00,0x00,0x00,0x00,0x00,0x00,0x00,
    0x00,0x00,0x00,0x00,0x00,0x00,0x00,0x00,0x00,0x00,0x00,0x00,
    0x00,0x00,0x00,0x00,0x00,0x00,0x00,0x00,0x00,0x00,0x00,0x00,
    0x00,0x00,0x00,0x00,0x00,0x00,0x00,0x00,0x00,0x00,0x00,0x00,
    0x00,0x00,0x00,0x00,0x00,0x00,0x00,0x00,0x00,0x00,0x00,0x00,
    0x00,0x00,0x00,0x00,0x00,0x00,0x00,0x00,0x00,0x00,0x00,0x00,
    0x00,0x00,0x00,0x00,0x00,0x00,0x00,0x00,0x00,0x00,0x00,0x00,
    0x00,0x00,0x00,0x00,0x00,0x00,0x00,0x00,0x00,0x00,0x00,0x00,
    0x00,0x00,0x00,0x00,0x00,0x50,0x00,0x00,0x00,0x00,0x00,0x00,
    0x00,0x00,0x00,0x00,0x00,0x00,0x00,0x00,0x00,0x00,0x00,0x00,
    0x00,0x00,0x00,0x00,0x00,0x05,0x00,0x00,0x00,0x00,0x00,0x00,
    0x00,0x00,0x00,0x00,0x00,0x00,0x00,0x00,0x00,0x00,0x00,0x00,
    0x00,0x00,0x00,0x00,0x05,0x00,0x00,0x01,0x00,0x00,0x00,0x00,
    0x00,0x00,0x00,0x00,0x01,0x00,0x00,0x00,0x00,0x00,0x00,0x00,
    0x00,0x00,0x00,0x00,0x00,0x00,0x50,0x1E,0x10,0x00,0x00,0x00,
    0x00,0x00,0x00,0x00,0x1E,0x10,0x00,0x00,0x00,0x00,0x00,0x00,
    0x00,0x00,0x00,0x00,0x00,0x50,0x01,0xE5,0xE1,0x00,0x00,0x00,
    0x10,0x00,0x00,0x01,0xE5,0xE1,0x00,0x00,0x00,0x00,0x00,0x00,
    0x00,0x00,0x00,0x00,0x00,0x00,0x01,0xE5,0xE1,0x00,0x11,0x11,
    0xE1,0x11,0x10,0x01,0xE5,0xE1,0x00,0x00,0x00,0x00,0x00,0x00,
    0x00,0x00,0x00,0x00,0x00,0x00,0x1E,0x55,0x5E,0x11,0xEE,0xEE,
    0xEE,0xEE,0xE1,0x1E,0x55,0x5E,0x10,0x00,0x00,0x00,0x00,0x00,
    0x00,0x00,0x00,0x00,0x00,0x00,0x01,0xE5,0xEE,0xEE,0xEE,0xEE,
    0xEE,0xEE,0xEE,0xEE,0xE5,0xE1,0x00,0x00,0x00,0x00,0x00,0x00,
    0x00,0x00,0x00,0x00,0x00,0x00,0x01,0xE5,0xEE,0xEE,0xEE,0xEE,
    0xEE,0xEE,0xEE,0xEE,0xE5,0xE1,0x00,0x00,0x00,0x00,0x00,0x00,
    0x00,0x00,0x00,0x00,0x00,0x00,0x00,0x1E,0xEE,0xEE,0xEE,0xEE,
    0xEE,0xEE,0xEE,0xEE,0xEE,0x10,0x00,0x00,0x00,0x00,0x00,0x00,
    0x00,0x00,0x00,0x00,0x00,0x00,0x00,0x1E,0xEE,0xEE,0xEE,0xEE,
    0xEE,0xEE,0xEE,0xEE,0xEE,0x10,0x00,0x00,0x00,0x00,0x00,0x00,
    0x00,0x00,0x00,0x00,0x00,0x00,0x01,0xEE,0xEE,0xEE,0xEE,0xEE,
    0xEE,0xEE,0xEE,0xEE,0xEE,0xE1,0x00,0x00,0x00,0x00,0x00,0x00,
    0x00,0x00,0x00,0x00,0x00,0x00,0x01,0xEE,0xEE,0xEE,0xEE,0xEE,
    0xEE,0xEE,0xEE,0xEE,0xEE,0xE1,0x00,0x00,0x00,0x00,0x00,0x00,
    0x00,0x00,0x00,0x00,0x00,0x00,0x1E,0xEE,0xEE,0xEE,0xEE,0xEE,
    0xEE,0xEE,0xEE,0xEE,0xEE,0xEE,0x10,0x00,0x00,0x00,0x00,0x00,
    0x00,0x00,0x00,0x00,0x00,0x00,0x1E,0xEE,0xEE,0x1E,0xEE,0xEE,
    0xEE,0xEE,0xEE,0x1E,0xEE,0xEE,0x10,0x00,0x00,0x00,0x00,0x00,
    0x00,0x00,0x00,0x00,0x00,0x00,0x1E,0xEE,0xE1,0x11,0xEE,0xEE,
    0xEE,0xEE,0xE1,0x11,0xEE,0xEE,0x10,0x00,0x00,0x00,0x00,0x00,
    0x00,0x00,0x00,0x00,0x00,0x00,0x1E,0xEE,0xE1,0x21,0xEE,0xEE,
    0xEE,0xEE,0xE1,0x21,0xEE,0xEE,0x10,0x00,0x00,0x00,0x00,0x00,
    0x00,0x00,0x00,0x00,0x00,0x00,0x1E,0xEE,0x11,0x11,0x1E,0xEE,
    0x3E,0xEE,0x11,0x11,0x1E,0xEE,0x10,0x00,0x00,0x00,0x00,0x00,
    0x00,0x00,0x00,0x00,0x00,0x01,0xEE,0xEE,0xE1,0x11,0x33,0x33,
    0x33,0x33,0x31,0x11,0xEE,0xEE,0xE1,0x00,0x00,0x00,0x00,0x00,
    0x00,0x00,0x00,0x00,0x00,0x00,0x1E,0xEE,0xE1,0x11,0x33,0x33,
    0x33,0x33,0x31,0x11,0xEE,0xEE,0x10,0x00,0x00,0x00,0x00,0x00,
    0x00,0x00,0x00,0x00,0x00,0x00,0x1E,0xEE,0xEE,0x13,0x33,0x33,
    0x33,0x33,0x33,0x1E,0xEE,0xEE,0x10,0x00,0x00,0x00,0x00,0x00,
    0x00,0x00,0x00,0x00,0x00,0x00,0x1E,0xEE,0xE3,0x63,0x33,0x33,
    0x33,0x33,0x33,0x63,0xEE,0xEE,0x10,0x00,0x00,0x00,0x00,0x00,
    0x00,0x00,0x00,0x00,0x00,0x00,0x1E,0xEE,0xE3,0x63,0x33,0x33,
    0x33,0x33,0x33,0x63,0xEE,0xEE,0x10,0x00,0x00,0x00,0x00,0x00,
    0x00,0x00,0x00,0x00,0x00,0x00,0x1E,0xEE,0x33,0x33,0x33,0x31,
    0x31,0x33,0x33,0x33,0x3E,0xEE,0x10,0x00,0x00,0x00,0x00,0x00,
    0x00,0x00,0x00,0x00,0x00,0x00,0x01,0xEE,0xE3,0x33,0x33,0x13,
    0x13,0x13,0x33,0x33,0xEE,0xE1,0x00,0x00,0x00,0x00,0x00,0x00,
    0x00,0x00,0x00,0x00,0x00,0x00,0x01,0xEE,0xE3,0x33,0x33,0x33,
    0x33,0x33,0x33,0x33,0xEE,0xE1,0x00,0x00,0x00,0x00,0x00,0x00,
    0x00,0x00,0x00,0x00,0x00,0x00,0x00,0x1E,0xEE,0x33,0x33,0x33,
    0x33,0x33,0x33,0x3E,0xEE,0x10,0x00,0x00,0x00,0x00,0x00,0x00,
    0x00,0x00,0x00,0x00,0x00,0x00,0x00,0x01,0xEE,0xE3,0x33,0x33,
    0x33,0x33,0x33,0xEE,0xE1,0x00,0x00,0x00,0x00,0x00,0x00,0x00,
    0x00,0x00,0x00,0x00,0x00,0x00,0x00,0x01,0xEE,0xEE,0x33,0x33,
    0x33,0x33,0x3E,0xEE,0xE1,0x00,0x00,0x00,0x00,0x00,0x00,0x00,
    0x00,0x00,0x00,0x00,0x00,0x00,0x00,0x00,0x11,0xEE,0xEE,0xEE,
    0x3E,0xEE,0xEE,0xE1,0x10,0x00,0x00,0x00,0x00,0x00,0x00,0x00,
    0x00,0x00,0x00,0x00,0x00,0x00,0x00,0x00,0x00,0x1E,0xEE,0xEE,
    0xEE,0xEE,0xEE,0x10,0x00,0x00,0x00,0x00,0x00,0x00,0x00,0x00,
    0x00,0x00,0x00,0x00,0x00,0x00,0x00,0x00,0x00,0x01,0xEE,0x11,
    0xE1,0x1E,0xE1,0x00,0x00,0x00,0x00,0x00,0x00,0x00,0x00,0x00,
    0x00,0x00,0x00,0x00,0x00,0x00,0x00,0x00,0x01,0x1E,0xE1,0x00,
    0x10,0x01,0xEE,0x11,0x00,0x00,0x00,0x00,0x00,0x00,0x00,0x00,
    0x00,0x00,0x00,0x00,0x00,0x00,0x00,0x00,0x1E,0xEE,0xEE,0x10,
    0x00,0x1E,0xEE,0xEE,0x10,0x00,0x00,0x00,0x00,0x00,0x00,0x00,
    0x00,0x00,0x00,0x00,0x00,0x00,0x00,0x00,0x01,0x1E,0x11,0x00,
    0x00,0x01,0x1E,0x11,0x00,0x00,0x00,0x00,0x00,0x00,0x00,0x00,
    0x00,0x00,0x00,0x00,0x00,0x00,0x00,0x00,0x00,0x01,0x00,0x00,
    0x00,0x00,0x01,0x00,0x00,0x00,0x00,0x00,0x00,0x00,0x00,0x00,
    0x00,0x00,0x00,0x00,0x00,0x00,0x00,0x00,0x00,0x00,0x00,0x00,
    0x00,0x00,0x00,0x00,0x00,0x00,0x00,0x00,0x00,0x00,0x00,0x00,
    0x00,0x00,0x00,0x00,0x00,0x00,0x00,0x00,0x00,0x00,0x00,0x00,
    0x00,0x00,0x00,0x00,0x00,0x00,0x00,0x00,0x00,0x00,0x00,0x00,
    0x00,0x00,0x00,0x00,0x00,0x00,0x00,0x00,0x00,0x00,0x00,0x00,
    0x00,0x00,0x00,0x00,0x00,0x00,0x00,0x00,0x00,0x00,0x00,0x00,
    0x00,0x00,0x00,0x00,0x00,0x00,0x00,0x00,0x00,0x00,0x00,0x00,
    0x00,0x00,0x00,0x00,0x00,0x00,0x00,0x00,0x00,0x00,0x00,0x00}},
    {"sick_senior",
     {0x00,0x00,0x00,0x00,0x00,0x00,0x00,0x00,0x00,0x00,0x00,0x00,
    0x00,0x00,0x00,0x00,0x00,0x00,0x00,0x00,0x00,0x00,0x00,0x00,
    0x00,0x00,0x00,0x00,0x00,0x00,0x00,0x00,0x00,0x00,0x00,0x00,
    0x00,0x00,0x00,0x00,0x00,0x00,0x00,0x00,0x00,0x00,0x00,0x00,
    0x00,0x00,0x00,0x00,0x00,0x00,0x00,0x00,0x00,0x00,0x00,0x00,
    0x00,0x00,0x00,0x00,0x00,0x00,0x00,0x00,0x00,0x00,0x00,0x00,
    0x00,0x00,0x00,0x00,0x00,0x00,0x00,0x00,0x00,0x00,0x00,0x00,
    0x00,0x00,0x00,0x00,0x00,0x00,0x00,0x00,0x00,0x00,0x00,0x00,
    0x00,0x00,0x00,0x00,0x00,0x00,0x00,0x00,0x00,0x00,0x00,0x00,
    0x00,0x00,0x00,0x00,0x00,0x00,0x00,0x00,0x00,0x00,0x00,0x00,
    0x00,0x00,0x00,0x00,0x00,0x00,0x00,0x00,0x00,0x00,0x00,0x00,
    0x00,0x00,0x00,0x00,0x00,0x00,0x00,0x00,0x00,0x00,0x00,0x00,
    0x00,0x00,0x00,0x00,0x00,0x00,0x00,0x00,0x00,0x00,0x00,0x00,
    0x00,0x00,0x00,0x00,0x00,0x00,0x00,0x00,0x00,0x00,0x00,0x00,
    0x00,0x00,0x00,0x00,0x00,0x00,0x00,0x00,0x00,0x00,0x00,0x00,
    0x00,0x00,0x00,0x00,0x00,0x00,0x00,0x00,0x00,0x00,0x00,0x00,
    0x00,0x00,0x00,0x00,0x00,0x00,0x00,0x00,0x00,0x00,0x00,0x00,
    0x00,0x00,0x00,0x00,0x00,0x00,0x00,0x00,0x00,0x00,0x00,0x00,
    0x00,0x00,0x00,0x00,0x00,0x00,0x00,0x00,0x00,0x00,0x00,0x00,
    0x00,0x00,0x00,0x00,0x00,0x00,0x00,0x00,0x00,0x00,0x00,0x00,
    0x00,0x00,0x00,0x00,0x00,0x00,0x00,0x01,0x00,0x00,0x00,0x00,
    0x00,0x00,0x00,0x00,0x01,0x00,0x00,0x00,0x00,0x00,0x00,0x00,
    0x00,0x00,0x00,0x00,0x00,0x00,0x00,0x1E,0x10,0x00,0x00,0x00,
    0x00,0x00,0x00,0x00,0x1E,0x10,0x00,0x00,0x00,0x00,0x00,0x00,
    0x00,0x00,0x00,0x00,0x00,0x00,0x01,0xE5,0xE1,0x00,0x00,0x00,
    0x10,0x00,0x00,0x01,0xE5,0xE1,0x00,0x00,0x00,0x00,0x00,0x00,
    0x00,0x00,0x00,0x00,0x00,0x00,0x01,0xE5,0xE1,0x00,0x11,0x11,
    0xE1,0x11,0x10,0x01,0xE5,0xE1,0x00,0x00,0x00,0x00,0x00,0x00,
    0x00,0x00,0x00,0x00,0x00,0x00,0x1E,0x55,0x5E,0x11,0xEE,0xEE,
    0xEE,0xEE,0xE1,0x1E,0x55,0x5E,0x10,0x00,0x00,0x00,0x00,0x00,
    0x00,0x00,0x00,0x00,0x00,0x00,0x01,0xE5,0xEE,0xEE,0xEE,0xEE,
    0xEE,0xEE,0xEE,0xEE,0xE5,0xE1,0x00,0x00,0x00,0x00,0x00,0x00,
    0x00,0x00,0x00,0x00,0x00,0x00,0x01,0xE5,0xEE,0xEE,0xEE,0xEE,
    0xEE,0xEE,0xEE,0xEE,0xE5,0xE6,0x00,0x00,0x00,0x00,0x00,0x00,
    0x00,0x00,0x00,0x00,0x00,0x00,0x00,0x1E,0xEE,0xEE,0xEE,0xEE,
    0xEE,0xEE,0xEE,0xEE,0xEE,0x10,0x60,0x00,0x00,0x00,0x00,0x00,
    0x00,0x00,0x00,0x00,0x00,0x00,0x00,0x1E,0xEE,0xEE,0xEE,0xEE,
    0xEE,0xEE,0xEE,0xEE,0xEE,0x16,0x00,0x00,0x00,0x00,0x00,0x00,
    0x00,0x00,0x00,0x00,0x00,0x00,0x01,0xEE,0x1E,0xEE,0xEE,0xEE,
    0xEE,0xEE,0x1E,0xEE,0xEE,0xE1,0x00,0x00,0x00,0x00,0x00,0x00,
    0x00,0x00,0x00,0x00,0x00,0x00,0x01,0xEE,0xE1,0xEE,0xEE,0xEE,
    0xEE,0xEE,0xE1,0xEE,0xEE,0xE1,0x00,0x00,0x00,0x00,0x00,0x00,
    0x00,0x00,0x00,0x00,0x00,0x00,0x1E,0xEE,0xEE,0x1E,0x1E,0xEE,
    0xEE,0xEE,0xEE,0x1E,0x1E,0xEE,0x10,0x00,0x00,0x00,0x00,0x00,
    0x00,0x00,0x00,0x00,0x00,0x00,0x1E,0xEE,0xEE,0xE1,0xEE,0xEE,
    0xEE,0xEE,0xEE,0xE1,0xEE,0xEE,0x10,0x00,0x00,0x00,0x00,0x00,
    0x00,0x00,0x00,0x00,0x00,0x00,0x1E,0xEE,0xEE,0x1E,0x1E,0xEE,
    0xEE,0xEE,0xEE,0x1E,0x1E,0xEE,0x10,0x00,0x00,0x00,0x00,0x00,
    0x00,0x00,0x00,0x00,0x00,0x00,0x1E,0xEE,0xE1,0xEE,0xEE,0xEE,
    0xEE,0xEE,0xE1,0xEE,0xEE,0xEE,0x10,0x00,0x00,0x00,0x00,0x00,
    0x00,0x00,0x00,0x00,0x00,0x00,0x1E,0xEE,0x1E,0xEE,0xEE,0xEE,
    0x3E,0xEE,0x1E,0xEE,0xEE,0xEE,0x10,0x00,0x00,0x00,0x00,0x00,
    0x00,0x00,0x00,0x00,0x22,0x01,0xEE,0xEE,0xEE,0xEE,0x33,0x33,
    0x33,0x33,0x3E,0xEE,0xEE,0xEE,0xE1,0x00,0x00,0x00,0x00,0x00,
    0x00,0x00,0x00,0x00,0x22,0x00,0x1E,0xEE,0xEE,0xE3,0x33,0x33,
    0x33,0x33,0x33,0xEE,0xEE,0xEE,0x10,0x00,0x00,0x00,0x00,0x00,
    0x00,0x00,0x00,0x00,0x22,0x00,0x1E,0xEE,0xEE,0x33,0x33,0x33,
    0x33,0x33,0x33,0x3E,0xEE,0xEE,0x10,0x00,0x00,0x00,0x00,0x00,
    0x00,0x00,0x00,0x00,0x22,0x00,0x1E,0xEE,0xE3,0x33,0x33,0x13,
    0x13,0x13,0x33,0x33,0xEE,0xEE,0x10,0x00,0x00,0x00,0x00,0x00,
    0x00,0x00,0x00,0x00,0x22,0x00,0x1E,0xEE,0xE3,0x33,0x33,0x31,
    0x31,0x33,0x33,0x33,0xEE,0xEE,0x10,0x00,0x00,0x00,0x00,0x00,
    0x00,0x00,0x00,0x00,0x22,0x00,0x1E,0xEE,0x33,0x33,0x33,0x33,
    0x33,0x33,0x33,0x33,0x3E,0xEE,0x10,0x00,0x00,0x00,0x00,0x00,
    0x00,0x00,0x00,0x00,0x22,0x00,0x01,0xEE,0xE3,0x33,0x33,0x33,
    0x33,0x33,0x33,0x33,0xEE,0xE1,0x00,0x00,0x00,0x00,0x00,0x00,
    0x00,0x00,0x00,0x00,0x22,0x00,0x01,0xEE,0xE3,0x33,0x33,0x33,
    0x33,0x33,0x33,0x33,0xEE,0xE1,0x00,0x00,0x00,0x00,0x00,0x00,
    0x00,0x00,0x00,0x00,0x22,0x00,0x00,0x1E,0xEE,0x33,0x33,0x33,
    0x33,0x33,0x33,0x3E,0xEE,0x10,0x00,0x00,0x00,0x00,0x00,0x00,
    0x00,0x00,0x00,0x00,0x22,0x00,0x00,0x01,0xEE,0xE3,0x33,0x33,
    0x33,0x33,0x33,0xEE,0xE1,0x00,0x00,0x00,0x00,0x00,0x00,0x00,
    0x00,0x00,0x00,0x00,0x22,0x00,0x00,0x01,0xEE,0xEE,0x33,0x33,
    0x33,0x33,0x3E,0xEE,0xE1,0x00,0x00,0x00,0x00,0x00,0x00,0x00,
    0x00,0x00,0x00,0x00,0x22,0x00,0x00,0x00,0x11,0xEE,0xEE,0xEE,
    0x3E,0xEE,0xEE,0xE1,0x10,0x00,0x00,0x00,0x00,0x00,0x00,0x00,
    0x00,0x00,0x00,0x00,0x52,0x00,0x00,0x00,0x00,0x1E,0xEE,0xEE,
    0xEE,0xEE,0xEE,0x10,0x00,0x00,0x00,0x00,0x00,0x00,0x00,0x00,
    0x00,0x00,0x00,0x05,0x55,0x00,0x00,0x00,0x00,0x01,0xEE,0x11,
    0xE1,0x1E,0xE1,0x00,0x00,0x00,0x00,0x00,0x00,0x00,0x00,0x00,
    0x00,0x00,0x00,0x55,0x55,0x50,0x00,0x00,0x01,0x1E,0xE1,0x00,
    0x10,0x01,0xEE,0x11,0x00,0x00,0x00,0x00,0x00,0x00,0x00,0x00,
    0x00,0x00,0x00,0x05,0x55,0x00,0x00,0x00,0x1E,0xEE,0xEE,0x10,
    0x00,0x1E,0xEE,0xEE,0x10,0x00,0x00,0x00,0x00,0x00,0x00,0x00,
    0x00,0x00,0x00,0x00,0x50,0x00,0x00,0x00,0x01,0x1E,0x11,0x00,
    0x00,0x01,0x1E,0x11,0x00,0x00,0x00,0x00,0x00,0x00,0x00,0x00,
    0x00,0x00,0x00,0x00,0x00,0x00,0x00,0x00,0x00,0x01,0x00,0x00,
    0x00,0x00,0x01,0x00,0x00,0x00,0x00,0x00,0x00,0x00,0x00,0x00,
    0x00,0x00,0x00,0x00,0x00,0x00,0x00,0x00,0x00,0x00,0x00,0x00,
    0x00,0x00,0x00,0x00,0x00,0x00,0x00,0x00,0x00,0x00,0x00,0x00,
    0x00,0x00,0x00,0x00,0x00,0x00,0x00,0x00,0x00,0x00,0x00,0x00,
    0x00,0x00,0x00,0x00,0x00,0x00,0x00,0x00,0x00,0x00,0x00,0x00,
    0x00,0x00,0x00,0x00,0x00,0x00,0x00,0x00,0x00,0x00,0x00,0x00,
    0x00,0x00,0x00,0x00,0x00,0x00,0x00,0x00,0x00,0x00,0x00,0x00,
    0x00,0x00,0x00,0x00,0x00,0x00,0x00,0x00,0x00,0x00,0x00,0x00,
    0x00,0x00,0x00,0x00,0x00,0x00,0x00,0x00,0x00,0x00,0x00,0x00}},
};
const int ksenior_count = 14;

}  // namespace boxpet::sprites
